[0.417s] DEBUG:colcon:Command line arguments: ['/usr/bin/colcon', 'build', '--symlink-install']
[0.417s] DEBUG:colcon:Parsed command line arguments: Namespace(log_base=None, log_level=None, verb_name='build', build_base='build', install_base='install', merge_install=False, symlink_install=True, test_result_base=None, continue_on_error=False, executor='parallel', parallel_workers=8, event_handlers=None, ignore_user_meta=False, metas=['./colcon.meta'], base_paths=['.'], packages_ignore=None, packages_ignore_regex=None, paths=None, packages_up_to=None, packages_up_to_regex=None, packages_above=None, packages_above_and_dependencies=None, packages_above_depth=None, packages_select_by_dep=None, packages_skip_by_dep=None, packages_skip_up_to=None, packages_select_build_failed=False, packages_skip_build_finished=False, packages_select_test_failures=False, packages_skip_test_passed=False, packages_select=None, packages_skip=None, packages_select_regex=None, packages_skip_regex=None, packages_start=None, packages_end=None, allow_overriding=[], cmake_args=None, cmake_target=None, cmake_target_skip_unavailable=False, cmake_clean_cache=False, cmake_clean_first=False, cmake_force_configure=False, ament_cmake_args=None, catkin_cmake_args=None, catkin_skip_building_tests=False, mixin_files=None, mixin=None, verb_parser=<colcon_mixin.mixin.mixin_argument.MixinArgumentDecorator object at 0x72f4ab3ee9e0>, verb_extension=<colcon_core.verb.build.BuildVerb object at 0x72f4ab542fe0>, main=<bound method BuildVerb.main of <colcon_core.verb.build.BuildVerb object at 0x72f4ab542fe0>>, mixin_verb=('build',))
[0.855s] Level 1:colcon.colcon_core.package_discovery:discover_packages(colcon_meta) check parameters
[0.855s] Level 1:colcon.colcon_core.package_discovery:discover_packages(recursive) check parameters
[0.855s] Level 1:colcon.colcon_core.package_discovery:discover_packages(ignore) check parameters
[0.855s] Level 1:colcon.colcon_core.package_discovery:discover_packages(path) check parameters
[0.855s] Level 1:colcon.colcon_core.package_discovery:discover_packages(colcon_meta) discover
[0.856s] Level 1:colcon.colcon_core.package_discovery:discover_packages(recursive) discover
[0.856s] INFO:colcon.colcon_core.package_discovery:Crawling recursively for packages in '/home/hassan/ros-tuts/patrol_ws'
[0.856s] Level 1:colcon.colcon_core.package_identification:_identify(.) by extensions ['ignore', 'ignore_ament_install']
[0.856s] Level 1:colcon.colcon_core.package_identification:_identify(.) by extension 'ignore'
[0.856s] Level 1:colcon.colcon_core.package_identification:_identify(.) by extension 'ignore_ament_install'
[0.857s] Level 1:colcon.colcon_core.package_identification:_identify(.) by extensions ['colcon_pkg']
[0.857s] Level 1:colcon.colcon_core.package_identification:_identify(.) by extension 'colcon_pkg'
[0.857s] Level 1:colcon.colcon_core.package_identification:_identify(.) by extensions ['colcon_meta']
[0.857s] Level 1:colcon.colcon_core.package_identification:_identify(.) by extension 'colcon_meta'
[0.857s] Level 1:colcon.colcon_core.package_identification:_identify(.) by extensions ['ros']
[0.857s] Level 1:colcon.colcon_core.package_identification:_identify(.) by extension 'ros'
[0.880s] Level 1:colcon.colcon_core.package_identification:_identify(.) by extensions ['cmake', 'python']
[0.880s] Level 1:colcon.colcon_core.package_identification:_identify(.) by extension 'cmake'
[0.880s] Level 1:colcon.colcon_core.package_identification:_identify(.) by extension 'python'
[0.880s] Level 1:colcon.colcon_core.package_identification:_identify(.) by extensions ['python_setup_py']
[0.880s] Level 1:colcon.colcon_core.package_identification:_identify(.) by extension 'python_setup_py'
[0.880s] Level 1:colcon.colcon_core.package_identification:_identify(build) by extensions ['ignore', 'ignore_ament_install']
[0.881s] Level 1:colcon.colcon_core.package_identification:_identify(build) by extension 'ignore'
[0.881s] Level 1:colcon.colcon_core.package_identification:_identify(build) ignored
[0.881s] Level 1:colcon.colcon_core.package_identification:_identify(install) by extensions ['ignore', 'ignore_ament_install']
[0.881s] Level 1:colcon.colcon_core.package_identification:_identify(install) by extension 'ignore'
[0.882s] Level 1:colcon.colcon_core.package_identification:_identify(install) ignored
[0.882s] Level 1:colcon.colcon_core.package_identification:_identify(log) by extensions ['ignore', 'ignore_ament_install']
[0.882s] Level 1:colcon.colcon_core.package_identification:_identify(log) by extension 'ignore'
[0.882s] Level 1:colcon.colcon_core.package_identification:_identify(log) ignored
[0.882s] Level 1:colcon.colcon_core.package_identification:_identify(src) by extensions ['ignore', 'ignore_ament_install']
[0.883s] Level 1:colcon.colcon_core.package_identification:_identify(src) by extension 'ignore'
[0.883s] Level 1:colcon.colcon_core.package_identification:_identify(src) by extension 'ignore_ament_install'
[0.883s] Level 1:colcon.colcon_core.package_identification:_identify(src) by extensions ['colcon_pkg']
[0.883s] Level 1:colcon.colcon_core.package_identification:_identify(src) by extension 'colcon_pkg'
[0.883s] Level 1:colcon.colcon_core.package_identification:_identify(src) by extensions ['colcon_meta']
[0.883s] Level 1:colcon.colcon_core.package_identification:_identify(src) by extension 'colcon_meta'
[0.883s] Level 1:colcon.colcon_core.package_identification:_identify(src) by extensions ['ros']
[0.883s] Level 1:colcon.colcon_core.package_identification:_identify(src) by extension 'ros'
[0.884s] Level 1:colcon.colcon_core.package_identification:_identify(src) by extensions ['cmake', 'python']
[0.884s] Level 1:colcon.colcon_core.package_identification:_identify(src) by extension 'cmake'
[0.884s] Level 1:colcon.colcon_core.package_identification:_identify(src) by extension 'python'
[0.884s] Level 1:colcon.colcon_core.package_identification:_identify(src) by extensions ['python_setup_py']
[0.884s] Level 1:colcon.colcon_core.package_identification:_identify(src) by extension 'python_setup_py'
[0.884s] Level 1:colcon.colcon_core.package_identification:_identify(src/tb3_sim) by extensions ['ignore', 'ignore_ament_install']
[0.884s] Level 1:colcon.colcon_core.package_identification:_identify(src/tb3_sim) by extension 'ignore'
[0.885s] Level 1:colcon.colcon_core.package_identification:_identify(src/tb3_sim) by extension 'ignore_ament_install'
[0.885s] Level 1:colcon.colcon_core.package_identification:_identify(src/tb3_sim) by extensions ['colcon_pkg']
[0.885s] Level 1:colcon.colcon_core.package_identification:_identify(src/tb3_sim) by extension 'colcon_pkg'
[0.885s] Level 1:colcon.colcon_core.package_identification:_identify(src/tb3_sim) by extensions ['colcon_meta']
[0.885s] Level 1:colcon.colcon_core.package_identification:_identify(src/tb3_sim) by extension 'colcon_meta'
[0.885s] Level 1:colcon.colcon_core.package_identification:_identify(src/tb3_sim) by extensions ['ros']
[0.885s] Level 1:colcon.colcon_core.package_identification:_identify(src/tb3_sim) by extension 'ros'
[0.890s] DEBUG:colcon.colcon_core.package_identification:Package 'src/tb3_sim' with type 'ros.ament_python' and name 'tb3_sim'
[0.891s] Level 1:colcon.colcon_core.package_identification:_identify(src/turtlebot3) by extensions ['ignore', 'ignore_ament_install']
[0.891s] Level 1:colcon.colcon_core.package_identification:_identify(src/turtlebot3) by extension 'ignore'
[0.891s] Level 1:colcon.colcon_core.package_identification:_identify(src/turtlebot3) by extension 'ignore_ament_install'
[0.891s] Level 1:colcon.colcon_core.package_identification:_identify(src/turtlebot3) by extensions ['colcon_pkg']
[0.891s] Level 1:colcon.colcon_core.package_identification:_identify(src/turtlebot3) by extension 'colcon_pkg'
[0.892s] Level 1:colcon.colcon_core.package_identification:_identify(src/turtlebot3) by extensions ['colcon_meta']
[0.892s] Level 1:colcon.colcon_core.package_identification:_identify(src/turtlebot3) by extension 'colcon_meta'
[0.892s] Level 1:colcon.colcon_core.package_identification:_identify(src/turtlebot3) by extensions ['ros']
[0.892s] Level 1:colcon.colcon_core.package_identification:_identify(src/turtlebot3) by extension 'ros'
[0.892s] Level 1:colcon.colcon_core.package_identification:_identify(src/turtlebot3) by extensions ['cmake', 'python']
[0.892s] Level 1:colcon.colcon_core.package_identification:_identify(src/turtlebot3) by extension 'cmake'
[0.892s] Level 1:colcon.colcon_core.package_identification:_identify(src/turtlebot3) by extension 'python'
[0.892s] Level 1:colcon.colcon_core.package_identification:_identify(src/turtlebot3) by extensions ['python_setup_py']
[0.893s] Level 1:colcon.colcon_core.package_identification:_identify(src/turtlebot3) by extension 'python_setup_py'
[0.893s] Level 1:colcon.colcon_core.package_identification:_identify(src/turtlebot3/turtlebot3) by extensions ['ignore', 'ignore_ament_install']
[0.893s] Level 1:colcon.colcon_core.package_identification:_identify(src/turtlebot3/turtlebot3) by extension 'ignore'
[0.893s] Level 1:colcon.colcon_core.package_identification:_identify(src/turtlebot3/turtlebot3) by extension 'ignore_ament_install'
[0.893s] Level 1:colcon.colcon_core.package_identification:_identify(src/turtlebot3/turtlebot3) by extensions ['colcon_pkg']
[0.893s] Level 1:colcon.colcon_core.package_identification:_identify(src/turtlebot3/turtlebot3) by extension 'colcon_pkg'
[0.894s] Level 1:colcon.colcon_core.package_identification:_identify(src/turtlebot3/turtlebot3) by extensions ['colcon_meta']
[0.894s] Level 1:colcon.colcon_core.package_identification:_identify(src/turtlebot3/turtlebot3) by extension 'colcon_meta'
[0.894s] Level 1:colcon.colcon_core.package_identification:_identify(src/turtlebot3/turtlebot3) by extensions ['ros']
[0.894s] Level 1:colcon.colcon_core.package_identification:_identify(src/turtlebot3/turtlebot3) by extension 'ros'
[0.894s] Level 1:colcon.colcon_core.package_identification:_identify(src/turtlebot3/turtlebot3) by extensions ['cmake', 'python']
[0.894s] Level 1:colcon.colcon_core.package_identification:_identify(src/turtlebot3/turtlebot3) by extension 'cmake'
[0.894s] Level 1:colcon.colcon_core.package_identification:_identify(src/turtlebot3/turtlebot3) by extension 'python'
[0.895s] Level 1:colcon.colcon_core.package_identification:_identify(src/turtlebot3/turtlebot3) by extensions ['python_setup_py']
[0.895s] Level 1:colcon.colcon_core.package_identification:_identify(src/turtlebot3/turtlebot3) by extension 'python_setup_py'
[0.895s] Level 1:colcon.colcon_core.package_identification:_identify(src/turtlebot3/turtlebot3/turtlebot3) by extensions ['ignore', 'ignore_ament_install']
[0.895s] Level 1:colcon.colcon_core.package_identification:_identify(src/turtlebot3/turtlebot3/turtlebot3) by extension 'ignore'
[0.895s] Level 1:colcon.colcon_core.package_identification:_identify(src/turtlebot3/turtlebot3/turtlebot3) by extension 'ignore_ament_install'
[0.896s] Level 1:colcon.colcon_core.package_identification:_identify(src/turtlebot3/turtlebot3/turtlebot3) by extensions ['colcon_pkg']
[0.896s] Level 1:colcon.colcon_core.package_identification:_identify(src/turtlebot3/turtlebot3/turtlebot3) by extension 'colcon_pkg'
[0.896s] Level 1:colcon.colcon_core.package_identification:_identify(src/turtlebot3/turtlebot3/turtlebot3) by extensions ['colcon_meta']
[0.896s] Level 1:colcon.colcon_core.package_identification:_identify(src/turtlebot3/turtlebot3/turtlebot3) by extension 'colcon_meta'
[0.896s] Level 1:colcon.colcon_core.package_identification:_identify(src/turtlebot3/turtlebot3/turtlebot3) by extensions ['ros']
[0.896s] Level 1:colcon.colcon_core.package_identification:_identify(src/turtlebot3/turtlebot3/turtlebot3) by extension 'ros'
[0.897s] DEBUG:colcon.colcon_core.package_identification:Package 'src/turtlebot3/turtlebot3/turtlebot3' with type 'ros.ament_cmake' and name 'turtlebot3'
[0.898s] Level 1:colcon.colcon_core.package_identification:_identify(src/turtlebot3/turtlebot3/turtlebot3_bringup) by extensions ['ignore', 'ignore_ament_install']
[0.898s] Level 1:colcon.colcon_core.package_identification:_identify(src/turtlebot3/turtlebot3/turtlebot3_bringup) by extension 'ignore'
[0.898s] Level 1:colcon.colcon_core.package_identification:_identify(src/turtlebot3/turtlebot3/turtlebot3_bringup) by extension 'ignore_ament_install'
[0.898s] Level 1:colcon.colcon_core.package_identification:_identify(src/turtlebot3/turtlebot3/turtlebot3_bringup) by extensions ['colcon_pkg']
[0.899s] Level 1:colcon.colcon_core.package_identification:_identify(src/turtlebot3/turtlebot3/turtlebot3_bringup) by extension 'colcon_pkg'
[0.899s] Level 1:colcon.colcon_core.package_identification:_identify(src/turtlebot3/turtlebot3/turtlebot3_bringup) by extensions ['colcon_meta']
[0.899s] Level 1:colcon.colcon_core.package_identification:_identify(src/turtlebot3/turtlebot3/turtlebot3_bringup) by extension 'colcon_meta'
[0.899s] Level 1:colcon.colcon_core.package_identification:_identify(src/turtlebot3/turtlebot3/turtlebot3_bringup) by extensions ['ros']
[0.899s] Level 1:colcon.colcon_core.package_identification:_identify(src/turtlebot3/turtlebot3/turtlebot3_bringup) by extension 'ros'
[0.900s] DEBUG:colcon.colcon_core.package_identification:Package 'src/turtlebot3/turtlebot3/turtlebot3_bringup' with type 'ros.ament_cmake' and name 'turtlebot3_bringup'
[0.901s] Level 1:colcon.colcon_core.package_identification:_identify(src/turtlebot3/turtlebot3/turtlebot3_cartographer) by extensions ['ignore', 'ignore_ament_install']
[0.901s] Level 1:colcon.colcon_core.package_identification:_identify(src/turtlebot3/turtlebot3/turtlebot3_cartographer) by extension 'ignore'
[0.901s] Level 1:colcon.colcon_core.package_identification:_identify(src/turtlebot3/turtlebot3/turtlebot3_cartographer) by extension 'ignore_ament_install'
[0.901s] Level 1:colcon.colcon_core.package_identification:_identify(src/turtlebot3/turtlebot3/turtlebot3_cartographer) by extensions ['colcon_pkg']
[0.901s] Level 1:colcon.colcon_core.package_identification:_identify(src/turtlebot3/turtlebot3/turtlebot3_cartographer) by extension 'colcon_pkg'
[0.901s] Level 1:colcon.colcon_core.package_identification:_identify(src/turtlebot3/turtlebot3/turtlebot3_cartographer) by extensions ['colcon_meta']
[0.902s] Level 1:colcon.colcon_core.package_identification:_identify(src/turtlebot3/turtlebot3/turtlebot3_cartographer) by extension 'colcon_meta'
[0.902s] Level 1:colcon.colcon_core.package_identification:_identify(src/turtlebot3/turtlebot3/turtlebot3_cartographer) by extensions ['ros']
[0.902s] Level 1:colcon.colcon_core.package_identification:_identify(src/turtlebot3/turtlebot3/turtlebot3_cartographer) by extension 'ros'
[0.903s] DEBUG:colcon.colcon_core.package_identification:Package 'src/turtlebot3/turtlebot3/turtlebot3_cartographer' with type 'ros.ament_cmake' and name 'turtlebot3_cartographer'
[0.903s] Level 1:colcon.colcon_core.package_identification:_identify(src/turtlebot3/turtlebot3/turtlebot3_description) by extensions ['ignore', 'ignore_ament_install']
[0.904s] Level 1:colcon.colcon_core.package_identification:_identify(src/turtlebot3/turtlebot3/turtlebot3_description) by extension 'ignore'
[0.904s] Level 1:colcon.colcon_core.package_identification:_identify(src/turtlebot3/turtlebot3/turtlebot3_description) by extension 'ignore_ament_install'
[0.904s] Level 1:colcon.colcon_core.package_identification:_identify(src/turtlebot3/turtlebot3/turtlebot3_description) by extensions ['colcon_pkg']
[0.904s] Level 1:colcon.colcon_core.package_identification:_identify(src/turtlebot3/turtlebot3/turtlebot3_description) by extension 'colcon_pkg'
[0.904s] Level 1:colcon.colcon_core.package_identification:_identify(src/turtlebot3/turtlebot3/turtlebot3_description) by extensions ['colcon_meta']
[0.904s] Level 1:colcon.colcon_core.package_identification:_identify(src/turtlebot3/turtlebot3/turtlebot3_description) by extension 'colcon_meta'
[0.904s] Level 1:colcon.colcon_core.package_identification:_identify(src/turtlebot3/turtlebot3/turtlebot3_description) by extensions ['ros']
[0.904s] Level 1:colcon.colcon_core.package_identification:_identify(src/turtlebot3/turtlebot3/turtlebot3_description) by extension 'ros'
[0.906s] DEBUG:colcon.colcon_core.package_identification:Package 'src/turtlebot3/turtlebot3/turtlebot3_description' with type 'ros.ament_cmake' and name 'turtlebot3_description'
[0.907s] Level 1:colcon.colcon_core.package_identification:_identify(src/turtlebot3/turtlebot3/turtlebot3_example) by extensions ['ignore', 'ignore_ament_install']
[0.907s] Level 1:colcon.colcon_core.package_identification:_identify(src/turtlebot3/turtlebot3/turtlebot3_example) by extension 'ignore'
[0.907s] Level 1:colcon.colcon_core.package_identification:_identify(src/turtlebot3/turtlebot3/turtlebot3_example) by extension 'ignore_ament_install'
[0.907s] Level 1:colcon.colcon_core.package_identification:_identify(src/turtlebot3/turtlebot3/turtlebot3_example) by extensions ['colcon_pkg']
[0.907s] Level 1:colcon.colcon_core.package_identification:_identify(src/turtlebot3/turtlebot3/turtlebot3_example) by extension 'colcon_pkg'
[0.907s] Level 1:colcon.colcon_core.package_identification:_identify(src/turtlebot3/turtlebot3/turtlebot3_example) by extensions ['colcon_meta']
[0.908s] Level 1:colcon.colcon_core.package_identification:_identify(src/turtlebot3/turtlebot3/turtlebot3_example) by extension 'colcon_meta'
[0.908s] Level 1:colcon.colcon_core.package_identification:_identify(src/turtlebot3/turtlebot3/turtlebot3_example) by extensions ['ros']
[0.908s] Level 1:colcon.colcon_core.package_identification:_identify(src/turtlebot3/turtlebot3/turtlebot3_example) by extension 'ros'
[0.910s] DEBUG:colcon.colcon_core.package_identification:Package 'src/turtlebot3/turtlebot3/turtlebot3_example' with type 'ros.ament_python' and name 'turtlebot3_example'
[0.910s] Level 1:colcon.colcon_core.package_identification:_identify(src/turtlebot3/turtlebot3/turtlebot3_navigation2) by extensions ['ignore', 'ignore_ament_install']
[0.910s] Level 1:colcon.colcon_core.package_identification:_identify(src/turtlebot3/turtlebot3/turtlebot3_navigation2) by extension 'ignore'
[0.911s] Level 1:colcon.colcon_core.package_identification:_identify(src/turtlebot3/turtlebot3/turtlebot3_navigation2) by extension 'ignore_ament_install'
[0.911s] Level 1:colcon.colcon_core.package_identification:_identify(src/turtlebot3/turtlebot3/turtlebot3_navigation2) by extensions ['colcon_pkg']
[0.911s] Level 1:colcon.colcon_core.package_identification:_identify(src/turtlebot3/turtlebot3/turtlebot3_navigation2) by extension 'colcon_pkg'
[0.911s] Level 1:colcon.colcon_core.package_identification:_identify(src/turtlebot3/turtlebot3/turtlebot3_navigation2) by extensions ['colcon_meta']
[0.911s] Level 1:colcon.colcon_core.package_identification:_identify(src/turtlebot3/turtlebot3/turtlebot3_navigation2) by extension 'colcon_meta'
[0.911s] Level 1:colcon.colcon_core.package_identification:_identify(src/turtlebot3/turtlebot3/turtlebot3_navigation2) by extensions ['ros']
[0.911s] Level 1:colcon.colcon_core.package_identification:_identify(src/turtlebot3/turtlebot3/turtlebot3_navigation2) by extension 'ros'
[0.912s] DEBUG:colcon.colcon_core.package_identification:Package 'src/turtlebot3/turtlebot3/turtlebot3_navigation2' with type 'ros.ament_cmake' and name 'turtlebot3_navigation2'
[0.913s] Level 1:colcon.colcon_core.package_identification:_identify(src/turtlebot3/turtlebot3/turtlebot3_node) by extensions ['ignore', 'ignore_ament_install']
[0.913s] Level 1:colcon.colcon_core.package_identification:_identify(src/turtlebot3/turtlebot3/turtlebot3_node) by extension 'ignore'
[0.913s] Level 1:colcon.colcon_core.package_identification:_identify(src/turtlebot3/turtlebot3/turtlebot3_node) by extension 'ignore_ament_install'
[0.913s] Level 1:colcon.colcon_core.package_identification:_identify(src/turtlebot3/turtlebot3/turtlebot3_node) by extensions ['colcon_pkg']
[0.913s] Level 1:colcon.colcon_core.package_identification:_identify(src/turtlebot3/turtlebot3/turtlebot3_node) by extension 'colcon_pkg'
[0.914s] Level 1:colcon.colcon_core.package_identification:_identify(src/turtlebot3/turtlebot3/turtlebot3_node) by extensions ['colcon_meta']
[0.914s] Level 1:colcon.colcon_core.package_identification:_identify(src/turtlebot3/turtlebot3/turtlebot3_node) by extension 'colcon_meta'
[0.914s] Level 1:colcon.colcon_core.package_identification:_identify(src/turtlebot3/turtlebot3/turtlebot3_node) by extensions ['ros']
[0.914s] Level 1:colcon.colcon_core.package_identification:_identify(src/turtlebot3/turtlebot3/turtlebot3_node) by extension 'ros'
[0.917s] DEBUG:colcon.colcon_core.package_identification:Package 'src/turtlebot3/turtlebot3/turtlebot3_node' with type 'ros.ament_cmake' and name 'turtlebot3_node'
[0.917s] Level 1:colcon.colcon_core.package_identification:_identify(src/turtlebot3/turtlebot3/turtlebot3_teleop) by extensions ['ignore', 'ignore_ament_install']
[0.917s] Level 1:colcon.colcon_core.package_identification:_identify(src/turtlebot3/turtlebot3/turtlebot3_teleop) by extension 'ignore'
[0.917s] Level 1:colcon.colcon_core.package_identification:_identify(src/turtlebot3/turtlebot3/turtlebot3_teleop) by extension 'ignore_ament_install'
[0.918s] Level 1:colcon.colcon_core.package_identification:_identify(src/turtlebot3/turtlebot3/turtlebot3_teleop) by extensions ['colcon_pkg']
[0.918s] Level 1:colcon.colcon_core.package_identification:_identify(src/turtlebot3/turtlebot3/turtlebot3_teleop) by extension 'colcon_pkg'
[0.918s] Level 1:colcon.colcon_core.package_identification:_identify(src/turtlebot3/turtlebot3/turtlebot3_teleop) by extensions ['colcon_meta']
[0.918s] Level 1:colcon.colcon_core.package_identification:_identify(src/turtlebot3/turtlebot3/turtlebot3_teleop) by extension 'colcon_meta'
[0.918s] Level 1:colcon.colcon_core.package_identification:_identify(src/turtlebot3/turtlebot3/turtlebot3_teleop) by extensions ['ros']
[0.918s] Level 1:colcon.colcon_core.package_identification:_identify(src/turtlebot3/turtlebot3/turtlebot3_teleop) by extension 'ros'
[0.919s] DEBUG:colcon.colcon_core.package_identification:Package 'src/turtlebot3/turtlebot3/turtlebot3_teleop' with type 'ros.ament_python' and name 'turtlebot3_teleop'
[0.920s] Level 1:colcon.colcon_core.package_identification:_identify(src/turtlebot3/turtlebot3_msgs) by extensions ['ignore', 'ignore_ament_install']
[0.920s] Level 1:colcon.colcon_core.package_identification:_identify(src/turtlebot3/turtlebot3_msgs) by extension 'ignore'
[0.920s] Level 1:colcon.colcon_core.package_identification:_identify(src/turtlebot3/turtlebot3_msgs) by extension 'ignore_ament_install'
[0.920s] Level 1:colcon.colcon_core.package_identification:_identify(src/turtlebot3/turtlebot3_msgs) by extensions ['colcon_pkg']
[0.920s] Level 1:colcon.colcon_core.package_identification:_identify(src/turtlebot3/turtlebot3_msgs) by extension 'colcon_pkg'
[0.920s] Level 1:colcon.colcon_core.package_identification:_identify(src/turtlebot3/turtlebot3_msgs) by extensions ['colcon_meta']
[0.920s] Level 1:colcon.colcon_core.package_identification:_identify(src/turtlebot3/turtlebot3_msgs) by extension 'colcon_meta'
[0.921s] Level 1:colcon.colcon_core.package_identification:_identify(src/turtlebot3/turtlebot3_msgs) by extensions ['ros']
[0.921s] Level 1:colcon.colcon_core.package_identification:_identify(src/turtlebot3/turtlebot3_msgs) by extension 'ros'
[0.922s] DEBUG:colcon.colcon_core.package_identification:Package 'src/turtlebot3/turtlebot3_msgs' with type 'ros.ament_cmake' and name 'turtlebot3_msgs'
[0.923s] Level 1:colcon.colcon_core.package_identification:_identify(src/turtlebot3/turtlebot3_simulations) by extensions ['ignore', 'ignore_ament_install']
[0.923s] Level 1:colcon.colcon_core.package_identification:_identify(src/turtlebot3/turtlebot3_simulations) by extension 'ignore'
[0.923s] Level 1:colcon.colcon_core.package_identification:_identify(src/turtlebot3/turtlebot3_simulations) by extension 'ignore_ament_install'
[0.923s] Level 1:colcon.colcon_core.package_identification:_identify(src/turtlebot3/turtlebot3_simulations) by extensions ['colcon_pkg']
[0.923s] Level 1:colcon.colcon_core.package_identification:_identify(src/turtlebot3/turtlebot3_simulations) by extension 'colcon_pkg'
[0.923s] Level 1:colcon.colcon_core.package_identification:_identify(src/turtlebot3/turtlebot3_simulations) by extensions ['colcon_meta']
[0.924s] Level 1:colcon.colcon_core.package_identification:_identify(src/turtlebot3/turtlebot3_simulations) by extension 'colcon_meta'
[0.924s] Level 1:colcon.colcon_core.package_identification:_identify(src/turtlebot3/turtlebot3_simulations) by extensions ['ros']
[0.924s] Level 1:colcon.colcon_core.package_identification:_identify(src/turtlebot3/turtlebot3_simulations) by extension 'ros'
[0.924s] Level 1:colcon.colcon_core.package_identification:_identify(src/turtlebot3/turtlebot3_simulations) by extensions ['cmake', 'python']
[0.924s] Level 1:colcon.colcon_core.package_identification:_identify(src/turtlebot3/turtlebot3_simulations) by extension 'cmake'
[0.924s] Level 1:colcon.colcon_core.package_identification:_identify(src/turtlebot3/turtlebot3_simulations) by extension 'python'
[0.924s] Level 1:colcon.colcon_core.package_identification:_identify(src/turtlebot3/turtlebot3_simulations) by extensions ['python_setup_py']
[0.924s] Level 1:colcon.colcon_core.package_identification:_identify(src/turtlebot3/turtlebot3_simulations) by extension 'python_setup_py'
[0.925s] Level 1:colcon.colcon_core.package_identification:_identify(src/turtlebot3/turtlebot3_simulations/turtlebot3_fake_node) by extensions ['ignore', 'ignore_ament_install']
[0.925s] Level 1:colcon.colcon_core.package_identification:_identify(src/turtlebot3/turtlebot3_simulations/turtlebot3_fake_node) by extension 'ignore'
[0.925s] Level 1:colcon.colcon_core.package_identification:_identify(src/turtlebot3/turtlebot3_simulations/turtlebot3_fake_node) by extension 'ignore_ament_install'
[0.925s] Level 1:colcon.colcon_core.package_identification:_identify(src/turtlebot3/turtlebot3_simulations/turtlebot3_fake_node) by extensions ['colcon_pkg']
[0.925s] Level 1:colcon.colcon_core.package_identification:_identify(src/turtlebot3/turtlebot3_simulations/turtlebot3_fake_node) by extension 'colcon_pkg'
[0.926s] Level 1:colcon.colcon_core.package_identification:_identify(src/turtlebot3/turtlebot3_simulations/turtlebot3_fake_node) by extensions ['colcon_meta']
[0.926s] Level 1:colcon.colcon_core.package_identification:_identify(src/turtlebot3/turtlebot3_simulations/turtlebot3_fake_node) by extension 'colcon_meta'
[0.926s] Level 1:colcon.colcon_core.package_identification:_identify(src/turtlebot3/turtlebot3_simulations/turtlebot3_fake_node) by extensions ['ros']
[0.926s] Level 1:colcon.colcon_core.package_identification:_identify(src/turtlebot3/turtlebot3_simulations/turtlebot3_fake_node) by extension 'ros'
[0.928s] DEBUG:colcon.colcon_core.package_identification:Package 'src/turtlebot3/turtlebot3_simulations/turtlebot3_fake_node' with type 'ros.ament_cmake' and name 'turtlebot3_fake_node'
[0.928s] Level 1:colcon.colcon_core.package_identification:_identify(src/turtlebot3/turtlebot3_simulations/turtlebot3_gazebo) by extensions ['ignore', 'ignore_ament_install']
[0.929s] Level 1:colcon.colcon_core.package_identification:_identify(src/turtlebot3/turtlebot3_simulations/turtlebot3_gazebo) by extension 'ignore'
[0.929s] Level 1:colcon.colcon_core.package_identification:_identify(src/turtlebot3/turtlebot3_simulations/turtlebot3_gazebo) by extension 'ignore_ament_install'
[0.929s] Level 1:colcon.colcon_core.package_identification:_identify(src/turtlebot3/turtlebot3_simulations/turtlebot3_gazebo) by extensions ['colcon_pkg']
[0.929s] Level 1:colcon.colcon_core.package_identification:_identify(src/turtlebot3/turtlebot3_simulations/turtlebot3_gazebo) by extension 'colcon_pkg'
[0.929s] Level 1:colcon.colcon_core.package_identification:_identify(src/turtlebot3/turtlebot3_simulations/turtlebot3_gazebo) by extensions ['colcon_meta']
[0.929s] Level 1:colcon.colcon_core.package_identification:_identify(src/turtlebot3/turtlebot3_simulations/turtlebot3_gazebo) by extension 'colcon_meta'
[0.929s] Level 1:colcon.colcon_core.package_identification:_identify(src/turtlebot3/turtlebot3_simulations/turtlebot3_gazebo) by extensions ['ros']
[0.929s] Level 1:colcon.colcon_core.package_identification:_identify(src/turtlebot3/turtlebot3_simulations/turtlebot3_gazebo) by extension 'ros'
[0.931s] DEBUG:colcon.colcon_core.package_identification:Package 'src/turtlebot3/turtlebot3_simulations/turtlebot3_gazebo' with type 'ros.ament_cmake' and name 'turtlebot3_gazebo'
[0.932s] Level 1:colcon.colcon_core.package_identification:_identify(src/turtlebot3/turtlebot3_simulations/turtlebot3_simulations) by extensions ['ignore', 'ignore_ament_install']
[0.932s] Level 1:colcon.colcon_core.package_identification:_identify(src/turtlebot3/turtlebot3_simulations/turtlebot3_simulations) by extension 'ignore'
[0.932s] Level 1:colcon.colcon_core.package_identification:_identify(src/turtlebot3/turtlebot3_simulations/turtlebot3_simulations) by extension 'ignore_ament_install'
[0.932s] Level 1:colcon.colcon_core.package_identification:_identify(src/turtlebot3/turtlebot3_simulations/turtlebot3_simulations) by extensions ['colcon_pkg']
[0.932s] Level 1:colcon.colcon_core.package_identification:_identify(src/turtlebot3/turtlebot3_simulations/turtlebot3_simulations) by extension 'colcon_pkg'
[0.933s] Level 1:colcon.colcon_core.package_identification:_identify(src/turtlebot3/turtlebot3_simulations/turtlebot3_simulations) by extensions ['colcon_meta']
[0.933s] Level 1:colcon.colcon_core.package_identification:_identify(src/turtlebot3/turtlebot3_simulations/turtlebot3_simulations) by extension 'colcon_meta'
[0.933s] Level 1:colcon.colcon_core.package_identification:_identify(src/turtlebot3/turtlebot3_simulations/turtlebot3_simulations) by extensions ['ros']
[0.933s] Level 1:colcon.colcon_core.package_identification:_identify(src/turtlebot3/turtlebot3_simulations/turtlebot3_simulations) by extension 'ros'
[0.936s] DEBUG:colcon.colcon_core.package_identification:Package 'src/turtlebot3/turtlebot3_simulations/turtlebot3_simulations' with type 'ros.ament_cmake' and name 'turtlebot3_simulations'
[0.936s] Level 1:colcon.colcon_core.package_identification:_identify(src/utils) by extensions ['ignore', 'ignore_ament_install']
[0.936s] Level 1:colcon.colcon_core.package_identification:_identify(src/utils) by extension 'ignore'
[0.937s] Level 1:colcon.colcon_core.package_identification:_identify(src/utils) by extension 'ignore_ament_install'
[0.937s] Level 1:colcon.colcon_core.package_identification:_identify(src/utils) by extensions ['colcon_pkg']
[0.937s] Level 1:colcon.colcon_core.package_identification:_identify(src/utils) by extension 'colcon_pkg'
[0.937s] Level 1:colcon.colcon_core.package_identification:_identify(src/utils) by extensions ['colcon_meta']
[0.937s] Level 1:colcon.colcon_core.package_identification:_identify(src/utils) by extension 'colcon_meta'
[0.937s] Level 1:colcon.colcon_core.package_identification:_identify(src/utils) by extensions ['ros']
[0.937s] Level 1:colcon.colcon_core.package_identification:_identify(src/utils) by extension 'ros'
[0.937s] Level 1:colcon.colcon_core.package_identification:_identify(src/utils) by extensions ['cmake', 'python']
[0.938s] Level 1:colcon.colcon_core.package_identification:_identify(src/utils) by extension 'cmake'
[0.938s] Level 1:colcon.colcon_core.package_identification:_identify(src/utils) by extension 'python'
[0.938s] Level 1:colcon.colcon_core.package_identification:_identify(src/utils) by extensions ['python_setup_py']
[0.938s] Level 1:colcon.colcon_core.package_identification:_identify(src/utils) by extension 'python_setup_py'
[0.938s] Level 1:colcon.colcon_core.package_identification:_identify(src/utils/DynamixelSDK) by extensions ['ignore', 'ignore_ament_install']
[0.938s] Level 1:colcon.colcon_core.package_identification:_identify(src/utils/DynamixelSDK) by extension 'ignore'
[0.939s] Level 1:colcon.colcon_core.package_identification:_identify(src/utils/DynamixelSDK) by extension 'ignore_ament_install'
[0.939s] Level 1:colcon.colcon_core.package_identification:_identify(src/utils/DynamixelSDK) by extensions ['colcon_pkg']
[0.939s] Level 1:colcon.colcon_core.package_identification:_identify(src/utils/DynamixelSDK) by extension 'colcon_pkg'
[0.939s] Level 1:colcon.colcon_core.package_identification:_identify(src/utils/DynamixelSDK) by extensions ['colcon_meta']
[0.939s] Level 1:colcon.colcon_core.package_identification:_identify(src/utils/DynamixelSDK) by extension 'colcon_meta'
[0.939s] Level 1:colcon.colcon_core.package_identification:_identify(src/utils/DynamixelSDK) by extensions ['ros']
[0.939s] Level 1:colcon.colcon_core.package_identification:_identify(src/utils/DynamixelSDK) by extension 'ros'
[0.939s] Level 1:colcon.colcon_core.package_identification:_identify(src/utils/DynamixelSDK) by extensions ['cmake', 'python']
[0.940s] Level 1:colcon.colcon_core.package_identification:_identify(src/utils/DynamixelSDK) by extension 'cmake'
[0.940s] Level 1:colcon.colcon_core.package_identification:_identify(src/utils/DynamixelSDK) by extension 'python'
[0.940s] Level 1:colcon.colcon_core.package_identification:_identify(src/utils/DynamixelSDK) by extensions ['python_setup_py']
[0.940s] Level 1:colcon.colcon_core.package_identification:_identify(src/utils/DynamixelSDK) by extension 'python_setup_py'
[0.940s] Level 1:colcon.colcon_core.package_identification:_identify(src/utils/DynamixelSDK/dynamixel_sdk) by extensions ['ignore', 'ignore_ament_install']
[0.940s] Level 1:colcon.colcon_core.package_identification:_identify(src/utils/DynamixelSDK/dynamixel_sdk) by extension 'ignore'
[0.941s] Level 1:colcon.colcon_core.package_identification:_identify(src/utils/DynamixelSDK/dynamixel_sdk) by extension 'ignore_ament_install'
[0.941s] Level 1:colcon.colcon_core.package_identification:_identify(src/utils/DynamixelSDK/dynamixel_sdk) by extensions ['colcon_pkg']
[0.941s] Level 1:colcon.colcon_core.package_identification:_identify(src/utils/DynamixelSDK/dynamixel_sdk) by extension 'colcon_pkg'
[0.941s] Level 1:colcon.colcon_core.package_identification:_identify(src/utils/DynamixelSDK/dynamixel_sdk) by extensions ['colcon_meta']
[0.941s] Level 1:colcon.colcon_core.package_identification:_identify(src/utils/DynamixelSDK/dynamixel_sdk) by extension 'colcon_meta'
[0.941s] Level 1:colcon.colcon_core.package_identification:_identify(src/utils/DynamixelSDK/dynamixel_sdk) by extensions ['ros']
[0.941s] Level 1:colcon.colcon_core.package_identification:_identify(src/utils/DynamixelSDK/dynamixel_sdk) by extension 'ros'
[0.942s] DEBUG:colcon.colcon_core.package_identification:Package 'src/utils/DynamixelSDK/dynamixel_sdk' with type 'ros.ament_cmake' and name 'dynamixel_sdk'
[0.943s] Level 1:colcon.colcon_core.package_identification:_identify(src/utils/DynamixelSDK/dynamixel_sdk_custom_interfaces) by extensions ['ignore', 'ignore_ament_install']
[0.943s] Level 1:colcon.colcon_core.package_identification:_identify(src/utils/DynamixelSDK/dynamixel_sdk_custom_interfaces) by extension 'ignore'
[0.943s] Level 1:colcon.colcon_core.package_identification:_identify(src/utils/DynamixelSDK/dynamixel_sdk_custom_interfaces) by extension 'ignore_ament_install'
[0.943s] Level 1:colcon.colcon_core.package_identification:_identify(src/utils/DynamixelSDK/dynamixel_sdk_custom_interfaces) by extensions ['colcon_pkg']
[0.943s] Level 1:colcon.colcon_core.package_identification:_identify(src/utils/DynamixelSDK/dynamixel_sdk_custom_interfaces) by extension 'colcon_pkg'
[0.943s] Level 1:colcon.colcon_core.package_identification:_identify(src/utils/DynamixelSDK/dynamixel_sdk_custom_interfaces) by extensions ['colcon_meta']
[0.943s] Level 1:colcon.colcon_core.package_identification:_identify(src/utils/DynamixelSDK/dynamixel_sdk_custom_interfaces) by extension 'colcon_meta'
[0.943s] Level 1:colcon.colcon_core.package_identification:_identify(src/utils/DynamixelSDK/dynamixel_sdk_custom_interfaces) by extensions ['ros']
[0.943s] Level 1:colcon.colcon_core.package_identification:_identify(src/utils/DynamixelSDK/dynamixel_sdk_custom_interfaces) by extension 'ros'
[0.945s] DEBUG:colcon.colcon_core.package_identification:Package 'src/utils/DynamixelSDK/dynamixel_sdk_custom_interfaces' with type 'ros.ament_cmake' and name 'dynamixel_sdk_custom_interfaces'
[0.945s] Level 1:colcon.colcon_core.package_identification:_identify(src/utils/DynamixelSDK/dynamixel_sdk_examples) by extensions ['ignore', 'ignore_ament_install']
[0.945s] Level 1:colcon.colcon_core.package_identification:_identify(src/utils/DynamixelSDK/dynamixel_sdk_examples) by extension 'ignore'
[0.945s] Level 1:colcon.colcon_core.package_identification:_identify(src/utils/DynamixelSDK/dynamixel_sdk_examples) by extension 'ignore_ament_install'
[0.945s] Level 1:colcon.colcon_core.package_identification:_identify(src/utils/DynamixelSDK/dynamixel_sdk_examples) by extensions ['colcon_pkg']
[0.945s] Level 1:colcon.colcon_core.package_identification:_identify(src/utils/DynamixelSDK/dynamixel_sdk_examples) by extension 'colcon_pkg'
[0.946s] Level 1:colcon.colcon_core.package_identification:_identify(src/utils/DynamixelSDK/dynamixel_sdk_examples) by extensions ['colcon_meta']
[0.946s] Level 1:colcon.colcon_core.package_identification:_identify(src/utils/DynamixelSDK/dynamixel_sdk_examples) by extension 'colcon_meta'
[0.946s] Level 1:colcon.colcon_core.package_identification:_identify(src/utils/DynamixelSDK/dynamixel_sdk_examples) by extensions ['ros']
[0.946s] Level 1:colcon.colcon_core.package_identification:_identify(src/utils/DynamixelSDK/dynamixel_sdk_examples) by extension 'ros'
[0.947s] DEBUG:colcon.colcon_core.package_identification:Package 'src/utils/DynamixelSDK/dynamixel_sdk_examples' with type 'ros.ament_cmake' and name 'dynamixel_sdk_examples'
[0.948s] Level 1:colcon.colcon_core.package_identification:_identify(src/utils/hls_lfcd_lds_driver) by extensions ['ignore', 'ignore_ament_install']
[0.948s] Level 1:colcon.colcon_core.package_identification:_identify(src/utils/hls_lfcd_lds_driver) by extension 'ignore'
[0.948s] Level 1:colcon.colcon_core.package_identification:_identify(src/utils/hls_lfcd_lds_driver) by extension 'ignore_ament_install'
[0.948s] Level 1:colcon.colcon_core.package_identification:_identify(src/utils/hls_lfcd_lds_driver) by extensions ['colcon_pkg']
[0.948s] Level 1:colcon.colcon_core.package_identification:_identify(src/utils/hls_lfcd_lds_driver) by extension 'colcon_pkg'
[0.948s] Level 1:colcon.colcon_core.package_identification:_identify(src/utils/hls_lfcd_lds_driver) by extensions ['colcon_meta']
[0.948s] Level 1:colcon.colcon_core.package_identification:_identify(src/utils/hls_lfcd_lds_driver) by extension 'colcon_meta'
[0.948s] Level 1:colcon.colcon_core.package_identification:_identify(src/utils/hls_lfcd_lds_driver) by extensions ['ros']
[0.948s] Level 1:colcon.colcon_core.package_identification:_identify(src/utils/hls_lfcd_lds_driver) by extension 'ros'
[0.950s] DEBUG:colcon.colcon_core.package_identification:Package 'src/utils/hls_lfcd_lds_driver' with type 'ros.ament_cmake' and name 'hls_lfcd_lds_driver'
[0.950s] Level 1:colcon.colcon_core.package_discovery:discover_packages(recursive) using defaults
[0.950s] Level 1:colcon.colcon_core.package_discovery:discover_packages(ignore) discover
[0.950s] Level 1:colcon.colcon_core.package_discovery:discover_packages(ignore) using defaults
[0.950s] Level 1:colcon.colcon_core.package_discovery:discover_packages(path) discover
[0.950s] Level 1:colcon.colcon_core.package_discovery:discover_packages(path) using defaults
[1.019s] Level 1:colcon.colcon_core.package_discovery:discover_packages(prefix_path) check parameters
[1.019s] Level 1:colcon.colcon_core.package_discovery:discover_packages(prefix_path) discover
[1.025s] DEBUG:colcon.colcon_installed_package_information.package_discovery:Found 1 installed packages in /home/hassan/rosbot_ws/install
[1.030s] DEBUG:colcon.colcon_installed_package_information.package_discovery:Found 363 installed packages in /opt/ros/humble
[1.033s] Level 1:colcon.colcon_core.package_discovery:discover_packages(prefix_path) using defaults
[1.165s] Level 5:colcon.colcon_core.verb:set package 'dynamixel_sdk' build argument 'cmake_args' from command line to 'None'
[1.165s] Level 5:colcon.colcon_core.verb:set package 'dynamixel_sdk' build argument 'cmake_target' from command line to 'None'
[1.165s] Level 5:colcon.colcon_core.verb:set package 'dynamixel_sdk' build argument 'cmake_target_skip_unavailable' from command line to 'False'
[1.166s] Level 5:colcon.colcon_core.verb:set package 'dynamixel_sdk' build argument 'cmake_clean_cache' from command line to 'False'
[1.166s] Level 5:colcon.colcon_core.verb:set package 'dynamixel_sdk' build argument 'cmake_clean_first' from command line to 'False'
[1.166s] Level 5:colcon.colcon_core.verb:set package 'dynamixel_sdk' build argument 'cmake_force_configure' from command line to 'False'
[1.166s] Level 5:colcon.colcon_core.verb:set package 'dynamixel_sdk' build argument 'ament_cmake_args' from command line to 'None'
[1.166s] Level 5:colcon.colcon_core.verb:set package 'dynamixel_sdk' build argument 'catkin_cmake_args' from command line to 'None'
[1.166s] Level 5:colcon.colcon_core.verb:set package 'dynamixel_sdk' build argument 'catkin_skip_building_tests' from command line to 'False'
[1.166s] DEBUG:colcon.colcon_core.verb:Building package 'dynamixel_sdk' with the following arguments: {'ament_cmake_args': None, 'build_base': '/home/hassan/ros-tuts/patrol_ws/build/dynamixel_sdk', 'catkin_cmake_args': None, 'catkin_skip_building_tests': False, 'cmake_args': None, 'cmake_clean_cache': False, 'cmake_clean_first': False, 'cmake_force_configure': False, 'cmake_target': None, 'cmake_target_skip_unavailable': False, 'install_base': '/home/hassan/ros-tuts/patrol_ws/install/dynamixel_sdk', 'merge_install': False, 'path': '/home/hassan/ros-tuts/patrol_ws/src/utils/DynamixelSDK/dynamixel_sdk', 'symlink_install': True, 'test_result_base': None}
[1.167s] Level 5:colcon.colcon_core.verb:set package 'dynamixel_sdk_custom_interfaces' build argument 'cmake_args' from command line to 'None'
[1.167s] Level 5:colcon.colcon_core.verb:set package 'dynamixel_sdk_custom_interfaces' build argument 'cmake_target' from command line to 'None'
[1.167s] Level 5:colcon.colcon_core.verb:set package 'dynamixel_sdk_custom_interfaces' build argument 'cmake_target_skip_unavailable' from command line to 'False'
[1.167s] Level 5:colcon.colcon_core.verb:set package 'dynamixel_sdk_custom_interfaces' build argument 'cmake_clean_cache' from command line to 'False'
[1.167s] Level 5:colcon.colcon_core.verb:set package 'dynamixel_sdk_custom_interfaces' build argument 'cmake_clean_first' from command line to 'False'
[1.167s] Level 5:colcon.colcon_core.verb:set package 'dynamixel_sdk_custom_interfaces' build argument 'cmake_force_configure' from command line to 'False'
[1.167s] Level 5:colcon.colcon_core.verb:set package 'dynamixel_sdk_custom_interfaces' build argument 'ament_cmake_args' from command line to 'None'
[1.167s] Level 5:colcon.colcon_core.verb:set package 'dynamixel_sdk_custom_interfaces' build argument 'catkin_cmake_args' from command line to 'None'
[1.167s] Level 5:colcon.colcon_core.verb:set package 'dynamixel_sdk_custom_interfaces' build argument 'catkin_skip_building_tests' from command line to 'False'
[1.168s] DEBUG:colcon.colcon_core.verb:Building package 'dynamixel_sdk_custom_interfaces' with the following arguments: {'ament_cmake_args': None, 'build_base': '/home/hassan/ros-tuts/patrol_ws/build/dynamixel_sdk_custom_interfaces', 'catkin_cmake_args': None, 'catkin_skip_building_tests': False, 'cmake_args': None, 'cmake_clean_cache': False, 'cmake_clean_first': False, 'cmake_force_configure': False, 'cmake_target': None, 'cmake_target_skip_unavailable': False, 'install_base': '/home/hassan/ros-tuts/patrol_ws/install/dynamixel_sdk_custom_interfaces', 'merge_install': False, 'path': '/home/hassan/ros-tuts/patrol_ws/src/utils/DynamixelSDK/dynamixel_sdk_custom_interfaces', 'symlink_install': True, 'test_result_base': None}
[1.168s] Level 5:colcon.colcon_core.verb:set package 'hls_lfcd_lds_driver' build argument 'cmake_args' from command line to 'None'
[1.168s] Level 5:colcon.colcon_core.verb:set package 'hls_lfcd_lds_driver' build argument 'cmake_target' from command line to 'None'
[1.168s] Level 5:colcon.colcon_core.verb:set package 'hls_lfcd_lds_driver' build argument 'cmake_target_skip_unavailable' from command line to 'False'
[1.168s] Level 5:colcon.colcon_core.verb:set package 'hls_lfcd_lds_driver' build argument 'cmake_clean_cache' from command line to 'False'
[1.169s] Level 5:colcon.colcon_core.verb:set package 'hls_lfcd_lds_driver' build argument 'cmake_clean_first' from command line to 'False'
[1.169s] Level 5:colcon.colcon_core.verb:set package 'hls_lfcd_lds_driver' build argument 'cmake_force_configure' from command line to 'False'
[1.169s] Level 5:colcon.colcon_core.verb:set package 'hls_lfcd_lds_driver' build argument 'ament_cmake_args' from command line to 'None'
[1.169s] Level 5:colcon.colcon_core.verb:set package 'hls_lfcd_lds_driver' build argument 'catkin_cmake_args' from command line to 'None'
[1.169s] Level 5:colcon.colcon_core.verb:set package 'hls_lfcd_lds_driver' build argument 'catkin_skip_building_tests' from command line to 'False'
[1.169s] DEBUG:colcon.colcon_core.verb:Building package 'hls_lfcd_lds_driver' with the following arguments: {'ament_cmake_args': None, 'build_base': '/home/hassan/ros-tuts/patrol_ws/build/hls_lfcd_lds_driver', 'catkin_cmake_args': None, 'catkin_skip_building_tests': False, 'cmake_args': None, 'cmake_clean_cache': False, 'cmake_clean_first': False, 'cmake_force_configure': False, 'cmake_target': None, 'cmake_target_skip_unavailable': False, 'install_base': '/home/hassan/ros-tuts/patrol_ws/install/hls_lfcd_lds_driver', 'merge_install': False, 'path': '/home/hassan/ros-tuts/patrol_ws/src/utils/hls_lfcd_lds_driver', 'symlink_install': True, 'test_result_base': None}
[1.170s] Level 5:colcon.colcon_core.verb:set package 'tb3_sim' build argument 'cmake_args' from command line to 'None'
[1.170s] Level 5:colcon.colcon_core.verb:set package 'tb3_sim' build argument 'cmake_target' from command line to 'None'
[1.170s] Level 5:colcon.colcon_core.verb:set package 'tb3_sim' build argument 'cmake_target_skip_unavailable' from command line to 'False'
[1.170s] Level 5:colcon.colcon_core.verb:set package 'tb3_sim' build argument 'cmake_clean_cache' from command line to 'False'
[1.170s] Level 5:colcon.colcon_core.verb:set package 'tb3_sim' build argument 'cmake_clean_first' from command line to 'False'
[1.170s] Level 5:colcon.colcon_core.verb:set package 'tb3_sim' build argument 'cmake_force_configure' from command line to 'False'
[1.170s] Level 5:colcon.colcon_core.verb:set package 'tb3_sim' build argument 'ament_cmake_args' from command line to 'None'
[1.170s] Level 5:colcon.colcon_core.verb:set package 'tb3_sim' build argument 'catkin_cmake_args' from command line to 'None'
[1.170s] Level 5:colcon.colcon_core.verb:set package 'tb3_sim' build argument 'catkin_skip_building_tests' from command line to 'False'
[1.170s] DEBUG:colcon.colcon_core.verb:Building package 'tb3_sim' with the following arguments: {'ament_cmake_args': None, 'build_base': '/home/hassan/ros-tuts/patrol_ws/build/tb3_sim', 'catkin_cmake_args': None, 'catkin_skip_building_tests': False, 'cmake_args': None, 'cmake_clean_cache': False, 'cmake_clean_first': False, 'cmake_force_configure': False, 'cmake_target': None, 'cmake_target_skip_unavailable': False, 'install_base': '/home/hassan/ros-tuts/patrol_ws/install/tb3_sim', 'merge_install': False, 'path': '/home/hassan/ros-tuts/patrol_ws/src/tb3_sim', 'symlink_install': True, 'test_result_base': None}
[1.171s] Level 5:colcon.colcon_core.verb:set package 'turtlebot3_cartographer' build argument 'cmake_args' from command line to 'None'
[1.171s] Level 5:colcon.colcon_core.verb:set package 'turtlebot3_cartographer' build argument 'cmake_target' from command line to 'None'
[1.171s] Level 5:colcon.colcon_core.verb:set package 'turtlebot3_cartographer' build argument 'cmake_target_skip_unavailable' from command line to 'False'
[1.171s] Level 5:colcon.colcon_core.verb:set package 'turtlebot3_cartographer' build argument 'cmake_clean_cache' from command line to 'False'
[1.171s] Level 5:colcon.colcon_core.verb:set package 'turtlebot3_cartographer' build argument 'cmake_clean_first' from command line to 'False'
[1.171s] Level 5:colcon.colcon_core.verb:set package 'turtlebot3_cartographer' build argument 'cmake_force_configure' from command line to 'False'
[1.172s] Level 5:colcon.colcon_core.verb:set package 'turtlebot3_cartographer' build argument 'ament_cmake_args' from command line to 'None'
[1.172s] Level 5:colcon.colcon_core.verb:set package 'turtlebot3_cartographer' build argument 'catkin_cmake_args' from command line to 'None'
[1.172s] Level 5:colcon.colcon_core.verb:set package 'turtlebot3_cartographer' build argument 'catkin_skip_building_tests' from command line to 'False'
[1.172s] DEBUG:colcon.colcon_core.verb:Building package 'turtlebot3_cartographer' with the following arguments: {'ament_cmake_args': None, 'build_base': '/home/hassan/ros-tuts/patrol_ws/build/turtlebot3_cartographer', 'catkin_cmake_args': None, 'catkin_skip_building_tests': False, 'cmake_args': None, 'cmake_clean_cache': False, 'cmake_clean_first': False, 'cmake_force_configure': False, 'cmake_target': None, 'cmake_target_skip_unavailable': False, 'install_base': '/home/hassan/ros-tuts/patrol_ws/install/turtlebot3_cartographer', 'merge_install': False, 'path': '/home/hassan/ros-tuts/patrol_ws/src/turtlebot3/turtlebot3/turtlebot3_cartographer', 'symlink_install': True, 'test_result_base': None}
[1.173s] Level 5:colcon.colcon_core.verb:set package 'turtlebot3_description' build argument 'cmake_args' from command line to 'None'
[1.173s] Level 5:colcon.colcon_core.verb:set package 'turtlebot3_description' build argument 'cmake_target' from command line to 'None'
[1.173s] Level 5:colcon.colcon_core.verb:set package 'turtlebot3_description' build argument 'cmake_target_skip_unavailable' from command line to 'False'
[1.173s] Level 5:colcon.colcon_core.verb:set package 'turtlebot3_description' build argument 'cmake_clean_cache' from command line to 'False'
[1.173s] Level 5:colcon.colcon_core.verb:set package 'turtlebot3_description' build argument 'cmake_clean_first' from command line to 'False'
[1.173s] Level 5:colcon.colcon_core.verb:set package 'turtlebot3_description' build argument 'cmake_force_configure' from command line to 'False'
[1.173s] Level 5:colcon.colcon_core.verb:set package 'turtlebot3_description' build argument 'ament_cmake_args' from command line to 'None'
[1.173s] Level 5:colcon.colcon_core.verb:set package 'turtlebot3_description' build argument 'catkin_cmake_args' from command line to 'None'
[1.173s] Level 5:colcon.colcon_core.verb:set package 'turtlebot3_description' build argument 'catkin_skip_building_tests' from command line to 'False'
[1.173s] DEBUG:colcon.colcon_core.verb:Building package 'turtlebot3_description' with the following arguments: {'ament_cmake_args': None, 'build_base': '/home/hassan/ros-tuts/patrol_ws/build/turtlebot3_description', 'catkin_cmake_args': None, 'catkin_skip_building_tests': False, 'cmake_args': None, 'cmake_clean_cache': False, 'cmake_clean_first': False, 'cmake_force_configure': False, 'cmake_target': None, 'cmake_target_skip_unavailable': False, 'install_base': '/home/hassan/ros-tuts/patrol_ws/install/turtlebot3_description', 'merge_install': False, 'path': '/home/hassan/ros-tuts/patrol_ws/src/turtlebot3/turtlebot3/turtlebot3_description', 'symlink_install': True, 'test_result_base': None}
[1.174s] Level 5:colcon.colcon_core.verb:set package 'turtlebot3_gazebo' build argument 'cmake_args' from command line to 'None'
[1.174s] Level 5:colcon.colcon_core.verb:set package 'turtlebot3_gazebo' build argument 'cmake_target' from command line to 'None'
[1.174s] Level 5:colcon.colcon_core.verb:set package 'turtlebot3_gazebo' build argument 'cmake_target_skip_unavailable' from command line to 'False'
[1.174s] Level 5:colcon.colcon_core.verb:set package 'turtlebot3_gazebo' build argument 'cmake_clean_cache' from command line to 'False'
[1.174s] Level 5:colcon.colcon_core.verb:set package 'turtlebot3_gazebo' build argument 'cmake_clean_first' from command line to 'False'
[1.174s] Level 5:colcon.colcon_core.verb:set package 'turtlebot3_gazebo' build argument 'cmake_force_configure' from command line to 'False'
[1.174s] Level 5:colcon.colcon_core.verb:set package 'turtlebot3_gazebo' build argument 'ament_cmake_args' from command line to 'None'
[1.174s] Level 5:colcon.colcon_core.verb:set package 'turtlebot3_gazebo' build argument 'catkin_cmake_args' from command line to 'None'
[1.174s] Level 5:colcon.colcon_core.verb:set package 'turtlebot3_gazebo' build argument 'catkin_skip_building_tests' from command line to 'False'
[1.175s] DEBUG:colcon.colcon_core.verb:Building package 'turtlebot3_gazebo' with the following arguments: {'ament_cmake_args': None, 'build_base': '/home/hassan/ros-tuts/patrol_ws/build/turtlebot3_gazebo', 'catkin_cmake_args': None, 'catkin_skip_building_tests': False, 'cmake_args': None, 'cmake_clean_cache': False, 'cmake_clean_first': False, 'cmake_force_configure': False, 'cmake_target': None, 'cmake_target_skip_unavailable': False, 'install_base': '/home/hassan/ros-tuts/patrol_ws/install/turtlebot3_gazebo', 'merge_install': False, 'path': '/home/hassan/ros-tuts/patrol_ws/src/turtlebot3/turtlebot3_simulations/turtlebot3_gazebo', 'symlink_install': True, 'test_result_base': None}
[1.175s] Level 5:colcon.colcon_core.verb:set package 'turtlebot3_msgs' build argument 'cmake_args' from command line to 'None'
[1.175s] Level 5:colcon.colcon_core.verb:set package 'turtlebot3_msgs' build argument 'cmake_target' from command line to 'None'
[1.176s] Level 5:colcon.colcon_core.verb:set package 'turtlebot3_msgs' build argument 'cmake_target_skip_unavailable' from command line to 'False'
[1.176s] Level 5:colcon.colcon_core.verb:set package 'turtlebot3_msgs' build argument 'cmake_clean_cache' from command line to 'False'
[1.176s] Level 5:colcon.colcon_core.verb:set package 'turtlebot3_msgs' build argument 'cmake_clean_first' from command line to 'False'
[1.176s] Level 5:colcon.colcon_core.verb:set package 'turtlebot3_msgs' build argument 'cmake_force_configure' from command line to 'False'
[1.176s] Level 5:colcon.colcon_core.verb:set package 'turtlebot3_msgs' build argument 'ament_cmake_args' from command line to 'None'
[1.176s] Level 5:colcon.colcon_core.verb:set package 'turtlebot3_msgs' build argument 'catkin_cmake_args' from command line to 'None'
[1.176s] Level 5:colcon.colcon_core.verb:set package 'turtlebot3_msgs' build argument 'catkin_skip_building_tests' from command line to 'False'
[1.176s] DEBUG:colcon.colcon_core.verb:Building package 'turtlebot3_msgs' with the following arguments: {'ament_cmake_args': None, 'build_base': '/home/hassan/ros-tuts/patrol_ws/build/turtlebot3_msgs', 'catkin_cmake_args': None, 'catkin_skip_building_tests': False, 'cmake_args': None, 'cmake_clean_cache': False, 'cmake_clean_first': False, 'cmake_force_configure': False, 'cmake_target': None, 'cmake_target_skip_unavailable': False, 'install_base': '/home/hassan/ros-tuts/patrol_ws/install/turtlebot3_msgs', 'merge_install': False, 'path': '/home/hassan/ros-tuts/patrol_ws/src/turtlebot3/turtlebot3_msgs', 'symlink_install': True, 'test_result_base': None}
[1.177s] Level 5:colcon.colcon_core.verb:set package 'turtlebot3_navigation2' build argument 'cmake_args' from command line to 'None'
[1.177s] Level 5:colcon.colcon_core.verb:set package 'turtlebot3_navigation2' build argument 'cmake_target' from command line to 'None'
[1.177s] Level 5:colcon.colcon_core.verb:set package 'turtlebot3_navigation2' build argument 'cmake_target_skip_unavailable' from command line to 'False'
[1.177s] Level 5:colcon.colcon_core.verb:set package 'turtlebot3_navigation2' build argument 'cmake_clean_cache' from command line to 'False'
[1.177s] Level 5:colcon.colcon_core.verb:set package 'turtlebot3_navigation2' build argument 'cmake_clean_first' from command line to 'False'
[1.177s] Level 5:colcon.colcon_core.verb:set package 'turtlebot3_navigation2' build argument 'cmake_force_configure' from command line to 'False'
[1.177s] Level 5:colcon.colcon_core.verb:set package 'turtlebot3_navigation2' build argument 'ament_cmake_args' from command line to 'None'
[1.177s] Level 5:colcon.colcon_core.verb:set package 'turtlebot3_navigation2' build argument 'catkin_cmake_args' from command line to 'None'
[1.177s] Level 5:colcon.colcon_core.verb:set package 'turtlebot3_navigation2' build argument 'catkin_skip_building_tests' from command line to 'False'
[1.177s] DEBUG:colcon.colcon_core.verb:Building package 'turtlebot3_navigation2' with the following arguments: {'ament_cmake_args': None, 'build_base': '/home/hassan/ros-tuts/patrol_ws/build/turtlebot3_navigation2', 'catkin_cmake_args': None, 'catkin_skip_building_tests': False, 'cmake_args': None, 'cmake_clean_cache': False, 'cmake_clean_first': False, 'cmake_force_configure': False, 'cmake_target': None, 'cmake_target_skip_unavailable': False, 'install_base': '/home/hassan/ros-tuts/patrol_ws/install/turtlebot3_navigation2', 'merge_install': False, 'path': '/home/hassan/ros-tuts/patrol_ws/src/turtlebot3/turtlebot3/turtlebot3_navigation2', 'symlink_install': True, 'test_result_base': None}
[1.178s] Level 5:colcon.colcon_core.verb:set package 'turtlebot3_teleop' build argument 'cmake_args' from command line to 'None'
[1.178s] Level 5:colcon.colcon_core.verb:set package 'turtlebot3_teleop' build argument 'cmake_target' from command line to 'None'
[1.178s] Level 5:colcon.colcon_core.verb:set package 'turtlebot3_teleop' build argument 'cmake_target_skip_unavailable' from command line to 'False'
[1.178s] Level 5:colcon.colcon_core.verb:set package 'turtlebot3_teleop' build argument 'cmake_clean_cache' from command line to 'False'
[1.178s] Level 5:colcon.colcon_core.verb:set package 'turtlebot3_teleop' build argument 'cmake_clean_first' from command line to 'False'
[1.179s] Level 5:colcon.colcon_core.verb:set package 'turtlebot3_teleop' build argument 'cmake_force_configure' from command line to 'False'
[1.179s] Level 5:colcon.colcon_core.verb:set package 'turtlebot3_teleop' build argument 'ament_cmake_args' from command line to 'None'
[1.179s] Level 5:colcon.colcon_core.verb:set package 'turtlebot3_teleop' build argument 'catkin_cmake_args' from command line to 'None'
[1.179s] Level 5:colcon.colcon_core.verb:set package 'turtlebot3_teleop' build argument 'catkin_skip_building_tests' from command line to 'False'
[1.179s] DEBUG:colcon.colcon_core.verb:Building package 'turtlebot3_teleop' with the following arguments: {'ament_cmake_args': None, 'build_base': '/home/hassan/ros-tuts/patrol_ws/build/turtlebot3_teleop', 'catkin_cmake_args': None, 'catkin_skip_building_tests': False, 'cmake_args': None, 'cmake_clean_cache': False, 'cmake_clean_first': False, 'cmake_force_configure': False, 'cmake_target': None, 'cmake_target_skip_unavailable': False, 'install_base': '/home/hassan/ros-tuts/patrol_ws/install/turtlebot3_teleop', 'merge_install': False, 'path': '/home/hassan/ros-tuts/patrol_ws/src/turtlebot3/turtlebot3/turtlebot3_teleop', 'symlink_install': True, 'test_result_base': None}
[1.180s] Level 5:colcon.colcon_core.verb:set package 'dynamixel_sdk_examples' build argument 'cmake_args' from command line to 'None'
[1.180s] Level 5:colcon.colcon_core.verb:set package 'dynamixel_sdk_examples' build argument 'cmake_target' from command line to 'None'
[1.180s] Level 5:colcon.colcon_core.verb:set package 'dynamixel_sdk_examples' build argument 'cmake_target_skip_unavailable' from command line to 'False'
[1.180s] Level 5:colcon.colcon_core.verb:set package 'dynamixel_sdk_examples' build argument 'cmake_clean_cache' from command line to 'False'
[1.180s] Level 5:colcon.colcon_core.verb:set package 'dynamixel_sdk_examples' build argument 'cmake_clean_first' from command line to 'False'
[1.180s] Level 5:colcon.colcon_core.verb:set package 'dynamixel_sdk_examples' build argument 'cmake_force_configure' from command line to 'False'
[1.180s] Level 5:colcon.colcon_core.verb:set package 'dynamixel_sdk_examples' build argument 'ament_cmake_args' from command line to 'None'
[1.180s] Level 5:colcon.colcon_core.verb:set package 'dynamixel_sdk_examples' build argument 'catkin_cmake_args' from command line to 'None'
[1.180s] Level 5:colcon.colcon_core.verb:set package 'dynamixel_sdk_examples' build argument 'catkin_skip_building_tests' from command line to 'False'
[1.180s] DEBUG:colcon.colcon_core.verb:Building package 'dynamixel_sdk_examples' with the following arguments: {'ament_cmake_args': None, 'build_base': '/home/hassan/ros-tuts/patrol_ws/build/dynamixel_sdk_examples', 'catkin_cmake_args': None, 'catkin_skip_building_tests': False, 'cmake_args': None, 'cmake_clean_cache': False, 'cmake_clean_first': False, 'cmake_force_configure': False, 'cmake_target': None, 'cmake_target_skip_unavailable': False, 'install_base': '/home/hassan/ros-tuts/patrol_ws/install/dynamixel_sdk_examples', 'merge_install': False, 'path': '/home/hassan/ros-tuts/patrol_ws/src/utils/DynamixelSDK/dynamixel_sdk_examples', 'symlink_install': True, 'test_result_base': None}
[1.181s] Level 5:colcon.colcon_core.verb:set package 'turtlebot3_example' build argument 'cmake_args' from command line to 'None'
[1.181s] Level 5:colcon.colcon_core.verb:set package 'turtlebot3_example' build argument 'cmake_target' from command line to 'None'
[1.181s] Level 5:colcon.colcon_core.verb:set package 'turtlebot3_example' build argument 'cmake_target_skip_unavailable' from command line to 'False'
[1.181s] Level 5:colcon.colcon_core.verb:set package 'turtlebot3_example' build argument 'cmake_clean_cache' from command line to 'False'
[1.181s] Level 5:colcon.colcon_core.verb:set package 'turtlebot3_example' build argument 'cmake_clean_first' from command line to 'False'
[1.181s] Level 5:colcon.colcon_core.verb:set package 'turtlebot3_example' build argument 'cmake_force_configure' from command line to 'False'
[1.181s] Level 5:colcon.colcon_core.verb:set package 'turtlebot3_example' build argument 'ament_cmake_args' from command line to 'None'
[1.181s] Level 5:colcon.colcon_core.verb:set package 'turtlebot3_example' build argument 'catkin_cmake_args' from command line to 'None'
[1.182s] Level 5:colcon.colcon_core.verb:set package 'turtlebot3_example' build argument 'catkin_skip_building_tests' from command line to 'False'
[1.182s] DEBUG:colcon.colcon_core.verb:Building package 'turtlebot3_example' with the following arguments: {'ament_cmake_args': None, 'build_base': '/home/hassan/ros-tuts/patrol_ws/build/turtlebot3_example', 'catkin_cmake_args': None, 'catkin_skip_building_tests': False, 'cmake_args': None, 'cmake_clean_cache': False, 'cmake_clean_first': False, 'cmake_force_configure': False, 'cmake_target': None, 'cmake_target_skip_unavailable': False, 'install_base': '/home/hassan/ros-tuts/patrol_ws/install/turtlebot3_example', 'merge_install': False, 'path': '/home/hassan/ros-tuts/patrol_ws/src/turtlebot3/turtlebot3/turtlebot3_example', 'symlink_install': True, 'test_result_base': None}
[1.182s] Level 5:colcon.colcon_core.verb:set package 'turtlebot3_fake_node' build argument 'cmake_args' from command line to 'None'
[1.182s] Level 5:colcon.colcon_core.verb:set package 'turtlebot3_fake_node' build argument 'cmake_target' from command line to 'None'
[1.183s] Level 5:colcon.colcon_core.verb:set package 'turtlebot3_fake_node' build argument 'cmake_target_skip_unavailable' from command line to 'False'
[1.183s] Level 5:colcon.colcon_core.verb:set package 'turtlebot3_fake_node' build argument 'cmake_clean_cache' from command line to 'False'
[1.183s] Level 5:colcon.colcon_core.verb:set package 'turtlebot3_fake_node' build argument 'cmake_clean_first' from command line to 'False'
[1.183s] Level 5:colcon.colcon_core.verb:set package 'turtlebot3_fake_node' build argument 'cmake_force_configure' from command line to 'False'
[1.183s] Level 5:colcon.colcon_core.verb:set package 'turtlebot3_fake_node' build argument 'ament_cmake_args' from command line to 'None'
[1.183s] Level 5:colcon.colcon_core.verb:set package 'turtlebot3_fake_node' build argument 'catkin_cmake_args' from command line to 'None'
[1.183s] Level 5:colcon.colcon_core.verb:set package 'turtlebot3_fake_node' build argument 'catkin_skip_building_tests' from command line to 'False'
[1.183s] DEBUG:colcon.colcon_core.verb:Building package 'turtlebot3_fake_node' with the following arguments: {'ament_cmake_args': None, 'build_base': '/home/hassan/ros-tuts/patrol_ws/build/turtlebot3_fake_node', 'catkin_cmake_args': None, 'catkin_skip_building_tests': False, 'cmake_args': None, 'cmake_clean_cache': False, 'cmake_clean_first': False, 'cmake_force_configure': False, 'cmake_target': None, 'cmake_target_skip_unavailable': False, 'install_base': '/home/hassan/ros-tuts/patrol_ws/install/turtlebot3_fake_node', 'merge_install': False, 'path': '/home/hassan/ros-tuts/patrol_ws/src/turtlebot3/turtlebot3_simulations/turtlebot3_fake_node', 'symlink_install': True, 'test_result_base': None}
[1.184s] Level 5:colcon.colcon_core.verb:set package 'turtlebot3_node' build argument 'cmake_args' from command line to 'None'
[1.184s] Level 5:colcon.colcon_core.verb:set package 'turtlebot3_node' build argument 'cmake_target' from command line to 'None'
[1.184s] Level 5:colcon.colcon_core.verb:set package 'turtlebot3_node' build argument 'cmake_target_skip_unavailable' from command line to 'False'
[1.184s] Level 5:colcon.colcon_core.verb:set package 'turtlebot3_node' build argument 'cmake_clean_cache' from command line to 'False'
[1.184s] Level 5:colcon.colcon_core.verb:set package 'turtlebot3_node' build argument 'cmake_clean_first' from command line to 'False'
[1.184s] Level 5:colcon.colcon_core.verb:set package 'turtlebot3_node' build argument 'cmake_force_configure' from command line to 'False'
[1.184s] Level 5:colcon.colcon_core.verb:set package 'turtlebot3_node' build argument 'ament_cmake_args' from command line to 'None'
[1.184s] Level 5:colcon.colcon_core.verb:set package 'turtlebot3_node' build argument 'catkin_cmake_args' from command line to 'None'
[1.184s] Level 5:colcon.colcon_core.verb:set package 'turtlebot3_node' build argument 'catkin_skip_building_tests' from command line to 'False'
[1.184s] DEBUG:colcon.colcon_core.verb:Building package 'turtlebot3_node' with the following arguments: {'ament_cmake_args': None, 'build_base': '/home/hassan/ros-tuts/patrol_ws/build/turtlebot3_node', 'catkin_cmake_args': None, 'catkin_skip_building_tests': False, 'cmake_args': None, 'cmake_clean_cache': False, 'cmake_clean_first': False, 'cmake_force_configure': False, 'cmake_target': None, 'cmake_target_skip_unavailable': False, 'install_base': '/home/hassan/ros-tuts/patrol_ws/install/turtlebot3_node', 'merge_install': False, 'path': '/home/hassan/ros-tuts/patrol_ws/src/turtlebot3/turtlebot3/turtlebot3_node', 'symlink_install': True, 'test_result_base': None}
[1.185s] Level 5:colcon.colcon_core.verb:set package 'turtlebot3_bringup' build argument 'cmake_args' from command line to 'None'
[1.185s] Level 5:colcon.colcon_core.verb:set package 'turtlebot3_bringup' build argument 'cmake_target' from command line to 'None'
[1.185s] Level 5:colcon.colcon_core.verb:set package 'turtlebot3_bringup' build argument 'cmake_target_skip_unavailable' from command line to 'False'
[1.185s] Level 5:colcon.colcon_core.verb:set package 'turtlebot3_bringup' build argument 'cmake_clean_cache' from command line to 'False'
[1.185s] Level 5:colcon.colcon_core.verb:set package 'turtlebot3_bringup' build argument 'cmake_clean_first' from command line to 'False'
[1.186s] Level 5:colcon.colcon_core.verb:set package 'turtlebot3_bringup' build argument 'cmake_force_configure' from command line to 'False'
[1.186s] Level 5:colcon.colcon_core.verb:set package 'turtlebot3_bringup' build argument 'ament_cmake_args' from command line to 'None'
[1.186s] Level 5:colcon.colcon_core.verb:set package 'turtlebot3_bringup' build argument 'catkin_cmake_args' from command line to 'None'
[1.186s] Level 5:colcon.colcon_core.verb:set package 'turtlebot3_bringup' build argument 'catkin_skip_building_tests' from command line to 'False'
[1.186s] DEBUG:colcon.colcon_core.verb:Building package 'turtlebot3_bringup' with the following arguments: {'ament_cmake_args': None, 'build_base': '/home/hassan/ros-tuts/patrol_ws/build/turtlebot3_bringup', 'catkin_cmake_args': None, 'catkin_skip_building_tests': False, 'cmake_args': None, 'cmake_clean_cache': False, 'cmake_clean_first': False, 'cmake_force_configure': False, 'cmake_target': None, 'cmake_target_skip_unavailable': False, 'install_base': '/home/hassan/ros-tuts/patrol_ws/install/turtlebot3_bringup', 'merge_install': False, 'path': '/home/hassan/ros-tuts/patrol_ws/src/turtlebot3/turtlebot3/turtlebot3_bringup', 'symlink_install': True, 'test_result_base': None}
[1.187s] Level 5:colcon.colcon_core.verb:set package 'turtlebot3_simulations' build argument 'cmake_args' from command line to 'None'
[1.187s] Level 5:colcon.colcon_core.verb:set package 'turtlebot3_simulations' build argument 'cmake_target' from command line to 'None'
[1.187s] Level 5:colcon.colcon_core.verb:set package 'turtlebot3_simulations' build argument 'cmake_target_skip_unavailable' from command line to 'False'
[1.187s] Level 5:colcon.colcon_core.verb:set package 'turtlebot3_simulations' build argument 'cmake_clean_cache' from command line to 'False'
[1.187s] Level 5:colcon.colcon_core.verb:set package 'turtlebot3_simulations' build argument 'cmake_clean_first' from command line to 'False'
[1.187s] Level 5:colcon.colcon_core.verb:set package 'turtlebot3_simulations' build argument 'cmake_force_configure' from command line to 'False'
[1.187s] Level 5:colcon.colcon_core.verb:set package 'turtlebot3_simulations' build argument 'ament_cmake_args' from command line to 'None'
[1.187s] Level 5:colcon.colcon_core.verb:set package 'turtlebot3_simulations' build argument 'catkin_cmake_args' from command line to 'None'
[1.187s] Level 5:colcon.colcon_core.verb:set package 'turtlebot3_simulations' build argument 'catkin_skip_building_tests' from command line to 'False'
[1.187s] DEBUG:colcon.colcon_core.verb:Building package 'turtlebot3_simulations' with the following arguments: {'ament_cmake_args': None, 'build_base': '/home/hassan/ros-tuts/patrol_ws/build/turtlebot3_simulations', 'catkin_cmake_args': None, 'catkin_skip_building_tests': False, 'cmake_args': None, 'cmake_clean_cache': False, 'cmake_clean_first': False, 'cmake_force_configure': False, 'cmake_target': None, 'cmake_target_skip_unavailable': False, 'install_base': '/home/hassan/ros-tuts/patrol_ws/install/turtlebot3_simulations', 'merge_install': False, 'path': '/home/hassan/ros-tuts/patrol_ws/src/turtlebot3/turtlebot3_simulations/turtlebot3_simulations', 'symlink_install': True, 'test_result_base': None}
[1.188s] Level 5:colcon.colcon_core.verb:set package 'turtlebot3' build argument 'cmake_args' from command line to 'None'
[1.188s] Level 5:colcon.colcon_core.verb:set package 'turtlebot3' build argument 'cmake_target' from command line to 'None'
[1.188s] Level 5:colcon.colcon_core.verb:set package 'turtlebot3' build argument 'cmake_target_skip_unavailable' from command line to 'False'
[1.188s] Level 5:colcon.colcon_core.verb:set package 'turtlebot3' build argument 'cmake_clean_cache' from command line to 'False'
[1.188s] Level 5:colcon.colcon_core.verb:set package 'turtlebot3' build argument 'cmake_clean_first' from command line to 'False'
[1.188s] Level 5:colcon.colcon_core.verb:set package 'turtlebot3' build argument 'cmake_force_configure' from command line to 'False'
[1.188s] Level 5:colcon.colcon_core.verb:set package 'turtlebot3' build argument 'ament_cmake_args' from command line to 'None'
[1.188s] Level 5:colcon.colcon_core.verb:set package 'turtlebot3' build argument 'catkin_cmake_args' from command line to 'None'
[1.189s] Level 5:colcon.colcon_core.verb:set package 'turtlebot3' build argument 'catkin_skip_building_tests' from command line to 'False'
[1.189s] DEBUG:colcon.colcon_core.verb:Building package 'turtlebot3' with the following arguments: {'ament_cmake_args': None, 'build_base': '/home/hassan/ros-tuts/patrol_ws/build/turtlebot3', 'catkin_cmake_args': None, 'catkin_skip_building_tests': False, 'cmake_args': None, 'cmake_clean_cache': False, 'cmake_clean_first': False, 'cmake_force_configure': False, 'cmake_target': None, 'cmake_target_skip_unavailable': False, 'install_base': '/home/hassan/ros-tuts/patrol_ws/install/turtlebot3', 'merge_install': False, 'path': '/home/hassan/ros-tuts/patrol_ws/src/turtlebot3/turtlebot3/turtlebot3', 'symlink_install': True, 'test_result_base': None}
[1.189s] INFO:colcon.colcon_core.executor:Executing jobs using 'parallel' executor
[1.191s] DEBUG:colcon.colcon_parallel_executor.executor.parallel:run_until_complete
[1.192s] INFO:colcon.colcon_ros.task.ament_cmake.build:Building ROS package in '/home/hassan/ros-tuts/patrol_ws/src/turtlebot3/turtlebot3_msgs' with build type 'ament_cmake'
[1.192s] INFO:colcon.colcon_cmake.task.cmake.build:Building CMake package in '/home/hassan/ros-tuts/patrol_ws/src/turtlebot3/turtlebot3_msgs'
[1.199s] INFO:colcon.colcon_core.plugin_system:Skipping extension 'colcon_core.shell.bat': Not used on non-Windows systems
[1.200s] INFO:colcon.colcon_core.shell:Skip shell extension 'powershell' for command environment: Not usable outside of PowerShell
[1.200s] DEBUG:colcon.colcon_core.shell:Skip shell extension 'dsv' for command environment
[1.206s] INFO:colcon.colcon_ros.task.ament_cmake.build:Building ROS package in '/home/hassan/ros-tuts/patrol_ws/src/utils/DynamixelSDK/dynamixel_sdk' with build type 'ament_cmake'
[1.206s] INFO:colcon.colcon_cmake.task.cmake.build:Building CMake package in '/home/hassan/ros-tuts/patrol_ws/src/utils/DynamixelSDK/dynamixel_sdk'
[1.207s] INFO:colcon.colcon_core.shell:Skip shell extension 'powershell' for command environment: Not usable outside of PowerShell
[1.207s] DEBUG:colcon.colcon_core.shell:Skip shell extension 'dsv' for command environment
[1.213s] INFO:colcon.colcon_ros.task.ament_cmake.build:Building ROS package in '/home/hassan/ros-tuts/patrol_ws/src/utils/hls_lfcd_lds_driver' with build type 'ament_cmake'
[1.213s] INFO:colcon.colcon_cmake.task.cmake.build:Building CMake package in '/home/hassan/ros-tuts/patrol_ws/src/utils/hls_lfcd_lds_driver'
[1.214s] INFO:colcon.colcon_core.shell:Skip shell extension 'powershell' for command environment: Not usable outside of PowerShell
[1.214s] DEBUG:colcon.colcon_core.shell:Skip shell extension 'dsv' for command environment
[1.220s] INFO:colcon.colcon_ros.task.ament_cmake.build:Building ROS package in '/home/hassan/ros-tuts/patrol_ws/src/turtlebot3/turtlebot3/turtlebot3_description' with build type 'ament_cmake'
[1.220s] INFO:colcon.colcon_cmake.task.cmake.build:Building CMake package in '/home/hassan/ros-tuts/patrol_ws/src/turtlebot3/turtlebot3/turtlebot3_description'
[1.221s] INFO:colcon.colcon_core.shell:Skip shell extension 'powershell' for command environment: Not usable outside of PowerShell
[1.221s] DEBUG:colcon.colcon_core.shell:Skip shell extension 'dsv' for command environment
[1.226s] INFO:colcon.colcon_ros.task.ament_cmake.build:Building ROS package in '/home/hassan/ros-tuts/patrol_ws/src/utils/DynamixelSDK/dynamixel_sdk_custom_interfaces' with build type 'ament_cmake'
[1.227s] INFO:colcon.colcon_cmake.task.cmake.build:Building CMake package in '/home/hassan/ros-tuts/patrol_ws/src/utils/DynamixelSDK/dynamixel_sdk_custom_interfaces'
[1.227s] INFO:colcon.colcon_core.shell:Skip shell extension 'powershell' for command environment: Not usable outside of PowerShell
[1.228s] DEBUG:colcon.colcon_core.shell:Skip shell extension 'dsv' for command environment
[1.233s] INFO:colcon.colcon_ros.task.ament_cmake.build:Building ROS package in '/home/hassan/ros-tuts/patrol_ws/src/turtlebot3/turtlebot3/turtlebot3_cartographer' with build type 'ament_cmake'
[1.234s] INFO:colcon.colcon_cmake.task.cmake.build:Building CMake package in '/home/hassan/ros-tuts/patrol_ws/src/turtlebot3/turtlebot3/turtlebot3_cartographer'
[1.234s] INFO:colcon.colcon_core.shell:Skip shell extension 'powershell' for command environment: Not usable outside of PowerShell
[1.234s] DEBUG:colcon.colcon_core.shell:Skip shell extension 'dsv' for command environment
[1.240s] INFO:colcon.colcon_ros.task.ament_cmake.build:Building ROS package in '/home/hassan/ros-tuts/patrol_ws/src/turtlebot3/turtlebot3_simulations/turtlebot3_gazebo' with build type 'ament_cmake'
[1.240s] INFO:colcon.colcon_cmake.task.cmake.build:Building CMake package in '/home/hassan/ros-tuts/patrol_ws/src/turtlebot3/turtlebot3_simulations/turtlebot3_gazebo'
[1.241s] INFO:colcon.colcon_core.shell:Skip shell extension 'powershell' for command environment: Not usable outside of PowerShell
[1.241s] DEBUG:colcon.colcon_core.shell:Skip shell extension 'dsv' for command environment
[1.246s] INFO:colcon.colcon_ros.task.ament_cmake.build:Building ROS package in '/home/hassan/ros-tuts/patrol_ws/src/turtlebot3/turtlebot3/turtlebot3_navigation2' with build type 'ament_cmake'
[1.247s] INFO:colcon.colcon_cmake.task.cmake.build:Building CMake package in '/home/hassan/ros-tuts/patrol_ws/src/turtlebot3/turtlebot3/turtlebot3_navigation2'
[1.247s] INFO:colcon.colcon_core.shell:Skip shell extension 'powershell' for command environment: Not usable outside of PowerShell
[1.247s] DEBUG:colcon.colcon_core.shell:Skip shell extension 'dsv' for command environment
[1.262s] DEBUG:colcon.colcon_core.event_handler.log_command:Invoking command in '/home/hassan/ros-tuts/patrol_ws/build/turtlebot3_msgs': CMAKE_PREFIX_PATH=${CMAKE_PREFIX_PATH}:/opt/ros/humble /usr/bin/cmake --build /home/hassan/ros-tuts/patrol_ws/build/turtlebot3_msgs -- -j8 -l8
[1.272s] DEBUG:colcon.colcon_core.event_handler.log_command:Invoking command in '/home/hassan/ros-tuts/patrol_ws/build/dynamixel_sdk': CMAKE_PREFIX_PATH=${CMAKE_PREFIX_PATH}:/opt/ros/humble /usr/bin/cmake --build /home/hassan/ros-tuts/patrol_ws/build/dynamixel_sdk -- -j8 -l8
[1.277s] DEBUG:colcon.colcon_core.event_handler.log_command:Invoking command in '/home/hassan/ros-tuts/patrol_ws/build/hls_lfcd_lds_driver': CMAKE_PREFIX_PATH=${CMAKE_PREFIX_PATH}:/opt/ros/humble /usr/bin/cmake --build /home/hassan/ros-tuts/patrol_ws/build/hls_lfcd_lds_driver -- -j8 -l8
[1.286s] DEBUG:colcon.colcon_core.event_handler.log_command:Invoking command in '/home/hassan/ros-tuts/patrol_ws/build/turtlebot3_description': CMAKE_PREFIX_PATH=${CMAKE_PREFIX_PATH}:/opt/ros/humble /usr/bin/cmake --build /home/hassan/ros-tuts/patrol_ws/build/turtlebot3_description -- -j8 -l8
[1.300s] DEBUG:colcon.colcon_core.event_handler.log_command:Invoking command in '/home/hassan/ros-tuts/patrol_ws/build/dynamixel_sdk_custom_interfaces': CMAKE_PREFIX_PATH=${CMAKE_PREFIX_PATH}:/opt/ros/humble /usr/bin/cmake --build /home/hassan/ros-tuts/patrol_ws/build/dynamixel_sdk_custom_interfaces -- -j8 -l8
[1.312s] DEBUG:colcon.colcon_core.event_handler.log_command:Invoking command in '/home/hassan/ros-tuts/patrol_ws/build/turtlebot3_cartographer': CMAKE_PREFIX_PATH=${CMAKE_PREFIX_PATH}:/opt/ros/humble /usr/bin/cmake --build /home/hassan/ros-tuts/patrol_ws/build/turtlebot3_cartographer -- -j8 -l8
[1.324s] DEBUG:colcon.colcon_core.event_handler.log_command:Invoking command in '/home/hassan/ros-tuts/patrol_ws/build/turtlebot3_gazebo': CMAKE_PREFIX_PATH=${CMAKE_PREFIX_PATH}:/opt/ros/humble /usr/bin/cmake --build /home/hassan/ros-tuts/patrol_ws/build/turtlebot3_gazebo -- -j8 -l8
[1.338s] DEBUG:colcon.colcon_core.event_handler.log_command:Invoking command in '/home/hassan/ros-tuts/patrol_ws/build/turtlebot3_navigation2': CMAKE_PREFIX_PATH=${CMAKE_PREFIX_PATH}:/opt/ros/humble /usr/bin/cmake --build /home/hassan/ros-tuts/patrol_ws/build/turtlebot3_navigation2 -- -j8 -l8
[1.447s] DEBUG:colcon.colcon_core.event_handler.log_command:Invoked command in '/home/hassan/ros-tuts/patrol_ws/build/turtlebot3_description' returned '0': CMAKE_PREFIX_PATH=${CMAKE_PREFIX_PATH}:/opt/ros/humble /usr/bin/cmake --build /home/hassan/ros-tuts/patrol_ws/build/turtlebot3_description -- -j8 -l8
[1.456s] DEBUG:colcon.colcon_core.event_handler.log_command:Invoked command in '/home/hassan/ros-tuts/patrol_ws/build/turtlebot3_cartographer' returned '0': CMAKE_PREFIX_PATH=${CMAKE_PREFIX_PATH}:/opt/ros/humble /usr/bin/cmake --build /home/hassan/ros-tuts/patrol_ws/build/turtlebot3_cartographer -- -j8 -l8
[1.558s] DEBUG:colcon.colcon_core.event_handler.log_command:Invoked command in '/home/hassan/ros-tuts/patrol_ws/build/turtlebot3_navigation2' returned '0': CMAKE_PREFIX_PATH=${CMAKE_PREFIX_PATH}:/opt/ros/humble /usr/bin/cmake --build /home/hassan/ros-tuts/patrol_ws/build/turtlebot3_navigation2 -- -j8 -l8
[1.604s] DEBUG:colcon.colcon_core.event_handler.log_command:Invoked command in '/home/hassan/ros-tuts/patrol_ws/build/dynamixel_sdk' returned '0': CMAKE_PREFIX_PATH=${CMAKE_PREFIX_PATH}:/opt/ros/humble /usr/bin/cmake --build /home/hassan/ros-tuts/patrol_ws/build/dynamixel_sdk -- -j8 -l8
[1.763s] DEBUG:colcon.colcon_core.event_handler.log_command:Invoking command in '/home/hassan/ros-tuts/patrol_ws/build/turtlebot3_cartographer': CMAKE_PREFIX_PATH=${CMAKE_PREFIX_PATH}:/opt/ros/humble /usr/bin/cmake --install /home/hassan/ros-tuts/patrol_ws/build/turtlebot3_cartographer
[1.778s] DEBUG:colcon.colcon_core.event_handler.log_command:Invoking command in '/home/hassan/ros-tuts/patrol_ws/build/turtlebot3_description': CMAKE_PREFIX_PATH=${CMAKE_PREFIX_PATH}:/opt/ros/humble /usr/bin/cmake --install /home/hassan/ros-tuts/patrol_ws/build/turtlebot3_description
[1.823s] DEBUG:colcon.colcon_core.event_handler.log_command:Invoking command in '/home/hassan/ros-tuts/patrol_ws/build/turtlebot3_navigation2': CMAKE_PREFIX_PATH=${CMAKE_PREFIX_PATH}:/opt/ros/humble /usr/bin/cmake --install /home/hassan/ros-tuts/patrol_ws/build/turtlebot3_navigation2
[1.853s] DEBUG:colcon.colcon_core.event_handler.log_command:Invoked command in '/home/hassan/ros-tuts/patrol_ws/build/hls_lfcd_lds_driver' returned '0': CMAKE_PREFIX_PATH=${CMAKE_PREFIX_PATH}:/opt/ros/humble /usr/bin/cmake --build /home/hassan/ros-tuts/patrol_ws/build/hls_lfcd_lds_driver -- -j8 -l8
[1.913s] Level 1:colcon.colcon_core.environment:create_environment_scripts_only(turtlebot3_cartographer)
[1.913s] DEBUG:colcon.colcon_core.event_handler.log_command:Invoked command in '/home/hassan/ros-tuts/patrol_ws/build/turtlebot3_cartographer' returned '0': CMAKE_PREFIX_PATH=${CMAKE_PREFIX_PATH}:/opt/ros/humble /usr/bin/cmake --install /home/hassan/ros-tuts/patrol_ws/build/turtlebot3_cartographer
[1.944s] Level 1:colcon.colcon_core.environment:checking '/home/hassan/ros-tuts/patrol_ws/install/turtlebot3_cartographer' for CMake module files
[1.953s] Level 1:colcon.colcon_core.environment:checking '/home/hassan/ros-tuts/patrol_ws/install/turtlebot3_cartographer' for CMake config files
[1.954s] Level 1:colcon.colcon_core.shell:create_environment_hook('turtlebot3_cartographer', 'cmake_prefix_path')
[1.956s] INFO:colcon.colcon_core.shell:Creating environment hook '/home/hassan/ros-tuts/patrol_ws/install/turtlebot3_cartographer/share/turtlebot3_cartographer/hook/cmake_prefix_path.ps1'
[1.959s] INFO:colcon.colcon_core.shell:Creating environment descriptor '/home/hassan/ros-tuts/patrol_ws/install/turtlebot3_cartographer/share/turtlebot3_cartographer/hook/cmake_prefix_path.dsv'
[1.961s] INFO:colcon.colcon_core.shell:Creating environment hook '/home/hassan/ros-tuts/patrol_ws/install/turtlebot3_cartographer/share/turtlebot3_cartographer/hook/cmake_prefix_path.sh'
[1.964s] Level 1:colcon.colcon_core.environment:checking '/home/hassan/ros-tuts/patrol_ws/install/turtlebot3_cartographer/bin'
[1.964s] Level 1:colcon.colcon_core.environment:checking '/home/hassan/ros-tuts/patrol_ws/install/turtlebot3_cartographer/lib/pkgconfig/turtlebot3_cartographer.pc'
[1.965s] Level 1:colcon.colcon_core.environment:checking '/home/hassan/ros-tuts/patrol_ws/install/turtlebot3_cartographer/lib/python3.10/site-packages'
[1.965s] Level 1:colcon.colcon_core.environment:checking '/home/hassan/ros-tuts/patrol_ws/install/turtlebot3_cartographer/bin'
[1.966s] INFO:colcon.colcon_core.shell:Creating package script '/home/hassan/ros-tuts/patrol_ws/install/turtlebot3_cartographer/share/turtlebot3_cartographer/package.ps1'
[1.969s] INFO:colcon.colcon_core.shell:Creating package descriptor '/home/hassan/ros-tuts/patrol_ws/install/turtlebot3_cartographer/share/turtlebot3_cartographer/package.dsv'
[1.971s] INFO:colcon.colcon_core.shell:Creating package script '/home/hassan/ros-tuts/patrol_ws/install/turtlebot3_cartographer/share/turtlebot3_cartographer/package.sh'
[1.974s] INFO:colcon.colcon_core.shell:Creating package script '/home/hassan/ros-tuts/patrol_ws/install/turtlebot3_cartographer/share/turtlebot3_cartographer/package.bash'
[1.977s] INFO:colcon.colcon_core.shell:Creating package script '/home/hassan/ros-tuts/patrol_ws/install/turtlebot3_cartographer/share/turtlebot3_cartographer/package.zsh'
[1.979s] Level 1:colcon.colcon_core.environment:create_file_with_runtime_dependencies(/home/hassan/ros-tuts/patrol_ws/install/turtlebot3_cartographer/share/colcon-core/packages/turtlebot3_cartographer)
[1.986s] Level 1:colcon.colcon_core.environment:create_environment_scripts_only(turtlebot3_description)
[1.987s] Level 1:colcon.colcon_core.environment:checking '/home/hassan/ros-tuts/patrol_ws/install/turtlebot3_description' for CMake module files
[1.988s] DEBUG:colcon.colcon_core.event_handler.log_command:Invoked command in '/home/hassan/ros-tuts/patrol_ws/build/turtlebot3_description' returned '0': CMAKE_PREFIX_PATH=${CMAKE_PREFIX_PATH}:/opt/ros/humble /usr/bin/cmake --install /home/hassan/ros-tuts/patrol_ws/build/turtlebot3_description
[1.990s] Level 1:colcon.colcon_core.environment:checking '/home/hassan/ros-tuts/patrol_ws/install/turtlebot3_description' for CMake config files
[1.991s] Level 1:colcon.colcon_core.shell:create_environment_hook('turtlebot3_description', 'cmake_prefix_path')
[1.991s] INFO:colcon.colcon_core.shell:Creating environment hook '/home/hassan/ros-tuts/patrol_ws/install/turtlebot3_description/share/turtlebot3_description/hook/cmake_prefix_path.ps1'
[1.992s] INFO:colcon.colcon_core.shell:Creating environment descriptor '/home/hassan/ros-tuts/patrol_ws/install/turtlebot3_description/share/turtlebot3_description/hook/cmake_prefix_path.dsv'
[1.993s] INFO:colcon.colcon_core.shell:Creating environment hook '/home/hassan/ros-tuts/patrol_ws/install/turtlebot3_description/share/turtlebot3_description/hook/cmake_prefix_path.sh'
[1.995s] Level 1:colcon.colcon_core.environment:checking '/home/hassan/ros-tuts/patrol_ws/install/turtlebot3_description/bin'
[1.995s] Level 1:colcon.colcon_core.environment:checking '/home/hassan/ros-tuts/patrol_ws/install/turtlebot3_description/lib/pkgconfig/turtlebot3_description.pc'
[1.996s] Level 1:colcon.colcon_core.environment:checking '/home/hassan/ros-tuts/patrol_ws/install/turtlebot3_description/lib/python3.10/site-packages'
[1.996s] Level 1:colcon.colcon_core.environment:checking '/home/hassan/ros-tuts/patrol_ws/install/turtlebot3_description/bin'
[1.997s] INFO:colcon.colcon_core.shell:Creating package script '/home/hassan/ros-tuts/patrol_ws/install/turtlebot3_description/share/turtlebot3_description/package.ps1'
[1.999s] INFO:colcon.colcon_core.shell:Creating package descriptor '/home/hassan/ros-tuts/patrol_ws/install/turtlebot3_description/share/turtlebot3_description/package.dsv'
[2.000s] INFO:colcon.colcon_core.shell:Creating package script '/home/hassan/ros-tuts/patrol_ws/install/turtlebot3_description/share/turtlebot3_description/package.sh'
[2.001s] INFO:colcon.colcon_core.shell:Creating package script '/home/hassan/ros-tuts/patrol_ws/install/turtlebot3_description/share/turtlebot3_description/package.bash'
[2.002s] INFO:colcon.colcon_core.shell:Creating package script '/home/hassan/ros-tuts/patrol_ws/install/turtlebot3_description/share/turtlebot3_description/package.zsh'
[2.002s] Level 1:colcon.colcon_core.environment:create_file_with_runtime_dependencies(/home/hassan/ros-tuts/patrol_ws/install/turtlebot3_description/share/colcon-core/packages/turtlebot3_description)
[2.005s] Level 1:colcon.colcon_core.environment:create_environment_scripts_only(turtlebot3_navigation2)
[2.006s] Level 1:colcon.colcon_core.environment:checking '/home/hassan/ros-tuts/patrol_ws/install/turtlebot3_navigation2' for CMake module files
[2.008s] Level 1:colcon.colcon_core.environment:checking '/home/hassan/ros-tuts/patrol_ws/install/turtlebot3_navigation2' for CMake config files
[2.009s] DEBUG:colcon.colcon_core.event_handler.log_command:Invoked command in '/home/hassan/ros-tuts/patrol_ws/build/turtlebot3_navigation2' returned '0': CMAKE_PREFIX_PATH=${CMAKE_PREFIX_PATH}:/opt/ros/humble /usr/bin/cmake --install /home/hassan/ros-tuts/patrol_ws/build/turtlebot3_navigation2
[2.010s] Level 1:colcon.colcon_core.shell:create_environment_hook('turtlebot3_navigation2', 'cmake_prefix_path')
[2.012s] INFO:colcon.colcon_core.shell:Creating environment hook '/home/hassan/ros-tuts/patrol_ws/install/turtlebot3_navigation2/share/turtlebot3_navigation2/hook/cmake_prefix_path.ps1'
[2.013s] INFO:colcon.colcon_core.shell:Creating environment descriptor '/home/hassan/ros-tuts/patrol_ws/install/turtlebot3_navigation2/share/turtlebot3_navigation2/hook/cmake_prefix_path.dsv'
[2.017s] INFO:colcon.colcon_core.shell:Creating environment hook '/home/hassan/ros-tuts/patrol_ws/install/turtlebot3_navigation2/share/turtlebot3_navigation2/hook/cmake_prefix_path.sh'
[2.018s] Level 1:colcon.colcon_core.environment:checking '/home/hassan/ros-tuts/patrol_ws/install/turtlebot3_navigation2/bin'
[2.018s] Level 1:colcon.colcon_core.environment:checking '/home/hassan/ros-tuts/patrol_ws/install/turtlebot3_navigation2/lib/pkgconfig/turtlebot3_navigation2.pc'
[2.019s] Level 1:colcon.colcon_core.environment:checking '/home/hassan/ros-tuts/patrol_ws/install/turtlebot3_navigation2/lib/python3.10/site-packages'
[2.021s] Level 1:colcon.colcon_core.environment:checking '/home/hassan/ros-tuts/patrol_ws/install/turtlebot3_navigation2/bin'
[2.024s] INFO:colcon.colcon_core.shell:Creating package script '/home/hassan/ros-tuts/patrol_ws/install/turtlebot3_navigation2/share/turtlebot3_navigation2/package.ps1'
[2.025s] INFO:colcon.colcon_core.shell:Creating package descriptor '/home/hassan/ros-tuts/patrol_ws/install/turtlebot3_navigation2/share/turtlebot3_navigation2/package.dsv'
[2.026s] INFO:colcon.colcon_core.shell:Creating package script '/home/hassan/ros-tuts/patrol_ws/install/turtlebot3_navigation2/share/turtlebot3_navigation2/package.sh'
[2.027s] INFO:colcon.colcon_core.shell:Creating package script '/home/hassan/ros-tuts/patrol_ws/install/turtlebot3_navigation2/share/turtlebot3_navigation2/package.bash'
[2.028s] INFO:colcon.colcon_core.shell:Creating package script '/home/hassan/ros-tuts/patrol_ws/install/turtlebot3_navigation2/share/turtlebot3_navigation2/package.zsh'
[2.029s] Level 1:colcon.colcon_core.environment:create_file_with_runtime_dependencies(/home/hassan/ros-tuts/patrol_ws/install/turtlebot3_navigation2/share/colcon-core/packages/turtlebot3_navigation2)
[2.037s] DEBUG:colcon.colcon_core.event_handler.log_command:Invoked command in '/home/hassan/ros-tuts/patrol_ws/build/turtlebot3_gazebo' returned '0': CMAKE_PREFIX_PATH=${CMAKE_PREFIX_PATH}:/opt/ros/humble /usr/bin/cmake --build /home/hassan/ros-tuts/patrol_ws/build/turtlebot3_gazebo -- -j8 -l8
[2.048s] DEBUG:colcon.colcon_core.event_handler.log_command:Invoking command in '/home/hassan/ros-tuts/patrol_ws/build/hls_lfcd_lds_driver': CMAKE_PREFIX_PATH=${CMAKE_PREFIX_PATH}:/opt/ros/humble /usr/bin/cmake --install /home/hassan/ros-tuts/patrol_ws/build/hls_lfcd_lds_driver
[2.056s] DEBUG:colcon.colcon_core.event_handler.log_command:Invoking command in '/home/hassan/ros-tuts/patrol_ws/build/dynamixel_sdk': CMAKE_PREFIX_PATH=${CMAKE_PREFIX_PATH}:/opt/ros/humble /usr/bin/cmake --install /home/hassan/ros-tuts/patrol_ws/build/dynamixel_sdk
[2.063s] Level 1:colcon.colcon_core.environment:create_environment_scripts_only(turtlebot3_cartographer)
[2.064s] Level 1:colcon.colcon_core.environment:checking '/home/hassan/ros-tuts/patrol_ws/install/turtlebot3_cartographer' for CMake module files
[2.066s] Level 1:colcon.colcon_core.environment:checking '/home/hassan/ros-tuts/patrol_ws/install/turtlebot3_cartographer' for CMake config files
[2.067s] Level 1:colcon.colcon_core.shell:create_environment_hook('turtlebot3_cartographer', 'cmake_prefix_path')
[2.068s] INFO:colcon.colcon_core.shell:Creating environment hook '/home/hassan/ros-tuts/patrol_ws/install/turtlebot3_cartographer/share/turtlebot3_cartographer/hook/cmake_prefix_path.ps1'
[2.069s] INFO:colcon.colcon_core.shell:Creating environment descriptor '/home/hassan/ros-tuts/patrol_ws/install/turtlebot3_cartographer/share/turtlebot3_cartographer/hook/cmake_prefix_path.dsv'
[2.070s] INFO:colcon.colcon_core.shell:Creating environment hook '/home/hassan/ros-tuts/patrol_ws/install/turtlebot3_cartographer/share/turtlebot3_cartographer/hook/cmake_prefix_path.sh'
[2.073s] Level 1:colcon.colcon_core.environment:checking '/home/hassan/ros-tuts/patrol_ws/install/turtlebot3_cartographer/bin'
[2.074s] Level 1:colcon.colcon_core.environment:checking '/home/hassan/ros-tuts/patrol_ws/install/turtlebot3_cartographer/lib/pkgconfig/turtlebot3_cartographer.pc'
[2.074s] Level 1:colcon.colcon_core.environment:checking '/home/hassan/ros-tuts/patrol_ws/install/turtlebot3_cartographer/lib/python3.10/site-packages'
[2.075s] Level 1:colcon.colcon_core.environment:checking '/home/hassan/ros-tuts/patrol_ws/install/turtlebot3_cartographer/bin'
[2.076s] INFO:colcon.colcon_core.shell:Creating package script '/home/hassan/ros-tuts/patrol_ws/install/turtlebot3_cartographer/share/turtlebot3_cartographer/package.ps1'
[2.079s] INFO:colcon.colcon_core.shell:Creating package descriptor '/home/hassan/ros-tuts/patrol_ws/install/turtlebot3_cartographer/share/turtlebot3_cartographer/package.dsv'
[2.081s] INFO:colcon.colcon_core.shell:Creating package script '/home/hassan/ros-tuts/patrol_ws/install/turtlebot3_cartographer/share/turtlebot3_cartographer/package.sh'
[2.083s] INFO:colcon.colcon_core.shell:Creating package script '/home/hassan/ros-tuts/patrol_ws/install/turtlebot3_cartographer/share/turtlebot3_cartographer/package.bash'
[2.088s] INFO:colcon.colcon_core.shell:Creating package script '/home/hassan/ros-tuts/patrol_ws/install/turtlebot3_cartographer/share/turtlebot3_cartographer/package.zsh'
[2.089s] Level 1:colcon.colcon_core.environment:create_file_with_runtime_dependencies(/home/hassan/ros-tuts/patrol_ws/install/turtlebot3_cartographer/share/colcon-core/packages/turtlebot3_cartographer)
[2.091s] INFO:colcon.colcon_ros.task.ament_python.build:Building ROS package in '/home/hassan/ros-tuts/patrol_ws/src/turtlebot3/turtlebot3/turtlebot3_teleop' with build type 'ament_python'
[2.092s] Level 1:colcon.colcon_core.shell:create_environment_hook('turtlebot3_teleop', 'ament_prefix_path')
[2.095s] INFO:colcon.colcon_core.shell:Creating environment hook '/home/hassan/ros-tuts/patrol_ws/install/turtlebot3_teleop/share/turtlebot3_teleop/hook/ament_prefix_path.ps1'
[2.099s] INFO:colcon.colcon_core.shell:Creating environment descriptor '/home/hassan/ros-tuts/patrol_ws/install/turtlebot3_teleop/share/turtlebot3_teleop/hook/ament_prefix_path.dsv'
[2.104s] INFO:colcon.colcon_core.shell:Creating environment hook '/home/hassan/ros-tuts/patrol_ws/install/turtlebot3_teleop/share/turtlebot3_teleop/hook/ament_prefix_path.sh'
[2.112s] INFO:colcon.colcon_core.shell:Skip shell extension 'powershell' for command environment: Not usable outside of PowerShell
[2.114s] DEBUG:colcon.colcon_core.shell:Skip shell extension 'dsv' for command environment
[2.154s] Level 1:colcon.colcon_core.environment:create_environment_scripts_only(turtlebot3_description)
[2.156s] Level 1:colcon.colcon_core.environment:checking '/home/hassan/ros-tuts/patrol_ws/install/turtlebot3_description' for CMake module files
[2.162s] Level 1:colcon.colcon_core.environment:checking '/home/hassan/ros-tuts/patrol_ws/install/turtlebot3_description' for CMake config files
[2.163s] Level 1:colcon.colcon_core.shell:create_environment_hook('turtlebot3_description', 'cmake_prefix_path')
[2.163s] INFO:colcon.colcon_core.shell:Creating environment hook '/home/hassan/ros-tuts/patrol_ws/install/turtlebot3_description/share/turtlebot3_description/hook/cmake_prefix_path.ps1'
[2.165s] INFO:colcon.colcon_core.shell:Creating environment descriptor '/home/hassan/ros-tuts/patrol_ws/install/turtlebot3_description/share/turtlebot3_description/hook/cmake_prefix_path.dsv'
[2.166s] INFO:colcon.colcon_core.shell:Creating environment hook '/home/hassan/ros-tuts/patrol_ws/install/turtlebot3_description/share/turtlebot3_description/hook/cmake_prefix_path.sh'
[2.167s] Level 1:colcon.colcon_core.environment:checking '/home/hassan/ros-tuts/patrol_ws/install/turtlebot3_description/bin'
[2.167s] Level 1:colcon.colcon_core.environment:checking '/home/hassan/ros-tuts/patrol_ws/install/turtlebot3_description/lib/pkgconfig/turtlebot3_description.pc'
[2.168s] Level 1:colcon.colcon_core.environment:checking '/home/hassan/ros-tuts/patrol_ws/install/turtlebot3_description/lib/python3.10/site-packages'
[2.171s] Level 1:colcon.colcon_core.environment:checking '/home/hassan/ros-tuts/patrol_ws/install/turtlebot3_description/bin'
[2.172s] INFO:colcon.colcon_core.shell:Creating package script '/home/hassan/ros-tuts/patrol_ws/install/turtlebot3_description/share/turtlebot3_description/package.ps1'
[2.174s] INFO:colcon.colcon_core.shell:Creating package descriptor '/home/hassan/ros-tuts/patrol_ws/install/turtlebot3_description/share/turtlebot3_description/package.dsv'
[2.175s] INFO:colcon.colcon_core.shell:Creating package script '/home/hassan/ros-tuts/patrol_ws/install/turtlebot3_description/share/turtlebot3_description/package.sh'
[2.176s] INFO:colcon.colcon_core.shell:Creating package script '/home/hassan/ros-tuts/patrol_ws/install/turtlebot3_description/share/turtlebot3_description/package.bash'
[2.178s] INFO:colcon.colcon_core.shell:Creating package script '/home/hassan/ros-tuts/patrol_ws/install/turtlebot3_description/share/turtlebot3_description/package.zsh'
[2.179s] Level 1:colcon.colcon_core.environment:create_file_with_runtime_dependencies(/home/hassan/ros-tuts/patrol_ws/install/turtlebot3_description/share/colcon-core/packages/turtlebot3_description)
[2.181s] Level 1:colcon.colcon_core.environment:create_environment_scripts_only(hls_lfcd_lds_driver)
[2.184s] Level 1:colcon.colcon_core.environment:checking '/home/hassan/ros-tuts/patrol_ws/install/hls_lfcd_lds_driver' for CMake module files
[2.186s] DEBUG:colcon.colcon_core.event_handler.log_command:Invoked command in '/home/hassan/ros-tuts/patrol_ws/build/hls_lfcd_lds_driver' returned '0': CMAKE_PREFIX_PATH=${CMAKE_PREFIX_PATH}:/opt/ros/humble /usr/bin/cmake --install /home/hassan/ros-tuts/patrol_ws/build/hls_lfcd_lds_driver
[2.187s] Level 1:colcon.colcon_core.environment:checking '/home/hassan/ros-tuts/patrol_ws/install/hls_lfcd_lds_driver' for CMake config files
[2.188s] Level 1:colcon.colcon_core.shell:create_environment_hook('hls_lfcd_lds_driver', 'cmake_prefix_path')
[2.189s] INFO:colcon.colcon_core.shell:Creating environment hook '/home/hassan/ros-tuts/patrol_ws/install/hls_lfcd_lds_driver/share/hls_lfcd_lds_driver/hook/cmake_prefix_path.ps1'
[2.198s] INFO:colcon.colcon_core.shell:Creating environment descriptor '/home/hassan/ros-tuts/patrol_ws/install/hls_lfcd_lds_driver/share/hls_lfcd_lds_driver/hook/cmake_prefix_path.dsv'
[2.199s] INFO:colcon.colcon_core.shell:Creating environment hook '/home/hassan/ros-tuts/patrol_ws/install/hls_lfcd_lds_driver/share/hls_lfcd_lds_driver/hook/cmake_prefix_path.sh'
[2.201s] Level 1:colcon.colcon_core.environment:checking '/home/hassan/ros-tuts/patrol_ws/install/hls_lfcd_lds_driver/lib'
[2.205s] Level 1:colcon.colcon_core.environment:checking '/home/hassan/ros-tuts/patrol_ws/install/hls_lfcd_lds_driver/bin'
[2.205s] Level 1:colcon.colcon_core.environment:checking '/home/hassan/ros-tuts/patrol_ws/install/hls_lfcd_lds_driver/lib/pkgconfig/hls_lfcd_lds_driver.pc'
[2.206s] Level 1:colcon.colcon_core.environment:checking '/home/hassan/ros-tuts/patrol_ws/install/hls_lfcd_lds_driver/lib/python3.10/site-packages'
[2.206s] Level 1:colcon.colcon_core.environment:checking '/home/hassan/ros-tuts/patrol_ws/install/hls_lfcd_lds_driver/bin'
[2.207s] INFO:colcon.colcon_core.shell:Creating package script '/home/hassan/ros-tuts/patrol_ws/install/hls_lfcd_lds_driver/share/hls_lfcd_lds_driver/package.ps1'
[2.211s] INFO:colcon.colcon_core.shell:Creating package descriptor '/home/hassan/ros-tuts/patrol_ws/install/hls_lfcd_lds_driver/share/hls_lfcd_lds_driver/package.dsv'
[2.212s] INFO:colcon.colcon_core.shell:Creating package script '/home/hassan/ros-tuts/patrol_ws/install/hls_lfcd_lds_driver/share/hls_lfcd_lds_driver/package.sh'
[2.216s] INFO:colcon.colcon_core.shell:Creating package script '/home/hassan/ros-tuts/patrol_ws/install/hls_lfcd_lds_driver/share/hls_lfcd_lds_driver/package.bash'
[2.221s] INFO:colcon.colcon_core.shell:Creating package script '/home/hassan/ros-tuts/patrol_ws/install/hls_lfcd_lds_driver/share/hls_lfcd_lds_driver/package.zsh'
[2.222s] Level 1:colcon.colcon_core.environment:create_file_with_runtime_dependencies(/home/hassan/ros-tuts/patrol_ws/install/hls_lfcd_lds_driver/share/colcon-core/packages/hls_lfcd_lds_driver)
[2.235s] Level 1:colcon.colcon_core.environment:create_environment_scripts_only(turtlebot3_navigation2)
[2.235s] Level 1:colcon.colcon_core.environment:checking '/home/hassan/ros-tuts/patrol_ws/install/turtlebot3_navigation2' for CMake module files
[2.237s] Level 1:colcon.colcon_core.environment:checking '/home/hassan/ros-tuts/patrol_ws/install/turtlebot3_navigation2' for CMake config files
[2.242s] Level 1:colcon.colcon_core.shell:create_environment_hook('turtlebot3_navigation2', 'cmake_prefix_path')
[2.243s] INFO:colcon.colcon_core.shell:Creating environment hook '/home/hassan/ros-tuts/patrol_ws/install/turtlebot3_navigation2/share/turtlebot3_navigation2/hook/cmake_prefix_path.ps1'
[2.245s] INFO:colcon.colcon_core.shell:Creating environment descriptor '/home/hassan/ros-tuts/patrol_ws/install/turtlebot3_navigation2/share/turtlebot3_navigation2/hook/cmake_prefix_path.dsv'
[2.246s] INFO:colcon.colcon_core.shell:Creating environment hook '/home/hassan/ros-tuts/patrol_ws/install/turtlebot3_navigation2/share/turtlebot3_navigation2/hook/cmake_prefix_path.sh'
[2.247s] Level 1:colcon.colcon_core.environment:checking '/home/hassan/ros-tuts/patrol_ws/install/turtlebot3_navigation2/bin'
[2.247s] Level 1:colcon.colcon_core.environment:checking '/home/hassan/ros-tuts/patrol_ws/install/turtlebot3_navigation2/lib/pkgconfig/turtlebot3_navigation2.pc'
[2.248s] Level 1:colcon.colcon_core.environment:checking '/home/hassan/ros-tuts/patrol_ws/install/turtlebot3_navigation2/lib/python3.10/site-packages'
[2.248s] Level 1:colcon.colcon_core.environment:checking '/home/hassan/ros-tuts/patrol_ws/install/turtlebot3_navigation2/bin'
[2.249s] INFO:colcon.colcon_core.shell:Creating package script '/home/hassan/ros-tuts/patrol_ws/install/turtlebot3_navigation2/share/turtlebot3_navigation2/package.ps1'
[2.251s] INFO:colcon.colcon_core.shell:Creating package descriptor '/home/hassan/ros-tuts/patrol_ws/install/turtlebot3_navigation2/share/turtlebot3_navigation2/package.dsv'
[2.253s] INFO:colcon.colcon_core.shell:Creating package script '/home/hassan/ros-tuts/patrol_ws/install/turtlebot3_navigation2/share/turtlebot3_navigation2/package.sh'
[2.254s] INFO:colcon.colcon_core.shell:Creating package script '/home/hassan/ros-tuts/patrol_ws/install/turtlebot3_navigation2/share/turtlebot3_navigation2/package.bash'
[2.255s] INFO:colcon.colcon_core.shell:Creating package script '/home/hassan/ros-tuts/patrol_ws/install/turtlebot3_navigation2/share/turtlebot3_navigation2/package.zsh'
[2.256s] Level 1:colcon.colcon_core.environment:create_file_with_runtime_dependencies(/home/hassan/ros-tuts/patrol_ws/install/turtlebot3_navigation2/share/colcon-core/packages/turtlebot3_navigation2)
[2.257s] INFO:colcon.colcon_ros.task.ament_python.build:Building ROS package in '/home/hassan/ros-tuts/patrol_ws/src/tb3_sim' with build type 'ament_python'
[2.257s] Level 1:colcon.colcon_core.shell:create_environment_hook('tb3_sim', 'ament_prefix_path')
[2.258s] INFO:colcon.colcon_core.shell:Creating environment hook '/home/hassan/ros-tuts/patrol_ws/install/tb3_sim/share/tb3_sim/hook/ament_prefix_path.ps1'
[2.259s] INFO:colcon.colcon_core.shell:Creating environment descriptor '/home/hassan/ros-tuts/patrol_ws/install/tb3_sim/share/tb3_sim/hook/ament_prefix_path.dsv'
[2.260s] INFO:colcon.colcon_core.shell:Creating environment hook '/home/hassan/ros-tuts/patrol_ws/install/tb3_sim/share/tb3_sim/hook/ament_prefix_path.sh'
[2.263s] INFO:colcon.colcon_core.shell:Skip shell extension 'powershell' for command environment: Not usable outside of PowerShell
[2.263s] DEBUG:colcon.colcon_core.shell:Skip shell extension 'dsv' for command environment
[2.927s] INFO:colcon.colcon_core.task.python.build:Building Python package in '/home/hassan/ros-tuts/patrol_ws/src/turtlebot3/turtlebot3/turtlebot3_teleop'
[2.928s] INFO:colcon.colcon_core.shell:Skip shell extension 'powershell' for command environment: Not usable outside of PowerShell
[2.928s] DEBUG:colcon.colcon_core.shell:Skip shell extension 'dsv' for command environment
[2.938s] Level 1:colcon.colcon_core.environment:create_environment_scripts_only(dynamixel_sdk)
[2.939s] Level 1:colcon.colcon_core.environment:checking '/home/hassan/ros-tuts/patrol_ws/install/dynamixel_sdk' for CMake module files
[2.940s] DEBUG:colcon.colcon_core.event_handler.log_command:Invoked command in '/home/hassan/ros-tuts/patrol_ws/build/dynamixel_sdk' returned '0': CMAKE_PREFIX_PATH=${CMAKE_PREFIX_PATH}:/opt/ros/humble /usr/bin/cmake --install /home/hassan/ros-tuts/patrol_ws/build/dynamixel_sdk
[2.941s] Level 1:colcon.colcon_core.environment:checking '/home/hassan/ros-tuts/patrol_ws/install/dynamixel_sdk' for CMake config files
[2.942s] Level 1:colcon.colcon_core.shell:create_environment_hook('dynamixel_sdk', 'cmake_prefix_path')
[2.943s] INFO:colcon.colcon_core.shell:Creating environment hook '/home/hassan/ros-tuts/patrol_ws/install/dynamixel_sdk/share/dynamixel_sdk/hook/cmake_prefix_path.ps1'
[2.944s] INFO:colcon.colcon_core.shell:Creating environment descriptor '/home/hassan/ros-tuts/patrol_ws/install/dynamixel_sdk/share/dynamixel_sdk/hook/cmake_prefix_path.dsv'
[2.945s] INFO:colcon.colcon_core.shell:Creating environment hook '/home/hassan/ros-tuts/patrol_ws/install/dynamixel_sdk/share/dynamixel_sdk/hook/cmake_prefix_path.sh'
[2.946s] Level 1:colcon.colcon_core.environment:checking '/home/hassan/ros-tuts/patrol_ws/install/dynamixel_sdk/lib'
[2.946s] Level 1:colcon.colcon_core.shell:create_environment_hook('dynamixel_sdk', 'ld_library_path_lib')
[2.947s] INFO:colcon.colcon_core.shell:Creating environment hook '/home/hassan/ros-tuts/patrol_ws/install/dynamixel_sdk/share/dynamixel_sdk/hook/ld_library_path_lib.ps1'
[2.948s] INFO:colcon.colcon_core.shell:Creating environment descriptor '/home/hassan/ros-tuts/patrol_ws/install/dynamixel_sdk/share/dynamixel_sdk/hook/ld_library_path_lib.dsv'
[2.949s] INFO:colcon.colcon_core.shell:Creating environment hook '/home/hassan/ros-tuts/patrol_ws/install/dynamixel_sdk/share/dynamixel_sdk/hook/ld_library_path_lib.sh'
[2.950s] Level 1:colcon.colcon_core.environment:checking '/home/hassan/ros-tuts/patrol_ws/install/dynamixel_sdk/bin'
[2.950s] Level 1:colcon.colcon_core.environment:checking '/home/hassan/ros-tuts/patrol_ws/install/dynamixel_sdk/lib/pkgconfig/dynamixel_sdk.pc'
[2.950s] Level 1:colcon.colcon_core.environment:checking '/home/hassan/ros-tuts/patrol_ws/install/dynamixel_sdk/lib/python3.10/site-packages'
[2.951s] Level 1:colcon.colcon_core.environment:checking '/home/hassan/ros-tuts/patrol_ws/install/dynamixel_sdk/bin'
[2.952s] INFO:colcon.colcon_core.shell:Creating package script '/home/hassan/ros-tuts/patrol_ws/install/dynamixel_sdk/share/dynamixel_sdk/package.ps1'
[2.953s] INFO:colcon.colcon_core.shell:Creating package descriptor '/home/hassan/ros-tuts/patrol_ws/install/dynamixel_sdk/share/dynamixel_sdk/package.dsv'
[2.954s] INFO:colcon.colcon_core.shell:Creating package script '/home/hassan/ros-tuts/patrol_ws/install/dynamixel_sdk/share/dynamixel_sdk/package.sh'
[2.955s] INFO:colcon.colcon_core.shell:Creating package script '/home/hassan/ros-tuts/patrol_ws/install/dynamixel_sdk/share/dynamixel_sdk/package.bash'
[2.956s] INFO:colcon.colcon_core.shell:Creating package script '/home/hassan/ros-tuts/patrol_ws/install/dynamixel_sdk/share/dynamixel_sdk/package.zsh'
[2.957s] Level 1:colcon.colcon_core.environment:create_file_with_runtime_dependencies(/home/hassan/ros-tuts/patrol_ws/install/dynamixel_sdk/share/colcon-core/packages/dynamixel_sdk)
[2.963s] DEBUG:colcon.colcon_core.event_handler.log_command:Invoking command in '/home/hassan/ros-tuts/patrol_ws/build/turtlebot3_gazebo': CMAKE_PREFIX_PATH=${CMAKE_PREFIX_PATH}:/opt/ros/humble /usr/bin/cmake --install /home/hassan/ros-tuts/patrol_ws/build/turtlebot3_gazebo
[2.967s] DEBUG:colcon.colcon_core.event_handler.log_command:Invoked command in '/home/hassan/ros-tuts/patrol_ws/build/turtlebot3_msgs' returned '0': CMAKE_PREFIX_PATH=${CMAKE_PREFIX_PATH}:/opt/ros/humble /usr/bin/cmake --build /home/hassan/ros-tuts/patrol_ws/build/turtlebot3_msgs -- -j8 -l8
[2.968s] DEBUG:colcon.colcon_core.event_handler.log_command:Invoked command in '/home/hassan/ros-tuts/patrol_ws/build/dynamixel_sdk_custom_interfaces' returned '0': CMAKE_PREFIX_PATH=${CMAKE_PREFIX_PATH}:/opt/ros/humble /usr/bin/cmake --build /home/hassan/ros-tuts/patrol_ws/build/dynamixel_sdk_custom_interfaces -- -j8 -l8
[2.971s] Level 1:colcon.colcon_core.environment:create_environment_scripts_only(hls_lfcd_lds_driver)
[2.971s] Level 1:colcon.colcon_core.environment:checking '/home/hassan/ros-tuts/patrol_ws/install/hls_lfcd_lds_driver' for CMake module files
[2.973s] Level 1:colcon.colcon_core.environment:checking '/home/hassan/ros-tuts/patrol_ws/install/hls_lfcd_lds_driver' for CMake config files
[2.973s] Level 1:colcon.colcon_core.shell:create_environment_hook('hls_lfcd_lds_driver', 'cmake_prefix_path')
[2.974s] INFO:colcon.colcon_core.shell:Creating environment hook '/home/hassan/ros-tuts/patrol_ws/install/hls_lfcd_lds_driver/share/hls_lfcd_lds_driver/hook/cmake_prefix_path.ps1'
[2.975s] INFO:colcon.colcon_core.shell:Creating environment descriptor '/home/hassan/ros-tuts/patrol_ws/install/hls_lfcd_lds_driver/share/hls_lfcd_lds_driver/hook/cmake_prefix_path.dsv'
[2.976s] INFO:colcon.colcon_core.shell:Creating environment hook '/home/hassan/ros-tuts/patrol_ws/install/hls_lfcd_lds_driver/share/hls_lfcd_lds_driver/hook/cmake_prefix_path.sh'
[2.978s] Level 1:colcon.colcon_core.environment:checking '/home/hassan/ros-tuts/patrol_ws/install/hls_lfcd_lds_driver/lib'
[2.978s] Level 1:colcon.colcon_core.environment:checking '/home/hassan/ros-tuts/patrol_ws/install/hls_lfcd_lds_driver/bin'
[2.978s] Level 1:colcon.colcon_core.environment:checking '/home/hassan/ros-tuts/patrol_ws/install/hls_lfcd_lds_driver/lib/pkgconfig/hls_lfcd_lds_driver.pc'
[2.978s] Level 1:colcon.colcon_core.environment:checking '/home/hassan/ros-tuts/patrol_ws/install/hls_lfcd_lds_driver/lib/python3.10/site-packages'
[2.979s] Level 1:colcon.colcon_core.environment:checking '/home/hassan/ros-tuts/patrol_ws/install/hls_lfcd_lds_driver/bin'
[2.980s] INFO:colcon.colcon_core.shell:Creating package script '/home/hassan/ros-tuts/patrol_ws/install/hls_lfcd_lds_driver/share/hls_lfcd_lds_driver/package.ps1'
[2.982s] INFO:colcon.colcon_core.shell:Creating package descriptor '/home/hassan/ros-tuts/patrol_ws/install/hls_lfcd_lds_driver/share/hls_lfcd_lds_driver/package.dsv'
[2.984s] INFO:colcon.colcon_core.shell:Creating package script '/home/hassan/ros-tuts/patrol_ws/install/hls_lfcd_lds_driver/share/hls_lfcd_lds_driver/package.sh'
[2.987s] INFO:colcon.colcon_core.shell:Creating package script '/home/hassan/ros-tuts/patrol_ws/install/hls_lfcd_lds_driver/share/hls_lfcd_lds_driver/package.bash'
[2.988s] INFO:colcon.colcon_core.shell:Creating package script '/home/hassan/ros-tuts/patrol_ws/install/hls_lfcd_lds_driver/share/hls_lfcd_lds_driver/package.zsh'
[2.990s] Level 1:colcon.colcon_core.environment:create_file_with_runtime_dependencies(/home/hassan/ros-tuts/patrol_ws/install/hls_lfcd_lds_driver/share/colcon-core/packages/hls_lfcd_lds_driver)
[3.532s] INFO:colcon.colcon_core.task.python.build:Building Python package in '/home/hassan/ros-tuts/patrol_ws/src/tb3_sim'
[3.532s] INFO:colcon.colcon_core.shell:Skip shell extension 'powershell' for command environment: Not usable outside of PowerShell
[3.532s] DEBUG:colcon.colcon_core.shell:Skip shell extension 'dsv' for command environment
[3.550s] Level 1:colcon.colcon_core.environment:create_environment_scripts_only(dynamixel_sdk)
[3.551s] Level 1:colcon.colcon_core.environment:checking '/home/hassan/ros-tuts/patrol_ws/install/dynamixel_sdk' for CMake module files
[3.552s] Level 1:colcon.colcon_core.environment:checking '/home/hassan/ros-tuts/patrol_ws/install/dynamixel_sdk' for CMake config files
[3.553s] Level 1:colcon.colcon_core.shell:create_environment_hook('dynamixel_sdk', 'cmake_prefix_path')
[3.554s] INFO:colcon.colcon_core.shell:Creating environment hook '/home/hassan/ros-tuts/patrol_ws/install/dynamixel_sdk/share/dynamixel_sdk/hook/cmake_prefix_path.ps1'
[3.555s] INFO:colcon.colcon_core.shell:Creating environment descriptor '/home/hassan/ros-tuts/patrol_ws/install/dynamixel_sdk/share/dynamixel_sdk/hook/cmake_prefix_path.dsv'
[3.556s] INFO:colcon.colcon_core.shell:Creating environment hook '/home/hassan/ros-tuts/patrol_ws/install/dynamixel_sdk/share/dynamixel_sdk/hook/cmake_prefix_path.sh'
[3.557s] Level 1:colcon.colcon_core.environment:checking '/home/hassan/ros-tuts/patrol_ws/install/dynamixel_sdk/lib'
[3.557s] Level 1:colcon.colcon_core.shell:create_environment_hook('dynamixel_sdk', 'ld_library_path_lib')
[3.558s] INFO:colcon.colcon_core.shell:Creating environment hook '/home/hassan/ros-tuts/patrol_ws/install/dynamixel_sdk/share/dynamixel_sdk/hook/ld_library_path_lib.ps1'
[3.559s] INFO:colcon.colcon_core.shell:Creating environment descriptor '/home/hassan/ros-tuts/patrol_ws/install/dynamixel_sdk/share/dynamixel_sdk/hook/ld_library_path_lib.dsv'
[3.560s] INFO:colcon.colcon_core.shell:Creating environment hook '/home/hassan/ros-tuts/patrol_ws/install/dynamixel_sdk/share/dynamixel_sdk/hook/ld_library_path_lib.sh'
[3.560s] Level 1:colcon.colcon_core.environment:checking '/home/hassan/ros-tuts/patrol_ws/install/dynamixel_sdk/bin'
[3.561s] Level 1:colcon.colcon_core.environment:checking '/home/hassan/ros-tuts/patrol_ws/install/dynamixel_sdk/lib/pkgconfig/dynamixel_sdk.pc'
[3.561s] Level 1:colcon.colcon_core.environment:checking '/home/hassan/ros-tuts/patrol_ws/install/dynamixel_sdk/lib/python3.10/site-packages'
[3.562s] Level 1:colcon.colcon_core.environment:checking '/home/hassan/ros-tuts/patrol_ws/install/dynamixel_sdk/bin'
[3.563s] INFO:colcon.colcon_core.shell:Creating package script '/home/hassan/ros-tuts/patrol_ws/install/dynamixel_sdk/share/dynamixel_sdk/package.ps1'
[3.564s] INFO:colcon.colcon_core.shell:Creating package descriptor '/home/hassan/ros-tuts/patrol_ws/install/dynamixel_sdk/share/dynamixel_sdk/package.dsv'
[3.565s] INFO:colcon.colcon_core.shell:Creating package script '/home/hassan/ros-tuts/patrol_ws/install/dynamixel_sdk/share/dynamixel_sdk/package.sh'
[3.566s] INFO:colcon.colcon_core.shell:Creating package script '/home/hassan/ros-tuts/patrol_ws/install/dynamixel_sdk/share/dynamixel_sdk/package.bash'
[3.567s] INFO:colcon.colcon_core.shell:Creating package script '/home/hassan/ros-tuts/patrol_ws/install/dynamixel_sdk/share/dynamixel_sdk/package.zsh'
[3.568s] Level 1:colcon.colcon_core.environment:create_file_with_runtime_dependencies(/home/hassan/ros-tuts/patrol_ws/install/dynamixel_sdk/share/colcon-core/packages/dynamixel_sdk)
[3.574s] Level 1:colcon.colcon_core.environment:create_environment_scripts_only(turtlebot3_gazebo)
[3.575s] Level 1:colcon.colcon_core.environment:checking '/home/hassan/ros-tuts/patrol_ws/install/turtlebot3_gazebo' for CMake module files
[3.576s] DEBUG:colcon.colcon_core.event_handler.log_command:Invoking command in '/home/hassan/ros-tuts/patrol_ws/build/turtlebot3_msgs': CMAKE_PREFIX_PATH=${CMAKE_PREFIX_PATH}:/opt/ros/humble /usr/bin/cmake --install /home/hassan/ros-tuts/patrol_ws/build/turtlebot3_msgs
[3.577s] DEBUG:colcon.colcon_core.event_handler.log_command:Invoking command in '/home/hassan/ros-tuts/patrol_ws/build/dynamixel_sdk_custom_interfaces': CMAKE_PREFIX_PATH=${CMAKE_PREFIX_PATH}:/opt/ros/humble /usr/bin/cmake --install /home/hassan/ros-tuts/patrol_ws/build/dynamixel_sdk_custom_interfaces
[3.578s] DEBUG:colcon.colcon_core.event_handler.log_command:Invoked command in '/home/hassan/ros-tuts/patrol_ws/build/turtlebot3_gazebo' returned '0': CMAKE_PREFIX_PATH=${CMAKE_PREFIX_PATH}:/opt/ros/humble /usr/bin/cmake --install /home/hassan/ros-tuts/patrol_ws/build/turtlebot3_gazebo
[3.579s] Level 1:colcon.colcon_core.environment:checking '/home/hassan/ros-tuts/patrol_ws/install/turtlebot3_gazebo' for CMake config files
[3.580s] Level 1:colcon.colcon_core.shell:create_environment_hook('turtlebot3_gazebo', 'cmake_prefix_path')
[3.581s] INFO:colcon.colcon_core.shell:Creating environment hook '/home/hassan/ros-tuts/patrol_ws/install/turtlebot3_gazebo/share/turtlebot3_gazebo/hook/cmake_prefix_path.ps1'
[3.582s] INFO:colcon.colcon_core.shell:Creating environment descriptor '/home/hassan/ros-tuts/patrol_ws/install/turtlebot3_gazebo/share/turtlebot3_gazebo/hook/cmake_prefix_path.dsv'
[3.583s] INFO:colcon.colcon_core.shell:Creating environment hook '/home/hassan/ros-tuts/patrol_ws/install/turtlebot3_gazebo/share/turtlebot3_gazebo/hook/cmake_prefix_path.sh'
[3.584s] Level 1:colcon.colcon_core.environment:checking '/home/hassan/ros-tuts/patrol_ws/install/turtlebot3_gazebo/lib'
[3.585s] Level 1:colcon.colcon_core.environment:checking '/home/hassan/ros-tuts/patrol_ws/install/turtlebot3_gazebo/bin'
[3.585s] Level 1:colcon.colcon_core.environment:checking '/home/hassan/ros-tuts/patrol_ws/install/turtlebot3_gazebo/lib/pkgconfig/turtlebot3_gazebo.pc'
[3.585s] Level 1:colcon.colcon_core.environment:checking '/home/hassan/ros-tuts/patrol_ws/install/turtlebot3_gazebo/lib/python3.10/site-packages'
[3.586s] Level 1:colcon.colcon_core.environment:checking '/home/hassan/ros-tuts/patrol_ws/install/turtlebot3_gazebo/bin'
[3.587s] INFO:colcon.colcon_core.shell:Creating package script '/home/hassan/ros-tuts/patrol_ws/install/turtlebot3_gazebo/share/turtlebot3_gazebo/package.ps1'
[3.588s] INFO:colcon.colcon_core.shell:Creating package descriptor '/home/hassan/ros-tuts/patrol_ws/install/turtlebot3_gazebo/share/turtlebot3_gazebo/package.dsv'
[3.589s] INFO:colcon.colcon_core.shell:Creating package script '/home/hassan/ros-tuts/patrol_ws/install/turtlebot3_gazebo/share/turtlebot3_gazebo/package.sh'
[3.590s] INFO:colcon.colcon_core.shell:Creating package script '/home/hassan/ros-tuts/patrol_ws/install/turtlebot3_gazebo/share/turtlebot3_gazebo/package.bash'
[3.591s] INFO:colcon.colcon_core.shell:Creating package script '/home/hassan/ros-tuts/patrol_ws/install/turtlebot3_gazebo/share/turtlebot3_gazebo/package.zsh'
[3.592s] Level 1:colcon.colcon_core.environment:create_file_with_runtime_dependencies(/home/hassan/ros-tuts/patrol_ws/install/turtlebot3_gazebo/share/colcon-core/packages/turtlebot3_gazebo)
[3.680s] Level 1:colcon.colcon_core.environment:create_environment_scripts_only(turtlebot3_gazebo)
[3.681s] Level 1:colcon.colcon_core.environment:checking '/home/hassan/ros-tuts/patrol_ws/install/turtlebot3_gazebo' for CMake module files
[3.683s] Level 1:colcon.colcon_core.environment:checking '/home/hassan/ros-tuts/patrol_ws/install/turtlebot3_gazebo' for CMake config files
[3.684s] Level 1:colcon.colcon_core.shell:create_environment_hook('turtlebot3_gazebo', 'cmake_prefix_path')
[3.685s] INFO:colcon.colcon_core.shell:Creating environment hook '/home/hassan/ros-tuts/patrol_ws/install/turtlebot3_gazebo/share/turtlebot3_gazebo/hook/cmake_prefix_path.ps1'
[3.686s] INFO:colcon.colcon_core.shell:Creating environment descriptor '/home/hassan/ros-tuts/patrol_ws/install/turtlebot3_gazebo/share/turtlebot3_gazebo/hook/cmake_prefix_path.dsv'
[3.687s] INFO:colcon.colcon_core.shell:Creating environment hook '/home/hassan/ros-tuts/patrol_ws/install/turtlebot3_gazebo/share/turtlebot3_gazebo/hook/cmake_prefix_path.sh'
[3.688s] Level 1:colcon.colcon_core.environment:checking '/home/hassan/ros-tuts/patrol_ws/install/turtlebot3_gazebo/lib'
[3.689s] Level 1:colcon.colcon_core.environment:checking '/home/hassan/ros-tuts/patrol_ws/install/turtlebot3_gazebo/bin'
[3.689s] Level 1:colcon.colcon_core.environment:checking '/home/hassan/ros-tuts/patrol_ws/install/turtlebot3_gazebo/lib/pkgconfig/turtlebot3_gazebo.pc'
[3.689s] Level 1:colcon.colcon_core.environment:checking '/home/hassan/ros-tuts/patrol_ws/install/turtlebot3_gazebo/lib/python3.10/site-packages'
[3.690s] Level 1:colcon.colcon_core.environment:checking '/home/hassan/ros-tuts/patrol_ws/install/turtlebot3_gazebo/bin'
[3.691s] INFO:colcon.colcon_core.shell:Creating package script '/home/hassan/ros-tuts/patrol_ws/install/turtlebot3_gazebo/share/turtlebot3_gazebo/package.ps1'
[3.692s] INFO:colcon.colcon_core.shell:Creating package descriptor '/home/hassan/ros-tuts/patrol_ws/install/turtlebot3_gazebo/share/turtlebot3_gazebo/package.dsv'
[3.693s] INFO:colcon.colcon_core.shell:Creating package script '/home/hassan/ros-tuts/patrol_ws/install/turtlebot3_gazebo/share/turtlebot3_gazebo/package.sh'
[3.694s] INFO:colcon.colcon_core.shell:Creating package script '/home/hassan/ros-tuts/patrol_ws/install/turtlebot3_gazebo/share/turtlebot3_gazebo/package.bash'
[3.695s] INFO:colcon.colcon_core.shell:Creating package script '/home/hassan/ros-tuts/patrol_ws/install/turtlebot3_gazebo/share/turtlebot3_gazebo/package.zsh'
[3.697s] Level 1:colcon.colcon_core.environment:create_file_with_runtime_dependencies(/home/hassan/ros-tuts/patrol_ws/install/turtlebot3_gazebo/share/colcon-core/packages/turtlebot3_gazebo)
[3.767s] Level 1:colcon.colcon_core.environment:create_environment_scripts_only(dynamixel_sdk_custom_interfaces)
[3.767s] Level 1:colcon.colcon_core.environment:checking '/home/hassan/ros-tuts/patrol_ws/install/dynamixel_sdk_custom_interfaces' for CMake module files
[3.769s] DEBUG:colcon.colcon_core.event_handler.log_command:Invoked command in '/home/hassan/ros-tuts/patrol_ws/build/dynamixel_sdk_custom_interfaces' returned '0': CMAKE_PREFIX_PATH=${CMAKE_PREFIX_PATH}:/opt/ros/humble /usr/bin/cmake --install /home/hassan/ros-tuts/patrol_ws/build/dynamixel_sdk_custom_interfaces
[3.769s] Level 1:colcon.colcon_core.environment:checking '/home/hassan/ros-tuts/patrol_ws/install/dynamixel_sdk_custom_interfaces' for CMake config files
[3.771s] Level 1:colcon.colcon_core.shell:create_environment_hook('dynamixel_sdk_custom_interfaces', 'cmake_prefix_path')
[3.771s] INFO:colcon.colcon_core.shell:Creating environment hook '/home/hassan/ros-tuts/patrol_ws/install/dynamixel_sdk_custom_interfaces/share/dynamixel_sdk_custom_interfaces/hook/cmake_prefix_path.ps1'
[3.772s] INFO:colcon.colcon_core.shell:Creating environment descriptor '/home/hassan/ros-tuts/patrol_ws/install/dynamixel_sdk_custom_interfaces/share/dynamixel_sdk_custom_interfaces/hook/cmake_prefix_path.dsv'
[3.773s] INFO:colcon.colcon_core.shell:Creating environment hook '/home/hassan/ros-tuts/patrol_ws/install/dynamixel_sdk_custom_interfaces/share/dynamixel_sdk_custom_interfaces/hook/cmake_prefix_path.sh'
[3.774s] Level 1:colcon.colcon_core.environment:checking '/home/hassan/ros-tuts/patrol_ws/install/dynamixel_sdk_custom_interfaces/lib'
[3.774s] Level 1:colcon.colcon_core.shell:create_environment_hook('dynamixel_sdk_custom_interfaces', 'ld_library_path_lib')
[3.774s] INFO:colcon.colcon_core.shell:Creating environment hook '/home/hassan/ros-tuts/patrol_ws/install/dynamixel_sdk_custom_interfaces/share/dynamixel_sdk_custom_interfaces/hook/ld_library_path_lib.ps1'
[3.775s] INFO:colcon.colcon_core.shell:Creating environment descriptor '/home/hassan/ros-tuts/patrol_ws/install/dynamixel_sdk_custom_interfaces/share/dynamixel_sdk_custom_interfaces/hook/ld_library_path_lib.dsv'
[3.775s] INFO:colcon.colcon_core.shell:Creating environment hook '/home/hassan/ros-tuts/patrol_ws/install/dynamixel_sdk_custom_interfaces/share/dynamixel_sdk_custom_interfaces/hook/ld_library_path_lib.sh'
[3.776s] Level 1:colcon.colcon_core.environment:checking '/home/hassan/ros-tuts/patrol_ws/install/dynamixel_sdk_custom_interfaces/bin'
[3.776s] Level 1:colcon.colcon_core.environment:checking '/home/hassan/ros-tuts/patrol_ws/install/dynamixel_sdk_custom_interfaces/lib/pkgconfig/dynamixel_sdk_custom_interfaces.pc'
[3.777s] Level 1:colcon.colcon_core.environment:checking '/home/hassan/ros-tuts/patrol_ws/install/dynamixel_sdk_custom_interfaces/lib/python3.10/site-packages'
[3.777s] Level 1:colcon.colcon_core.environment:checking '/home/hassan/ros-tuts/patrol_ws/install/dynamixel_sdk_custom_interfaces/bin'
[3.778s] INFO:colcon.colcon_core.shell:Creating package script '/home/hassan/ros-tuts/patrol_ws/install/dynamixel_sdk_custom_interfaces/share/dynamixel_sdk_custom_interfaces/package.ps1'
[3.778s] INFO:colcon.colcon_core.shell:Creating package descriptor '/home/hassan/ros-tuts/patrol_ws/install/dynamixel_sdk_custom_interfaces/share/dynamixel_sdk_custom_interfaces/package.dsv'
[3.779s] INFO:colcon.colcon_core.shell:Creating package script '/home/hassan/ros-tuts/patrol_ws/install/dynamixel_sdk_custom_interfaces/share/dynamixel_sdk_custom_interfaces/package.sh'
[3.780s] INFO:colcon.colcon_core.shell:Creating package script '/home/hassan/ros-tuts/patrol_ws/install/dynamixel_sdk_custom_interfaces/share/dynamixel_sdk_custom_interfaces/package.bash'
[3.780s] INFO:colcon.colcon_core.shell:Creating package script '/home/hassan/ros-tuts/patrol_ws/install/dynamixel_sdk_custom_interfaces/share/dynamixel_sdk_custom_interfaces/package.zsh'
[3.781s] Level 1:colcon.colcon_core.environment:create_file_with_runtime_dependencies(/home/hassan/ros-tuts/patrol_ws/install/dynamixel_sdk_custom_interfaces/share/colcon-core/packages/dynamixel_sdk_custom_interfaces)
[3.814s] Level 1:colcon.colcon_core.environment:create_environment_scripts_only(turtlebot3_msgs)
[3.815s] Level 1:colcon.colcon_core.environment:checking '/home/hassan/ros-tuts/patrol_ws/install/turtlebot3_msgs' for CMake module files
[3.816s] DEBUG:colcon.colcon_core.event_handler.log_command:Invoked command in '/home/hassan/ros-tuts/patrol_ws/build/turtlebot3_msgs' returned '0': CMAKE_PREFIX_PATH=${CMAKE_PREFIX_PATH}:/opt/ros/humble /usr/bin/cmake --install /home/hassan/ros-tuts/patrol_ws/build/turtlebot3_msgs
[3.818s] Level 1:colcon.colcon_core.environment:checking '/home/hassan/ros-tuts/patrol_ws/install/turtlebot3_msgs' for CMake config files
[3.821s] Level 1:colcon.colcon_core.shell:create_environment_hook('turtlebot3_msgs', 'cmake_prefix_path')
[3.822s] INFO:colcon.colcon_core.shell:Creating environment hook '/home/hassan/ros-tuts/patrol_ws/install/turtlebot3_msgs/share/turtlebot3_msgs/hook/cmake_prefix_path.ps1'
[3.823s] INFO:colcon.colcon_core.shell:Creating environment descriptor '/home/hassan/ros-tuts/patrol_ws/install/turtlebot3_msgs/share/turtlebot3_msgs/hook/cmake_prefix_path.dsv'
[3.824s] INFO:colcon.colcon_core.shell:Creating environment hook '/home/hassan/ros-tuts/patrol_ws/install/turtlebot3_msgs/share/turtlebot3_msgs/hook/cmake_prefix_path.sh'
[3.826s] Level 1:colcon.colcon_core.environment:checking '/home/hassan/ros-tuts/patrol_ws/install/turtlebot3_msgs/lib'
[3.826s] Level 1:colcon.colcon_core.shell:create_environment_hook('turtlebot3_msgs', 'ld_library_path_lib')
[3.826s] INFO:colcon.colcon_core.shell:Creating environment hook '/home/hassan/ros-tuts/patrol_ws/install/turtlebot3_msgs/share/turtlebot3_msgs/hook/ld_library_path_lib.ps1'
[3.827s] INFO:colcon.colcon_core.shell:Creating environment descriptor '/home/hassan/ros-tuts/patrol_ws/install/turtlebot3_msgs/share/turtlebot3_msgs/hook/ld_library_path_lib.dsv'
[3.828s] INFO:colcon.colcon_core.shell:Creating environment hook '/home/hassan/ros-tuts/patrol_ws/install/turtlebot3_msgs/share/turtlebot3_msgs/hook/ld_library_path_lib.sh'
[3.829s] Level 1:colcon.colcon_core.environment:checking '/home/hassan/ros-tuts/patrol_ws/install/turtlebot3_msgs/bin'
[3.829s] Level 1:colcon.colcon_core.environment:checking '/home/hassan/ros-tuts/patrol_ws/install/turtlebot3_msgs/lib/pkgconfig/turtlebot3_msgs.pc'
[3.830s] Level 1:colcon.colcon_core.environment:checking '/home/hassan/ros-tuts/patrol_ws/install/turtlebot3_msgs/lib/python3.10/site-packages'
[3.830s] Level 1:colcon.colcon_core.environment:checking '/home/hassan/ros-tuts/patrol_ws/install/turtlebot3_msgs/bin'
[3.831s] INFO:colcon.colcon_core.shell:Creating package script '/home/hassan/ros-tuts/patrol_ws/install/turtlebot3_msgs/share/turtlebot3_msgs/package.ps1'
[3.833s] INFO:colcon.colcon_core.shell:Creating package descriptor '/home/hassan/ros-tuts/patrol_ws/install/turtlebot3_msgs/share/turtlebot3_msgs/package.dsv'
[3.834s] INFO:colcon.colcon_core.shell:Creating package script '/home/hassan/ros-tuts/patrol_ws/install/turtlebot3_msgs/share/turtlebot3_msgs/package.sh'
[3.835s] INFO:colcon.colcon_core.shell:Creating package script '/home/hassan/ros-tuts/patrol_ws/install/turtlebot3_msgs/share/turtlebot3_msgs/package.bash'
[3.835s] INFO:colcon.colcon_core.shell:Creating package script '/home/hassan/ros-tuts/patrol_ws/install/turtlebot3_msgs/share/turtlebot3_msgs/package.zsh'
[3.836s] Level 1:colcon.colcon_core.environment:create_file_with_runtime_dependencies(/home/hassan/ros-tuts/patrol_ws/install/turtlebot3_msgs/share/colcon-core/packages/turtlebot3_msgs)
[3.930s] Level 1:colcon.colcon_core.environment:create_environment_scripts_only(dynamixel_sdk_custom_interfaces)
[3.931s] Level 1:colcon.colcon_core.environment:checking '/home/hassan/ros-tuts/patrol_ws/install/dynamixel_sdk_custom_interfaces' for CMake module files
[3.933s] Level 1:colcon.colcon_core.environment:checking '/home/hassan/ros-tuts/patrol_ws/install/dynamixel_sdk_custom_interfaces' for CMake config files
[3.935s] Level 1:colcon.colcon_core.shell:create_environment_hook('dynamixel_sdk_custom_interfaces', 'cmake_prefix_path')
[3.936s] INFO:colcon.colcon_core.shell:Creating environment hook '/home/hassan/ros-tuts/patrol_ws/install/dynamixel_sdk_custom_interfaces/share/dynamixel_sdk_custom_interfaces/hook/cmake_prefix_path.ps1'
[3.937s] INFO:colcon.colcon_core.shell:Creating environment descriptor '/home/hassan/ros-tuts/patrol_ws/install/dynamixel_sdk_custom_interfaces/share/dynamixel_sdk_custom_interfaces/hook/cmake_prefix_path.dsv'
[3.938s] INFO:colcon.colcon_core.shell:Creating environment hook '/home/hassan/ros-tuts/patrol_ws/install/dynamixel_sdk_custom_interfaces/share/dynamixel_sdk_custom_interfaces/hook/cmake_prefix_path.sh'
[3.939s] Level 1:colcon.colcon_core.environment:checking '/home/hassan/ros-tuts/patrol_ws/install/dynamixel_sdk_custom_interfaces/lib'
[3.939s] Level 1:colcon.colcon_core.shell:create_environment_hook('dynamixel_sdk_custom_interfaces', 'ld_library_path_lib')
[3.940s] INFO:colcon.colcon_core.shell:Creating environment hook '/home/hassan/ros-tuts/patrol_ws/install/dynamixel_sdk_custom_interfaces/share/dynamixel_sdk_custom_interfaces/hook/ld_library_path_lib.ps1'
[3.941s] INFO:colcon.colcon_core.shell:Creating environment descriptor '/home/hassan/ros-tuts/patrol_ws/install/dynamixel_sdk_custom_interfaces/share/dynamixel_sdk_custom_interfaces/hook/ld_library_path_lib.dsv'
[3.942s] INFO:colcon.colcon_core.shell:Creating environment hook '/home/hassan/ros-tuts/patrol_ws/install/dynamixel_sdk_custom_interfaces/share/dynamixel_sdk_custom_interfaces/hook/ld_library_path_lib.sh'
[3.942s] Level 1:colcon.colcon_core.environment:checking '/home/hassan/ros-tuts/patrol_ws/install/dynamixel_sdk_custom_interfaces/bin'
[3.943s] Level 1:colcon.colcon_core.environment:checking '/home/hassan/ros-tuts/patrol_ws/install/dynamixel_sdk_custom_interfaces/lib/pkgconfig/dynamixel_sdk_custom_interfaces.pc'
[3.943s] Level 1:colcon.colcon_core.environment:checking '/home/hassan/ros-tuts/patrol_ws/install/dynamixel_sdk_custom_interfaces/lib/python3.10/site-packages'
[3.944s] Level 1:colcon.colcon_core.environment:checking '/home/hassan/ros-tuts/patrol_ws/install/dynamixel_sdk_custom_interfaces/bin'
[3.945s] INFO:colcon.colcon_core.shell:Creating package script '/home/hassan/ros-tuts/patrol_ws/install/dynamixel_sdk_custom_interfaces/share/dynamixel_sdk_custom_interfaces/package.ps1'
[3.946s] INFO:colcon.colcon_core.shell:Creating package descriptor '/home/hassan/ros-tuts/patrol_ws/install/dynamixel_sdk_custom_interfaces/share/dynamixel_sdk_custom_interfaces/package.dsv'
[3.947s] INFO:colcon.colcon_core.shell:Creating package script '/home/hassan/ros-tuts/patrol_ws/install/dynamixel_sdk_custom_interfaces/share/dynamixel_sdk_custom_interfaces/package.sh'
[3.948s] INFO:colcon.colcon_core.shell:Creating package script '/home/hassan/ros-tuts/patrol_ws/install/dynamixel_sdk_custom_interfaces/share/dynamixel_sdk_custom_interfaces/package.bash'
[3.949s] INFO:colcon.colcon_core.shell:Creating package script '/home/hassan/ros-tuts/patrol_ws/install/dynamixel_sdk_custom_interfaces/share/dynamixel_sdk_custom_interfaces/package.zsh'
[3.950s] Level 1:colcon.colcon_core.environment:create_file_with_runtime_dependencies(/home/hassan/ros-tuts/patrol_ws/install/dynamixel_sdk_custom_interfaces/share/colcon-core/packages/dynamixel_sdk_custom_interfaces)
[3.951s] INFO:colcon.colcon_ros.task.ament_cmake.build:Building ROS package in '/home/hassan/ros-tuts/patrol_ws/src/utils/DynamixelSDK/dynamixel_sdk_examples' with build type 'ament_cmake'
[3.951s] INFO:colcon.colcon_cmake.task.cmake.build:Building CMake package in '/home/hassan/ros-tuts/patrol_ws/src/utils/DynamixelSDK/dynamixel_sdk_examples'
[3.952s] INFO:colcon.colcon_core.shell:Skip shell extension 'powershell' for command environment: Not usable outside of PowerShell
[3.952s] DEBUG:colcon.colcon_core.shell:Skip shell extension 'dsv' for command environment
[3.984s] DEBUG:colcon.colcon_core.event_handler.log_command:Invoking command in '/home/hassan/ros-tuts/patrol_ws/build/dynamixel_sdk_examples': AMENT_PREFIX_PATH=/home/hassan/ros-tuts/patrol_ws/install/dynamixel_sdk_custom_interfaces:/home/hassan/ros-tuts/patrol_ws/install/dynamixel_sdk:${AMENT_PREFIX_PATH} CMAKE_PREFIX_PATH=/home/hassan/ros-tuts/patrol_ws/install/dynamixel_sdk_custom_interfaces:/home/hassan/ros-tuts/patrol_ws/install/dynamixel_sdk:/home/hassan/rosbot_ws/install/ros_bot:/opt/ros/humble LD_LIBRARY_PATH=/home/hassan/ros-tuts/patrol_ws/install/dynamixel_sdk_custom_interfaces/lib:/home/hassan/ros-tuts/patrol_ws/install/dynamixel_sdk/lib:${LD_LIBRARY_PATH} PYTHONPATH=/home/hassan/ros-tuts/patrol_ws/install/dynamixel_sdk_custom_interfaces/local/lib/python3.10/dist-packages:${PYTHONPATH} /usr/bin/cmake --build /home/hassan/ros-tuts/patrol_ws/build/dynamixel_sdk_examples -- -j8 -l8
[4.112s] Level 1:colcon.colcon_core.environment:create_environment_scripts_only(turtlebot3_msgs)
[4.113s] Level 1:colcon.colcon_core.environment:checking '/home/hassan/ros-tuts/patrol_ws/install/turtlebot3_msgs' for CMake module files
[4.114s] Level 1:colcon.colcon_core.environment:checking '/home/hassan/ros-tuts/patrol_ws/install/turtlebot3_msgs' for CMake config files
[4.118s] Level 1:colcon.colcon_core.shell:create_environment_hook('turtlebot3_msgs', 'cmake_prefix_path')
[4.119s] INFO:colcon.colcon_core.shell:Creating environment hook '/home/hassan/ros-tuts/patrol_ws/install/turtlebot3_msgs/share/turtlebot3_msgs/hook/cmake_prefix_path.ps1'
[4.121s] INFO:colcon.colcon_core.shell:Creating environment descriptor '/home/hassan/ros-tuts/patrol_ws/install/turtlebot3_msgs/share/turtlebot3_msgs/hook/cmake_prefix_path.dsv'
[4.121s] INFO:colcon.colcon_core.shell:Creating environment hook '/home/hassan/ros-tuts/patrol_ws/install/turtlebot3_msgs/share/turtlebot3_msgs/hook/cmake_prefix_path.sh'
[4.123s] Level 1:colcon.colcon_core.environment:checking '/home/hassan/ros-tuts/patrol_ws/install/turtlebot3_msgs/lib'
[4.123s] Level 1:colcon.colcon_core.shell:create_environment_hook('turtlebot3_msgs', 'ld_library_path_lib')
[4.124s] INFO:colcon.colcon_core.shell:Creating environment hook '/home/hassan/ros-tuts/patrol_ws/install/turtlebot3_msgs/share/turtlebot3_msgs/hook/ld_library_path_lib.ps1'
[4.125s] INFO:colcon.colcon_core.shell:Creating environment descriptor '/home/hassan/ros-tuts/patrol_ws/install/turtlebot3_msgs/share/turtlebot3_msgs/hook/ld_library_path_lib.dsv'
[4.126s] INFO:colcon.colcon_core.shell:Creating environment hook '/home/hassan/ros-tuts/patrol_ws/install/turtlebot3_msgs/share/turtlebot3_msgs/hook/ld_library_path_lib.sh'
[4.127s] Level 1:colcon.colcon_core.environment:checking '/home/hassan/ros-tuts/patrol_ws/install/turtlebot3_msgs/bin'
[4.127s] Level 1:colcon.colcon_core.environment:checking '/home/hassan/ros-tuts/patrol_ws/install/turtlebot3_msgs/lib/pkgconfig/turtlebot3_msgs.pc'
[4.128s] Level 1:colcon.colcon_core.environment:checking '/home/hassan/ros-tuts/patrol_ws/install/turtlebot3_msgs/lib/python3.10/site-packages'
[4.129s] Level 1:colcon.colcon_core.environment:checking '/home/hassan/ros-tuts/patrol_ws/install/turtlebot3_msgs/bin'
[4.130s] INFO:colcon.colcon_core.shell:Creating package script '/home/hassan/ros-tuts/patrol_ws/install/turtlebot3_msgs/share/turtlebot3_msgs/package.ps1'
[4.131s] INFO:colcon.colcon_core.shell:Creating package descriptor '/home/hassan/ros-tuts/patrol_ws/install/turtlebot3_msgs/share/turtlebot3_msgs/package.dsv'
[4.132s] INFO:colcon.colcon_core.shell:Creating package script '/home/hassan/ros-tuts/patrol_ws/install/turtlebot3_msgs/share/turtlebot3_msgs/package.sh'
[4.134s] INFO:colcon.colcon_core.shell:Creating package script '/home/hassan/ros-tuts/patrol_ws/install/turtlebot3_msgs/share/turtlebot3_msgs/package.bash'
[4.135s] INFO:colcon.colcon_core.shell:Creating package script '/home/hassan/ros-tuts/patrol_ws/install/turtlebot3_msgs/share/turtlebot3_msgs/package.zsh'
[4.136s] Level 1:colcon.colcon_core.environment:create_file_with_runtime_dependencies(/home/hassan/ros-tuts/patrol_ws/install/turtlebot3_msgs/share/colcon-core/packages/turtlebot3_msgs)
[4.137s] INFO:colcon.colcon_ros.task.ament_cmake.build:Building ROS package in '/home/hassan/ros-tuts/patrol_ws/src/turtlebot3/turtlebot3/turtlebot3_node' with build type 'ament_cmake'
[4.137s] INFO:colcon.colcon_cmake.task.cmake.build:Building CMake package in '/home/hassan/ros-tuts/patrol_ws/src/turtlebot3/turtlebot3/turtlebot3_node'
[4.138s] INFO:colcon.colcon_core.shell:Skip shell extension 'powershell' for command environment: Not usable outside of PowerShell
[4.138s] DEBUG:colcon.colcon_core.shell:Skip shell extension 'dsv' for command environment
[4.147s] INFO:colcon.colcon_ros.task.ament_python.build:Building ROS package in '/home/hassan/ros-tuts/patrol_ws/src/turtlebot3/turtlebot3/turtlebot3_example' with build type 'ament_python'
[4.148s] Level 1:colcon.colcon_core.shell:create_environment_hook('turtlebot3_example', 'ament_prefix_path')
[4.148s] INFO:colcon.colcon_core.shell:Creating environment hook '/home/hassan/ros-tuts/patrol_ws/install/turtlebot3_example/share/turtlebot3_example/hook/ament_prefix_path.ps1'
[4.149s] INFO:colcon.colcon_core.shell:Creating environment descriptor '/home/hassan/ros-tuts/patrol_ws/install/turtlebot3_example/share/turtlebot3_example/hook/ament_prefix_path.dsv'
[4.150s] INFO:colcon.colcon_core.shell:Creating environment hook '/home/hassan/ros-tuts/patrol_ws/install/turtlebot3_example/share/turtlebot3_example/hook/ament_prefix_path.sh'
[4.152s] INFO:colcon.colcon_core.shell:Skip shell extension 'powershell' for command environment: Not usable outside of PowerShell
[4.152s] DEBUG:colcon.colcon_core.shell:Skip shell extension 'dsv' for command environment
[4.161s] INFO:colcon.colcon_ros.task.ament_cmake.build:Building ROS package in '/home/hassan/ros-tuts/patrol_ws/src/turtlebot3/turtlebot3_simulations/turtlebot3_fake_node' with build type 'ament_cmake'
[4.161s] INFO:colcon.colcon_cmake.task.cmake.build:Building CMake package in '/home/hassan/ros-tuts/patrol_ws/src/turtlebot3/turtlebot3_simulations/turtlebot3_fake_node'
[4.162s] INFO:colcon.colcon_core.shell:Skip shell extension 'powershell' for command environment: Not usable outside of PowerShell
[4.162s] DEBUG:colcon.colcon_core.shell:Skip shell extension 'dsv' for command environment
[4.173s] DEBUG:colcon.colcon_core.event_handler.log_command:Invoked command in '/home/hassan/ros-tuts/patrol_ws/build/dynamixel_sdk_examples' returned '0': AMENT_PREFIX_PATH=/home/hassan/ros-tuts/patrol_ws/install/dynamixel_sdk_custom_interfaces:/home/hassan/ros-tuts/patrol_ws/install/dynamixel_sdk:${AMENT_PREFIX_PATH} CMAKE_PREFIX_PATH=/home/hassan/ros-tuts/patrol_ws/install/dynamixel_sdk_custom_interfaces:/home/hassan/ros-tuts/patrol_ws/install/dynamixel_sdk:/home/hassan/rosbot_ws/install/ros_bot:/opt/ros/humble LD_LIBRARY_PATH=/home/hassan/ros-tuts/patrol_ws/install/dynamixel_sdk_custom_interfaces/lib:/home/hassan/ros-tuts/patrol_ws/install/dynamixel_sdk/lib:${LD_LIBRARY_PATH} PYTHONPATH=/home/hassan/ros-tuts/patrol_ws/install/dynamixel_sdk_custom_interfaces/local/lib/python3.10/dist-packages:${PYTHONPATH} /usr/bin/cmake --build /home/hassan/ros-tuts/patrol_ws/build/dynamixel_sdk_examples -- -j8 -l8
[4.183s] DEBUG:colcon.colcon_core.event_handler.log_command:Invoking command in '/home/hassan/ros-tuts/patrol_ws/build/turtlebot3_node': AMENT_PREFIX_PATH=/home/hassan/ros-tuts/patrol_ws/install/turtlebot3_msgs:/home/hassan/ros-tuts/patrol_ws/install/dynamixel_sdk:${AMENT_PREFIX_PATH} CMAKE_PREFIX_PATH=/home/hassan/ros-tuts/patrol_ws/install/turtlebot3_msgs:/home/hassan/ros-tuts/patrol_ws/install/dynamixel_sdk:/home/hassan/rosbot_ws/install/ros_bot:/opt/ros/humble LD_LIBRARY_PATH=/home/hassan/ros-tuts/patrol_ws/install/turtlebot3_msgs/lib:/home/hassan/ros-tuts/patrol_ws/install/dynamixel_sdk/lib:${LD_LIBRARY_PATH} PYTHONPATH=/home/hassan/ros-tuts/patrol_ws/install/turtlebot3_msgs/local/lib/python3.10/dist-packages:${PYTHONPATH} /usr/bin/cmake --build /home/hassan/ros-tuts/patrol_ws/build/turtlebot3_node -- -j8 -l8
[4.729s] INFO:colcon.colcon_core.task.python.build:Building Python package in '/home/hassan/ros-tuts/patrol_ws/src/turtlebot3/turtlebot3/turtlebot3_example'
[4.729s] INFO:colcon.colcon_core.shell:Skip shell extension 'powershell' for command environment: Not usable outside of PowerShell
[4.729s] DEBUG:colcon.colcon_core.shell:Skip shell extension 'dsv' for command environment
[4.744s] DEBUG:colcon.colcon_core.event_handler.log_command:Invoking command in '/home/hassan/ros-tuts/patrol_ws/build/turtlebot3_fake_node': AMENT_PREFIX_PATH=/home/hassan/ros-tuts/patrol_ws/install/turtlebot3_msgs:${AMENT_PREFIX_PATH} CMAKE_PREFIX_PATH=/home/hassan/ros-tuts/patrol_ws/install/turtlebot3_msgs:/home/hassan/rosbot_ws/install/ros_bot:/opt/ros/humble LD_LIBRARY_PATH=/home/hassan/ros-tuts/patrol_ws/install/turtlebot3_msgs/lib:${LD_LIBRARY_PATH} PYTHONPATH=/home/hassan/ros-tuts/patrol_ws/install/turtlebot3_msgs/local/lib/python3.10/dist-packages:${PYTHONPATH} /usr/bin/cmake --build /home/hassan/ros-tuts/patrol_ws/build/turtlebot3_fake_node -- -j8 -l8
[4.745s] DEBUG:colcon.colcon_core.event_handler.log_command:Invoking command in '/home/hassan/ros-tuts/patrol_ws/build/dynamixel_sdk_examples': AMENT_PREFIX_PATH=/home/hassan/ros-tuts/patrol_ws/install/dynamixel_sdk_custom_interfaces:/home/hassan/ros-tuts/patrol_ws/install/dynamixel_sdk:${AMENT_PREFIX_PATH} CMAKE_PREFIX_PATH=/home/hassan/ros-tuts/patrol_ws/install/dynamixel_sdk_custom_interfaces:/home/hassan/ros-tuts/patrol_ws/install/dynamixel_sdk:/home/hassan/rosbot_ws/install/ros_bot:/opt/ros/humble LD_LIBRARY_PATH=/home/hassan/ros-tuts/patrol_ws/install/dynamixel_sdk_custom_interfaces/lib:/home/hassan/ros-tuts/patrol_ws/install/dynamixel_sdk/lib:${LD_LIBRARY_PATH} PYTHONPATH=/home/hassan/ros-tuts/patrol_ws/install/dynamixel_sdk_custom_interfaces/local/lib/python3.10/dist-packages:${PYTHONPATH} /usr/bin/cmake --install /home/hassan/ros-tuts/patrol_ws/build/dynamixel_sdk_examples
[4.749s] DEBUG:colcon.colcon_core.event_handler.log_command:Invoking command in '/home/hassan/ros-tuts/patrol_ws/build/turtlebot3_teleop': PYTHONPATH=/home/hassan/ros-tuts/patrol_ws/build/turtlebot3_teleop/prefix_override:/usr/lib/python3/dist-packages/colcon_core/task/python/colcon_distutils_commands:/home/hassan/ros-tuts/patrol_ws/install/turtlebot3_teleop/lib/python3.10/site-packages:${PYTHONPATH} /usr/bin/python3 -W ignore:setup.py install is deprecated setup.py develop --editable --build-directory /home/hassan/ros-tuts/patrol_ws/build/turtlebot3_teleop/build --no-deps symlink_data
[4.760s] DEBUG:colcon.colcon_core.event_handler.log_command:Invoking command in '/home/hassan/ros-tuts/patrol_ws/build/tb3_sim': PYTHONPATH=/home/hassan/ros-tuts/patrol_ws/build/tb3_sim/prefix_override:/usr/lib/python3/dist-packages/colcon_core/task/python/colcon_distutils_commands:/home/hassan/ros-tuts/patrol_ws/install/tb3_sim/lib/python3.10/site-packages:${PYTHONPATH} /usr/bin/python3 -W ignore:setup.py install is deprecated setup.py develop --editable --build-directory /home/hassan/ros-tuts/patrol_ws/build/tb3_sim/build --no-deps symlink_data
[4.763s] DEBUG:colcon.colcon_core.event_handler.log_command:Invoked command in '/home/hassan/ros-tuts/patrol_ws/build/turtlebot3_node' returned '0': AMENT_PREFIX_PATH=/home/hassan/ros-tuts/patrol_ws/install/turtlebot3_msgs:/home/hassan/ros-tuts/patrol_ws/install/dynamixel_sdk:${AMENT_PREFIX_PATH} CMAKE_PREFIX_PATH=/home/hassan/ros-tuts/patrol_ws/install/turtlebot3_msgs:/home/hassan/ros-tuts/patrol_ws/install/dynamixel_sdk:/home/hassan/rosbot_ws/install/ros_bot:/opt/ros/humble LD_LIBRARY_PATH=/home/hassan/ros-tuts/patrol_ws/install/turtlebot3_msgs/lib:/home/hassan/ros-tuts/patrol_ws/install/dynamixel_sdk/lib:${LD_LIBRARY_PATH} PYTHONPATH=/home/hassan/ros-tuts/patrol_ws/install/turtlebot3_msgs/local/lib/python3.10/dist-packages:${PYTHONPATH} /usr/bin/cmake --build /home/hassan/ros-tuts/patrol_ws/build/turtlebot3_node -- -j8 -l8
[4.799s] Level 1:colcon.colcon_core.environment:create_environment_scripts_only(dynamixel_sdk_examples)
[4.800s] Level 1:colcon.colcon_core.environment:checking '/home/hassan/ros-tuts/patrol_ws/install/dynamixel_sdk_examples' for CMake module files
[4.801s] DEBUG:colcon.colcon_core.event_handler.log_command:Invoked command in '/home/hassan/ros-tuts/patrol_ws/build/dynamixel_sdk_examples' returned '0': AMENT_PREFIX_PATH=/home/hassan/ros-tuts/patrol_ws/install/dynamixel_sdk_custom_interfaces:/home/hassan/ros-tuts/patrol_ws/install/dynamixel_sdk:${AMENT_PREFIX_PATH} CMAKE_PREFIX_PATH=/home/hassan/ros-tuts/patrol_ws/install/dynamixel_sdk_custom_interfaces:/home/hassan/ros-tuts/patrol_ws/install/dynamixel_sdk:/home/hassan/rosbot_ws/install/ros_bot:/opt/ros/humble LD_LIBRARY_PATH=/home/hassan/ros-tuts/patrol_ws/install/dynamixel_sdk_custom_interfaces/lib:/home/hassan/ros-tuts/patrol_ws/install/dynamixel_sdk/lib:${LD_LIBRARY_PATH} PYTHONPATH=/home/hassan/ros-tuts/patrol_ws/install/dynamixel_sdk_custom_interfaces/local/lib/python3.10/dist-packages:${PYTHONPATH} /usr/bin/cmake --install /home/hassan/ros-tuts/patrol_ws/build/dynamixel_sdk_examples
[4.802s] Level 1:colcon.colcon_core.environment:checking '/home/hassan/ros-tuts/patrol_ws/install/dynamixel_sdk_examples' for CMake config files
[4.803s] Level 1:colcon.colcon_core.shell:create_environment_hook('dynamixel_sdk_examples', 'cmake_prefix_path')
[4.804s] INFO:colcon.colcon_core.shell:Creating environment hook '/home/hassan/ros-tuts/patrol_ws/install/dynamixel_sdk_examples/share/dynamixel_sdk_examples/hook/cmake_prefix_path.ps1'
[4.805s] INFO:colcon.colcon_core.shell:Creating environment descriptor '/home/hassan/ros-tuts/patrol_ws/install/dynamixel_sdk_examples/share/dynamixel_sdk_examples/hook/cmake_prefix_path.dsv'
[4.806s] INFO:colcon.colcon_core.shell:Creating environment hook '/home/hassan/ros-tuts/patrol_ws/install/dynamixel_sdk_examples/share/dynamixel_sdk_examples/hook/cmake_prefix_path.sh'
[4.808s] Level 1:colcon.colcon_core.environment:checking '/home/hassan/ros-tuts/patrol_ws/install/dynamixel_sdk_examples/lib'
[4.808s] Level 1:colcon.colcon_core.environment:checking '/home/hassan/ros-tuts/patrol_ws/install/dynamixel_sdk_examples/bin'
[4.808s] Level 1:colcon.colcon_core.environment:checking '/home/hassan/ros-tuts/patrol_ws/install/dynamixel_sdk_examples/lib/pkgconfig/dynamixel_sdk_examples.pc'
[4.809s] Level 1:colcon.colcon_core.environment:checking '/home/hassan/ros-tuts/patrol_ws/install/dynamixel_sdk_examples/lib/python3.10/site-packages'
[4.810s] Level 1:colcon.colcon_core.environment:checking '/home/hassan/ros-tuts/patrol_ws/install/dynamixel_sdk_examples/bin'
[4.811s] INFO:colcon.colcon_core.shell:Creating package script '/home/hassan/ros-tuts/patrol_ws/install/dynamixel_sdk_examples/share/dynamixel_sdk_examples/package.ps1'
[4.812s] INFO:colcon.colcon_core.shell:Creating package descriptor '/home/hassan/ros-tuts/patrol_ws/install/dynamixel_sdk_examples/share/dynamixel_sdk_examples/package.dsv'
[4.813s] INFO:colcon.colcon_core.shell:Creating package script '/home/hassan/ros-tuts/patrol_ws/install/dynamixel_sdk_examples/share/dynamixel_sdk_examples/package.sh'
[4.814s] INFO:colcon.colcon_core.shell:Creating package script '/home/hassan/ros-tuts/patrol_ws/install/dynamixel_sdk_examples/share/dynamixel_sdk_examples/package.bash'
[4.815s] INFO:colcon.colcon_core.shell:Creating package script '/home/hassan/ros-tuts/patrol_ws/install/dynamixel_sdk_examples/share/dynamixel_sdk_examples/package.zsh'
[4.816s] Level 1:colcon.colcon_core.environment:create_file_with_runtime_dependencies(/home/hassan/ros-tuts/patrol_ws/install/dynamixel_sdk_examples/share/colcon-core/packages/dynamixel_sdk_examples)
[4.883s] Level 1:colcon.colcon_core.environment:create_environment_scripts_only(dynamixel_sdk_examples)
[4.884s] Level 1:colcon.colcon_core.environment:checking '/home/hassan/ros-tuts/patrol_ws/install/dynamixel_sdk_examples' for CMake module files
[4.885s] Level 1:colcon.colcon_core.environment:checking '/home/hassan/ros-tuts/patrol_ws/install/dynamixel_sdk_examples' for CMake config files
[4.886s] Level 1:colcon.colcon_core.shell:create_environment_hook('dynamixel_sdk_examples', 'cmake_prefix_path')
[4.887s] INFO:colcon.colcon_core.shell:Creating environment hook '/home/hassan/ros-tuts/patrol_ws/install/dynamixel_sdk_examples/share/dynamixel_sdk_examples/hook/cmake_prefix_path.ps1'
[4.888s] INFO:colcon.colcon_core.shell:Creating environment descriptor '/home/hassan/ros-tuts/patrol_ws/install/dynamixel_sdk_examples/share/dynamixel_sdk_examples/hook/cmake_prefix_path.dsv'
[4.889s] INFO:colcon.colcon_core.shell:Creating environment hook '/home/hassan/ros-tuts/patrol_ws/install/dynamixel_sdk_examples/share/dynamixel_sdk_examples/hook/cmake_prefix_path.sh'
[4.890s] Level 1:colcon.colcon_core.environment:checking '/home/hassan/ros-tuts/patrol_ws/install/dynamixel_sdk_examples/lib'
[4.891s] Level 1:colcon.colcon_core.environment:checking '/home/hassan/ros-tuts/patrol_ws/install/dynamixel_sdk_examples/bin'
[4.891s] Level 1:colcon.colcon_core.environment:checking '/home/hassan/ros-tuts/patrol_ws/install/dynamixel_sdk_examples/lib/pkgconfig/dynamixel_sdk_examples.pc'
[4.891s] Level 1:colcon.colcon_core.environment:checking '/home/hassan/ros-tuts/patrol_ws/install/dynamixel_sdk_examples/lib/python3.10/site-packages'
[4.892s] Level 1:colcon.colcon_core.environment:checking '/home/hassan/ros-tuts/patrol_ws/install/dynamixel_sdk_examples/bin'
[4.893s] INFO:colcon.colcon_core.shell:Creating package script '/home/hassan/ros-tuts/patrol_ws/install/dynamixel_sdk_examples/share/dynamixel_sdk_examples/package.ps1'
[4.895s] INFO:colcon.colcon_core.shell:Creating package descriptor '/home/hassan/ros-tuts/patrol_ws/install/dynamixel_sdk_examples/share/dynamixel_sdk_examples/package.dsv'
[4.896s] INFO:colcon.colcon_core.shell:Creating package script '/home/hassan/ros-tuts/patrol_ws/install/dynamixel_sdk_examples/share/dynamixel_sdk_examples/package.sh'
[4.897s] INFO:colcon.colcon_core.shell:Creating package script '/home/hassan/ros-tuts/patrol_ws/install/dynamixel_sdk_examples/share/dynamixel_sdk_examples/package.bash'
[4.898s] INFO:colcon.colcon_core.shell:Creating package script '/home/hassan/ros-tuts/patrol_ws/install/dynamixel_sdk_examples/share/dynamixel_sdk_examples/package.zsh'
[4.899s] Level 1:colcon.colcon_core.environment:create_file_with_runtime_dependencies(/home/hassan/ros-tuts/patrol_ws/install/dynamixel_sdk_examples/share/colcon-core/packages/dynamixel_sdk_examples)
[4.906s] DEBUG:colcon.colcon_core.event_handler.log_command:Invoking command in '/home/hassan/ros-tuts/patrol_ws/build/turtlebot3_node': AMENT_PREFIX_PATH=/home/hassan/ros-tuts/patrol_ws/install/turtlebot3_msgs:/home/hassan/ros-tuts/patrol_ws/install/dynamixel_sdk:${AMENT_PREFIX_PATH} CMAKE_PREFIX_PATH=/home/hassan/ros-tuts/patrol_ws/install/turtlebot3_msgs:/home/hassan/ros-tuts/patrol_ws/install/dynamixel_sdk:/home/hassan/rosbot_ws/install/ros_bot:/opt/ros/humble LD_LIBRARY_PATH=/home/hassan/ros-tuts/patrol_ws/install/turtlebot3_msgs/lib:/home/hassan/ros-tuts/patrol_ws/install/dynamixel_sdk/lib:${LD_LIBRARY_PATH} PYTHONPATH=/home/hassan/ros-tuts/patrol_ws/install/turtlebot3_msgs/local/lib/python3.10/dist-packages:${PYTHONPATH} /usr/bin/cmake --install /home/hassan/ros-tuts/patrol_ws/build/turtlebot3_node
[4.926s] DEBUG:colcon.colcon_core.event_handler.log_command:Invoked command in '/home/hassan/ros-tuts/patrol_ws/build/turtlebot3_fake_node' returned '0': AMENT_PREFIX_PATH=/home/hassan/ros-tuts/patrol_ws/install/turtlebot3_msgs:${AMENT_PREFIX_PATH} CMAKE_PREFIX_PATH=/home/hassan/ros-tuts/patrol_ws/install/turtlebot3_msgs:/home/hassan/rosbot_ws/install/ros_bot:/opt/ros/humble LD_LIBRARY_PATH=/home/hassan/ros-tuts/patrol_ws/install/turtlebot3_msgs/lib:${LD_LIBRARY_PATH} PYTHONPATH=/home/hassan/ros-tuts/patrol_ws/install/turtlebot3_msgs/local/lib/python3.10/dist-packages:${PYTHONPATH} /usr/bin/cmake --build /home/hassan/ros-tuts/patrol_ws/build/turtlebot3_fake_node -- -j8 -l8
[4.978s] Level 1:colcon.colcon_core.environment:create_environment_scripts_only(turtlebot3_node)
[4.978s] Level 1:colcon.colcon_core.environment:checking '/home/hassan/ros-tuts/patrol_ws/install/turtlebot3_node' for CMake module files
[4.981s] Level 1:colcon.colcon_core.environment:checking '/home/hassan/ros-tuts/patrol_ws/install/turtlebot3_node' for CMake config files
[4.979s] DEBUG:colcon.colcon_core.event_handler.log_command:Invoked command in '/home/hassan/ros-tuts/patrol_ws/build/turtlebot3_node' returned '0': AMENT_PREFIX_PATH=/home/hassan/ros-tuts/patrol_ws/install/turtlebot3_msgs:/home/hassan/ros-tuts/patrol_ws/install/dynamixel_sdk:${AMENT_PREFIX_PATH} CMAKE_PREFIX_PATH=/home/hassan/ros-tuts/patrol_ws/install/turtlebot3_msgs:/home/hassan/ros-tuts/patrol_ws/install/dynamixel_sdk:/home/hassan/rosbot_ws/install/ros_bot:/opt/ros/humble LD_LIBRARY_PATH=/home/hassan/ros-tuts/patrol_ws/install/turtlebot3_msgs/lib:/home/hassan/ros-tuts/patrol_ws/install/dynamixel_sdk/lib:${LD_LIBRARY_PATH} PYTHONPATH=/home/hassan/ros-tuts/patrol_ws/install/turtlebot3_msgs/local/lib/python3.10/dist-packages:${PYTHONPATH} /usr/bin/cmake --install /home/hassan/ros-tuts/patrol_ws/build/turtlebot3_node
[4.982s] Level 1:colcon.colcon_core.shell:create_environment_hook('turtlebot3_node', 'cmake_prefix_path')
[4.983s] INFO:colcon.colcon_core.shell:Creating environment hook '/home/hassan/ros-tuts/patrol_ws/install/turtlebot3_node/share/turtlebot3_node/hook/cmake_prefix_path.ps1'
[4.984s] INFO:colcon.colcon_core.shell:Creating environment descriptor '/home/hassan/ros-tuts/patrol_ws/install/turtlebot3_node/share/turtlebot3_node/hook/cmake_prefix_path.dsv'
[4.985s] INFO:colcon.colcon_core.shell:Creating environment hook '/home/hassan/ros-tuts/patrol_ws/install/turtlebot3_node/share/turtlebot3_node/hook/cmake_prefix_path.sh'
[4.987s] Level 1:colcon.colcon_core.environment:checking '/home/hassan/ros-tuts/patrol_ws/install/turtlebot3_node/lib'
[4.987s] Level 1:colcon.colcon_core.environment:checking '/home/hassan/ros-tuts/patrol_ws/install/turtlebot3_node/bin'
[4.987s] Level 1:colcon.colcon_core.environment:checking '/home/hassan/ros-tuts/patrol_ws/install/turtlebot3_node/lib/pkgconfig/turtlebot3_node.pc'
[4.988s] Level 1:colcon.colcon_core.environment:checking '/home/hassan/ros-tuts/patrol_ws/install/turtlebot3_node/lib/python3.10/site-packages'
[4.988s] Level 1:colcon.colcon_core.environment:checking '/home/hassan/ros-tuts/patrol_ws/install/turtlebot3_node/bin'
[4.989s] INFO:colcon.colcon_core.shell:Creating package script '/home/hassan/ros-tuts/patrol_ws/install/turtlebot3_node/share/turtlebot3_node/package.ps1'
[4.991s] INFO:colcon.colcon_core.shell:Creating package descriptor '/home/hassan/ros-tuts/patrol_ws/install/turtlebot3_node/share/turtlebot3_node/package.dsv'
[4.992s] INFO:colcon.colcon_core.shell:Creating package script '/home/hassan/ros-tuts/patrol_ws/install/turtlebot3_node/share/turtlebot3_node/package.sh'
[4.993s] INFO:colcon.colcon_core.shell:Creating package script '/home/hassan/ros-tuts/patrol_ws/install/turtlebot3_node/share/turtlebot3_node/package.bash'
[4.994s] INFO:colcon.colcon_core.shell:Creating package script '/home/hassan/ros-tuts/patrol_ws/install/turtlebot3_node/share/turtlebot3_node/package.zsh'
[4.995s] Level 1:colcon.colcon_core.environment:create_file_with_runtime_dependencies(/home/hassan/ros-tuts/patrol_ws/install/turtlebot3_node/share/colcon-core/packages/turtlebot3_node)
[5.001s] DEBUG:colcon.colcon_core.event_handler.log_command:Invoking command in '/home/hassan/ros-tuts/patrol_ws/build/turtlebot3_fake_node': AMENT_PREFIX_PATH=/home/hassan/ros-tuts/patrol_ws/install/turtlebot3_msgs:${AMENT_PREFIX_PATH} CMAKE_PREFIX_PATH=/home/hassan/ros-tuts/patrol_ws/install/turtlebot3_msgs:/home/hassan/rosbot_ws/install/ros_bot:/opt/ros/humble LD_LIBRARY_PATH=/home/hassan/ros-tuts/patrol_ws/install/turtlebot3_msgs/lib:${LD_LIBRARY_PATH} PYTHONPATH=/home/hassan/ros-tuts/patrol_ws/install/turtlebot3_msgs/local/lib/python3.10/dist-packages:${PYTHONPATH} /usr/bin/cmake --install /home/hassan/ros-tuts/patrol_ws/build/turtlebot3_fake_node
[5.061s] Level 1:colcon.colcon_core.environment:create_environment_scripts_only(turtlebot3_fake_node)
[5.062s] Level 1:colcon.colcon_core.environment:checking '/home/hassan/ros-tuts/patrol_ws/install/turtlebot3_fake_node' for CMake module files
[5.064s] DEBUG:colcon.colcon_core.event_handler.log_command:Invoked command in '/home/hassan/ros-tuts/patrol_ws/build/turtlebot3_fake_node' returned '0': AMENT_PREFIX_PATH=/home/hassan/ros-tuts/patrol_ws/install/turtlebot3_msgs:${AMENT_PREFIX_PATH} CMAKE_PREFIX_PATH=/home/hassan/ros-tuts/patrol_ws/install/turtlebot3_msgs:/home/hassan/rosbot_ws/install/ros_bot:/opt/ros/humble LD_LIBRARY_PATH=/home/hassan/ros-tuts/patrol_ws/install/turtlebot3_msgs/lib:${LD_LIBRARY_PATH} PYTHONPATH=/home/hassan/ros-tuts/patrol_ws/install/turtlebot3_msgs/local/lib/python3.10/dist-packages:${PYTHONPATH} /usr/bin/cmake --install /home/hassan/ros-tuts/patrol_ws/build/turtlebot3_fake_node
[5.065s] Level 1:colcon.colcon_core.environment:checking '/home/hassan/ros-tuts/patrol_ws/install/turtlebot3_fake_node' for CMake config files
[5.066s] Level 1:colcon.colcon_core.shell:create_environment_hook('turtlebot3_fake_node', 'cmake_prefix_path')
[5.067s] INFO:colcon.colcon_core.shell:Creating environment hook '/home/hassan/ros-tuts/patrol_ws/install/turtlebot3_fake_node/share/turtlebot3_fake_node/hook/cmake_prefix_path.ps1'
[5.068s] INFO:colcon.colcon_core.shell:Creating environment descriptor '/home/hassan/ros-tuts/patrol_ws/install/turtlebot3_fake_node/share/turtlebot3_fake_node/hook/cmake_prefix_path.dsv'
[5.069s] INFO:colcon.colcon_core.shell:Creating environment hook '/home/hassan/ros-tuts/patrol_ws/install/turtlebot3_fake_node/share/turtlebot3_fake_node/hook/cmake_prefix_path.sh'
[5.071s] Level 1:colcon.colcon_core.environment:checking '/home/hassan/ros-tuts/patrol_ws/install/turtlebot3_fake_node/lib'
[5.071s] Level 1:colcon.colcon_core.environment:checking '/home/hassan/ros-tuts/patrol_ws/install/turtlebot3_fake_node/bin'
[5.071s] Level 1:colcon.colcon_core.environment:checking '/home/hassan/ros-tuts/patrol_ws/install/turtlebot3_fake_node/lib/pkgconfig/turtlebot3_fake_node.pc'
[5.072s] Level 1:colcon.colcon_core.environment:checking '/home/hassan/ros-tuts/patrol_ws/install/turtlebot3_fake_node/lib/python3.10/site-packages'
[5.072s] Level 1:colcon.colcon_core.environment:checking '/home/hassan/ros-tuts/patrol_ws/install/turtlebot3_fake_node/bin'
[5.073s] INFO:colcon.colcon_core.shell:Creating package script '/home/hassan/ros-tuts/patrol_ws/install/turtlebot3_fake_node/share/turtlebot3_fake_node/package.ps1'
[5.074s] INFO:colcon.colcon_core.shell:Creating package descriptor '/home/hassan/ros-tuts/patrol_ws/install/turtlebot3_fake_node/share/turtlebot3_fake_node/package.dsv'
[5.075s] INFO:colcon.colcon_core.shell:Creating package script '/home/hassan/ros-tuts/patrol_ws/install/turtlebot3_fake_node/share/turtlebot3_fake_node/package.sh'
[5.076s] INFO:colcon.colcon_core.shell:Creating package script '/home/hassan/ros-tuts/patrol_ws/install/turtlebot3_fake_node/share/turtlebot3_fake_node/package.bash'
[5.077s] INFO:colcon.colcon_core.shell:Creating package script '/home/hassan/ros-tuts/patrol_ws/install/turtlebot3_fake_node/share/turtlebot3_fake_node/package.zsh'
[5.078s] Level 1:colcon.colcon_core.environment:create_file_with_runtime_dependencies(/home/hassan/ros-tuts/patrol_ws/install/turtlebot3_fake_node/share/colcon-core/packages/turtlebot3_fake_node)
[5.118s] Level 1:colcon.colcon_core.environment:create_environment_scripts_only(turtlebot3_node)
[5.119s] Level 1:colcon.colcon_core.environment:checking '/home/hassan/ros-tuts/patrol_ws/install/turtlebot3_node' for CMake module files
[5.120s] Level 1:colcon.colcon_core.environment:checking '/home/hassan/ros-tuts/patrol_ws/install/turtlebot3_node' for CMake config files
[5.121s] Level 1:colcon.colcon_core.shell:create_environment_hook('turtlebot3_node', 'cmake_prefix_path')
[5.122s] INFO:colcon.colcon_core.shell:Creating environment hook '/home/hassan/ros-tuts/patrol_ws/install/turtlebot3_node/share/turtlebot3_node/hook/cmake_prefix_path.ps1'
[5.123s] INFO:colcon.colcon_core.shell:Creating environment descriptor '/home/hassan/ros-tuts/patrol_ws/install/turtlebot3_node/share/turtlebot3_node/hook/cmake_prefix_path.dsv'
[5.124s] INFO:colcon.colcon_core.shell:Creating environment hook '/home/hassan/ros-tuts/patrol_ws/install/turtlebot3_node/share/turtlebot3_node/hook/cmake_prefix_path.sh'
[5.125s] Level 1:colcon.colcon_core.environment:checking '/home/hassan/ros-tuts/patrol_ws/install/turtlebot3_node/lib'
[5.126s] Level 1:colcon.colcon_core.environment:checking '/home/hassan/ros-tuts/patrol_ws/install/turtlebot3_node/bin'
[5.126s] Level 1:colcon.colcon_core.environment:checking '/home/hassan/ros-tuts/patrol_ws/install/turtlebot3_node/lib/pkgconfig/turtlebot3_node.pc'
[5.127s] Level 1:colcon.colcon_core.environment:checking '/home/hassan/ros-tuts/patrol_ws/install/turtlebot3_node/lib/python3.10/site-packages'
[5.127s] Level 1:colcon.colcon_core.environment:checking '/home/hassan/ros-tuts/patrol_ws/install/turtlebot3_node/bin'
[5.128s] INFO:colcon.colcon_core.shell:Creating package script '/home/hassan/ros-tuts/patrol_ws/install/turtlebot3_node/share/turtlebot3_node/package.ps1'
[5.130s] INFO:colcon.colcon_core.shell:Creating package descriptor '/home/hassan/ros-tuts/patrol_ws/install/turtlebot3_node/share/turtlebot3_node/package.dsv'
[5.131s] INFO:colcon.colcon_core.shell:Creating package script '/home/hassan/ros-tuts/patrol_ws/install/turtlebot3_node/share/turtlebot3_node/package.sh'
[5.132s] INFO:colcon.colcon_core.shell:Creating package script '/home/hassan/ros-tuts/patrol_ws/install/turtlebot3_node/share/turtlebot3_node/package.bash'
[5.134s] INFO:colcon.colcon_core.shell:Creating package script '/home/hassan/ros-tuts/patrol_ws/install/turtlebot3_node/share/turtlebot3_node/package.zsh'
[5.135s] Level 1:colcon.colcon_core.environment:create_file_with_runtime_dependencies(/home/hassan/ros-tuts/patrol_ws/install/turtlebot3_node/share/colcon-core/packages/turtlebot3_node)
[5.136s] INFO:colcon.colcon_ros.task.ament_cmake.build:Building ROS package in '/home/hassan/ros-tuts/patrol_ws/src/turtlebot3/turtlebot3/turtlebot3_bringup' with build type 'ament_cmake'
[5.136s] INFO:colcon.colcon_cmake.task.cmake.build:Building CMake package in '/home/hassan/ros-tuts/patrol_ws/src/turtlebot3/turtlebot3/turtlebot3_bringup'
[5.137s] INFO:colcon.colcon_core.shell:Skip shell extension 'powershell' for command environment: Not usable outside of PowerShell
[5.137s] DEBUG:colcon.colcon_core.shell:Skip shell extension 'dsv' for command environment
[5.149s] Level 1:colcon.colcon_core.environment:create_environment_scripts_only(turtlebot3_fake_node)
[5.149s] Level 1:colcon.colcon_core.environment:checking '/home/hassan/ros-tuts/patrol_ws/install/turtlebot3_fake_node' for CMake module files
[5.151s] Level 1:colcon.colcon_core.environment:checking '/home/hassan/ros-tuts/patrol_ws/install/turtlebot3_fake_node' for CMake config files
[5.152s] Level 1:colcon.colcon_core.shell:create_environment_hook('turtlebot3_fake_node', 'cmake_prefix_path')
[5.152s] INFO:colcon.colcon_core.shell:Creating environment hook '/home/hassan/ros-tuts/patrol_ws/install/turtlebot3_fake_node/share/turtlebot3_fake_node/hook/cmake_prefix_path.ps1'
[5.154s] INFO:colcon.colcon_core.shell:Creating environment descriptor '/home/hassan/ros-tuts/patrol_ws/install/turtlebot3_fake_node/share/turtlebot3_fake_node/hook/cmake_prefix_path.dsv'
[5.154s] INFO:colcon.colcon_core.shell:Creating environment hook '/home/hassan/ros-tuts/patrol_ws/install/turtlebot3_fake_node/share/turtlebot3_fake_node/hook/cmake_prefix_path.sh'
[5.156s] Level 1:colcon.colcon_core.environment:checking '/home/hassan/ros-tuts/patrol_ws/install/turtlebot3_fake_node/lib'
[5.156s] Level 1:colcon.colcon_core.environment:checking '/home/hassan/ros-tuts/patrol_ws/install/turtlebot3_fake_node/bin'
[5.156s] Level 1:colcon.colcon_core.environment:checking '/home/hassan/ros-tuts/patrol_ws/install/turtlebot3_fake_node/lib/pkgconfig/turtlebot3_fake_node.pc'
[5.157s] Level 1:colcon.colcon_core.environment:checking '/home/hassan/ros-tuts/patrol_ws/install/turtlebot3_fake_node/lib/python3.10/site-packages'
[5.157s] Level 1:colcon.colcon_core.environment:checking '/home/hassan/ros-tuts/patrol_ws/install/turtlebot3_fake_node/bin'
[5.158s] INFO:colcon.colcon_core.shell:Creating package script '/home/hassan/ros-tuts/patrol_ws/install/turtlebot3_fake_node/share/turtlebot3_fake_node/package.ps1'
[5.160s] INFO:colcon.colcon_core.shell:Creating package descriptor '/home/hassan/ros-tuts/patrol_ws/install/turtlebot3_fake_node/share/turtlebot3_fake_node/package.dsv'
[5.161s] INFO:colcon.colcon_core.shell:Creating package script '/home/hassan/ros-tuts/patrol_ws/install/turtlebot3_fake_node/share/turtlebot3_fake_node/package.sh'
[5.163s] INFO:colcon.colcon_core.shell:Creating package script '/home/hassan/ros-tuts/patrol_ws/install/turtlebot3_fake_node/share/turtlebot3_fake_node/package.bash'
[5.164s] INFO:colcon.colcon_core.shell:Creating package script '/home/hassan/ros-tuts/patrol_ws/install/turtlebot3_fake_node/share/turtlebot3_fake_node/package.zsh'
[5.165s] Level 1:colcon.colcon_core.environment:create_file_with_runtime_dependencies(/home/hassan/ros-tuts/patrol_ws/install/turtlebot3_fake_node/share/colcon-core/packages/turtlebot3_fake_node)
[5.167s] INFO:colcon.colcon_ros.task.ament_cmake.build:Building ROS package in '/home/hassan/ros-tuts/patrol_ws/src/turtlebot3/turtlebot3_simulations/turtlebot3_simulations' with build type 'ament_cmake'
[5.167s] INFO:colcon.colcon_cmake.task.cmake.build:Building CMake package in '/home/hassan/ros-tuts/patrol_ws/src/turtlebot3/turtlebot3_simulations/turtlebot3_simulations'
[5.168s] INFO:colcon.colcon_core.shell:Skip shell extension 'powershell' for command environment: Not usable outside of PowerShell
[5.168s] DEBUG:colcon.colcon_core.shell:Skip shell extension 'dsv' for command environment
[5.184s] DEBUG:colcon.colcon_core.event_handler.log_command:Invoking command in '/home/hassan/ros-tuts/patrol_ws/build/turtlebot3_bringup': AMENT_PREFIX_PATH=/home/hassan/ros-tuts/patrol_ws/install/turtlebot3_node:/home/hassan/ros-tuts/patrol_ws/install/turtlebot3_msgs:/home/hassan/ros-tuts/patrol_ws/install/turtlebot3_description:/home/hassan/ros-tuts/patrol_ws/install/hls_lfcd_lds_driver:/home/hassan/ros-tuts/patrol_ws/install/dynamixel_sdk:${AMENT_PREFIX_PATH} CMAKE_PREFIX_PATH=/home/hassan/ros-tuts/patrol_ws/install/turtlebot3_node:/home/hassan/ros-tuts/patrol_ws/install/turtlebot3_msgs:/home/hassan/ros-tuts/patrol_ws/install/turtlebot3_description:/home/hassan/ros-tuts/patrol_ws/install/hls_lfcd_lds_driver:/home/hassan/ros-tuts/patrol_ws/install/dynamixel_sdk:/home/hassan/rosbot_ws/install/ros_bot:/opt/ros/humble LD_LIBRARY_PATH=/home/hassan/ros-tuts/patrol_ws/install/turtlebot3_msgs/lib:/home/hassan/ros-tuts/patrol_ws/install/dynamixel_sdk/lib:${LD_LIBRARY_PATH} PYTHONPATH=/home/hassan/ros-tuts/patrol_ws/install/turtlebot3_msgs/local/lib/python3.10/dist-packages:${PYTHONPATH} /usr/bin/cmake --build /home/hassan/ros-tuts/patrol_ws/build/turtlebot3_bringup -- -j8 -l8
[5.200s] DEBUG:colcon.colcon_core.event_handler.log_command:Invoking command in '/home/hassan/ros-tuts/patrol_ws/build/turtlebot3_simulations': AMENT_PREFIX_PATH=/home/hassan/ros-tuts/patrol_ws/install/turtlebot3_fake_node:/home/hassan/ros-tuts/patrol_ws/install/turtlebot3_msgs:/home/hassan/ros-tuts/patrol_ws/install/turtlebot3_gazebo:${AMENT_PREFIX_PATH} CMAKE_PREFIX_PATH=/home/hassan/ros-tuts/patrol_ws/install/turtlebot3_fake_node:/home/hassan/ros-tuts/patrol_ws/install/turtlebot3_msgs:/home/hassan/ros-tuts/patrol_ws/install/turtlebot3_gazebo:/home/hassan/rosbot_ws/install/ros_bot:/opt/ros/humble LD_LIBRARY_PATH=/home/hassan/ros-tuts/patrol_ws/install/turtlebot3_msgs/lib:${LD_LIBRARY_PATH} PYTHONPATH=/home/hassan/ros-tuts/patrol_ws/install/turtlebot3_msgs/local/lib/python3.10/dist-packages:${PYTHONPATH} /usr/bin/cmake --build /home/hassan/ros-tuts/patrol_ws/build/turtlebot3_simulations -- -j8 -l8
[5.278s] DEBUG:colcon.colcon_core.event_handler.log_command:Invoked command in '/home/hassan/ros-tuts/patrol_ws/build/turtlebot3_bringup' returned '0': AMENT_PREFIX_PATH=/home/hassan/ros-tuts/patrol_ws/install/turtlebot3_node:/home/hassan/ros-tuts/patrol_ws/install/turtlebot3_msgs:/home/hassan/ros-tuts/patrol_ws/install/turtlebot3_description:/home/hassan/ros-tuts/patrol_ws/install/hls_lfcd_lds_driver:/home/hassan/ros-tuts/patrol_ws/install/dynamixel_sdk:${AMENT_PREFIX_PATH} CMAKE_PREFIX_PATH=/home/hassan/ros-tuts/patrol_ws/install/turtlebot3_node:/home/hassan/ros-tuts/patrol_ws/install/turtlebot3_msgs:/home/hassan/ros-tuts/patrol_ws/install/turtlebot3_description:/home/hassan/ros-tuts/patrol_ws/install/hls_lfcd_lds_driver:/home/hassan/ros-tuts/patrol_ws/install/dynamixel_sdk:/home/hassan/rosbot_ws/install/ros_bot:/opt/ros/humble LD_LIBRARY_PATH=/home/hassan/ros-tuts/patrol_ws/install/turtlebot3_msgs/lib:/home/hassan/ros-tuts/patrol_ws/install/dynamixel_sdk/lib:${LD_LIBRARY_PATH} PYTHONPATH=/home/hassan/ros-tuts/patrol_ws/install/turtlebot3_msgs/local/lib/python3.10/dist-packages:${PYTHONPATH} /usr/bin/cmake --build /home/hassan/ros-tuts/patrol_ws/build/turtlebot3_bringup -- -j8 -l8
[5.290s] DEBUG:colcon.colcon_core.event_handler.log_command:Invoked command in '/home/hassan/ros-tuts/patrol_ws/build/turtlebot3_simulations' returned '0': AMENT_PREFIX_PATH=/home/hassan/ros-tuts/patrol_ws/install/turtlebot3_fake_node:/home/hassan/ros-tuts/patrol_ws/install/turtlebot3_msgs:/home/hassan/ros-tuts/patrol_ws/install/turtlebot3_gazebo:${AMENT_PREFIX_PATH} CMAKE_PREFIX_PATH=/home/hassan/ros-tuts/patrol_ws/install/turtlebot3_fake_node:/home/hassan/ros-tuts/patrol_ws/install/turtlebot3_msgs:/home/hassan/ros-tuts/patrol_ws/install/turtlebot3_gazebo:/home/hassan/rosbot_ws/install/ros_bot:/opt/ros/humble LD_LIBRARY_PATH=/home/hassan/ros-tuts/patrol_ws/install/turtlebot3_msgs/lib:${LD_LIBRARY_PATH} PYTHONPATH=/home/hassan/ros-tuts/patrol_ws/install/turtlebot3_msgs/local/lib/python3.10/dist-packages:${PYTHONPATH} /usr/bin/cmake --build /home/hassan/ros-tuts/patrol_ws/build/turtlebot3_simulations -- -j8 -l8
[5.333s] DEBUG:colcon.colcon_core.event_handler.log_command:Invoking command in '/home/hassan/ros-tuts/patrol_ws/build/turtlebot3_bringup': AMENT_PREFIX_PATH=/home/hassan/ros-tuts/patrol_ws/install/turtlebot3_node:/home/hassan/ros-tuts/patrol_ws/install/turtlebot3_msgs:/home/hassan/ros-tuts/patrol_ws/install/turtlebot3_description:/home/hassan/ros-tuts/patrol_ws/install/hls_lfcd_lds_driver:/home/hassan/ros-tuts/patrol_ws/install/dynamixel_sdk:${AMENT_PREFIX_PATH} CMAKE_PREFIX_PATH=/home/hassan/ros-tuts/patrol_ws/install/turtlebot3_node:/home/hassan/ros-tuts/patrol_ws/install/turtlebot3_msgs:/home/hassan/ros-tuts/patrol_ws/install/turtlebot3_description:/home/hassan/ros-tuts/patrol_ws/install/hls_lfcd_lds_driver:/home/hassan/ros-tuts/patrol_ws/install/dynamixel_sdk:/home/hassan/rosbot_ws/install/ros_bot:/opt/ros/humble LD_LIBRARY_PATH=/home/hassan/ros-tuts/patrol_ws/install/turtlebot3_msgs/lib:/home/hassan/ros-tuts/patrol_ws/install/dynamixel_sdk/lib:${LD_LIBRARY_PATH} PYTHONPATH=/home/hassan/ros-tuts/patrol_ws/install/turtlebot3_msgs/local/lib/python3.10/dist-packages:${PYTHONPATH} /usr/bin/cmake --install /home/hassan/ros-tuts/patrol_ws/build/turtlebot3_bringup
[5.341s] DEBUG:colcon.colcon_core.event_handler.log_command:Invoking command in '/home/hassan/ros-tuts/patrol_ws/build/turtlebot3_simulations': AMENT_PREFIX_PATH=/home/hassan/ros-tuts/patrol_ws/install/turtlebot3_fake_node:/home/hassan/ros-tuts/patrol_ws/install/turtlebot3_msgs:/home/hassan/ros-tuts/patrol_ws/install/turtlebot3_gazebo:${AMENT_PREFIX_PATH} CMAKE_PREFIX_PATH=/home/hassan/ros-tuts/patrol_ws/install/turtlebot3_fake_node:/home/hassan/ros-tuts/patrol_ws/install/turtlebot3_msgs:/home/hassan/ros-tuts/patrol_ws/install/turtlebot3_gazebo:/home/hassan/rosbot_ws/install/ros_bot:/opt/ros/humble LD_LIBRARY_PATH=/home/hassan/ros-tuts/patrol_ws/install/turtlebot3_msgs/lib:${LD_LIBRARY_PATH} PYTHONPATH=/home/hassan/ros-tuts/patrol_ws/install/turtlebot3_msgs/local/lib/python3.10/dist-packages:${PYTHONPATH} /usr/bin/cmake --install /home/hassan/ros-tuts/patrol_ws/build/turtlebot3_simulations
[5.390s] Level 1:colcon.colcon_core.environment:create_environment_scripts_only(turtlebot3_bringup)
[5.391s] Level 1:colcon.colcon_core.environment:checking '/home/hassan/ros-tuts/patrol_ws/install/turtlebot3_bringup' for CMake module files
[5.392s] DEBUG:colcon.colcon_core.event_handler.log_command:Invoked command in '/home/hassan/ros-tuts/patrol_ws/build/turtlebot3_bringup' returned '0': AMENT_PREFIX_PATH=/home/hassan/ros-tuts/patrol_ws/install/turtlebot3_node:/home/hassan/ros-tuts/patrol_ws/install/turtlebot3_msgs:/home/hassan/ros-tuts/patrol_ws/install/turtlebot3_description:/home/hassan/ros-tuts/patrol_ws/install/hls_lfcd_lds_driver:/home/hassan/ros-tuts/patrol_ws/install/dynamixel_sdk:${AMENT_PREFIX_PATH} CMAKE_PREFIX_PATH=/home/hassan/ros-tuts/patrol_ws/install/turtlebot3_node:/home/hassan/ros-tuts/patrol_ws/install/turtlebot3_msgs:/home/hassan/ros-tuts/patrol_ws/install/turtlebot3_description:/home/hassan/ros-tuts/patrol_ws/install/hls_lfcd_lds_driver:/home/hassan/ros-tuts/patrol_ws/install/dynamixel_sdk:/home/hassan/rosbot_ws/install/ros_bot:/opt/ros/humble LD_LIBRARY_PATH=/home/hassan/ros-tuts/patrol_ws/install/turtlebot3_msgs/lib:/home/hassan/ros-tuts/patrol_ws/install/dynamixel_sdk/lib:${LD_LIBRARY_PATH} PYTHONPATH=/home/hassan/ros-tuts/patrol_ws/install/turtlebot3_msgs/local/lib/python3.10/dist-packages:${PYTHONPATH} /usr/bin/cmake --install /home/hassan/ros-tuts/patrol_ws/build/turtlebot3_bringup
[5.393s] Level 1:colcon.colcon_core.environment:checking '/home/hassan/ros-tuts/patrol_ws/install/turtlebot3_bringup' for CMake config files
[5.394s] Level 1:colcon.colcon_core.shell:create_environment_hook('turtlebot3_bringup', 'cmake_prefix_path')
[5.395s] INFO:colcon.colcon_core.shell:Creating environment hook '/home/hassan/ros-tuts/patrol_ws/install/turtlebot3_bringup/share/turtlebot3_bringup/hook/cmake_prefix_path.ps1'
[5.396s] INFO:colcon.colcon_core.shell:Creating environment descriptor '/home/hassan/ros-tuts/patrol_ws/install/turtlebot3_bringup/share/turtlebot3_bringup/hook/cmake_prefix_path.dsv'
[5.397s] INFO:colcon.colcon_core.shell:Creating environment hook '/home/hassan/ros-tuts/patrol_ws/install/turtlebot3_bringup/share/turtlebot3_bringup/hook/cmake_prefix_path.sh'
[5.398s] Level 1:colcon.colcon_core.environment:checking '/home/hassan/ros-tuts/patrol_ws/install/turtlebot3_bringup/bin'
[5.399s] Level 1:colcon.colcon_core.environment:checking '/home/hassan/ros-tuts/patrol_ws/install/turtlebot3_bringup/lib/pkgconfig/turtlebot3_bringup.pc'
[5.399s] Level 1:colcon.colcon_core.environment:checking '/home/hassan/ros-tuts/patrol_ws/install/turtlebot3_bringup/lib/python3.10/site-packages'
[5.400s] Level 1:colcon.colcon_core.environment:checking '/home/hassan/ros-tuts/patrol_ws/install/turtlebot3_bringup/bin'
[5.401s] INFO:colcon.colcon_core.shell:Creating package script '/home/hassan/ros-tuts/patrol_ws/install/turtlebot3_bringup/share/turtlebot3_bringup/package.ps1'
[5.402s] INFO:colcon.colcon_core.shell:Creating package descriptor '/home/hassan/ros-tuts/patrol_ws/install/turtlebot3_bringup/share/turtlebot3_bringup/package.dsv'
[5.407s] INFO:colcon.colcon_core.shell:Creating package script '/home/hassan/ros-tuts/patrol_ws/install/turtlebot3_bringup/share/turtlebot3_bringup/package.sh'
[5.409s] INFO:colcon.colcon_core.shell:Creating package script '/home/hassan/ros-tuts/patrol_ws/install/turtlebot3_bringup/share/turtlebot3_bringup/package.bash'
[5.410s] INFO:colcon.colcon_core.shell:Creating package script '/home/hassan/ros-tuts/patrol_ws/install/turtlebot3_bringup/share/turtlebot3_bringup/package.zsh'
[5.410s] Level 1:colcon.colcon_core.environment:create_file_with_runtime_dependencies(/home/hassan/ros-tuts/patrol_ws/install/turtlebot3_bringup/share/colcon-core/packages/turtlebot3_bringup)
[5.414s] Level 1:colcon.colcon_core.environment:create_environment_scripts_only(turtlebot3_simulations)
[5.415s] Level 1:colcon.colcon_core.environment:checking '/home/hassan/ros-tuts/patrol_ws/install/turtlebot3_simulations' for CMake module files
[5.415s] DEBUG:colcon.colcon_core.event_handler.log_command:Invoked command in '/home/hassan/ros-tuts/patrol_ws/build/turtlebot3_simulations' returned '0': AMENT_PREFIX_PATH=/home/hassan/ros-tuts/patrol_ws/install/turtlebot3_fake_node:/home/hassan/ros-tuts/patrol_ws/install/turtlebot3_msgs:/home/hassan/ros-tuts/patrol_ws/install/turtlebot3_gazebo:${AMENT_PREFIX_PATH} CMAKE_PREFIX_PATH=/home/hassan/ros-tuts/patrol_ws/install/turtlebot3_fake_node:/home/hassan/ros-tuts/patrol_ws/install/turtlebot3_msgs:/home/hassan/ros-tuts/patrol_ws/install/turtlebot3_gazebo:/home/hassan/rosbot_ws/install/ros_bot:/opt/ros/humble LD_LIBRARY_PATH=/home/hassan/ros-tuts/patrol_ws/install/turtlebot3_msgs/lib:${LD_LIBRARY_PATH} PYTHONPATH=/home/hassan/ros-tuts/patrol_ws/install/turtlebot3_msgs/local/lib/python3.10/dist-packages:${PYTHONPATH} /usr/bin/cmake --install /home/hassan/ros-tuts/patrol_ws/build/turtlebot3_simulations
[5.417s] Level 1:colcon.colcon_core.environment:checking '/home/hassan/ros-tuts/patrol_ws/install/turtlebot3_simulations' for CMake config files
[5.418s] Level 1:colcon.colcon_core.shell:create_environment_hook('turtlebot3_simulations', 'cmake_prefix_path')
[5.418s] INFO:colcon.colcon_core.shell:Creating environment hook '/home/hassan/ros-tuts/patrol_ws/install/turtlebot3_simulations/share/turtlebot3_simulations/hook/cmake_prefix_path.ps1'
[5.420s] INFO:colcon.colcon_core.shell:Creating environment descriptor '/home/hassan/ros-tuts/patrol_ws/install/turtlebot3_simulations/share/turtlebot3_simulations/hook/cmake_prefix_path.dsv'
[5.421s] INFO:colcon.colcon_core.shell:Creating environment hook '/home/hassan/ros-tuts/patrol_ws/install/turtlebot3_simulations/share/turtlebot3_simulations/hook/cmake_prefix_path.sh'
[5.422s] Level 1:colcon.colcon_core.environment:checking '/home/hassan/ros-tuts/patrol_ws/install/turtlebot3_simulations/bin'
[5.423s] Level 1:colcon.colcon_core.environment:checking '/home/hassan/ros-tuts/patrol_ws/install/turtlebot3_simulations/lib/pkgconfig/turtlebot3_simulations.pc'
[5.424s] Level 1:colcon.colcon_core.environment:checking '/home/hassan/ros-tuts/patrol_ws/install/turtlebot3_simulations/lib/python3.10/site-packages'
[5.425s] Level 1:colcon.colcon_core.environment:checking '/home/hassan/ros-tuts/patrol_ws/install/turtlebot3_simulations/bin'
[5.426s] INFO:colcon.colcon_core.shell:Creating package script '/home/hassan/ros-tuts/patrol_ws/install/turtlebot3_simulations/share/turtlebot3_simulations/package.ps1'
[5.427s] INFO:colcon.colcon_core.shell:Creating package descriptor '/home/hassan/ros-tuts/patrol_ws/install/turtlebot3_simulations/share/turtlebot3_simulations/package.dsv'
[5.428s] INFO:colcon.colcon_core.shell:Creating package script '/home/hassan/ros-tuts/patrol_ws/install/turtlebot3_simulations/share/turtlebot3_simulations/package.sh'
[5.429s] INFO:colcon.colcon_core.shell:Creating package script '/home/hassan/ros-tuts/patrol_ws/install/turtlebot3_simulations/share/turtlebot3_simulations/package.bash'
[5.431s] INFO:colcon.colcon_core.shell:Creating package script '/home/hassan/ros-tuts/patrol_ws/install/turtlebot3_simulations/share/turtlebot3_simulations/package.zsh'
[5.431s] Level 1:colcon.colcon_core.environment:create_file_with_runtime_dependencies(/home/hassan/ros-tuts/patrol_ws/install/turtlebot3_simulations/share/colcon-core/packages/turtlebot3_simulations)
[5.466s] Level 1:colcon.colcon_core.environment:create_environment_scripts_only(turtlebot3_bringup)
[5.467s] Level 1:colcon.colcon_core.environment:checking '/home/hassan/ros-tuts/patrol_ws/install/turtlebot3_bringup' for CMake module files
[5.469s] Level 1:colcon.colcon_core.environment:checking '/home/hassan/ros-tuts/patrol_ws/install/turtlebot3_bringup' for CMake config files
[5.469s] Level 1:colcon.colcon_core.shell:create_environment_hook('turtlebot3_bringup', 'cmake_prefix_path')
[5.470s] INFO:colcon.colcon_core.shell:Creating environment hook '/home/hassan/ros-tuts/patrol_ws/install/turtlebot3_bringup/share/turtlebot3_bringup/hook/cmake_prefix_path.ps1'
[5.471s] INFO:colcon.colcon_core.shell:Creating environment descriptor '/home/hassan/ros-tuts/patrol_ws/install/turtlebot3_bringup/share/turtlebot3_bringup/hook/cmake_prefix_path.dsv'
[5.472s] INFO:colcon.colcon_core.shell:Creating environment hook '/home/hassan/ros-tuts/patrol_ws/install/turtlebot3_bringup/share/turtlebot3_bringup/hook/cmake_prefix_path.sh'
[5.473s] Level 1:colcon.colcon_core.environment:checking '/home/hassan/ros-tuts/patrol_ws/install/turtlebot3_bringup/bin'
[5.474s] Level 1:colcon.colcon_core.environment:checking '/home/hassan/ros-tuts/patrol_ws/install/turtlebot3_bringup/lib/pkgconfig/turtlebot3_bringup.pc'
[5.474s] Level 1:colcon.colcon_core.environment:checking '/home/hassan/ros-tuts/patrol_ws/install/turtlebot3_bringup/lib/python3.10/site-packages'
[5.475s] Level 1:colcon.colcon_core.environment:checking '/home/hassan/ros-tuts/patrol_ws/install/turtlebot3_bringup/bin'
[5.476s] INFO:colcon.colcon_core.shell:Creating package script '/home/hassan/ros-tuts/patrol_ws/install/turtlebot3_bringup/share/turtlebot3_bringup/package.ps1'
[5.477s] INFO:colcon.colcon_core.shell:Creating package descriptor '/home/hassan/ros-tuts/patrol_ws/install/turtlebot3_bringup/share/turtlebot3_bringup/package.dsv'
[5.478s] INFO:colcon.colcon_core.shell:Creating package script '/home/hassan/ros-tuts/patrol_ws/install/turtlebot3_bringup/share/turtlebot3_bringup/package.sh'
[5.479s] INFO:colcon.colcon_core.shell:Creating package script '/home/hassan/ros-tuts/patrol_ws/install/turtlebot3_bringup/share/turtlebot3_bringup/package.bash'
[5.480s] INFO:colcon.colcon_core.shell:Creating package script '/home/hassan/ros-tuts/patrol_ws/install/turtlebot3_bringup/share/turtlebot3_bringup/package.zsh'
[5.481s] Level 1:colcon.colcon_core.environment:create_file_with_runtime_dependencies(/home/hassan/ros-tuts/patrol_ws/install/turtlebot3_bringup/share/colcon-core/packages/turtlebot3_bringup)
[5.484s] Level 1:colcon.colcon_core.environment:create_environment_scripts_only(turtlebot3_simulations)
[5.485s] Level 1:colcon.colcon_core.environment:checking '/home/hassan/ros-tuts/patrol_ws/install/turtlebot3_simulations' for CMake module files
[5.486s] Level 1:colcon.colcon_core.environment:checking '/home/hassan/ros-tuts/patrol_ws/install/turtlebot3_simulations' for CMake config files
[5.487s] Level 1:colcon.colcon_core.shell:create_environment_hook('turtlebot3_simulations', 'cmake_prefix_path')
[5.487s] INFO:colcon.colcon_core.shell:Creating environment hook '/home/hassan/ros-tuts/patrol_ws/install/turtlebot3_simulations/share/turtlebot3_simulations/hook/cmake_prefix_path.ps1'
[5.488s] INFO:colcon.colcon_core.shell:Creating environment descriptor '/home/hassan/ros-tuts/patrol_ws/install/turtlebot3_simulations/share/turtlebot3_simulations/hook/cmake_prefix_path.dsv'
[5.489s] INFO:colcon.colcon_core.shell:Creating environment hook '/home/hassan/ros-tuts/patrol_ws/install/turtlebot3_simulations/share/turtlebot3_simulations/hook/cmake_prefix_path.sh'
[5.491s] Level 1:colcon.colcon_core.environment:checking '/home/hassan/ros-tuts/patrol_ws/install/turtlebot3_simulations/bin'
[5.491s] Level 1:colcon.colcon_core.environment:checking '/home/hassan/ros-tuts/patrol_ws/install/turtlebot3_simulations/lib/pkgconfig/turtlebot3_simulations.pc'
[5.491s] Level 1:colcon.colcon_core.environment:checking '/home/hassan/ros-tuts/patrol_ws/install/turtlebot3_simulations/lib/python3.10/site-packages'
[5.492s] Level 1:colcon.colcon_core.environment:checking '/home/hassan/ros-tuts/patrol_ws/install/turtlebot3_simulations/bin'
[5.493s] INFO:colcon.colcon_core.shell:Creating package script '/home/hassan/ros-tuts/patrol_ws/install/turtlebot3_simulations/share/turtlebot3_simulations/package.ps1'
[5.494s] INFO:colcon.colcon_core.shell:Creating package descriptor '/home/hassan/ros-tuts/patrol_ws/install/turtlebot3_simulations/share/turtlebot3_simulations/package.dsv'
[5.495s] INFO:colcon.colcon_core.shell:Creating package script '/home/hassan/ros-tuts/patrol_ws/install/turtlebot3_simulations/share/turtlebot3_simulations/package.sh'
[5.496s] INFO:colcon.colcon_core.shell:Creating package script '/home/hassan/ros-tuts/patrol_ws/install/turtlebot3_simulations/share/turtlebot3_simulations/package.bash'
[5.498s] INFO:colcon.colcon_core.shell:Creating package script '/home/hassan/ros-tuts/patrol_ws/install/turtlebot3_simulations/share/turtlebot3_simulations/package.zsh'
[5.499s] Level 1:colcon.colcon_core.environment:create_file_with_runtime_dependencies(/home/hassan/ros-tuts/patrol_ws/install/turtlebot3_simulations/share/colcon-core/packages/turtlebot3_simulations)
[5.636s] DEBUG:colcon.colcon_core.event_handler.log_command:Invoking command in '/home/hassan/ros-tuts/patrol_ws/build/turtlebot3_example': AMENT_PREFIX_PATH=/home/hassan/ros-tuts/patrol_ws/install/turtlebot3_msgs:${AMENT_PREFIX_PATH} CMAKE_PREFIX_PATH=/home/hassan/ros-tuts/patrol_ws/install/turtlebot3_msgs:${CMAKE_PREFIX_PATH} LD_LIBRARY_PATH=/home/hassan/ros-tuts/patrol_ws/install/turtlebot3_msgs/lib:${LD_LIBRARY_PATH} PYTHONPATH=/home/hassan/ros-tuts/patrol_ws/build/turtlebot3_example/prefix_override:/usr/lib/python3/dist-packages/colcon_core/task/python/colcon_distutils_commands:/home/hassan/ros-tuts/patrol_ws/install/turtlebot3_example/lib/python3.10/site-packages:/home/hassan/ros-tuts/patrol_ws/install/turtlebot3_msgs/local/lib/python3.10/dist-packages:${PYTHONPATH} /usr/bin/python3 -W ignore:setup.py install is deprecated setup.py develop --editable --build-directory /home/hassan/ros-tuts/patrol_ws/build/turtlebot3_example/build --no-deps symlink_data
[5.799s] Level 1:colcon.colcon_core.shell:create_environment_hook('turtlebot3_teleop', 'pythonpath_develop')
[5.800s] INFO:colcon.colcon_core.shell:Creating environment hook '/home/hassan/ros-tuts/patrol_ws/build/turtlebot3_teleop/share/turtlebot3_teleop/hook/pythonpath_develop.ps1'
[5.801s] DEBUG:colcon.colcon_core.event_handler.log_command:Invoked command in '/home/hassan/ros-tuts/patrol_ws/build/turtlebot3_teleop' returned '0': PYTHONPATH=/home/hassan/ros-tuts/patrol_ws/build/turtlebot3_teleop/prefix_override:/usr/lib/python3/dist-packages/colcon_core/task/python/colcon_distutils_commands:/home/hassan/ros-tuts/patrol_ws/install/turtlebot3_teleop/lib/python3.10/site-packages:${PYTHONPATH} /usr/bin/python3 -W ignore:setup.py install is deprecated setup.py develop --editable --build-directory /home/hassan/ros-tuts/patrol_ws/build/turtlebot3_teleop/build --no-deps symlink_data
[5.801s] INFO:colcon.colcon_core.shell:Creating environment descriptor '/home/hassan/ros-tuts/patrol_ws/build/turtlebot3_teleop/share/turtlebot3_teleop/hook/pythonpath_develop.dsv'
[5.802s] INFO:colcon.colcon_core.shell:Creating environment hook '/home/hassan/ros-tuts/patrol_ws/build/turtlebot3_teleop/share/turtlebot3_teleop/hook/pythonpath_develop.sh'
[5.803s] Level 1:colcon.colcon_core.environment:checking '/home/hassan/ros-tuts/patrol_ws/install/turtlebot3_teleop' for CMake module files
[5.804s] Level 1:colcon.colcon_core.environment:checking '/home/hassan/ros-tuts/patrol_ws/install/turtlebot3_teleop' for CMake config files
[5.805s] Level 1:colcon.colcon_core.environment:checking '/home/hassan/ros-tuts/patrol_ws/install/turtlebot3_teleop/lib'
[5.805s] Level 1:colcon.colcon_core.environment:checking '/home/hassan/ros-tuts/patrol_ws/install/turtlebot3_teleop/bin'
[5.805s] Level 1:colcon.colcon_core.environment:checking '/home/hassan/ros-tuts/patrol_ws/install/turtlebot3_teleop/lib/pkgconfig/turtlebot3_teleop.pc'
[5.806s] Level 1:colcon.colcon_core.environment:checking '/home/hassan/ros-tuts/patrol_ws/install/turtlebot3_teleop/lib/python3.10/site-packages'
[5.806s] Level 1:colcon.colcon_core.shell:create_environment_hook('turtlebot3_teleop', 'pythonpath')
[5.806s] INFO:colcon.colcon_core.shell:Creating environment hook '/home/hassan/ros-tuts/patrol_ws/install/turtlebot3_teleop/share/turtlebot3_teleop/hook/pythonpath.ps1'
[5.807s] INFO:colcon.colcon_core.shell:Creating environment descriptor '/home/hassan/ros-tuts/patrol_ws/install/turtlebot3_teleop/share/turtlebot3_teleop/hook/pythonpath.dsv'
[5.807s] INFO:colcon.colcon_core.shell:Creating environment hook '/home/hassan/ros-tuts/patrol_ws/install/turtlebot3_teleop/share/turtlebot3_teleop/hook/pythonpath.sh'
[5.808s] Level 1:colcon.colcon_core.environment:checking '/home/hassan/ros-tuts/patrol_ws/install/turtlebot3_teleop/bin'
[5.809s] Level 1:colcon.colcon_core.environment:create_environment_scripts_only(turtlebot3_teleop)
[5.809s] INFO:colcon.colcon_core.shell:Creating package script '/home/hassan/ros-tuts/patrol_ws/install/turtlebot3_teleop/share/turtlebot3_teleop/package.ps1'
[5.810s] INFO:colcon.colcon_core.shell:Creating package descriptor '/home/hassan/ros-tuts/patrol_ws/install/turtlebot3_teleop/share/turtlebot3_teleop/package.dsv'
[5.811s] INFO:colcon.colcon_core.shell:Creating package script '/home/hassan/ros-tuts/patrol_ws/install/turtlebot3_teleop/share/turtlebot3_teleop/package.sh'
[5.812s] INFO:colcon.colcon_core.shell:Creating package script '/home/hassan/ros-tuts/patrol_ws/install/turtlebot3_teleop/share/turtlebot3_teleop/package.bash'
[5.812s] INFO:colcon.colcon_core.shell:Creating package script '/home/hassan/ros-tuts/patrol_ws/install/turtlebot3_teleop/share/turtlebot3_teleop/package.zsh'
[5.813s] Level 1:colcon.colcon_core.environment:create_file_with_runtime_dependencies(/home/hassan/ros-tuts/patrol_ws/install/turtlebot3_teleop/share/colcon-core/packages/turtlebot3_teleop)
[6.040s] Level 1:colcon.colcon_core.shell:create_environment_hook('tb3_sim', 'pythonpath_develop')
[6.041s] INFO:colcon.colcon_core.shell:Creating environment hook '/home/hassan/ros-tuts/patrol_ws/build/tb3_sim/share/tb3_sim/hook/pythonpath_develop.ps1'
[6.042s] DEBUG:colcon.colcon_core.event_handler.log_command:Invoked command in '/home/hassan/ros-tuts/patrol_ws/build/tb3_sim' returned '0': PYTHONPATH=/home/hassan/ros-tuts/patrol_ws/build/tb3_sim/prefix_override:/usr/lib/python3/dist-packages/colcon_core/task/python/colcon_distutils_commands:/home/hassan/ros-tuts/patrol_ws/install/tb3_sim/lib/python3.10/site-packages:${PYTHONPATH} /usr/bin/python3 -W ignore:setup.py install is deprecated setup.py develop --editable --build-directory /home/hassan/ros-tuts/patrol_ws/build/tb3_sim/build --no-deps symlink_data
[6.043s] INFO:colcon.colcon_core.shell:Creating environment descriptor '/home/hassan/ros-tuts/patrol_ws/build/tb3_sim/share/tb3_sim/hook/pythonpath_develop.dsv'
[6.044s] INFO:colcon.colcon_core.shell:Creating environment hook '/home/hassan/ros-tuts/patrol_ws/build/tb3_sim/share/tb3_sim/hook/pythonpath_develop.sh'
[6.045s] Level 1:colcon.colcon_core.environment:checking '/home/hassan/ros-tuts/patrol_ws/install/tb3_sim' for CMake module files
[6.046s] Level 1:colcon.colcon_core.environment:checking '/home/hassan/ros-tuts/patrol_ws/install/tb3_sim' for CMake config files
[6.047s] Level 1:colcon.colcon_core.environment:checking '/home/hassan/ros-tuts/patrol_ws/install/tb3_sim/lib'
[6.048s] Level 1:colcon.colcon_core.environment:checking '/home/hassan/ros-tuts/patrol_ws/install/tb3_sim/bin'
[6.048s] Level 1:colcon.colcon_core.environment:checking '/home/hassan/ros-tuts/patrol_ws/install/tb3_sim/lib/pkgconfig/tb3_sim.pc'
[6.048s] Level 1:colcon.colcon_core.environment:checking '/home/hassan/ros-tuts/patrol_ws/install/tb3_sim/lib/python3.10/site-packages'
[6.049s] Level 1:colcon.colcon_core.shell:create_environment_hook('tb3_sim', 'pythonpath')
[6.049s] INFO:colcon.colcon_core.shell:Creating environment hook '/home/hassan/ros-tuts/patrol_ws/install/tb3_sim/share/tb3_sim/hook/pythonpath.ps1'
[6.050s] INFO:colcon.colcon_core.shell:Creating environment descriptor '/home/hassan/ros-tuts/patrol_ws/install/tb3_sim/share/tb3_sim/hook/pythonpath.dsv'
[6.051s] INFO:colcon.colcon_core.shell:Creating environment hook '/home/hassan/ros-tuts/patrol_ws/install/tb3_sim/share/tb3_sim/hook/pythonpath.sh'
[6.052s] Level 1:colcon.colcon_core.environment:checking '/home/hassan/ros-tuts/patrol_ws/install/tb3_sim/bin'
[6.052s] Level 1:colcon.colcon_core.environment:create_environment_scripts_only(tb3_sim)
[6.053s] INFO:colcon.colcon_core.shell:Creating package script '/home/hassan/ros-tuts/patrol_ws/install/tb3_sim/share/tb3_sim/package.ps1'
[6.055s] INFO:colcon.colcon_core.shell:Creating package descriptor '/home/hassan/ros-tuts/patrol_ws/install/tb3_sim/share/tb3_sim/package.dsv'
[6.056s] INFO:colcon.colcon_core.shell:Creating package script '/home/hassan/ros-tuts/patrol_ws/install/tb3_sim/share/tb3_sim/package.sh'
[6.057s] INFO:colcon.colcon_core.shell:Creating package script '/home/hassan/ros-tuts/patrol_ws/install/tb3_sim/share/tb3_sim/package.bash'
[6.058s] INFO:colcon.colcon_core.shell:Creating package script '/home/hassan/ros-tuts/patrol_ws/install/tb3_sim/share/tb3_sim/package.zsh'
[6.058s] Level 1:colcon.colcon_core.environment:create_file_with_runtime_dependencies(/home/hassan/ros-tuts/patrol_ws/install/tb3_sim/share/colcon-core/packages/tb3_sim)
[6.461s] Level 1:colcon.colcon_core.shell:create_environment_hook('turtlebot3_example', 'pythonpath_develop')
[6.462s] INFO:colcon.colcon_core.shell:Creating environment hook '/home/hassan/ros-tuts/patrol_ws/build/turtlebot3_example/share/turtlebot3_example/hook/pythonpath_develop.ps1'
[6.463s] DEBUG:colcon.colcon_core.event_handler.log_command:Invoked command in '/home/hassan/ros-tuts/patrol_ws/build/turtlebot3_example' returned '0': AMENT_PREFIX_PATH=/home/hassan/ros-tuts/patrol_ws/install/turtlebot3_msgs:${AMENT_PREFIX_PATH} CMAKE_PREFIX_PATH=/home/hassan/ros-tuts/patrol_ws/install/turtlebot3_msgs:${CMAKE_PREFIX_PATH} LD_LIBRARY_PATH=/home/hassan/ros-tuts/patrol_ws/install/turtlebot3_msgs/lib:${LD_LIBRARY_PATH} PYTHONPATH=/home/hassan/ros-tuts/patrol_ws/build/turtlebot3_example/prefix_override:/usr/lib/python3/dist-packages/colcon_core/task/python/colcon_distutils_commands:/home/hassan/ros-tuts/patrol_ws/install/turtlebot3_example/lib/python3.10/site-packages:/home/hassan/ros-tuts/patrol_ws/install/turtlebot3_msgs/local/lib/python3.10/dist-packages:${PYTHONPATH} /usr/bin/python3 -W ignore:setup.py install is deprecated setup.py develop --editable --build-directory /home/hassan/ros-tuts/patrol_ws/build/turtlebot3_example/build --no-deps symlink_data
[6.464s] INFO:colcon.colcon_core.shell:Creating environment descriptor '/home/hassan/ros-tuts/patrol_ws/build/turtlebot3_example/share/turtlebot3_example/hook/pythonpath_develop.dsv'
[6.464s] INFO:colcon.colcon_core.shell:Creating environment hook '/home/hassan/ros-tuts/patrol_ws/build/turtlebot3_example/share/turtlebot3_example/hook/pythonpath_develop.sh'
[6.465s] Level 1:colcon.colcon_core.environment:checking '/home/hassan/ros-tuts/patrol_ws/install/turtlebot3_example' for CMake module files
[6.466s] Level 1:colcon.colcon_core.environment:checking '/home/hassan/ros-tuts/patrol_ws/install/turtlebot3_example' for CMake config files
[6.467s] Level 1:colcon.colcon_core.environment:checking '/home/hassan/ros-tuts/patrol_ws/install/turtlebot3_example/lib'
[6.467s] Level 1:colcon.colcon_core.environment:checking '/home/hassan/ros-tuts/patrol_ws/install/turtlebot3_example/bin'
[6.467s] Level 1:colcon.colcon_core.environment:checking '/home/hassan/ros-tuts/patrol_ws/install/turtlebot3_example/lib/pkgconfig/turtlebot3_example.pc'
[6.467s] Level 1:colcon.colcon_core.environment:checking '/home/hassan/ros-tuts/patrol_ws/install/turtlebot3_example/lib/python3.10/site-packages'
[6.468s] Level 1:colcon.colcon_core.shell:create_environment_hook('turtlebot3_example', 'pythonpath')
[6.468s] INFO:colcon.colcon_core.shell:Creating environment hook '/home/hassan/ros-tuts/patrol_ws/install/turtlebot3_example/share/turtlebot3_example/hook/pythonpath.ps1'
[6.469s] INFO:colcon.colcon_core.shell:Creating environment descriptor '/home/hassan/ros-tuts/patrol_ws/install/turtlebot3_example/share/turtlebot3_example/hook/pythonpath.dsv'
[6.469s] INFO:colcon.colcon_core.shell:Creating environment hook '/home/hassan/ros-tuts/patrol_ws/install/turtlebot3_example/share/turtlebot3_example/hook/pythonpath.sh'
[6.470s] Level 1:colcon.colcon_core.environment:checking '/home/hassan/ros-tuts/patrol_ws/install/turtlebot3_example/bin'
[6.470s] Level 1:colcon.colcon_core.environment:create_environment_scripts_only(turtlebot3_example)
[6.471s] INFO:colcon.colcon_core.shell:Creating package script '/home/hassan/ros-tuts/patrol_ws/install/turtlebot3_example/share/turtlebot3_example/package.ps1'
[6.472s] INFO:colcon.colcon_core.shell:Creating package descriptor '/home/hassan/ros-tuts/patrol_ws/install/turtlebot3_example/share/turtlebot3_example/package.dsv'
[6.473s] INFO:colcon.colcon_core.shell:Creating package script '/home/hassan/ros-tuts/patrol_ws/install/turtlebot3_example/share/turtlebot3_example/package.sh'
[6.473s] INFO:colcon.colcon_core.shell:Creating package script '/home/hassan/ros-tuts/patrol_ws/install/turtlebot3_example/share/turtlebot3_example/package.bash'
[6.474s] INFO:colcon.colcon_core.shell:Creating package script '/home/hassan/ros-tuts/patrol_ws/install/turtlebot3_example/share/turtlebot3_example/package.zsh'
[6.475s] Level 1:colcon.colcon_core.environment:create_file_with_runtime_dependencies(/home/hassan/ros-tuts/patrol_ws/install/turtlebot3_example/share/colcon-core/packages/turtlebot3_example)
[6.475s] INFO:colcon.colcon_ros.task.ament_cmake.build:Building ROS package in '/home/hassan/ros-tuts/patrol_ws/src/turtlebot3/turtlebot3/turtlebot3' with build type 'ament_cmake'
[6.476s] INFO:colcon.colcon_cmake.task.cmake.build:Building CMake package in '/home/hassan/ros-tuts/patrol_ws/src/turtlebot3/turtlebot3/turtlebot3'
[6.476s] INFO:colcon.colcon_core.shell:Skip shell extension 'powershell' for command environment: Not usable outside of PowerShell
[6.476s] DEBUG:colcon.colcon_core.shell:Skip shell extension 'dsv' for command environment
[6.508s] DEBUG:colcon.colcon_core.event_handler.log_command:Invoking command in '/home/hassan/ros-tuts/patrol_ws/build/turtlebot3': AMENT_PREFIX_PATH=/home/hassan/ros-tuts/patrol_ws/install/turtlebot3_bringup:/home/hassan/ros-tuts/patrol_ws/install/turtlebot3_node:/home/hassan/ros-tuts/patrol_ws/install/turtlebot3_example:/home/hassan/ros-tuts/patrol_ws/install/turtlebot3_teleop:/home/hassan/ros-tuts/patrol_ws/install/turtlebot3_navigation2:/home/hassan/ros-tuts/patrol_ws/install/turtlebot3_msgs:/home/hassan/ros-tuts/patrol_ws/install/turtlebot3_description:/home/hassan/ros-tuts/patrol_ws/install/turtlebot3_cartographer:/home/hassan/ros-tuts/patrol_ws/install/hls_lfcd_lds_driver:/home/hassan/ros-tuts/patrol_ws/install/dynamixel_sdk:${AMENT_PREFIX_PATH} CMAKE_PREFIX_PATH=/home/hassan/ros-tuts/patrol_ws/install/turtlebot3_bringup:/home/hassan/ros-tuts/patrol_ws/install/turtlebot3_node:/home/hassan/ros-tuts/patrol_ws/install/turtlebot3_navigation2:/home/hassan/ros-tuts/patrol_ws/install/turtlebot3_msgs:/home/hassan/ros-tuts/patrol_ws/install/turtlebot3_description:/home/hassan/ros-tuts/patrol_ws/install/turtlebot3_cartographer:/home/hassan/ros-tuts/patrol_ws/install/hls_lfcd_lds_driver:/home/hassan/ros-tuts/patrol_ws/install/dynamixel_sdk:/home/hassan/rosbot_ws/install/ros_bot:/opt/ros/humble LD_LIBRARY_PATH=/home/hassan/ros-tuts/patrol_ws/install/turtlebot3_msgs/lib:/home/hassan/ros-tuts/patrol_ws/install/dynamixel_sdk/lib:${LD_LIBRARY_PATH} PYTHONPATH=/home/hassan/ros-tuts/patrol_ws/build/turtlebot3_example:/home/hassan/ros-tuts/patrol_ws/install/turtlebot3_example/lib/python3.10/site-packages:/home/hassan/ros-tuts/patrol_ws/build/turtlebot3_teleop:/home/hassan/ros-tuts/patrol_ws/install/turtlebot3_teleop/lib/python3.10/site-packages:/home/hassan/ros-tuts/patrol_ws/install/turtlebot3_msgs/local/lib/python3.10/dist-packages:${PYTHONPATH} /usr/bin/cmake --build /home/hassan/ros-tuts/patrol_ws/build/turtlebot3 -- -j8 -l8
[6.568s] DEBUG:colcon.colcon_core.event_handler.log_command:Invoked command in '/home/hassan/ros-tuts/patrol_ws/build/turtlebot3' returned '0': AMENT_PREFIX_PATH=/home/hassan/ros-tuts/patrol_ws/install/turtlebot3_bringup:/home/hassan/ros-tuts/patrol_ws/install/turtlebot3_node:/home/hassan/ros-tuts/patrol_ws/install/turtlebot3_example:/home/hassan/ros-tuts/patrol_ws/install/turtlebot3_teleop:/home/hassan/ros-tuts/patrol_ws/install/turtlebot3_navigation2:/home/hassan/ros-tuts/patrol_ws/install/turtlebot3_msgs:/home/hassan/ros-tuts/patrol_ws/install/turtlebot3_description:/home/hassan/ros-tuts/patrol_ws/install/turtlebot3_cartographer:/home/hassan/ros-tuts/patrol_ws/install/hls_lfcd_lds_driver:/home/hassan/ros-tuts/patrol_ws/install/dynamixel_sdk:${AMENT_PREFIX_PATH} CMAKE_PREFIX_PATH=/home/hassan/ros-tuts/patrol_ws/install/turtlebot3_bringup:/home/hassan/ros-tuts/patrol_ws/install/turtlebot3_node:/home/hassan/ros-tuts/patrol_ws/install/turtlebot3_navigation2:/home/hassan/ros-tuts/patrol_ws/install/turtlebot3_msgs:/home/hassan/ros-tuts/patrol_ws/install/turtlebot3_description:/home/hassan/ros-tuts/patrol_ws/install/turtlebot3_cartographer:/home/hassan/ros-tuts/patrol_ws/install/hls_lfcd_lds_driver:/home/hassan/ros-tuts/patrol_ws/install/dynamixel_sdk:/home/hassan/rosbot_ws/install/ros_bot:/opt/ros/humble LD_LIBRARY_PATH=/home/hassan/ros-tuts/patrol_ws/install/turtlebot3_msgs/lib:/home/hassan/ros-tuts/patrol_ws/install/dynamixel_sdk/lib:${LD_LIBRARY_PATH} PYTHONPATH=/home/hassan/ros-tuts/patrol_ws/build/turtlebot3_example:/home/hassan/ros-tuts/patrol_ws/install/turtlebot3_example/lib/python3.10/site-packages:/home/hassan/ros-tuts/patrol_ws/build/turtlebot3_teleop:/home/hassan/ros-tuts/patrol_ws/install/turtlebot3_teleop/lib/python3.10/site-packages:/home/hassan/ros-tuts/patrol_ws/install/turtlebot3_msgs/local/lib/python3.10/dist-packages:${PYTHONPATH} /usr/bin/cmake --build /home/hassan/ros-tuts/patrol_ws/build/turtlebot3 -- -j8 -l8
[6.604s] DEBUG:colcon.colcon_core.event_handler.log_command:Invoking command in '/home/hassan/ros-tuts/patrol_ws/build/turtlebot3': AMENT_PREFIX_PATH=/home/hassan/ros-tuts/patrol_ws/install/turtlebot3_bringup:/home/hassan/ros-tuts/patrol_ws/install/turtlebot3_node:/home/hassan/ros-tuts/patrol_ws/install/turtlebot3_example:/home/hassan/ros-tuts/patrol_ws/install/turtlebot3_teleop:/home/hassan/ros-tuts/patrol_ws/install/turtlebot3_navigation2:/home/hassan/ros-tuts/patrol_ws/install/turtlebot3_msgs:/home/hassan/ros-tuts/patrol_ws/install/turtlebot3_description:/home/hassan/ros-tuts/patrol_ws/install/turtlebot3_cartographer:/home/hassan/ros-tuts/patrol_ws/install/hls_lfcd_lds_driver:/home/hassan/ros-tuts/patrol_ws/install/dynamixel_sdk:${AMENT_PREFIX_PATH} CMAKE_PREFIX_PATH=/home/hassan/ros-tuts/patrol_ws/install/turtlebot3_bringup:/home/hassan/ros-tuts/patrol_ws/install/turtlebot3_node:/home/hassan/ros-tuts/patrol_ws/install/turtlebot3_navigation2:/home/hassan/ros-tuts/patrol_ws/install/turtlebot3_msgs:/home/hassan/ros-tuts/patrol_ws/install/turtlebot3_description:/home/hassan/ros-tuts/patrol_ws/install/turtlebot3_cartographer:/home/hassan/ros-tuts/patrol_ws/install/hls_lfcd_lds_driver:/home/hassan/ros-tuts/patrol_ws/install/dynamixel_sdk:/home/hassan/rosbot_ws/install/ros_bot:/opt/ros/humble LD_LIBRARY_PATH=/home/hassan/ros-tuts/patrol_ws/install/turtlebot3_msgs/lib:/home/hassan/ros-tuts/patrol_ws/install/dynamixel_sdk/lib:${LD_LIBRARY_PATH} PYTHONPATH=/home/hassan/ros-tuts/patrol_ws/build/turtlebot3_example:/home/hassan/ros-tuts/patrol_ws/install/turtlebot3_example/lib/python3.10/site-packages:/home/hassan/ros-tuts/patrol_ws/build/turtlebot3_teleop:/home/hassan/ros-tuts/patrol_ws/install/turtlebot3_teleop/lib/python3.10/site-packages:/home/hassan/ros-tuts/patrol_ws/install/turtlebot3_msgs/local/lib/python3.10/dist-packages:${PYTHONPATH} /usr/bin/cmake --install /home/hassan/ros-tuts/patrol_ws/build/turtlebot3
[6.641s] Level 1:colcon.colcon_core.environment:create_environment_scripts_only(turtlebot3)
[6.641s] Level 1:colcon.colcon_core.environment:checking '/home/hassan/ros-tuts/patrol_ws/install/turtlebot3' for CMake module files
[6.642s] DEBUG:colcon.colcon_core.event_handler.log_command:Invoked command in '/home/hassan/ros-tuts/patrol_ws/build/turtlebot3' returned '0': AMENT_PREFIX_PATH=/home/hassan/ros-tuts/patrol_ws/install/turtlebot3_bringup:/home/hassan/ros-tuts/patrol_ws/install/turtlebot3_node:/home/hassan/ros-tuts/patrol_ws/install/turtlebot3_example:/home/hassan/ros-tuts/patrol_ws/install/turtlebot3_teleop:/home/hassan/ros-tuts/patrol_ws/install/turtlebot3_navigation2:/home/hassan/ros-tuts/patrol_ws/install/turtlebot3_msgs:/home/hassan/ros-tuts/patrol_ws/install/turtlebot3_description:/home/hassan/ros-tuts/patrol_ws/install/turtlebot3_cartographer:/home/hassan/ros-tuts/patrol_ws/install/hls_lfcd_lds_driver:/home/hassan/ros-tuts/patrol_ws/install/dynamixel_sdk:${AMENT_PREFIX_PATH} CMAKE_PREFIX_PATH=/home/hassan/ros-tuts/patrol_ws/install/turtlebot3_bringup:/home/hassan/ros-tuts/patrol_ws/install/turtlebot3_node:/home/hassan/ros-tuts/patrol_ws/install/turtlebot3_navigation2:/home/hassan/ros-tuts/patrol_ws/install/turtlebot3_msgs:/home/hassan/ros-tuts/patrol_ws/install/turtlebot3_description:/home/hassan/ros-tuts/patrol_ws/install/turtlebot3_cartographer:/home/hassan/ros-tuts/patrol_ws/install/hls_lfcd_lds_driver:/home/hassan/ros-tuts/patrol_ws/install/dynamixel_sdk:/home/hassan/rosbot_ws/install/ros_bot:/opt/ros/humble LD_LIBRARY_PATH=/home/hassan/ros-tuts/patrol_ws/install/turtlebot3_msgs/lib:/home/hassan/ros-tuts/patrol_ws/install/dynamixel_sdk/lib:${LD_LIBRARY_PATH} PYTHONPATH=/home/hassan/ros-tuts/patrol_ws/build/turtlebot3_example:/home/hassan/ros-tuts/patrol_ws/install/turtlebot3_example/lib/python3.10/site-packages:/home/hassan/ros-tuts/patrol_ws/build/turtlebot3_teleop:/home/hassan/ros-tuts/patrol_ws/install/turtlebot3_teleop/lib/python3.10/site-packages:/home/hassan/ros-tuts/patrol_ws/install/turtlebot3_msgs/local/lib/python3.10/dist-packages:${PYTHONPATH} /usr/bin/cmake --install /home/hassan/ros-tuts/patrol_ws/build/turtlebot3
[6.643s] Level 1:colcon.colcon_core.environment:checking '/home/hassan/ros-tuts/patrol_ws/install/turtlebot3' for CMake config files
[6.643s] Level 1:colcon.colcon_core.shell:create_environment_hook('turtlebot3', 'cmake_prefix_path')
[6.644s] INFO:colcon.colcon_core.shell:Creating environment hook '/home/hassan/ros-tuts/patrol_ws/install/turtlebot3/share/turtlebot3/hook/cmake_prefix_path.ps1'
[6.645s] INFO:colcon.colcon_core.shell:Creating environment descriptor '/home/hassan/ros-tuts/patrol_ws/install/turtlebot3/share/turtlebot3/hook/cmake_prefix_path.dsv'
[6.645s] INFO:colcon.colcon_core.shell:Creating environment hook '/home/hassan/ros-tuts/patrol_ws/install/turtlebot3/share/turtlebot3/hook/cmake_prefix_path.sh'
[6.646s] Level 1:colcon.colcon_core.environment:checking '/home/hassan/ros-tuts/patrol_ws/install/turtlebot3/bin'
[6.646s] Level 1:colcon.colcon_core.environment:checking '/home/hassan/ros-tuts/patrol_ws/install/turtlebot3/lib/pkgconfig/turtlebot3.pc'
[6.647s] Level 1:colcon.colcon_core.environment:checking '/home/hassan/ros-tuts/patrol_ws/install/turtlebot3/lib/python3.10/site-packages'
[6.647s] Level 1:colcon.colcon_core.environment:checking '/home/hassan/ros-tuts/patrol_ws/install/turtlebot3/bin'
[6.647s] INFO:colcon.colcon_core.shell:Creating package script '/home/hassan/ros-tuts/patrol_ws/install/turtlebot3/share/turtlebot3/package.ps1'
[6.648s] INFO:colcon.colcon_core.shell:Creating package descriptor '/home/hassan/ros-tuts/patrol_ws/install/turtlebot3/share/turtlebot3/package.dsv'
[6.649s] INFO:colcon.colcon_core.shell:Creating package script '/home/hassan/ros-tuts/patrol_ws/install/turtlebot3/share/turtlebot3/package.sh'
[6.649s] INFO:colcon.colcon_core.shell:Creating package script '/home/hassan/ros-tuts/patrol_ws/install/turtlebot3/share/turtlebot3/package.bash'
[6.651s] INFO:colcon.colcon_core.shell:Creating package script '/home/hassan/ros-tuts/patrol_ws/install/turtlebot3/share/turtlebot3/package.zsh'
[6.652s] Level 1:colcon.colcon_core.environment:create_file_with_runtime_dependencies(/home/hassan/ros-tuts/patrol_ws/install/turtlebot3/share/colcon-core/packages/turtlebot3)
[6.687s] Level 1:colcon.colcon_core.environment:create_environment_scripts_only(turtlebot3)
[6.687s] Level 1:colcon.colcon_core.environment:checking '/home/hassan/ros-tuts/patrol_ws/install/turtlebot3' for CMake module files
[6.688s] Level 1:colcon.colcon_core.environment:checking '/home/hassan/ros-tuts/patrol_ws/install/turtlebot3' for CMake config files
[6.689s] Level 1:colcon.colcon_core.shell:create_environment_hook('turtlebot3', 'cmake_prefix_path')
[6.690s] INFO:colcon.colcon_core.shell:Creating environment hook '/home/hassan/ros-tuts/patrol_ws/install/turtlebot3/share/turtlebot3/hook/cmake_prefix_path.ps1'
[6.691s] INFO:colcon.colcon_core.shell:Creating environment descriptor '/home/hassan/ros-tuts/patrol_ws/install/turtlebot3/share/turtlebot3/hook/cmake_prefix_path.dsv'
[6.692s] INFO:colcon.colcon_core.shell:Creating environment hook '/home/hassan/ros-tuts/patrol_ws/install/turtlebot3/share/turtlebot3/hook/cmake_prefix_path.sh'
[6.693s] Level 1:colcon.colcon_core.environment:checking '/home/hassan/ros-tuts/patrol_ws/install/turtlebot3/bin'
[6.693s] Level 1:colcon.colcon_core.environment:checking '/home/hassan/ros-tuts/patrol_ws/install/turtlebot3/lib/pkgconfig/turtlebot3.pc'
[6.694s] Level 1:colcon.colcon_core.environment:checking '/home/hassan/ros-tuts/patrol_ws/install/turtlebot3/lib/python3.10/site-packages'
[6.694s] Level 1:colcon.colcon_core.environment:checking '/home/hassan/ros-tuts/patrol_ws/install/turtlebot3/bin'
[6.695s] INFO:colcon.colcon_core.shell:Creating package script '/home/hassan/ros-tuts/patrol_ws/install/turtlebot3/share/turtlebot3/package.ps1'
[6.696s] INFO:colcon.colcon_core.shell:Creating package descriptor '/home/hassan/ros-tuts/patrol_ws/install/turtlebot3/share/turtlebot3/package.dsv'
[6.697s] INFO:colcon.colcon_core.shell:Creating package script '/home/hassan/ros-tuts/patrol_ws/install/turtlebot3/share/turtlebot3/package.sh'
[6.698s] INFO:colcon.colcon_core.shell:Creating package script '/home/hassan/ros-tuts/patrol_ws/install/turtlebot3/share/turtlebot3/package.bash'
[6.699s] INFO:colcon.colcon_core.shell:Creating package script '/home/hassan/ros-tuts/patrol_ws/install/turtlebot3/share/turtlebot3/package.zsh'
[6.700s] Level 1:colcon.colcon_core.environment:create_file_with_runtime_dependencies(/home/hassan/ros-tuts/patrol_ws/install/turtlebot3/share/colcon-core/packages/turtlebot3)
[6.701s] DEBUG:colcon.colcon_parallel_executor.executor.parallel:closing loop
[6.701s] DEBUG:colcon.colcon_parallel_executor.executor.parallel:loop closed
[6.701s] DEBUG:colcon.colcon_parallel_executor.executor.parallel:run_until_complete finished with '0'
[6.702s] DEBUG:colcon.colcon_core.event_reactor:joining thread
[6.714s] INFO:colcon.colcon_core.plugin_system:Skipping extension 'colcon_notification.desktop_notification.terminal_notifier': Not used on non-Darwin systems
[6.714s] INFO:colcon.colcon_core.plugin_system:Skipping extension 'colcon_notification.desktop_notification.win32': Not used on non-Windows systems
[6.714s] INFO:colcon.colcon_notification.desktop_notification:Sending desktop notification using 'notify2'
[6.762s] DEBUG:colcon.colcon_core.event_reactor:joined thread
[6.763s] INFO:colcon.colcon_core.shell:Creating prefix script '/home/hassan/ros-tuts/patrol_ws/install/local_setup.ps1'
[6.766s] INFO:colcon.colcon_core.shell:Creating prefix util module '/home/hassan/ros-tuts/patrol_ws/install/_local_setup_util_ps1.py'
[6.771s] INFO:colcon.colcon_core.shell:Creating prefix chain script '/home/hassan/ros-tuts/patrol_ws/install/setup.ps1'
[6.774s] INFO:colcon.colcon_core.shell:Creating prefix script '/home/hassan/ros-tuts/patrol_ws/install/local_setup.sh'
[6.776s] INFO:colcon.colcon_core.shell:Creating prefix util module '/home/hassan/ros-tuts/patrol_ws/install/_local_setup_util_sh.py'
[6.777s] INFO:colcon.colcon_core.shell:Creating prefix chain script '/home/hassan/ros-tuts/patrol_ws/install/setup.sh'
[6.781s] INFO:colcon.colcon_core.shell:Creating prefix script '/home/hassan/ros-tuts/patrol_ws/install/local_setup.bash'
[6.782s] INFO:colcon.colcon_core.shell:Creating prefix chain script '/home/hassan/ros-tuts/patrol_ws/install/setup.bash'
[6.785s] INFO:colcon.colcon_core.shell:Creating prefix script '/home/hassan/ros-tuts/patrol_ws/install/local_setup.zsh'
[6.787s] INFO:colcon.colcon_core.shell:Creating prefix chain script '/home/hassan/ros-tuts/patrol_ws/install/setup.zsh'
