[0.321s] DEBUG:colcon:Command line arguments: ['/usr/bin/colcon', 'build', '--symlink-install']
[0.321s] DEBUG:colcon:Parsed command line arguments: Namespace(log_base=None, log_level=None, verb_name='build', build_base='build', install_base='install', merge_install=False, symlink_install=True, test_result_base=None, continue_on_error=False, executor='parallel', parallel_workers=8, event_handlers=None, ignore_user_meta=False, metas=['./colcon.meta'], base_paths=['.'], packages_ignore=None, packages_ignore_regex=None, paths=None, packages_up_to=None, packages_up_to_regex=None, packages_above=None, packages_above_and_dependencies=None, packages_above_depth=None, packages_select_by_dep=None, packages_skip_by_dep=None, packages_skip_up_to=None, packages_select_build_failed=False, packages_skip_build_finished=False, packages_select_test_failures=False, packages_skip_test_passed=False, packages_select=None, packages_skip=None, packages_select_regex=None, packages_skip_regex=None, packages_start=None, packages_end=None, allow_overriding=[], cmake_args=None, cmake_target=None, cmake_target_skip_unavailable=False, cmake_clean_cache=False, cmake_clean_first=False, cmake_force_configure=False, ament_cmake_args=None, catkin_cmake_args=None, catkin_skip_building_tests=False, mixin_files=None, mixin=None, verb_parser=<colcon_mixin.mixin.mixin_argument.MixinArgumentDecorator object at 0x736955e429e0>, verb_extension=<colcon_core.verb.build.BuildVerb object at 0x736955f52fe0>, main=<bound method BuildVerb.main of <colcon_core.verb.build.BuildVerb object at 0x736955f52fe0>>, mixin_verb=('build',))
[0.647s] Level 1:colcon.colcon_core.package_discovery:discover_packages(colcon_meta) check parameters
[0.648s] Level 1:colcon.colcon_core.package_discovery:discover_packages(recursive) check parameters
[0.648s] Level 1:colcon.colcon_core.package_discovery:discover_packages(ignore) check parameters
[0.648s] Level 1:colcon.colcon_core.package_discovery:discover_packages(path) check parameters
[0.648s] Level 1:colcon.colcon_core.package_discovery:discover_packages(colcon_meta) discover
[0.648s] Level 1:colcon.colcon_core.package_discovery:discover_packages(recursive) discover
[0.648s] INFO:colcon.colcon_core.package_discovery:Crawling recursively for packages in '/home/hassan/ros-tuts/patrol_ws'
[0.648s] Level 1:colcon.colcon_core.package_identification:_identify(.) by extensions ['ignore', 'ignore_ament_install']
[0.648s] Level 1:colcon.colcon_core.package_identification:_identify(.) by extension 'ignore'
[0.648s] Level 1:colcon.colcon_core.package_identification:_identify(.) by extension 'ignore_ament_install'
[0.649s] Level 1:colcon.colcon_core.package_identification:_identify(.) by extensions ['colcon_pkg']
[0.649s] Level 1:colcon.colcon_core.package_identification:_identify(.) by extension 'colcon_pkg'
[0.649s] Level 1:colcon.colcon_core.package_identification:_identify(.) by extensions ['colcon_meta']
[0.649s] Level 1:colcon.colcon_core.package_identification:_identify(.) by extension 'colcon_meta'
[0.649s] Level 1:colcon.colcon_core.package_identification:_identify(.) by extensions ['ros']
[0.649s] Level 1:colcon.colcon_core.package_identification:_identify(.) by extension 'ros'
[0.670s] Level 1:colcon.colcon_core.package_identification:_identify(.) by extensions ['cmake', 'python']
[0.671s] Level 1:colcon.colcon_core.package_identification:_identify(.) by extension 'cmake'
[0.671s] Level 1:colcon.colcon_core.package_identification:_identify(.) by extension 'python'
[0.671s] Level 1:colcon.colcon_core.package_identification:_identify(.) by extensions ['python_setup_py']
[0.671s] Level 1:colcon.colcon_core.package_identification:_identify(.) by extension 'python_setup_py'
[0.671s] Level 1:colcon.colcon_core.package_identification:_identify(build) by extensions ['ignore', 'ignore_ament_install']
[0.671s] Level 1:colcon.colcon_core.package_identification:_identify(build) by extension 'ignore'
[0.671s] Level 1:colcon.colcon_core.package_identification:_identify(build) ignored
[0.672s] Level 1:colcon.colcon_core.package_identification:_identify(install) by extensions ['ignore', 'ignore_ament_install']
[0.672s] Level 1:colcon.colcon_core.package_identification:_identify(install) by extension 'ignore'
[0.672s] Level 1:colcon.colcon_core.package_identification:_identify(install) ignored
[0.672s] Level 1:colcon.colcon_core.package_identification:_identify(log) by extensions ['ignore', 'ignore_ament_install']
[0.672s] Level 1:colcon.colcon_core.package_identification:_identify(log) by extension 'ignore'
[0.672s] Level 1:colcon.colcon_core.package_identification:_identify(log) ignored
[0.672s] Level 1:colcon.colcon_core.package_identification:_identify(src) by extensions ['ignore', 'ignore_ament_install']
[0.672s] Level 1:colcon.colcon_core.package_identification:_identify(src) by extension 'ignore'
[0.672s] Level 1:colcon.colcon_core.package_identification:_identify(src) by extension 'ignore_ament_install'
[0.673s] Level 1:colcon.colcon_core.package_identification:_identify(src) by extensions ['colcon_pkg']
[0.673s] Level 1:colcon.colcon_core.package_identification:_identify(src) by extension 'colcon_pkg'
[0.673s] Level 1:colcon.colcon_core.package_identification:_identify(src) by extensions ['colcon_meta']
[0.673s] Level 1:colcon.colcon_core.package_identification:_identify(src) by extension 'colcon_meta'
[0.673s] Level 1:colcon.colcon_core.package_identification:_identify(src) by extensions ['ros']
[0.673s] Level 1:colcon.colcon_core.package_identification:_identify(src) by extension 'ros'
[0.673s] Level 1:colcon.colcon_core.package_identification:_identify(src) by extensions ['cmake', 'python']
[0.673s] Level 1:colcon.colcon_core.package_identification:_identify(src) by extension 'cmake'
[0.673s] Level 1:colcon.colcon_core.package_identification:_identify(src) by extension 'python'
[0.673s] Level 1:colcon.colcon_core.package_identification:_identify(src) by extensions ['python_setup_py']
[0.673s] Level 1:colcon.colcon_core.package_identification:_identify(src) by extension 'python_setup_py'
[0.673s] Level 1:colcon.colcon_core.package_identification:_identify(src/turtlebot3) by extensions ['ignore', 'ignore_ament_install']
[0.674s] Level 1:colcon.colcon_core.package_identification:_identify(src/turtlebot3) by extension 'ignore'
[0.674s] Level 1:colcon.colcon_core.package_identification:_identify(src/turtlebot3) by extension 'ignore_ament_install'
[0.674s] Level 1:colcon.colcon_core.package_identification:_identify(src/turtlebot3) by extensions ['colcon_pkg']
[0.674s] Level 1:colcon.colcon_core.package_identification:_identify(src/turtlebot3) by extension 'colcon_pkg'
[0.674s] Level 1:colcon.colcon_core.package_identification:_identify(src/turtlebot3) by extensions ['colcon_meta']
[0.674s] Level 1:colcon.colcon_core.package_identification:_identify(src/turtlebot3) by extension 'colcon_meta'
[0.674s] Level 1:colcon.colcon_core.package_identification:_identify(src/turtlebot3) by extensions ['ros']
[0.674s] Level 1:colcon.colcon_core.package_identification:_identify(src/turtlebot3) by extension 'ros'
[0.674s] Level 1:colcon.colcon_core.package_identification:_identify(src/turtlebot3) by extensions ['cmake', 'python']
[0.674s] Level 1:colcon.colcon_core.package_identification:_identify(src/turtlebot3) by extension 'cmake'
[0.674s] Level 1:colcon.colcon_core.package_identification:_identify(src/turtlebot3) by extension 'python'
[0.674s] Level 1:colcon.colcon_core.package_identification:_identify(src/turtlebot3) by extensions ['python_setup_py']
[0.674s] Level 1:colcon.colcon_core.package_identification:_identify(src/turtlebot3) by extension 'python_setup_py'
[0.675s] Level 1:colcon.colcon_core.package_identification:_identify(src/turtlebot3/turtlebot3) by extensions ['ignore', 'ignore_ament_install']
[0.675s] Level 1:colcon.colcon_core.package_identification:_identify(src/turtlebot3/turtlebot3) by extension 'ignore'
[0.675s] Level 1:colcon.colcon_core.package_identification:_identify(src/turtlebot3/turtlebot3) by extension 'ignore_ament_install'
[0.675s] Level 1:colcon.colcon_core.package_identification:_identify(src/turtlebot3/turtlebot3) by extensions ['colcon_pkg']
[0.675s] Level 1:colcon.colcon_core.package_identification:_identify(src/turtlebot3/turtlebot3) by extension 'colcon_pkg'
[0.675s] Level 1:colcon.colcon_core.package_identification:_identify(src/turtlebot3/turtlebot3) by extensions ['colcon_meta']
[0.675s] Level 1:colcon.colcon_core.package_identification:_identify(src/turtlebot3/turtlebot3) by extension 'colcon_meta'
[0.675s] Level 1:colcon.colcon_core.package_identification:_identify(src/turtlebot3/turtlebot3) by extensions ['ros']
[0.675s] Level 1:colcon.colcon_core.package_identification:_identify(src/turtlebot3/turtlebot3) by extension 'ros'
[0.675s] Level 1:colcon.colcon_core.package_identification:_identify(src/turtlebot3/turtlebot3) by extensions ['cmake', 'python']
[0.675s] Level 1:colcon.colcon_core.package_identification:_identify(src/turtlebot3/turtlebot3) by extension 'cmake'
[0.675s] Level 1:colcon.colcon_core.package_identification:_identify(src/turtlebot3/turtlebot3) by extension 'python'
[0.676s] Level 1:colcon.colcon_core.package_identification:_identify(src/turtlebot3/turtlebot3) by extensions ['python_setup_py']
[0.676s] Level 1:colcon.colcon_core.package_identification:_identify(src/turtlebot3/turtlebot3) by extension 'python_setup_py'
[0.676s] Level 1:colcon.colcon_core.package_identification:_identify(src/turtlebot3/turtlebot3/turtlebot3) by extensions ['ignore', 'ignore_ament_install']
[0.676s] Level 1:colcon.colcon_core.package_identification:_identify(src/turtlebot3/turtlebot3/turtlebot3) by extension 'ignore'
[0.676s] Level 1:colcon.colcon_core.package_identification:_identify(src/turtlebot3/turtlebot3/turtlebot3) by extension 'ignore_ament_install'
[0.676s] Level 1:colcon.colcon_core.package_identification:_identify(src/turtlebot3/turtlebot3/turtlebot3) by extensions ['colcon_pkg']
[0.676s] Level 1:colcon.colcon_core.package_identification:_identify(src/turtlebot3/turtlebot3/turtlebot3) by extension 'colcon_pkg'
[0.676s] Level 1:colcon.colcon_core.package_identification:_identify(src/turtlebot3/turtlebot3/turtlebot3) by extensions ['colcon_meta']
[0.676s] Level 1:colcon.colcon_core.package_identification:_identify(src/turtlebot3/turtlebot3/turtlebot3) by extension 'colcon_meta'
[0.676s] Level 1:colcon.colcon_core.package_identification:_identify(src/turtlebot3/turtlebot3/turtlebot3) by extensions ['ros']
[0.676s] Level 1:colcon.colcon_core.package_identification:_identify(src/turtlebot3/turtlebot3/turtlebot3) by extension 'ros'
[0.682s] DEBUG:colcon.colcon_core.package_identification:Package 'src/turtlebot3/turtlebot3/turtlebot3' with type 'ros.ament_cmake' and name 'turtlebot3'
[0.682s] Level 1:colcon.colcon_core.package_identification:_identify(src/turtlebot3/turtlebot3/turtlebot3_bringup) by extensions ['ignore', 'ignore_ament_install']
[0.682s] Level 1:colcon.colcon_core.package_identification:_identify(src/turtlebot3/turtlebot3/turtlebot3_bringup) by extension 'ignore'
[0.682s] Level 1:colcon.colcon_core.package_identification:_identify(src/turtlebot3/turtlebot3/turtlebot3_bringup) by extension 'ignore_ament_install'
[0.683s] Level 1:colcon.colcon_core.package_identification:_identify(src/turtlebot3/turtlebot3/turtlebot3_bringup) by extensions ['colcon_pkg']
[0.683s] Level 1:colcon.colcon_core.package_identification:_identify(src/turtlebot3/turtlebot3/turtlebot3_bringup) by extension 'colcon_pkg'
[0.683s] Level 1:colcon.colcon_core.package_identification:_identify(src/turtlebot3/turtlebot3/turtlebot3_bringup) by extensions ['colcon_meta']
[0.683s] Level 1:colcon.colcon_core.package_identification:_identify(src/turtlebot3/turtlebot3/turtlebot3_bringup) by extension 'colcon_meta'
[0.683s] Level 1:colcon.colcon_core.package_identification:_identify(src/turtlebot3/turtlebot3/turtlebot3_bringup) by extensions ['ros']
[0.683s] Level 1:colcon.colcon_core.package_identification:_identify(src/turtlebot3/turtlebot3/turtlebot3_bringup) by extension 'ros'
[0.684s] DEBUG:colcon.colcon_core.package_identification:Package 'src/turtlebot3/turtlebot3/turtlebot3_bringup' with type 'ros.ament_cmake' and name 'turtlebot3_bringup'
[0.684s] Level 1:colcon.colcon_core.package_identification:_identify(src/turtlebot3/turtlebot3/turtlebot3_cartographer) by extensions ['ignore', 'ignore_ament_install']
[0.684s] Level 1:colcon.colcon_core.package_identification:_identify(src/turtlebot3/turtlebot3/turtlebot3_cartographer) by extension 'ignore'
[0.684s] Level 1:colcon.colcon_core.package_identification:_identify(src/turtlebot3/turtlebot3/turtlebot3_cartographer) by extension 'ignore_ament_install'
[0.684s] Level 1:colcon.colcon_core.package_identification:_identify(src/turtlebot3/turtlebot3/turtlebot3_cartographer) by extensions ['colcon_pkg']
[0.685s] Level 1:colcon.colcon_core.package_identification:_identify(src/turtlebot3/turtlebot3/turtlebot3_cartographer) by extension 'colcon_pkg'
[0.685s] Level 1:colcon.colcon_core.package_identification:_identify(src/turtlebot3/turtlebot3/turtlebot3_cartographer) by extensions ['colcon_meta']
[0.685s] Level 1:colcon.colcon_core.package_identification:_identify(src/turtlebot3/turtlebot3/turtlebot3_cartographer) by extension 'colcon_meta'
[0.685s] Level 1:colcon.colcon_core.package_identification:_identify(src/turtlebot3/turtlebot3/turtlebot3_cartographer) by extensions ['ros']
[0.685s] Level 1:colcon.colcon_core.package_identification:_identify(src/turtlebot3/turtlebot3/turtlebot3_cartographer) by extension 'ros'
[0.686s] DEBUG:colcon.colcon_core.package_identification:Package 'src/turtlebot3/turtlebot3/turtlebot3_cartographer' with type 'ros.ament_cmake' and name 'turtlebot3_cartographer'
[0.686s] Level 1:colcon.colcon_core.package_identification:_identify(src/turtlebot3/turtlebot3/turtlebot3_description) by extensions ['ignore', 'ignore_ament_install']
[0.686s] Level 1:colcon.colcon_core.package_identification:_identify(src/turtlebot3/turtlebot3/turtlebot3_description) by extension 'ignore'
[0.686s] Level 1:colcon.colcon_core.package_identification:_identify(src/turtlebot3/turtlebot3/turtlebot3_description) by extension 'ignore_ament_install'
[0.686s] Level 1:colcon.colcon_core.package_identification:_identify(src/turtlebot3/turtlebot3/turtlebot3_description) by extensions ['colcon_pkg']
[0.686s] Level 1:colcon.colcon_core.package_identification:_identify(src/turtlebot3/turtlebot3/turtlebot3_description) by extension 'colcon_pkg'
[0.686s] Level 1:colcon.colcon_core.package_identification:_identify(src/turtlebot3/turtlebot3/turtlebot3_description) by extensions ['colcon_meta']
[0.686s] Level 1:colcon.colcon_core.package_identification:_identify(src/turtlebot3/turtlebot3/turtlebot3_description) by extension 'colcon_meta'
[0.687s] Level 1:colcon.colcon_core.package_identification:_identify(src/turtlebot3/turtlebot3/turtlebot3_description) by extensions ['ros']
[0.687s] Level 1:colcon.colcon_core.package_identification:_identify(src/turtlebot3/turtlebot3/turtlebot3_description) by extension 'ros'
[0.688s] DEBUG:colcon.colcon_core.package_identification:Package 'src/turtlebot3/turtlebot3/turtlebot3_description' with type 'ros.ament_cmake' and name 'turtlebot3_description'
[0.688s] Level 1:colcon.colcon_core.package_identification:_identify(src/turtlebot3/turtlebot3/turtlebot3_example) by extensions ['ignore', 'ignore_ament_install']
[0.688s] Level 1:colcon.colcon_core.package_identification:_identify(src/turtlebot3/turtlebot3/turtlebot3_example) by extension 'ignore'
[0.688s] Level 1:colcon.colcon_core.package_identification:_identify(src/turtlebot3/turtlebot3/turtlebot3_example) by extension 'ignore_ament_install'
[0.688s] Level 1:colcon.colcon_core.package_identification:_identify(src/turtlebot3/turtlebot3/turtlebot3_example) by extensions ['colcon_pkg']
[0.688s] Level 1:colcon.colcon_core.package_identification:_identify(src/turtlebot3/turtlebot3/turtlebot3_example) by extension 'colcon_pkg'
[0.688s] Level 1:colcon.colcon_core.package_identification:_identify(src/turtlebot3/turtlebot3/turtlebot3_example) by extensions ['colcon_meta']
[0.688s] Level 1:colcon.colcon_core.package_identification:_identify(src/turtlebot3/turtlebot3/turtlebot3_example) by extension 'colcon_meta'
[0.688s] Level 1:colcon.colcon_core.package_identification:_identify(src/turtlebot3/turtlebot3/turtlebot3_example) by extensions ['ros']
[0.689s] Level 1:colcon.colcon_core.package_identification:_identify(src/turtlebot3/turtlebot3/turtlebot3_example) by extension 'ros'
[0.690s] DEBUG:colcon.colcon_core.package_identification:Package 'src/turtlebot3/turtlebot3/turtlebot3_example' with type 'ros.ament_python' and name 'turtlebot3_example'
[0.690s] Level 1:colcon.colcon_core.package_identification:_identify(src/turtlebot3/turtlebot3/turtlebot3_navigation2) by extensions ['ignore', 'ignore_ament_install']
[0.691s] Level 1:colcon.colcon_core.package_identification:_identify(src/turtlebot3/turtlebot3/turtlebot3_navigation2) by extension 'ignore'
[0.691s] Level 1:colcon.colcon_core.package_identification:_identify(src/turtlebot3/turtlebot3/turtlebot3_navigation2) by extension 'ignore_ament_install'
[0.691s] Level 1:colcon.colcon_core.package_identification:_identify(src/turtlebot3/turtlebot3/turtlebot3_navigation2) by extensions ['colcon_pkg']
[0.691s] Level 1:colcon.colcon_core.package_identification:_identify(src/turtlebot3/turtlebot3/turtlebot3_navigation2) by extension 'colcon_pkg'
[0.691s] Level 1:colcon.colcon_core.package_identification:_identify(src/turtlebot3/turtlebot3/turtlebot3_navigation2) by extensions ['colcon_meta']
[0.691s] Level 1:colcon.colcon_core.package_identification:_identify(src/turtlebot3/turtlebot3/turtlebot3_navigation2) by extension 'colcon_meta'
[0.691s] Level 1:colcon.colcon_core.package_identification:_identify(src/turtlebot3/turtlebot3/turtlebot3_navigation2) by extensions ['ros']
[0.691s] Level 1:colcon.colcon_core.package_identification:_identify(src/turtlebot3/turtlebot3/turtlebot3_navigation2) by extension 'ros'
[0.692s] DEBUG:colcon.colcon_core.package_identification:Package 'src/turtlebot3/turtlebot3/turtlebot3_navigation2' with type 'ros.ament_cmake' and name 'turtlebot3_navigation2'
[0.692s] Level 1:colcon.colcon_core.package_identification:_identify(src/turtlebot3/turtlebot3/turtlebot3_node) by extensions ['ignore', 'ignore_ament_install']
[0.692s] Level 1:colcon.colcon_core.package_identification:_identify(src/turtlebot3/turtlebot3/turtlebot3_node) by extension 'ignore'
[0.693s] Level 1:colcon.colcon_core.package_identification:_identify(src/turtlebot3/turtlebot3/turtlebot3_node) by extension 'ignore_ament_install'
[0.693s] Level 1:colcon.colcon_core.package_identification:_identify(src/turtlebot3/turtlebot3/turtlebot3_node) by extensions ['colcon_pkg']
[0.693s] Level 1:colcon.colcon_core.package_identification:_identify(src/turtlebot3/turtlebot3/turtlebot3_node) by extension 'colcon_pkg'
[0.693s] Level 1:colcon.colcon_core.package_identification:_identify(src/turtlebot3/turtlebot3/turtlebot3_node) by extensions ['colcon_meta']
[0.693s] Level 1:colcon.colcon_core.package_identification:_identify(src/turtlebot3/turtlebot3/turtlebot3_node) by extension 'colcon_meta'
[0.693s] Level 1:colcon.colcon_core.package_identification:_identify(src/turtlebot3/turtlebot3/turtlebot3_node) by extensions ['ros']
[0.693s] Level 1:colcon.colcon_core.package_identification:_identify(src/turtlebot3/turtlebot3/turtlebot3_node) by extension 'ros'
[0.695s] DEBUG:colcon.colcon_core.package_identification:Package 'src/turtlebot3/turtlebot3/turtlebot3_node' with type 'ros.ament_cmake' and name 'turtlebot3_node'
[0.696s] Level 1:colcon.colcon_core.package_identification:_identify(src/turtlebot3/turtlebot3/turtlebot3_teleop) by extensions ['ignore', 'ignore_ament_install']
[0.696s] Level 1:colcon.colcon_core.package_identification:_identify(src/turtlebot3/turtlebot3/turtlebot3_teleop) by extension 'ignore'
[0.696s] Level 1:colcon.colcon_core.package_identification:_identify(src/turtlebot3/turtlebot3/turtlebot3_teleop) by extension 'ignore_ament_install'
[0.696s] Level 1:colcon.colcon_core.package_identification:_identify(src/turtlebot3/turtlebot3/turtlebot3_teleop) by extensions ['colcon_pkg']
[0.696s] Level 1:colcon.colcon_core.package_identification:_identify(src/turtlebot3/turtlebot3/turtlebot3_teleop) by extension 'colcon_pkg'
[0.696s] Level 1:colcon.colcon_core.package_identification:_identify(src/turtlebot3/turtlebot3/turtlebot3_teleop) by extensions ['colcon_meta']
[0.696s] Level 1:colcon.colcon_core.package_identification:_identify(src/turtlebot3/turtlebot3/turtlebot3_teleop) by extension 'colcon_meta'
[0.696s] Level 1:colcon.colcon_core.package_identification:_identify(src/turtlebot3/turtlebot3/turtlebot3_teleop) by extensions ['ros']
[0.696s] Level 1:colcon.colcon_core.package_identification:_identify(src/turtlebot3/turtlebot3/turtlebot3_teleop) by extension 'ros'
[0.697s] DEBUG:colcon.colcon_core.package_identification:Package 'src/turtlebot3/turtlebot3/turtlebot3_teleop' with type 'ros.ament_python' and name 'turtlebot3_teleop'
[0.698s] Level 1:colcon.colcon_core.package_identification:_identify(src/turtlebot3/turtlebot3_msgs) by extensions ['ignore', 'ignore_ament_install']
[0.698s] Level 1:colcon.colcon_core.package_identification:_identify(src/turtlebot3/turtlebot3_msgs) by extension 'ignore'
[0.698s] Level 1:colcon.colcon_core.package_identification:_identify(src/turtlebot3/turtlebot3_msgs) by extension 'ignore_ament_install'
[0.698s] Level 1:colcon.colcon_core.package_identification:_identify(src/turtlebot3/turtlebot3_msgs) by extensions ['colcon_pkg']
[0.698s] Level 1:colcon.colcon_core.package_identification:_identify(src/turtlebot3/turtlebot3_msgs) by extension 'colcon_pkg'
[0.698s] Level 1:colcon.colcon_core.package_identification:_identify(src/turtlebot3/turtlebot3_msgs) by extensions ['colcon_meta']
[0.698s] Level 1:colcon.colcon_core.package_identification:_identify(src/turtlebot3/turtlebot3_msgs) by extension 'colcon_meta'
[0.698s] Level 1:colcon.colcon_core.package_identification:_identify(src/turtlebot3/turtlebot3_msgs) by extensions ['ros']
[0.698s] Level 1:colcon.colcon_core.package_identification:_identify(src/turtlebot3/turtlebot3_msgs) by extension 'ros'
[0.700s] DEBUG:colcon.colcon_core.package_identification:Package 'src/turtlebot3/turtlebot3_msgs' with type 'ros.ament_cmake' and name 'turtlebot3_msgs'
[0.700s] Level 1:colcon.colcon_core.package_identification:_identify(src/turtlebot3/turtlebot3_simulations) by extensions ['ignore', 'ignore_ament_install']
[0.700s] Level 1:colcon.colcon_core.package_identification:_identify(src/turtlebot3/turtlebot3_simulations) by extension 'ignore'
[0.700s] Level 1:colcon.colcon_core.package_identification:_identify(src/turtlebot3/turtlebot3_simulations) by extension 'ignore_ament_install'
[0.700s] Level 1:colcon.colcon_core.package_identification:_identify(src/turtlebot3/turtlebot3_simulations) by extensions ['colcon_pkg']
[0.700s] Level 1:colcon.colcon_core.package_identification:_identify(src/turtlebot3/turtlebot3_simulations) by extension 'colcon_pkg'
[0.700s] Level 1:colcon.colcon_core.package_identification:_identify(src/turtlebot3/turtlebot3_simulations) by extensions ['colcon_meta']
[0.700s] Level 1:colcon.colcon_core.package_identification:_identify(src/turtlebot3/turtlebot3_simulations) by extension 'colcon_meta'
[0.700s] Level 1:colcon.colcon_core.package_identification:_identify(src/turtlebot3/turtlebot3_simulations) by extensions ['ros']
[0.700s] Level 1:colcon.colcon_core.package_identification:_identify(src/turtlebot3/turtlebot3_simulations) by extension 'ros'
[0.701s] Level 1:colcon.colcon_core.package_identification:_identify(src/turtlebot3/turtlebot3_simulations) by extensions ['cmake', 'python']
[0.701s] Level 1:colcon.colcon_core.package_identification:_identify(src/turtlebot3/turtlebot3_simulations) by extension 'cmake'
[0.701s] Level 1:colcon.colcon_core.package_identification:_identify(src/turtlebot3/turtlebot3_simulations) by extension 'python'
[0.701s] Level 1:colcon.colcon_core.package_identification:_identify(src/turtlebot3/turtlebot3_simulations) by extensions ['python_setup_py']
[0.701s] Level 1:colcon.colcon_core.package_identification:_identify(src/turtlebot3/turtlebot3_simulations) by extension 'python_setup_py'
[0.701s] Level 1:colcon.colcon_core.package_identification:_identify(src/turtlebot3/turtlebot3_simulations/turtlebot3_fake_node) by extensions ['ignore', 'ignore_ament_install']
[0.701s] Level 1:colcon.colcon_core.package_identification:_identify(src/turtlebot3/turtlebot3_simulations/turtlebot3_fake_node) by extension 'ignore'
[0.701s] Level 1:colcon.colcon_core.package_identification:_identify(src/turtlebot3/turtlebot3_simulations/turtlebot3_fake_node) by extension 'ignore_ament_install'
[0.701s] Level 1:colcon.colcon_core.package_identification:_identify(src/turtlebot3/turtlebot3_simulations/turtlebot3_fake_node) by extensions ['colcon_pkg']
[0.701s] Level 1:colcon.colcon_core.package_identification:_identify(src/turtlebot3/turtlebot3_simulations/turtlebot3_fake_node) by extension 'colcon_pkg'
[0.701s] Level 1:colcon.colcon_core.package_identification:_identify(src/turtlebot3/turtlebot3_simulations/turtlebot3_fake_node) by extensions ['colcon_meta']
[0.701s] Level 1:colcon.colcon_core.package_identification:_identify(src/turtlebot3/turtlebot3_simulations/turtlebot3_fake_node) by extension 'colcon_meta'
[0.702s] Level 1:colcon.colcon_core.package_identification:_identify(src/turtlebot3/turtlebot3_simulations/turtlebot3_fake_node) by extensions ['ros']
[0.702s] Level 1:colcon.colcon_core.package_identification:_identify(src/turtlebot3/turtlebot3_simulations/turtlebot3_fake_node) by extension 'ros'
[0.703s] DEBUG:colcon.colcon_core.package_identification:Package 'src/turtlebot3/turtlebot3_simulations/turtlebot3_fake_node' with type 'ros.ament_cmake' and name 'turtlebot3_fake_node'
[0.704s] Level 1:colcon.colcon_core.package_identification:_identify(src/turtlebot3/turtlebot3_simulations/turtlebot3_gazebo) by extensions ['ignore', 'ignore_ament_install']
[0.704s] Level 1:colcon.colcon_core.package_identification:_identify(src/turtlebot3/turtlebot3_simulations/turtlebot3_gazebo) by extension 'ignore'
[0.704s] Level 1:colcon.colcon_core.package_identification:_identify(src/turtlebot3/turtlebot3_simulations/turtlebot3_gazebo) by extension 'ignore_ament_install'
[0.704s] Level 1:colcon.colcon_core.package_identification:_identify(src/turtlebot3/turtlebot3_simulations/turtlebot3_gazebo) by extensions ['colcon_pkg']
[0.704s] Level 1:colcon.colcon_core.package_identification:_identify(src/turtlebot3/turtlebot3_simulations/turtlebot3_gazebo) by extension 'colcon_pkg'
[0.704s] Level 1:colcon.colcon_core.package_identification:_identify(src/turtlebot3/turtlebot3_simulations/turtlebot3_gazebo) by extensions ['colcon_meta']
[0.704s] Level 1:colcon.colcon_core.package_identification:_identify(src/turtlebot3/turtlebot3_simulations/turtlebot3_gazebo) by extension 'colcon_meta'
[0.704s] Level 1:colcon.colcon_core.package_identification:_identify(src/turtlebot3/turtlebot3_simulations/turtlebot3_gazebo) by extensions ['ros']
[0.704s] Level 1:colcon.colcon_core.package_identification:_identify(src/turtlebot3/turtlebot3_simulations/turtlebot3_gazebo) by extension 'ros'
[0.706s] DEBUG:colcon.colcon_core.package_identification:Package 'src/turtlebot3/turtlebot3_simulations/turtlebot3_gazebo' with type 'ros.ament_cmake' and name 'turtlebot3_gazebo'
[0.706s] Level 1:colcon.colcon_core.package_identification:_identify(src/turtlebot3/turtlebot3_simulations/turtlebot3_simulations) by extensions ['ignore', 'ignore_ament_install']
[0.706s] Level 1:colcon.colcon_core.package_identification:_identify(src/turtlebot3/turtlebot3_simulations/turtlebot3_simulations) by extension 'ignore'
[0.706s] Level 1:colcon.colcon_core.package_identification:_identify(src/turtlebot3/turtlebot3_simulations/turtlebot3_simulations) by extension 'ignore_ament_install'
[0.706s] Level 1:colcon.colcon_core.package_identification:_identify(src/turtlebot3/turtlebot3_simulations/turtlebot3_simulations) by extensions ['colcon_pkg']
[0.706s] Level 1:colcon.colcon_core.package_identification:_identify(src/turtlebot3/turtlebot3_simulations/turtlebot3_simulations) by extension 'colcon_pkg'
[0.706s] Level 1:colcon.colcon_core.package_identification:_identify(src/turtlebot3/turtlebot3_simulations/turtlebot3_simulations) by extensions ['colcon_meta']
[0.706s] Level 1:colcon.colcon_core.package_identification:_identify(src/turtlebot3/turtlebot3_simulations/turtlebot3_simulations) by extension 'colcon_meta'
[0.707s] Level 1:colcon.colcon_core.package_identification:_identify(src/turtlebot3/turtlebot3_simulations/turtlebot3_simulations) by extensions ['ros']
[0.707s] Level 1:colcon.colcon_core.package_identification:_identify(src/turtlebot3/turtlebot3_simulations/turtlebot3_simulations) by extension 'ros'
[0.708s] DEBUG:colcon.colcon_core.package_identification:Package 'src/turtlebot3/turtlebot3_simulations/turtlebot3_simulations' with type 'ros.ament_cmake' and name 'turtlebot3_simulations'
[0.708s] Level 1:colcon.colcon_core.package_identification:_identify(src/utils) by extensions ['ignore', 'ignore_ament_install']
[0.708s] Level 1:colcon.colcon_core.package_identification:_identify(src/utils) by extension 'ignore'
[0.708s] Level 1:colcon.colcon_core.package_identification:_identify(src/utils) by extension 'ignore_ament_install'
[0.708s] Level 1:colcon.colcon_core.package_identification:_identify(src/utils) by extensions ['colcon_pkg']
[0.708s] Level 1:colcon.colcon_core.package_identification:_identify(src/utils) by extension 'colcon_pkg'
[0.708s] Level 1:colcon.colcon_core.package_identification:_identify(src/utils) by extensions ['colcon_meta']
[0.708s] Level 1:colcon.colcon_core.package_identification:_identify(src/utils) by extension 'colcon_meta'
[0.708s] Level 1:colcon.colcon_core.package_identification:_identify(src/utils) by extensions ['ros']
[0.708s] Level 1:colcon.colcon_core.package_identification:_identify(src/utils) by extension 'ros'
[0.709s] Level 1:colcon.colcon_core.package_identification:_identify(src/utils) by extensions ['cmake', 'python']
[0.709s] Level 1:colcon.colcon_core.package_identification:_identify(src/utils) by extension 'cmake'
[0.709s] Level 1:colcon.colcon_core.package_identification:_identify(src/utils) by extension 'python'
[0.709s] Level 1:colcon.colcon_core.package_identification:_identify(src/utils) by extensions ['python_setup_py']
[0.709s] Level 1:colcon.colcon_core.package_identification:_identify(src/utils) by extension 'python_setup_py'
[0.709s] Level 1:colcon.colcon_core.package_identification:_identify(src/utils/DynamixelSDK) by extensions ['ignore', 'ignore_ament_install']
[0.711s] Level 1:colcon.colcon_core.package_identification:_identify(src/utils/DynamixelSDK) by extension 'ignore'
[0.711s] Level 1:colcon.colcon_core.package_identification:_identify(src/utils/DynamixelSDK) by extension 'ignore_ament_install'
[0.711s] Level 1:colcon.colcon_core.package_identification:_identify(src/utils/DynamixelSDK) by extensions ['colcon_pkg']
[0.711s] Level 1:colcon.colcon_core.package_identification:_identify(src/utils/DynamixelSDK) by extension 'colcon_pkg'
[0.711s] Level 1:colcon.colcon_core.package_identification:_identify(src/utils/DynamixelSDK) by extensions ['colcon_meta']
[0.711s] Level 1:colcon.colcon_core.package_identification:_identify(src/utils/DynamixelSDK) by extension 'colcon_meta'
[0.711s] Level 1:colcon.colcon_core.package_identification:_identify(src/utils/DynamixelSDK) by extensions ['ros']
[0.711s] Level 1:colcon.colcon_core.package_identification:_identify(src/utils/DynamixelSDK) by extension 'ros'
[0.712s] Level 1:colcon.colcon_core.package_identification:_identify(src/utils/DynamixelSDK) by extensions ['cmake', 'python']
[0.712s] Level 1:colcon.colcon_core.package_identification:_identify(src/utils/DynamixelSDK) by extension 'cmake'
[0.712s] Level 1:colcon.colcon_core.package_identification:_identify(src/utils/DynamixelSDK) by extension 'python'
[0.712s] Level 1:colcon.colcon_core.package_identification:_identify(src/utils/DynamixelSDK) by extensions ['python_setup_py']
[0.712s] Level 1:colcon.colcon_core.package_identification:_identify(src/utils/DynamixelSDK) by extension 'python_setup_py'
[0.712s] Level 1:colcon.colcon_core.package_identification:_identify(src/utils/DynamixelSDK/dynamixel_sdk) by extensions ['ignore', 'ignore_ament_install']
[0.712s] Level 1:colcon.colcon_core.package_identification:_identify(src/utils/DynamixelSDK/dynamixel_sdk) by extension 'ignore'
[0.712s] Level 1:colcon.colcon_core.package_identification:_identify(src/utils/DynamixelSDK/dynamixel_sdk) by extension 'ignore_ament_install'
[0.712s] Level 1:colcon.colcon_core.package_identification:_identify(src/utils/DynamixelSDK/dynamixel_sdk) by extensions ['colcon_pkg']
[0.712s] Level 1:colcon.colcon_core.package_identification:_identify(src/utils/DynamixelSDK/dynamixel_sdk) by extension 'colcon_pkg'
[0.712s] Level 1:colcon.colcon_core.package_identification:_identify(src/utils/DynamixelSDK/dynamixel_sdk) by extensions ['colcon_meta']
[0.713s] Level 1:colcon.colcon_core.package_identification:_identify(src/utils/DynamixelSDK/dynamixel_sdk) by extension 'colcon_meta'
[0.713s] Level 1:colcon.colcon_core.package_identification:_identify(src/utils/DynamixelSDK/dynamixel_sdk) by extensions ['ros']
[0.713s] Level 1:colcon.colcon_core.package_identification:_identify(src/utils/DynamixelSDK/dynamixel_sdk) by extension 'ros'
[0.714s] DEBUG:colcon.colcon_core.package_identification:Package 'src/utils/DynamixelSDK/dynamixel_sdk' with type 'ros.ament_cmake' and name 'dynamixel_sdk'
[0.714s] Level 1:colcon.colcon_core.package_identification:_identify(src/utils/DynamixelSDK/dynamixel_sdk_custom_interfaces) by extensions ['ignore', 'ignore_ament_install']
[0.714s] Level 1:colcon.colcon_core.package_identification:_identify(src/utils/DynamixelSDK/dynamixel_sdk_custom_interfaces) by extension 'ignore'
[0.714s] Level 1:colcon.colcon_core.package_identification:_identify(src/utils/DynamixelSDK/dynamixel_sdk_custom_interfaces) by extension 'ignore_ament_install'
[0.714s] Level 1:colcon.colcon_core.package_identification:_identify(src/utils/DynamixelSDK/dynamixel_sdk_custom_interfaces) by extensions ['colcon_pkg']
[0.714s] Level 1:colcon.colcon_core.package_identification:_identify(src/utils/DynamixelSDK/dynamixel_sdk_custom_interfaces) by extension 'colcon_pkg'
[0.714s] Level 1:colcon.colcon_core.package_identification:_identify(src/utils/DynamixelSDK/dynamixel_sdk_custom_interfaces) by extensions ['colcon_meta']
[0.714s] Level 1:colcon.colcon_core.package_identification:_identify(src/utils/DynamixelSDK/dynamixel_sdk_custom_interfaces) by extension 'colcon_meta'
[0.715s] Level 1:colcon.colcon_core.package_identification:_identify(src/utils/DynamixelSDK/dynamixel_sdk_custom_interfaces) by extensions ['ros']
[0.715s] Level 1:colcon.colcon_core.package_identification:_identify(src/utils/DynamixelSDK/dynamixel_sdk_custom_interfaces) by extension 'ros'
[0.716s] DEBUG:colcon.colcon_core.package_identification:Package 'src/utils/DynamixelSDK/dynamixel_sdk_custom_interfaces' with type 'ros.ament_cmake' and name 'dynamixel_sdk_custom_interfaces'
[0.716s] Level 1:colcon.colcon_core.package_identification:_identify(src/utils/DynamixelSDK/dynamixel_sdk_examples) by extensions ['ignore', 'ignore_ament_install']
[0.716s] Level 1:colcon.colcon_core.package_identification:_identify(src/utils/DynamixelSDK/dynamixel_sdk_examples) by extension 'ignore'
[0.716s] Level 1:colcon.colcon_core.package_identification:_identify(src/utils/DynamixelSDK/dynamixel_sdk_examples) by extension 'ignore_ament_install'
[0.716s] Level 1:colcon.colcon_core.package_identification:_identify(src/utils/DynamixelSDK/dynamixel_sdk_examples) by extensions ['colcon_pkg']
[0.716s] Level 1:colcon.colcon_core.package_identification:_identify(src/utils/DynamixelSDK/dynamixel_sdk_examples) by extension 'colcon_pkg'
[0.716s] Level 1:colcon.colcon_core.package_identification:_identify(src/utils/DynamixelSDK/dynamixel_sdk_examples) by extensions ['colcon_meta']
[0.716s] Level 1:colcon.colcon_core.package_identification:_identify(src/utils/DynamixelSDK/dynamixel_sdk_examples) by extension 'colcon_meta'
[0.716s] Level 1:colcon.colcon_core.package_identification:_identify(src/utils/DynamixelSDK/dynamixel_sdk_examples) by extensions ['ros']
[0.717s] Level 1:colcon.colcon_core.package_identification:_identify(src/utils/DynamixelSDK/dynamixel_sdk_examples) by extension 'ros'
[0.718s] DEBUG:colcon.colcon_core.package_identification:Package 'src/utils/DynamixelSDK/dynamixel_sdk_examples' with type 'ros.ament_cmake' and name 'dynamixel_sdk_examples'
[0.718s] Level 1:colcon.colcon_core.package_identification:_identify(src/utils/hls_lfcd_lds_driver) by extensions ['ignore', 'ignore_ament_install']
[0.718s] Level 1:colcon.colcon_core.package_identification:_identify(src/utils/hls_lfcd_lds_driver) by extension 'ignore'
[0.718s] Level 1:colcon.colcon_core.package_identification:_identify(src/utils/hls_lfcd_lds_driver) by extension 'ignore_ament_install'
[0.718s] Level 1:colcon.colcon_core.package_identification:_identify(src/utils/hls_lfcd_lds_driver) by extensions ['colcon_pkg']
[0.719s] Level 1:colcon.colcon_core.package_identification:_identify(src/utils/hls_lfcd_lds_driver) by extension 'colcon_pkg'
[0.719s] Level 1:colcon.colcon_core.package_identification:_identify(src/utils/hls_lfcd_lds_driver) by extensions ['colcon_meta']
[0.719s] Level 1:colcon.colcon_core.package_identification:_identify(src/utils/hls_lfcd_lds_driver) by extension 'colcon_meta'
[0.719s] Level 1:colcon.colcon_core.package_identification:_identify(src/utils/hls_lfcd_lds_driver) by extensions ['ros']
[0.719s] Level 1:colcon.colcon_core.package_identification:_identify(src/utils/hls_lfcd_lds_driver) by extension 'ros'
[0.720s] DEBUG:colcon.colcon_core.package_identification:Package 'src/utils/hls_lfcd_lds_driver' with type 'ros.ament_cmake' and name 'hls_lfcd_lds_driver'
[0.720s] Level 1:colcon.colcon_core.package_discovery:discover_packages(recursive) using defaults
[0.720s] Level 1:colcon.colcon_core.package_discovery:discover_packages(ignore) discover
[0.720s] Level 1:colcon.colcon_core.package_discovery:discover_packages(ignore) using defaults
[0.720s] Level 1:colcon.colcon_core.package_discovery:discover_packages(path) discover
[0.721s] Level 1:colcon.colcon_core.package_discovery:discover_packages(path) using defaults
[0.787s] Level 1:colcon.colcon_core.package_discovery:discover_packages(prefix_path) check parameters
[0.788s] Level 1:colcon.colcon_core.package_discovery:discover_packages(prefix_path) discover
[0.793s] DEBUG:colcon.colcon_installed_package_information.package_discovery:Found 1 installed packages in /home/hassan/rosbot_ws/install
[0.795s] DEBUG:colcon.colcon_installed_package_information.package_discovery:Found 363 installed packages in /opt/ros/humble
[0.798s] Level 1:colcon.colcon_core.package_discovery:discover_packages(prefix_path) using defaults
[0.879s] Level 5:colcon.colcon_core.verb:set package 'dynamixel_sdk' build argument 'cmake_args' from command line to 'None'
[0.880s] Level 5:colcon.colcon_core.verb:set package 'dynamixel_sdk' build argument 'cmake_target' from command line to 'None'
[0.880s] Level 5:colcon.colcon_core.verb:set package 'dynamixel_sdk' build argument 'cmake_target_skip_unavailable' from command line to 'False'
[0.880s] Level 5:colcon.colcon_core.verb:set package 'dynamixel_sdk' build argument 'cmake_clean_cache' from command line to 'False'
[0.880s] Level 5:colcon.colcon_core.verb:set package 'dynamixel_sdk' build argument 'cmake_clean_first' from command line to 'False'
[0.880s] Level 5:colcon.colcon_core.verb:set package 'dynamixel_sdk' build argument 'cmake_force_configure' from command line to 'False'
[0.880s] Level 5:colcon.colcon_core.verb:set package 'dynamixel_sdk' build argument 'ament_cmake_args' from command line to 'None'
[0.880s] Level 5:colcon.colcon_core.verb:set package 'dynamixel_sdk' build argument 'catkin_cmake_args' from command line to 'None'
[0.880s] Level 5:colcon.colcon_core.verb:set package 'dynamixel_sdk' build argument 'catkin_skip_building_tests' from command line to 'False'
[0.880s] DEBUG:colcon.colcon_core.verb:Building package 'dynamixel_sdk' with the following arguments: {'ament_cmake_args': None, 'build_base': '/home/hassan/ros-tuts/patrol_ws/build/dynamixel_sdk', 'catkin_cmake_args': None, 'catkin_skip_building_tests': False, 'cmake_args': None, 'cmake_clean_cache': False, 'cmake_clean_first': False, 'cmake_force_configure': False, 'cmake_target': None, 'cmake_target_skip_unavailable': False, 'install_base': '/home/hassan/ros-tuts/patrol_ws/install/dynamixel_sdk', 'merge_install': False, 'path': '/home/hassan/ros-tuts/patrol_ws/src/utils/DynamixelSDK/dynamixel_sdk', 'symlink_install': True, 'test_result_base': None}
[0.881s] Level 5:colcon.colcon_core.verb:set package 'dynamixel_sdk_custom_interfaces' build argument 'cmake_args' from command line to 'None'
[0.881s] Level 5:colcon.colcon_core.verb:set package 'dynamixel_sdk_custom_interfaces' build argument 'cmake_target' from command line to 'None'
[0.881s] Level 5:colcon.colcon_core.verb:set package 'dynamixel_sdk_custom_interfaces' build argument 'cmake_target_skip_unavailable' from command line to 'False'
[0.881s] Level 5:colcon.colcon_core.verb:set package 'dynamixel_sdk_custom_interfaces' build argument 'cmake_clean_cache' from command line to 'False'
[0.881s] Level 5:colcon.colcon_core.verb:set package 'dynamixel_sdk_custom_interfaces' build argument 'cmake_clean_first' from command line to 'False'
[0.881s] Level 5:colcon.colcon_core.verb:set package 'dynamixel_sdk_custom_interfaces' build argument 'cmake_force_configure' from command line to 'False'
[0.881s] Level 5:colcon.colcon_core.verb:set package 'dynamixel_sdk_custom_interfaces' build argument 'ament_cmake_args' from command line to 'None'
[0.881s] Level 5:colcon.colcon_core.verb:set package 'dynamixel_sdk_custom_interfaces' build argument 'catkin_cmake_args' from command line to 'None'
[0.881s] Level 5:colcon.colcon_core.verb:set package 'dynamixel_sdk_custom_interfaces' build argument 'catkin_skip_building_tests' from command line to 'False'
[0.881s] DEBUG:colcon.colcon_core.verb:Building package 'dynamixel_sdk_custom_interfaces' with the following arguments: {'ament_cmake_args': None, 'build_base': '/home/hassan/ros-tuts/patrol_ws/build/dynamixel_sdk_custom_interfaces', 'catkin_cmake_args': None, 'catkin_skip_building_tests': False, 'cmake_args': None, 'cmake_clean_cache': False, 'cmake_clean_first': False, 'cmake_force_configure': False, 'cmake_target': None, 'cmake_target_skip_unavailable': False, 'install_base': '/home/hassan/ros-tuts/patrol_ws/install/dynamixel_sdk_custom_interfaces', 'merge_install': False, 'path': '/home/hassan/ros-tuts/patrol_ws/src/utils/DynamixelSDK/dynamixel_sdk_custom_interfaces', 'symlink_install': True, 'test_result_base': None}
[0.882s] Level 5:colcon.colcon_core.verb:set package 'hls_lfcd_lds_driver' build argument 'cmake_args' from command line to 'None'
[0.882s] Level 5:colcon.colcon_core.verb:set package 'hls_lfcd_lds_driver' build argument 'cmake_target' from command line to 'None'
[0.882s] Level 5:colcon.colcon_core.verb:set package 'hls_lfcd_lds_driver' build argument 'cmake_target_skip_unavailable' from command line to 'False'
[0.882s] Level 5:colcon.colcon_core.verb:set package 'hls_lfcd_lds_driver' build argument 'cmake_clean_cache' from command line to 'False'
[0.882s] Level 5:colcon.colcon_core.verb:set package 'hls_lfcd_lds_driver' build argument 'cmake_clean_first' from command line to 'False'
[0.882s] Level 5:colcon.colcon_core.verb:set package 'hls_lfcd_lds_driver' build argument 'cmake_force_configure' from command line to 'False'
[0.882s] Level 5:colcon.colcon_core.verb:set package 'hls_lfcd_lds_driver' build argument 'ament_cmake_args' from command line to 'None'
[0.882s] Level 5:colcon.colcon_core.verb:set package 'hls_lfcd_lds_driver' build argument 'catkin_cmake_args' from command line to 'None'
[0.882s] Level 5:colcon.colcon_core.verb:set package 'hls_lfcd_lds_driver' build argument 'catkin_skip_building_tests' from command line to 'False'
[0.882s] DEBUG:colcon.colcon_core.verb:Building package 'hls_lfcd_lds_driver' with the following arguments: {'ament_cmake_args': None, 'build_base': '/home/hassan/ros-tuts/patrol_ws/build/hls_lfcd_lds_driver', 'catkin_cmake_args': None, 'catkin_skip_building_tests': False, 'cmake_args': None, 'cmake_clean_cache': False, 'cmake_clean_first': False, 'cmake_force_configure': False, 'cmake_target': None, 'cmake_target_skip_unavailable': False, 'install_base': '/home/hassan/ros-tuts/patrol_ws/install/hls_lfcd_lds_driver', 'merge_install': False, 'path': '/home/hassan/ros-tuts/patrol_ws/src/utils/hls_lfcd_lds_driver', 'symlink_install': True, 'test_result_base': None}
[0.882s] Level 5:colcon.colcon_core.verb:set package 'turtlebot3_cartographer' build argument 'cmake_args' from command line to 'None'
[0.883s] Level 5:colcon.colcon_core.verb:set package 'turtlebot3_cartographer' build argument 'cmake_target' from command line to 'None'
[0.883s] Level 5:colcon.colcon_core.verb:set package 'turtlebot3_cartographer' build argument 'cmake_target_skip_unavailable' from command line to 'False'
[0.883s] Level 5:colcon.colcon_core.verb:set package 'turtlebot3_cartographer' build argument 'cmake_clean_cache' from command line to 'False'
[0.883s] Level 5:colcon.colcon_core.verb:set package 'turtlebot3_cartographer' build argument 'cmake_clean_first' from command line to 'False'
[0.883s] Level 5:colcon.colcon_core.verb:set package 'turtlebot3_cartographer' build argument 'cmake_force_configure' from command line to 'False'
[0.883s] Level 5:colcon.colcon_core.verb:set package 'turtlebot3_cartographer' build argument 'ament_cmake_args' from command line to 'None'
[0.883s] Level 5:colcon.colcon_core.verb:set package 'turtlebot3_cartographer' build argument 'catkin_cmake_args' from command line to 'None'
[0.883s] Level 5:colcon.colcon_core.verb:set package 'turtlebot3_cartographer' build argument 'catkin_skip_building_tests' from command line to 'False'
[0.883s] DEBUG:colcon.colcon_core.verb:Building package 'turtlebot3_cartographer' with the following arguments: {'ament_cmake_args': None, 'build_base': '/home/hassan/ros-tuts/patrol_ws/build/turtlebot3_cartographer', 'catkin_cmake_args': None, 'catkin_skip_building_tests': False, 'cmake_args': None, 'cmake_clean_cache': False, 'cmake_clean_first': False, 'cmake_force_configure': False, 'cmake_target': None, 'cmake_target_skip_unavailable': False, 'install_base': '/home/hassan/ros-tuts/patrol_ws/install/turtlebot3_cartographer', 'merge_install': False, 'path': '/home/hassan/ros-tuts/patrol_ws/src/turtlebot3/turtlebot3/turtlebot3_cartographer', 'symlink_install': True, 'test_result_base': None}
[0.883s] Level 5:colcon.colcon_core.verb:set package 'turtlebot3_description' build argument 'cmake_args' from command line to 'None'
[0.883s] Level 5:colcon.colcon_core.verb:set package 'turtlebot3_description' build argument 'cmake_target' from command line to 'None'
[0.883s] Level 5:colcon.colcon_core.verb:set package 'turtlebot3_description' build argument 'cmake_target_skip_unavailable' from command line to 'False'
[0.884s] Level 5:colcon.colcon_core.verb:set package 'turtlebot3_description' build argument 'cmake_clean_cache' from command line to 'False'
[0.884s] Level 5:colcon.colcon_core.verb:set package 'turtlebot3_description' build argument 'cmake_clean_first' from command line to 'False'
[0.884s] Level 5:colcon.colcon_core.verb:set package 'turtlebot3_description' build argument 'cmake_force_configure' from command line to 'False'
[0.884s] Level 5:colcon.colcon_core.verb:set package 'turtlebot3_description' build argument 'ament_cmake_args' from command line to 'None'
[0.884s] Level 5:colcon.colcon_core.verb:set package 'turtlebot3_description' build argument 'catkin_cmake_args' from command line to 'None'
[0.884s] Level 5:colcon.colcon_core.verb:set package 'turtlebot3_description' build argument 'catkin_skip_building_tests' from command line to 'False'
[0.884s] DEBUG:colcon.colcon_core.verb:Building package 'turtlebot3_description' with the following arguments: {'ament_cmake_args': None, 'build_base': '/home/hassan/ros-tuts/patrol_ws/build/turtlebot3_description', 'catkin_cmake_args': None, 'catkin_skip_building_tests': False, 'cmake_args': None, 'cmake_clean_cache': False, 'cmake_clean_first': False, 'cmake_force_configure': False, 'cmake_target': None, 'cmake_target_skip_unavailable': False, 'install_base': '/home/hassan/ros-tuts/patrol_ws/install/turtlebot3_description', 'merge_install': False, 'path': '/home/hassan/ros-tuts/patrol_ws/src/turtlebot3/turtlebot3/turtlebot3_description', 'symlink_install': True, 'test_result_base': None}
[0.884s] Level 5:colcon.colcon_core.verb:set package 'turtlebot3_gazebo' build argument 'cmake_args' from command line to 'None'
[0.884s] Level 5:colcon.colcon_core.verb:set package 'turtlebot3_gazebo' build argument 'cmake_target' from command line to 'None'
[0.884s] Level 5:colcon.colcon_core.verb:set package 'turtlebot3_gazebo' build argument 'cmake_target_skip_unavailable' from command line to 'False'
[0.884s] Level 5:colcon.colcon_core.verb:set package 'turtlebot3_gazebo' build argument 'cmake_clean_cache' from command line to 'False'
[0.885s] Level 5:colcon.colcon_core.verb:set package 'turtlebot3_gazebo' build argument 'cmake_clean_first' from command line to 'False'
[0.885s] Level 5:colcon.colcon_core.verb:set package 'turtlebot3_gazebo' build argument 'cmake_force_configure' from command line to 'False'
[0.885s] Level 5:colcon.colcon_core.verb:set package 'turtlebot3_gazebo' build argument 'ament_cmake_args' from command line to 'None'
[0.885s] Level 5:colcon.colcon_core.verb:set package 'turtlebot3_gazebo' build argument 'catkin_cmake_args' from command line to 'None'
[0.885s] Level 5:colcon.colcon_core.verb:set package 'turtlebot3_gazebo' build argument 'catkin_skip_building_tests' from command line to 'False'
[0.885s] DEBUG:colcon.colcon_core.verb:Building package 'turtlebot3_gazebo' with the following arguments: {'ament_cmake_args': None, 'build_base': '/home/hassan/ros-tuts/patrol_ws/build/turtlebot3_gazebo', 'catkin_cmake_args': None, 'catkin_skip_building_tests': False, 'cmake_args': None, 'cmake_clean_cache': False, 'cmake_clean_first': False, 'cmake_force_configure': False, 'cmake_target': None, 'cmake_target_skip_unavailable': False, 'install_base': '/home/hassan/ros-tuts/patrol_ws/install/turtlebot3_gazebo', 'merge_install': False, 'path': '/home/hassan/ros-tuts/patrol_ws/src/turtlebot3/turtlebot3_simulations/turtlebot3_gazebo', 'symlink_install': True, 'test_result_base': None}
[0.885s] Level 5:colcon.colcon_core.verb:set package 'turtlebot3_msgs' build argument 'cmake_args' from command line to 'None'
[0.885s] Level 5:colcon.colcon_core.verb:set package 'turtlebot3_msgs' build argument 'cmake_target' from command line to 'None'
[0.885s] Level 5:colcon.colcon_core.verb:set package 'turtlebot3_msgs' build argument 'cmake_target_skip_unavailable' from command line to 'False'
[0.885s] Level 5:colcon.colcon_core.verb:set package 'turtlebot3_msgs' build argument 'cmake_clean_cache' from command line to 'False'
[0.885s] Level 5:colcon.colcon_core.verb:set package 'turtlebot3_msgs' build argument 'cmake_clean_first' from command line to 'False'
[0.885s] Level 5:colcon.colcon_core.verb:set package 'turtlebot3_msgs' build argument 'cmake_force_configure' from command line to 'False'
[0.886s] Level 5:colcon.colcon_core.verb:set package 'turtlebot3_msgs' build argument 'ament_cmake_args' from command line to 'None'
[0.886s] Level 5:colcon.colcon_core.verb:set package 'turtlebot3_msgs' build argument 'catkin_cmake_args' from command line to 'None'
[0.886s] Level 5:colcon.colcon_core.verb:set package 'turtlebot3_msgs' build argument 'catkin_skip_building_tests' from command line to 'False'
[0.886s] DEBUG:colcon.colcon_core.verb:Building package 'turtlebot3_msgs' with the following arguments: {'ament_cmake_args': None, 'build_base': '/home/hassan/ros-tuts/patrol_ws/build/turtlebot3_msgs', 'catkin_cmake_args': None, 'catkin_skip_building_tests': False, 'cmake_args': None, 'cmake_clean_cache': False, 'cmake_clean_first': False, 'cmake_force_configure': False, 'cmake_target': None, 'cmake_target_skip_unavailable': False, 'install_base': '/home/hassan/ros-tuts/patrol_ws/install/turtlebot3_msgs', 'merge_install': False, 'path': '/home/hassan/ros-tuts/patrol_ws/src/turtlebot3/turtlebot3_msgs', 'symlink_install': True, 'test_result_base': None}
[0.886s] Level 5:colcon.colcon_core.verb:set package 'turtlebot3_navigation2' build argument 'cmake_args' from command line to 'None'
[0.886s] Level 5:colcon.colcon_core.verb:set package 'turtlebot3_navigation2' build argument 'cmake_target' from command line to 'None'
[0.886s] Level 5:colcon.colcon_core.verb:set package 'turtlebot3_navigation2' build argument 'cmake_target_skip_unavailable' from command line to 'False'
[0.886s] Level 5:colcon.colcon_core.verb:set package 'turtlebot3_navigation2' build argument 'cmake_clean_cache' from command line to 'False'
[0.886s] Level 5:colcon.colcon_core.verb:set package 'turtlebot3_navigation2' build argument 'cmake_clean_first' from command line to 'False'
[0.886s] Level 5:colcon.colcon_core.verb:set package 'turtlebot3_navigation2' build argument 'cmake_force_configure' from command line to 'False'
[0.886s] Level 5:colcon.colcon_core.verb:set package 'turtlebot3_navigation2' build argument 'ament_cmake_args' from command line to 'None'
[0.886s] Level 5:colcon.colcon_core.verb:set package 'turtlebot3_navigation2' build argument 'catkin_cmake_args' from command line to 'None'
[0.887s] Level 5:colcon.colcon_core.verb:set package 'turtlebot3_navigation2' build argument 'catkin_skip_building_tests' from command line to 'False'
[0.887s] DEBUG:colcon.colcon_core.verb:Building package 'turtlebot3_navigation2' with the following arguments: {'ament_cmake_args': None, 'build_base': '/home/hassan/ros-tuts/patrol_ws/build/turtlebot3_navigation2', 'catkin_cmake_args': None, 'catkin_skip_building_tests': False, 'cmake_args': None, 'cmake_clean_cache': False, 'cmake_clean_first': False, 'cmake_force_configure': False, 'cmake_target': None, 'cmake_target_skip_unavailable': False, 'install_base': '/home/hassan/ros-tuts/patrol_ws/install/turtlebot3_navigation2', 'merge_install': False, 'path': '/home/hassan/ros-tuts/patrol_ws/src/turtlebot3/turtlebot3/turtlebot3_navigation2', 'symlink_install': True, 'test_result_base': None}
[0.887s] Level 5:colcon.colcon_core.verb:set package 'turtlebot3_teleop' build argument 'cmake_args' from command line to 'None'
[0.887s] Level 5:colcon.colcon_core.verb:set package 'turtlebot3_teleop' build argument 'cmake_target' from command line to 'None'
[0.887s] Level 5:colcon.colcon_core.verb:set package 'turtlebot3_teleop' build argument 'cmake_target_skip_unavailable' from command line to 'False'
[0.887s] Level 5:colcon.colcon_core.verb:set package 'turtlebot3_teleop' build argument 'cmake_clean_cache' from command line to 'False'
[0.887s] Level 5:colcon.colcon_core.verb:set package 'turtlebot3_teleop' build argument 'cmake_clean_first' from command line to 'False'
[0.887s] Level 5:colcon.colcon_core.verb:set package 'turtlebot3_teleop' build argument 'cmake_force_configure' from command line to 'False'
[0.887s] Level 5:colcon.colcon_core.verb:set package 'turtlebot3_teleop' build argument 'ament_cmake_args' from command line to 'None'
[0.887s] Level 5:colcon.colcon_core.verb:set package 'turtlebot3_teleop' build argument 'catkin_cmake_args' from command line to 'None'
[0.887s] Level 5:colcon.colcon_core.verb:set package 'turtlebot3_teleop' build argument 'catkin_skip_building_tests' from command line to 'False'
[0.887s] DEBUG:colcon.colcon_core.verb:Building package 'turtlebot3_teleop' with the following arguments: {'ament_cmake_args': None, 'build_base': '/home/hassan/ros-tuts/patrol_ws/build/turtlebot3_teleop', 'catkin_cmake_args': None, 'catkin_skip_building_tests': False, 'cmake_args': None, 'cmake_clean_cache': False, 'cmake_clean_first': False, 'cmake_force_configure': False, 'cmake_target': None, 'cmake_target_skip_unavailable': False, 'install_base': '/home/hassan/ros-tuts/patrol_ws/install/turtlebot3_teleop', 'merge_install': False, 'path': '/home/hassan/ros-tuts/patrol_ws/src/turtlebot3/turtlebot3/turtlebot3_teleop', 'symlink_install': True, 'test_result_base': None}
[0.888s] Level 5:colcon.colcon_core.verb:set package 'dynamixel_sdk_examples' build argument 'cmake_args' from command line to 'None'
[0.888s] Level 5:colcon.colcon_core.verb:set package 'dynamixel_sdk_examples' build argument 'cmake_target' from command line to 'None'
[0.888s] Level 5:colcon.colcon_core.verb:set package 'dynamixel_sdk_examples' build argument 'cmake_target_skip_unavailable' from command line to 'False'
[0.888s] Level 5:colcon.colcon_core.verb:set package 'dynamixel_sdk_examples' build argument 'cmake_clean_cache' from command line to 'False'
[0.888s] Level 5:colcon.colcon_core.verb:set package 'dynamixel_sdk_examples' build argument 'cmake_clean_first' from command line to 'False'
[0.888s] Level 5:colcon.colcon_core.verb:set package 'dynamixel_sdk_examples' build argument 'cmake_force_configure' from command line to 'False'
[0.888s] Level 5:colcon.colcon_core.verb:set package 'dynamixel_sdk_examples' build argument 'ament_cmake_args' from command line to 'None'
[0.888s] Level 5:colcon.colcon_core.verb:set package 'dynamixel_sdk_examples' build argument 'catkin_cmake_args' from command line to 'None'
[0.888s] Level 5:colcon.colcon_core.verb:set package 'dynamixel_sdk_examples' build argument 'catkin_skip_building_tests' from command line to 'False'
[0.888s] DEBUG:colcon.colcon_core.verb:Building package 'dynamixel_sdk_examples' with the following arguments: {'ament_cmake_args': None, 'build_base': '/home/hassan/ros-tuts/patrol_ws/build/dynamixel_sdk_examples', 'catkin_cmake_args': None, 'catkin_skip_building_tests': False, 'cmake_args': None, 'cmake_clean_cache': False, 'cmake_clean_first': False, 'cmake_force_configure': False, 'cmake_target': None, 'cmake_target_skip_unavailable': False, 'install_base': '/home/hassan/ros-tuts/patrol_ws/install/dynamixel_sdk_examples', 'merge_install': False, 'path': '/home/hassan/ros-tuts/patrol_ws/src/utils/DynamixelSDK/dynamixel_sdk_examples', 'symlink_install': True, 'test_result_base': None}
[0.889s] Level 5:colcon.colcon_core.verb:set package 'turtlebot3_example' build argument 'cmake_args' from command line to 'None'
[0.889s] Level 5:colcon.colcon_core.verb:set package 'turtlebot3_example' build argument 'cmake_target' from command line to 'None'
[0.889s] Level 5:colcon.colcon_core.verb:set package 'turtlebot3_example' build argument 'cmake_target_skip_unavailable' from command line to 'False'
[0.889s] Level 5:colcon.colcon_core.verb:set package 'turtlebot3_example' build argument 'cmake_clean_cache' from command line to 'False'
[0.889s] Level 5:colcon.colcon_core.verb:set package 'turtlebot3_example' build argument 'cmake_clean_first' from command line to 'False'
[0.889s] Level 5:colcon.colcon_core.verb:set package 'turtlebot3_example' build argument 'cmake_force_configure' from command line to 'False'
[0.889s] Level 5:colcon.colcon_core.verb:set package 'turtlebot3_example' build argument 'ament_cmake_args' from command line to 'None'
[0.889s] Level 5:colcon.colcon_core.verb:set package 'turtlebot3_example' build argument 'catkin_cmake_args' from command line to 'None'
[0.889s] Level 5:colcon.colcon_core.verb:set package 'turtlebot3_example' build argument 'catkin_skip_building_tests' from command line to 'False'
[0.889s] DEBUG:colcon.colcon_core.verb:Building package 'turtlebot3_example' with the following arguments: {'ament_cmake_args': None, 'build_base': '/home/hassan/ros-tuts/patrol_ws/build/turtlebot3_example', 'catkin_cmake_args': None, 'catkin_skip_building_tests': False, 'cmake_args': None, 'cmake_clean_cache': False, 'cmake_clean_first': False, 'cmake_force_configure': False, 'cmake_target': None, 'cmake_target_skip_unavailable': False, 'install_base': '/home/hassan/ros-tuts/patrol_ws/install/turtlebot3_example', 'merge_install': False, 'path': '/home/hassan/ros-tuts/patrol_ws/src/turtlebot3/turtlebot3/turtlebot3_example', 'symlink_install': True, 'test_result_base': None}
[0.890s] Level 5:colcon.colcon_core.verb:set package 'turtlebot3_fake_node' build argument 'cmake_args' from command line to 'None'
[0.890s] Level 5:colcon.colcon_core.verb:set package 'turtlebot3_fake_node' build argument 'cmake_target' from command line to 'None'
[0.890s] Level 5:colcon.colcon_core.verb:set package 'turtlebot3_fake_node' build argument 'cmake_target_skip_unavailable' from command line to 'False'
[0.890s] Level 5:colcon.colcon_core.verb:set package 'turtlebot3_fake_node' build argument 'cmake_clean_cache' from command line to 'False'
[0.890s] Level 5:colcon.colcon_core.verb:set package 'turtlebot3_fake_node' build argument 'cmake_clean_first' from command line to 'False'
[0.890s] Level 5:colcon.colcon_core.verb:set package 'turtlebot3_fake_node' build argument 'cmake_force_configure' from command line to 'False'
[0.890s] Level 5:colcon.colcon_core.verb:set package 'turtlebot3_fake_node' build argument 'ament_cmake_args' from command line to 'None'
[0.890s] Level 5:colcon.colcon_core.verb:set package 'turtlebot3_fake_node' build argument 'catkin_cmake_args' from command line to 'None'
[0.890s] Level 5:colcon.colcon_core.verb:set package 'turtlebot3_fake_node' build argument 'catkin_skip_building_tests' from command line to 'False'
[0.890s] DEBUG:colcon.colcon_core.verb:Building package 'turtlebot3_fake_node' with the following arguments: {'ament_cmake_args': None, 'build_base': '/home/hassan/ros-tuts/patrol_ws/build/turtlebot3_fake_node', 'catkin_cmake_args': None, 'catkin_skip_building_tests': False, 'cmake_args': None, 'cmake_clean_cache': False, 'cmake_clean_first': False, 'cmake_force_configure': False, 'cmake_target': None, 'cmake_target_skip_unavailable': False, 'install_base': '/home/hassan/ros-tuts/patrol_ws/install/turtlebot3_fake_node', 'merge_install': False, 'path': '/home/hassan/ros-tuts/patrol_ws/src/turtlebot3/turtlebot3_simulations/turtlebot3_fake_node', 'symlink_install': True, 'test_result_base': None}
[0.891s] Level 5:colcon.colcon_core.verb:set package 'turtlebot3_node' build argument 'cmake_args' from command line to 'None'
[0.891s] Level 5:colcon.colcon_core.verb:set package 'turtlebot3_node' build argument 'cmake_target' from command line to 'None'
[0.891s] Level 5:colcon.colcon_core.verb:set package 'turtlebot3_node' build argument 'cmake_target_skip_unavailable' from command line to 'False'
[0.891s] Level 5:colcon.colcon_core.verb:set package 'turtlebot3_node' build argument 'cmake_clean_cache' from command line to 'False'
[0.891s] Level 5:colcon.colcon_core.verb:set package 'turtlebot3_node' build argument 'cmake_clean_first' from command line to 'False'
[0.891s] Level 5:colcon.colcon_core.verb:set package 'turtlebot3_node' build argument 'cmake_force_configure' from command line to 'False'
[0.891s] Level 5:colcon.colcon_core.verb:set package 'turtlebot3_node' build argument 'ament_cmake_args' from command line to 'None'
[0.891s] Level 5:colcon.colcon_core.verb:set package 'turtlebot3_node' build argument 'catkin_cmake_args' from command line to 'None'
[0.891s] Level 5:colcon.colcon_core.verb:set package 'turtlebot3_node' build argument 'catkin_skip_building_tests' from command line to 'False'
[0.891s] DEBUG:colcon.colcon_core.verb:Building package 'turtlebot3_node' with the following arguments: {'ament_cmake_args': None, 'build_base': '/home/hassan/ros-tuts/patrol_ws/build/turtlebot3_node', 'catkin_cmake_args': None, 'catkin_skip_building_tests': False, 'cmake_args': None, 'cmake_clean_cache': False, 'cmake_clean_first': False, 'cmake_force_configure': False, 'cmake_target': None, 'cmake_target_skip_unavailable': False, 'install_base': '/home/hassan/ros-tuts/patrol_ws/install/turtlebot3_node', 'merge_install': False, 'path': '/home/hassan/ros-tuts/patrol_ws/src/turtlebot3/turtlebot3/turtlebot3_node', 'symlink_install': True, 'test_result_base': None}
[0.892s] Level 5:colcon.colcon_core.verb:set package 'turtlebot3_bringup' build argument 'cmake_args' from command line to 'None'
[0.892s] Level 5:colcon.colcon_core.verb:set package 'turtlebot3_bringup' build argument 'cmake_target' from command line to 'None'
[0.892s] Level 5:colcon.colcon_core.verb:set package 'turtlebot3_bringup' build argument 'cmake_target_skip_unavailable' from command line to 'False'
[0.892s] Level 5:colcon.colcon_core.verb:set package 'turtlebot3_bringup' build argument 'cmake_clean_cache' from command line to 'False'
[0.892s] Level 5:colcon.colcon_core.verb:set package 'turtlebot3_bringup' build argument 'cmake_clean_first' from command line to 'False'
[0.892s] Level 5:colcon.colcon_core.verb:set package 'turtlebot3_bringup' build argument 'cmake_force_configure' from command line to 'False'
[0.892s] Level 5:colcon.colcon_core.verb:set package 'turtlebot3_bringup' build argument 'ament_cmake_args' from command line to 'None'
[0.892s] Level 5:colcon.colcon_core.verb:set package 'turtlebot3_bringup' build argument 'catkin_cmake_args' from command line to 'None'
[0.892s] Level 5:colcon.colcon_core.verb:set package 'turtlebot3_bringup' build argument 'catkin_skip_building_tests' from command line to 'False'
[0.892s] DEBUG:colcon.colcon_core.verb:Building package 'turtlebot3_bringup' with the following arguments: {'ament_cmake_args': None, 'build_base': '/home/hassan/ros-tuts/patrol_ws/build/turtlebot3_bringup', 'catkin_cmake_args': None, 'catkin_skip_building_tests': False, 'cmake_args': None, 'cmake_clean_cache': False, 'cmake_clean_first': False, 'cmake_force_configure': False, 'cmake_target': None, 'cmake_target_skip_unavailable': False, 'install_base': '/home/hassan/ros-tuts/patrol_ws/install/turtlebot3_bringup', 'merge_install': False, 'path': '/home/hassan/ros-tuts/patrol_ws/src/turtlebot3/turtlebot3/turtlebot3_bringup', 'symlink_install': True, 'test_result_base': None}
[0.893s] Level 5:colcon.colcon_core.verb:set package 'turtlebot3_simulations' build argument 'cmake_args' from command line to 'None'
[0.893s] Level 5:colcon.colcon_core.verb:set package 'turtlebot3_simulations' build argument 'cmake_target' from command line to 'None'
[0.893s] Level 5:colcon.colcon_core.verb:set package 'turtlebot3_simulations' build argument 'cmake_target_skip_unavailable' from command line to 'False'
[0.893s] Level 5:colcon.colcon_core.verb:set package 'turtlebot3_simulations' build argument 'cmake_clean_cache' from command line to 'False'
[0.893s] Level 5:colcon.colcon_core.verb:set package 'turtlebot3_simulations' build argument 'cmake_clean_first' from command line to 'False'
[0.893s] Level 5:colcon.colcon_core.verb:set package 'turtlebot3_simulations' build argument 'cmake_force_configure' from command line to 'False'
[0.893s] Level 5:colcon.colcon_core.verb:set package 'turtlebot3_simulations' build argument 'ament_cmake_args' from command line to 'None'
[0.893s] Level 5:colcon.colcon_core.verb:set package 'turtlebot3_simulations' build argument 'catkin_cmake_args' from command line to 'None'
[0.893s] Level 5:colcon.colcon_core.verb:set package 'turtlebot3_simulations' build argument 'catkin_skip_building_tests' from command line to 'False'
[0.893s] DEBUG:colcon.colcon_core.verb:Building package 'turtlebot3_simulations' with the following arguments: {'ament_cmake_args': None, 'build_base': '/home/hassan/ros-tuts/patrol_ws/build/turtlebot3_simulations', 'catkin_cmake_args': None, 'catkin_skip_building_tests': False, 'cmake_args': None, 'cmake_clean_cache': False, 'cmake_clean_first': False, 'cmake_force_configure': False, 'cmake_target': None, 'cmake_target_skip_unavailable': False, 'install_base': '/home/hassan/ros-tuts/patrol_ws/install/turtlebot3_simulations', 'merge_install': False, 'path': '/home/hassan/ros-tuts/patrol_ws/src/turtlebot3/turtlebot3_simulations/turtlebot3_simulations', 'symlink_install': True, 'test_result_base': None}
[0.894s] Level 5:colcon.colcon_core.verb:set package 'turtlebot3' build argument 'cmake_args' from command line to 'None'
[0.894s] Level 5:colcon.colcon_core.verb:set package 'turtlebot3' build argument 'cmake_target' from command line to 'None'
[0.894s] Level 5:colcon.colcon_core.verb:set package 'turtlebot3' build argument 'cmake_target_skip_unavailable' from command line to 'False'
[0.894s] Level 5:colcon.colcon_core.verb:set package 'turtlebot3' build argument 'cmake_clean_cache' from command line to 'False'
[0.894s] Level 5:colcon.colcon_core.verb:set package 'turtlebot3' build argument 'cmake_clean_first' from command line to 'False'
[0.894s] Level 5:colcon.colcon_core.verb:set package 'turtlebot3' build argument 'cmake_force_configure' from command line to 'False'
[0.894s] Level 5:colcon.colcon_core.verb:set package 'turtlebot3' build argument 'ament_cmake_args' from command line to 'None'
[0.894s] Level 5:colcon.colcon_core.verb:set package 'turtlebot3' build argument 'catkin_cmake_args' from command line to 'None'
[0.894s] Level 5:colcon.colcon_core.verb:set package 'turtlebot3' build argument 'catkin_skip_building_tests' from command line to 'False'
[0.894s] DEBUG:colcon.colcon_core.verb:Building package 'turtlebot3' with the following arguments: {'ament_cmake_args': None, 'build_base': '/home/hassan/ros-tuts/patrol_ws/build/turtlebot3', 'catkin_cmake_args': None, 'catkin_skip_building_tests': False, 'cmake_args': None, 'cmake_clean_cache': False, 'cmake_clean_first': False, 'cmake_force_configure': False, 'cmake_target': None, 'cmake_target_skip_unavailable': False, 'install_base': '/home/hassan/ros-tuts/patrol_ws/install/turtlebot3', 'merge_install': False, 'path': '/home/hassan/ros-tuts/patrol_ws/src/turtlebot3/turtlebot3/turtlebot3', 'symlink_install': True, 'test_result_base': None}
[0.894s] INFO:colcon.colcon_core.executor:Executing jobs using 'parallel' executor
[0.896s] DEBUG:colcon.colcon_parallel_executor.executor.parallel:run_until_complete
[0.897s] INFO:colcon.colcon_ros.task.ament_cmake.build:Building ROS package in '/home/hassan/ros-tuts/patrol_ws/src/turtlebot3/turtlebot3_msgs' with build type 'ament_cmake'
[0.897s] INFO:colcon.colcon_cmake.task.cmake.build:Building CMake package in '/home/hassan/ros-tuts/patrol_ws/src/turtlebot3/turtlebot3_msgs'
[0.904s] INFO:colcon.colcon_core.plugin_system:Skipping extension 'colcon_core.shell.bat': Not used on non-Windows systems
[0.904s] INFO:colcon.colcon_core.shell:Skip shell extension 'powershell' for command environment: Not usable outside of PowerShell
[0.904s] DEBUG:colcon.colcon_core.shell:Skip shell extension 'dsv' for command environment
[0.910s] INFO:colcon.colcon_ros.task.ament_cmake.build:Building ROS package in '/home/hassan/ros-tuts/patrol_ws/src/utils/DynamixelSDK/dynamixel_sdk' with build type 'ament_cmake'
[0.910s] INFO:colcon.colcon_cmake.task.cmake.build:Building CMake package in '/home/hassan/ros-tuts/patrol_ws/src/utils/DynamixelSDK/dynamixel_sdk'
[0.911s] INFO:colcon.colcon_core.shell:Skip shell extension 'powershell' for command environment: Not usable outside of PowerShell
[0.911s] DEBUG:colcon.colcon_core.shell:Skip shell extension 'dsv' for command environment
[0.916s] INFO:colcon.colcon_ros.task.ament_cmake.build:Building ROS package in '/home/hassan/ros-tuts/patrol_ws/src/utils/hls_lfcd_lds_driver' with build type 'ament_cmake'
[0.916s] INFO:colcon.colcon_cmake.task.cmake.build:Building CMake package in '/home/hassan/ros-tuts/patrol_ws/src/utils/hls_lfcd_lds_driver'
[0.917s] INFO:colcon.colcon_core.shell:Skip shell extension 'powershell' for command environment: Not usable outside of PowerShell
[0.917s] DEBUG:colcon.colcon_core.shell:Skip shell extension 'dsv' for command environment
[0.923s] INFO:colcon.colcon_ros.task.ament_cmake.build:Building ROS package in '/home/hassan/ros-tuts/patrol_ws/src/turtlebot3/turtlebot3/turtlebot3_description' with build type 'ament_cmake'
[0.923s] INFO:colcon.colcon_cmake.task.cmake.build:Building CMake package in '/home/hassan/ros-tuts/patrol_ws/src/turtlebot3/turtlebot3/turtlebot3_description'
[0.923s] INFO:colcon.colcon_core.shell:Skip shell extension 'powershell' for command environment: Not usable outside of PowerShell
[0.923s] DEBUG:colcon.colcon_core.shell:Skip shell extension 'dsv' for command environment
[0.929s] INFO:colcon.colcon_ros.task.ament_cmake.build:Building ROS package in '/home/hassan/ros-tuts/patrol_ws/src/utils/DynamixelSDK/dynamixel_sdk_custom_interfaces' with build type 'ament_cmake'
[0.929s] INFO:colcon.colcon_cmake.task.cmake.build:Building CMake package in '/home/hassan/ros-tuts/patrol_ws/src/utils/DynamixelSDK/dynamixel_sdk_custom_interfaces'
[0.930s] INFO:colcon.colcon_core.shell:Skip shell extension 'powershell' for command environment: Not usable outside of PowerShell
[0.930s] DEBUG:colcon.colcon_core.shell:Skip shell extension 'dsv' for command environment
[0.935s] INFO:colcon.colcon_ros.task.ament_cmake.build:Building ROS package in '/home/hassan/ros-tuts/patrol_ws/src/turtlebot3/turtlebot3/turtlebot3_cartographer' with build type 'ament_cmake'
[0.936s] INFO:colcon.colcon_cmake.task.cmake.build:Building CMake package in '/home/hassan/ros-tuts/patrol_ws/src/turtlebot3/turtlebot3/turtlebot3_cartographer'
[0.936s] INFO:colcon.colcon_core.shell:Skip shell extension 'powershell' for command environment: Not usable outside of PowerShell
[0.936s] DEBUG:colcon.colcon_core.shell:Skip shell extension 'dsv' for command environment
[0.941s] INFO:colcon.colcon_ros.task.ament_cmake.build:Building ROS package in '/home/hassan/ros-tuts/patrol_ws/src/turtlebot3/turtlebot3_simulations/turtlebot3_gazebo' with build type 'ament_cmake'
[0.942s] INFO:colcon.colcon_cmake.task.cmake.build:Building CMake package in '/home/hassan/ros-tuts/patrol_ws/src/turtlebot3/turtlebot3_simulations/turtlebot3_gazebo'
[0.942s] INFO:colcon.colcon_core.shell:Skip shell extension 'powershell' for command environment: Not usable outside of PowerShell
[0.942s] DEBUG:colcon.colcon_core.shell:Skip shell extension 'dsv' for command environment
[0.948s] INFO:colcon.colcon_ros.task.ament_cmake.build:Building ROS package in '/home/hassan/ros-tuts/patrol_ws/src/turtlebot3/turtlebot3/turtlebot3_navigation2' with build type 'ament_cmake'
[0.948s] INFO:colcon.colcon_cmake.task.cmake.build:Building CMake package in '/home/hassan/ros-tuts/patrol_ws/src/turtlebot3/turtlebot3/turtlebot3_navigation2'
[0.948s] INFO:colcon.colcon_core.shell:Skip shell extension 'powershell' for command environment: Not usable outside of PowerShell
[0.949s] DEBUG:colcon.colcon_core.shell:Skip shell extension 'dsv' for command environment
[0.960s] DEBUG:colcon.colcon_core.event_handler.log_command:Invoking command in '/home/hassan/ros-tuts/patrol_ws/build/turtlebot3_msgs': CMAKE_PREFIX_PATH=${CMAKE_PREFIX_PATH}:/opt/ros/humble /usr/bin/cmake /home/hassan/ros-tuts/patrol_ws/src/turtlebot3/turtlebot3_msgs -DAMENT_CMAKE_SYMLINK_INSTALL=1 -DCMAKE_INSTALL_PREFIX=/home/hassan/ros-tuts/patrol_ws/install/turtlebot3_msgs
[0.967s] DEBUG:colcon.colcon_core.event_handler.log_command:Invoking command in '/home/hassan/ros-tuts/patrol_ws/build/dynamixel_sdk': CMAKE_PREFIX_PATH=${CMAKE_PREFIX_PATH}:/opt/ros/humble /usr/bin/cmake /home/hassan/ros-tuts/patrol_ws/src/utils/DynamixelSDK/dynamixel_sdk -DAMENT_CMAKE_SYMLINK_INSTALL=1 -DCMAKE_INSTALL_PREFIX=/home/hassan/ros-tuts/patrol_ws/install/dynamixel_sdk
[0.973s] DEBUG:colcon.colcon_core.event_handler.log_command:Invoking command in '/home/hassan/ros-tuts/patrol_ws/build/hls_lfcd_lds_driver': CMAKE_PREFIX_PATH=${CMAKE_PREFIX_PATH}:/opt/ros/humble /usr/bin/cmake /home/hassan/ros-tuts/patrol_ws/src/utils/hls_lfcd_lds_driver -DAMENT_CMAKE_SYMLINK_INSTALL=1 -DCMAKE_INSTALL_PREFIX=/home/hassan/ros-tuts/patrol_ws/install/hls_lfcd_lds_driver
[0.978s] DEBUG:colcon.colcon_core.event_handler.log_command:Invoking command in '/home/hassan/ros-tuts/patrol_ws/build/turtlebot3_description': CMAKE_PREFIX_PATH=${CMAKE_PREFIX_PATH}:/opt/ros/humble /usr/bin/cmake /home/hassan/ros-tuts/patrol_ws/src/turtlebot3/turtlebot3/turtlebot3_description -DAMENT_CMAKE_SYMLINK_INSTALL=1 -DCMAKE_INSTALL_PREFIX=/home/hassan/ros-tuts/patrol_ws/install/turtlebot3_description
[0.983s] DEBUG:colcon.colcon_core.event_handler.log_command:Invoking command in '/home/hassan/ros-tuts/patrol_ws/build/dynamixel_sdk_custom_interfaces': CMAKE_PREFIX_PATH=${CMAKE_PREFIX_PATH}:/opt/ros/humble /usr/bin/cmake /home/hassan/ros-tuts/patrol_ws/src/utils/DynamixelSDK/dynamixel_sdk_custom_interfaces -DAMENT_CMAKE_SYMLINK_INSTALL=1 -DCMAKE_INSTALL_PREFIX=/home/hassan/ros-tuts/patrol_ws/install/dynamixel_sdk_custom_interfaces
[0.990s] DEBUG:colcon.colcon_core.event_handler.log_command:Invoking command in '/home/hassan/ros-tuts/patrol_ws/build/turtlebot3_cartographer': CMAKE_PREFIX_PATH=${CMAKE_PREFIX_PATH}:/opt/ros/humble /usr/bin/cmake /home/hassan/ros-tuts/patrol_ws/src/turtlebot3/turtlebot3/turtlebot3_cartographer -DAMENT_CMAKE_SYMLINK_INSTALL=1 -DCMAKE_INSTALL_PREFIX=/home/hassan/ros-tuts/patrol_ws/install/turtlebot3_cartographer
[0.994s] DEBUG:colcon.colcon_core.event_handler.log_command:Invoking command in '/home/hassan/ros-tuts/patrol_ws/build/turtlebot3_gazebo': CMAKE_PREFIX_PATH=${CMAKE_PREFIX_PATH}:/opt/ros/humble /usr/bin/cmake /home/hassan/ros-tuts/patrol_ws/src/turtlebot3/turtlebot3_simulations/turtlebot3_gazebo -DAMENT_CMAKE_SYMLINK_INSTALL=1 -DCMAKE_INSTALL_PREFIX=/home/hassan/ros-tuts/patrol_ws/install/turtlebot3_gazebo
[1.003s] DEBUG:colcon.colcon_core.event_handler.log_command:Invoking command in '/home/hassan/ros-tuts/patrol_ws/build/turtlebot3_navigation2': CMAKE_PREFIX_PATH=${CMAKE_PREFIX_PATH}:/opt/ros/humble /usr/bin/cmake /home/hassan/ros-tuts/patrol_ws/src/turtlebot3/turtlebot3/turtlebot3_navigation2 -DAMENT_CMAKE_SYMLINK_INSTALL=1 -DCMAKE_INSTALL_PREFIX=/home/hassan/ros-tuts/patrol_ws/install/turtlebot3_navigation2
[2.883s] DEBUG:colcon.colcon_core.event_handler.log_command:Invoked command in '/home/hassan/ros-tuts/patrol_ws/build/turtlebot3_cartographer' returned '0': CMAKE_PREFIX_PATH=${CMAKE_PREFIX_PATH}:/opt/ros/humble /usr/bin/cmake /home/hassan/ros-tuts/patrol_ws/src/turtlebot3/turtlebot3/turtlebot3_cartographer -DAMENT_CMAKE_SYMLINK_INSTALL=1 -DCMAKE_INSTALL_PREFIX=/home/hassan/ros-tuts/patrol_ws/install/turtlebot3_cartographer
[2.887s] DEBUG:colcon.colcon_core.event_handler.log_command:Invoking command in '/home/hassan/ros-tuts/patrol_ws/build/turtlebot3_cartographer': CMAKE_PREFIX_PATH=${CMAKE_PREFIX_PATH}:/opt/ros/humble /usr/bin/cmake --build /home/hassan/ros-tuts/patrol_ws/build/turtlebot3_cartographer -- -j8 -l8
[2.910s] DEBUG:colcon.colcon_core.event_handler.log_command:Invoked command in '/home/hassan/ros-tuts/patrol_ws/build/dynamixel_sdk' returned '0': CMAKE_PREFIX_PATH=${CMAKE_PREFIX_PATH}:/opt/ros/humble /usr/bin/cmake /home/hassan/ros-tuts/patrol_ws/src/utils/DynamixelSDK/dynamixel_sdk -DAMENT_CMAKE_SYMLINK_INSTALL=1 -DCMAKE_INSTALL_PREFIX=/home/hassan/ros-tuts/patrol_ws/install/dynamixel_sdk
[2.912s] DEBUG:colcon.colcon_core.event_handler.log_command:Invoking command in '/home/hassan/ros-tuts/patrol_ws/build/dynamixel_sdk': CMAKE_PREFIX_PATH=${CMAKE_PREFIX_PATH}:/opt/ros/humble /usr/bin/cmake --build /home/hassan/ros-tuts/patrol_ws/build/dynamixel_sdk -- -j8 -l8
[2.913s] DEBUG:colcon.colcon_core.event_handler.log_command:Invoked command in '/home/hassan/ros-tuts/patrol_ws/build/turtlebot3_navigation2' returned '0': CMAKE_PREFIX_PATH=${CMAKE_PREFIX_PATH}:/opt/ros/humble /usr/bin/cmake /home/hassan/ros-tuts/patrol_ws/src/turtlebot3/turtlebot3/turtlebot3_navigation2 -DAMENT_CMAKE_SYMLINK_INSTALL=1 -DCMAKE_INSTALL_PREFIX=/home/hassan/ros-tuts/patrol_ws/install/turtlebot3_navigation2
[2.914s] DEBUG:colcon.colcon_core.event_handler.log_command:Invoking command in '/home/hassan/ros-tuts/patrol_ws/build/turtlebot3_navigation2': CMAKE_PREFIX_PATH=${CMAKE_PREFIX_PATH}:/opt/ros/humble /usr/bin/cmake --build /home/hassan/ros-tuts/patrol_ws/build/turtlebot3_navigation2 -- -j8 -l8
[2.975s] DEBUG:colcon.colcon_core.event_handler.log_command:Invoked command in '/home/hassan/ros-tuts/patrol_ws/build/turtlebot3_cartographer' returned '0': CMAKE_PREFIX_PATH=${CMAKE_PREFIX_PATH}:/opt/ros/humble /usr/bin/cmake --build /home/hassan/ros-tuts/patrol_ws/build/turtlebot3_cartographer -- -j8 -l8
[3.123s] DEBUG:colcon.colcon_core.event_handler.log_command:Invoking command in '/home/hassan/ros-tuts/patrol_ws/build/turtlebot3_cartographer': CMAKE_PREFIX_PATH=${CMAKE_PREFIX_PATH}:/opt/ros/humble /usr/bin/cmake --install /home/hassan/ros-tuts/patrol_ws/build/turtlebot3_cartographer
[3.247s] DEBUG:colcon.colcon_core.event_handler.log_command:Invoked command in '/home/hassan/ros-tuts/patrol_ws/build/turtlebot3_navigation2' returned '0': CMAKE_PREFIX_PATH=${CMAKE_PREFIX_PATH}:/opt/ros/humble /usr/bin/cmake --build /home/hassan/ros-tuts/patrol_ws/build/turtlebot3_navigation2 -- -j8 -l8
[3.272s] DEBUG:colcon.colcon_core.event_handler.log_command:Invoked command in '/home/hassan/ros-tuts/patrol_ws/build/turtlebot3_description' returned '0': CMAKE_PREFIX_PATH=${CMAKE_PREFIX_PATH}:/opt/ros/humble /usr/bin/cmake /home/hassan/ros-tuts/patrol_ws/src/turtlebot3/turtlebot3/turtlebot3_description -DAMENT_CMAKE_SYMLINK_INSTALL=1 -DCMAKE_INSTALL_PREFIX=/home/hassan/ros-tuts/patrol_ws/install/turtlebot3_description
[3.273s] DEBUG:colcon.colcon_core.event_handler.log_command:Invoking command in '/home/hassan/ros-tuts/patrol_ws/build/turtlebot3_description': CMAKE_PREFIX_PATH=${CMAKE_PREFIX_PATH}:/opt/ros/humble /usr/bin/cmake --build /home/hassan/ros-tuts/patrol_ws/build/turtlebot3_description -- -j8 -l8
[3.369s] DEBUG:colcon.colcon_core.event_handler.log_command:Invoking command in '/home/hassan/ros-tuts/patrol_ws/build/turtlebot3_navigation2': CMAKE_PREFIX_PATH=${CMAKE_PREFIX_PATH}:/opt/ros/humble /usr/bin/cmake --install /home/hassan/ros-tuts/patrol_ws/build/turtlebot3_navigation2
[4.046s] Level 1:colcon.colcon_core.environment:create_environment_scripts_only(turtlebot3_cartographer)
[4.049s] DEBUG:colcon.colcon_core.event_handler.log_command:Invoked command in '/home/hassan/ros-tuts/patrol_ws/build/turtlebot3_description' returned '0': CMAKE_PREFIX_PATH=${CMAKE_PREFIX_PATH}:/opt/ros/humble /usr/bin/cmake --build /home/hassan/ros-tuts/patrol_ws/build/turtlebot3_description -- -j8 -l8
[4.049s] DEBUG:colcon.colcon_core.event_handler.log_command:Invoked command in '/home/hassan/ros-tuts/patrol_ws/build/turtlebot3_cartographer' returned '0': CMAKE_PREFIX_PATH=${CMAKE_PREFIX_PATH}:/opt/ros/humble /usr/bin/cmake --install /home/hassan/ros-tuts/patrol_ws/build/turtlebot3_cartographer
[4.075s] Level 1:colcon.colcon_core.environment:checking '/home/hassan/ros-tuts/patrol_ws/install/turtlebot3_cartographer' for CMake module files
[4.076s] Level 1:colcon.colcon_core.environment:checking '/home/hassan/ros-tuts/patrol_ws/install/turtlebot3_cartographer' for CMake config files
[4.077s] Level 1:colcon.colcon_core.shell:create_environment_hook('turtlebot3_cartographer', 'cmake_prefix_path')
[4.089s] INFO:colcon.colcon_core.shell:Creating environment hook '/home/hassan/ros-tuts/patrol_ws/install/turtlebot3_cartographer/share/turtlebot3_cartographer/hook/cmake_prefix_path.ps1'
[4.096s] INFO:colcon.colcon_core.shell:Creating environment descriptor '/home/hassan/ros-tuts/patrol_ws/install/turtlebot3_cartographer/share/turtlebot3_cartographer/hook/cmake_prefix_path.dsv'
[4.097s] INFO:colcon.colcon_core.shell:Creating environment hook '/home/hassan/ros-tuts/patrol_ws/install/turtlebot3_cartographer/share/turtlebot3_cartographer/hook/cmake_prefix_path.sh'
[4.104s] Level 1:colcon.colcon_core.environment:checking '/home/hassan/ros-tuts/patrol_ws/install/turtlebot3_cartographer/bin'
[4.104s] Level 1:colcon.colcon_core.environment:checking '/home/hassan/ros-tuts/patrol_ws/install/turtlebot3_cartographer/lib/pkgconfig/turtlebot3_cartographer.pc'
[4.105s] Level 1:colcon.colcon_core.environment:checking '/home/hassan/ros-tuts/patrol_ws/install/turtlebot3_cartographer/lib/python3.10/site-packages'
[4.108s] Level 1:colcon.colcon_core.environment:checking '/home/hassan/ros-tuts/patrol_ws/install/turtlebot3_cartographer/bin'
[4.110s] INFO:colcon.colcon_core.shell:Creating package script '/home/hassan/ros-tuts/patrol_ws/install/turtlebot3_cartographer/share/turtlebot3_cartographer/package.ps1'
[4.116s] INFO:colcon.colcon_core.shell:Creating package descriptor '/home/hassan/ros-tuts/patrol_ws/install/turtlebot3_cartographer/share/turtlebot3_cartographer/package.dsv'
[4.121s] INFO:colcon.colcon_core.shell:Creating package script '/home/hassan/ros-tuts/patrol_ws/install/turtlebot3_cartographer/share/turtlebot3_cartographer/package.sh'
[4.124s] INFO:colcon.colcon_core.shell:Creating package script '/home/hassan/ros-tuts/patrol_ws/install/turtlebot3_cartographer/share/turtlebot3_cartographer/package.bash'
[4.131s] INFO:colcon.colcon_core.shell:Creating package script '/home/hassan/ros-tuts/patrol_ws/install/turtlebot3_cartographer/share/turtlebot3_cartographer/package.zsh'
[4.137s] Level 1:colcon.colcon_core.environment:create_file_with_runtime_dependencies(/home/hassan/ros-tuts/patrol_ws/install/turtlebot3_cartographer/share/colcon-core/packages/turtlebot3_cartographer)
[4.158s] DEBUG:colcon.colcon_core.event_handler.log_command:Invoking command in '/home/hassan/ros-tuts/patrol_ws/build/turtlebot3_description': CMAKE_PREFIX_PATH=${CMAKE_PREFIX_PATH}:/opt/ros/humble /usr/bin/cmake --install /home/hassan/ros-tuts/patrol_ws/build/turtlebot3_description
[4.236s] Level 1:colcon.colcon_core.environment:create_environment_scripts_only(turtlebot3_cartographer)
[4.237s] Level 1:colcon.colcon_core.environment:checking '/home/hassan/ros-tuts/patrol_ws/install/turtlebot3_cartographer' for CMake module files
[4.239s] Level 1:colcon.colcon_core.environment:checking '/home/hassan/ros-tuts/patrol_ws/install/turtlebot3_cartographer' for CMake config files
[4.244s] Level 1:colcon.colcon_core.shell:create_environment_hook('turtlebot3_cartographer', 'cmake_prefix_path')
[4.244s] INFO:colcon.colcon_core.shell:Creating environment hook '/home/hassan/ros-tuts/patrol_ws/install/turtlebot3_cartographer/share/turtlebot3_cartographer/hook/cmake_prefix_path.ps1'
[4.246s] INFO:colcon.colcon_core.shell:Creating environment descriptor '/home/hassan/ros-tuts/patrol_ws/install/turtlebot3_cartographer/share/turtlebot3_cartographer/hook/cmake_prefix_path.dsv'
[4.254s] INFO:colcon.colcon_core.shell:Creating environment hook '/home/hassan/ros-tuts/patrol_ws/install/turtlebot3_cartographer/share/turtlebot3_cartographer/hook/cmake_prefix_path.sh'
[4.256s] Level 1:colcon.colcon_core.environment:checking '/home/hassan/ros-tuts/patrol_ws/install/turtlebot3_cartographer/bin'
[4.256s] Level 1:colcon.colcon_core.environment:checking '/home/hassan/ros-tuts/patrol_ws/install/turtlebot3_cartographer/lib/pkgconfig/turtlebot3_cartographer.pc'
[4.259s] Level 1:colcon.colcon_core.environment:checking '/home/hassan/ros-tuts/patrol_ws/install/turtlebot3_cartographer/lib/python3.10/site-packages'
[4.264s] Level 1:colcon.colcon_core.environment:checking '/home/hassan/ros-tuts/patrol_ws/install/turtlebot3_cartographer/bin'
[4.265s] INFO:colcon.colcon_core.shell:Creating package script '/home/hassan/ros-tuts/patrol_ws/install/turtlebot3_cartographer/share/turtlebot3_cartographer/package.ps1'
[4.267s] INFO:colcon.colcon_core.shell:Creating package descriptor '/home/hassan/ros-tuts/patrol_ws/install/turtlebot3_cartographer/share/turtlebot3_cartographer/package.dsv'
[4.268s] INFO:colcon.colcon_core.shell:Creating package script '/home/hassan/ros-tuts/patrol_ws/install/turtlebot3_cartographer/share/turtlebot3_cartographer/package.sh'
[4.270s] INFO:colcon.colcon_core.shell:Creating package script '/home/hassan/ros-tuts/patrol_ws/install/turtlebot3_cartographer/share/turtlebot3_cartographer/package.bash'
[4.275s] INFO:colcon.colcon_core.shell:Creating package script '/home/hassan/ros-tuts/patrol_ws/install/turtlebot3_cartographer/share/turtlebot3_cartographer/package.zsh'
[4.277s] Level 1:colcon.colcon_core.environment:create_file_with_runtime_dependencies(/home/hassan/ros-tuts/patrol_ws/install/turtlebot3_cartographer/share/colcon-core/packages/turtlebot3_cartographer)
[4.281s] INFO:colcon.colcon_ros.task.ament_python.build:Building ROS package in '/home/hassan/ros-tuts/patrol_ws/src/turtlebot3/turtlebot3/turtlebot3_teleop' with build type 'ament_python'
[4.282s] Level 1:colcon.colcon_core.shell:create_environment_hook('turtlebot3_teleop', 'ament_prefix_path')
[4.283s] INFO:colcon.colcon_core.shell:Creating environment hook '/home/hassan/ros-tuts/patrol_ws/install/turtlebot3_teleop/share/turtlebot3_teleop/hook/ament_prefix_path.ps1'
[4.285s] INFO:colcon.colcon_core.shell:Creating environment descriptor '/home/hassan/ros-tuts/patrol_ws/install/turtlebot3_teleop/share/turtlebot3_teleop/hook/ament_prefix_path.dsv'
[4.286s] INFO:colcon.colcon_core.shell:Creating environment hook '/home/hassan/ros-tuts/patrol_ws/install/turtlebot3_teleop/share/turtlebot3_teleop/hook/ament_prefix_path.sh'
[4.293s] INFO:colcon.colcon_core.shell:Skip shell extension 'powershell' for command environment: Not usable outside of PowerShell
[4.293s] DEBUG:colcon.colcon_core.shell:Skip shell extension 'dsv' for command environment
[5.217s] INFO:colcon.colcon_core.task.python.build:Building Python package in '/home/hassan/ros-tuts/patrol_ws/src/turtlebot3/turtlebot3/turtlebot3_teleop'
[5.218s] INFO:colcon.colcon_core.shell:Skip shell extension 'powershell' for command environment: Not usable outside of PowerShell
[5.218s] DEBUG:colcon.colcon_core.shell:Skip shell extension 'dsv' for command environment
[5.230s] Level 1:colcon.colcon_core.environment:create_environment_scripts_only(turtlebot3_navigation2)
[5.231s] Level 1:colcon.colcon_core.environment:checking '/home/hassan/ros-tuts/patrol_ws/install/turtlebot3_navigation2' for CMake module files
[5.238s] DEBUG:colcon.colcon_core.event_handler.log_command:Invoked command in '/home/hassan/ros-tuts/patrol_ws/build/turtlebot3_navigation2' returned '0': CMAKE_PREFIX_PATH=${CMAKE_PREFIX_PATH}:/opt/ros/humble /usr/bin/cmake --install /home/hassan/ros-tuts/patrol_ws/build/turtlebot3_navigation2
[5.239s] Level 1:colcon.colcon_core.environment:checking '/home/hassan/ros-tuts/patrol_ws/install/turtlebot3_navigation2' for CMake config files
[5.241s] Level 1:colcon.colcon_core.shell:create_environment_hook('turtlebot3_navigation2', 'cmake_prefix_path')
[5.241s] INFO:colcon.colcon_core.shell:Creating environment hook '/home/hassan/ros-tuts/patrol_ws/install/turtlebot3_navigation2/share/turtlebot3_navigation2/hook/cmake_prefix_path.ps1'
[5.243s] INFO:colcon.colcon_core.shell:Creating environment descriptor '/home/hassan/ros-tuts/patrol_ws/install/turtlebot3_navigation2/share/turtlebot3_navigation2/hook/cmake_prefix_path.dsv'
[5.244s] INFO:colcon.colcon_core.shell:Creating environment hook '/home/hassan/ros-tuts/patrol_ws/install/turtlebot3_navigation2/share/turtlebot3_navigation2/hook/cmake_prefix_path.sh'
[5.246s] Level 1:colcon.colcon_core.environment:checking '/home/hassan/ros-tuts/patrol_ws/install/turtlebot3_navigation2/bin'
[5.246s] Level 1:colcon.colcon_core.environment:checking '/home/hassan/ros-tuts/patrol_ws/install/turtlebot3_navigation2/lib/pkgconfig/turtlebot3_navigation2.pc'
[5.247s] Level 1:colcon.colcon_core.environment:checking '/home/hassan/ros-tuts/patrol_ws/install/turtlebot3_navigation2/lib/python3.10/site-packages'
[5.249s] Level 1:colcon.colcon_core.environment:checking '/home/hassan/ros-tuts/patrol_ws/install/turtlebot3_navigation2/bin'
[5.250s] INFO:colcon.colcon_core.shell:Creating package script '/home/hassan/ros-tuts/patrol_ws/install/turtlebot3_navigation2/share/turtlebot3_navigation2/package.ps1'
[5.251s] INFO:colcon.colcon_core.shell:Creating package descriptor '/home/hassan/ros-tuts/patrol_ws/install/turtlebot3_navigation2/share/turtlebot3_navigation2/package.dsv'
[5.253s] INFO:colcon.colcon_core.shell:Creating package script '/home/hassan/ros-tuts/patrol_ws/install/turtlebot3_navigation2/share/turtlebot3_navigation2/package.sh'
[5.254s] INFO:colcon.colcon_core.shell:Creating package script '/home/hassan/ros-tuts/patrol_ws/install/turtlebot3_navigation2/share/turtlebot3_navigation2/package.bash'
[5.255s] INFO:colcon.colcon_core.shell:Creating package script '/home/hassan/ros-tuts/patrol_ws/install/turtlebot3_navigation2/share/turtlebot3_navigation2/package.zsh'
[5.257s] Level 1:colcon.colcon_core.environment:create_file_with_runtime_dependencies(/home/hassan/ros-tuts/patrol_ws/install/turtlebot3_navigation2/share/colcon-core/packages/turtlebot3_navigation2)
[5.260s] Level 1:colcon.colcon_core.environment:create_environment_scripts_only(turtlebot3_description)
[5.261s] Level 1:colcon.colcon_core.environment:checking '/home/hassan/ros-tuts/patrol_ws/install/turtlebot3_description' for CMake module files
[5.263s] Level 1:colcon.colcon_core.environment:checking '/home/hassan/ros-tuts/patrol_ws/install/turtlebot3_description' for CMake config files
[5.264s] DEBUG:colcon.colcon_core.event_handler.log_command:Invoked command in '/home/hassan/ros-tuts/patrol_ws/build/turtlebot3_description' returned '0': CMAKE_PREFIX_PATH=${CMAKE_PREFIX_PATH}:/opt/ros/humble /usr/bin/cmake --install /home/hassan/ros-tuts/patrol_ws/build/turtlebot3_description
[5.265s] Level 1:colcon.colcon_core.shell:create_environment_hook('turtlebot3_description', 'cmake_prefix_path')
[5.265s] INFO:colcon.colcon_core.shell:Creating environment hook '/home/hassan/ros-tuts/patrol_ws/install/turtlebot3_description/share/turtlebot3_description/hook/cmake_prefix_path.ps1'
[5.267s] INFO:colcon.colcon_core.shell:Creating environment descriptor '/home/hassan/ros-tuts/patrol_ws/install/turtlebot3_description/share/turtlebot3_description/hook/cmake_prefix_path.dsv'
[5.268s] INFO:colcon.colcon_core.shell:Creating environment hook '/home/hassan/ros-tuts/patrol_ws/install/turtlebot3_description/share/turtlebot3_description/hook/cmake_prefix_path.sh'
[5.269s] Level 1:colcon.colcon_core.environment:checking '/home/hassan/ros-tuts/patrol_ws/install/turtlebot3_description/bin'
[5.270s] Level 1:colcon.colcon_core.environment:checking '/home/hassan/ros-tuts/patrol_ws/install/turtlebot3_description/lib/pkgconfig/turtlebot3_description.pc'
[5.270s] Level 1:colcon.colcon_core.environment:checking '/home/hassan/ros-tuts/patrol_ws/install/turtlebot3_description/lib/python3.10/site-packages'
[5.271s] Level 1:colcon.colcon_core.environment:checking '/home/hassan/ros-tuts/patrol_ws/install/turtlebot3_description/bin'
[5.272s] INFO:colcon.colcon_core.shell:Creating package script '/home/hassan/ros-tuts/patrol_ws/install/turtlebot3_description/share/turtlebot3_description/package.ps1'
[5.273s] INFO:colcon.colcon_core.shell:Creating package descriptor '/home/hassan/ros-tuts/patrol_ws/install/turtlebot3_description/share/turtlebot3_description/package.dsv'
[5.274s] INFO:colcon.colcon_core.shell:Creating package script '/home/hassan/ros-tuts/patrol_ws/install/turtlebot3_description/share/turtlebot3_description/package.sh'
[5.275s] INFO:colcon.colcon_core.shell:Creating package script '/home/hassan/ros-tuts/patrol_ws/install/turtlebot3_description/share/turtlebot3_description/package.bash'
[5.275s] INFO:colcon.colcon_core.shell:Creating package script '/home/hassan/ros-tuts/patrol_ws/install/turtlebot3_description/share/turtlebot3_description/package.zsh'
[5.276s] Level 1:colcon.colcon_core.environment:create_file_with_runtime_dependencies(/home/hassan/ros-tuts/patrol_ws/install/turtlebot3_description/share/colcon-core/packages/turtlebot3_description)
[5.292s] DEBUG:colcon.colcon_core.event_handler.log_command:Invoked command in '/home/hassan/ros-tuts/patrol_ws/build/dynamixel_sdk' returned '0': CMAKE_PREFIX_PATH=${CMAKE_PREFIX_PATH}:/opt/ros/humble /usr/bin/cmake --build /home/hassan/ros-tuts/patrol_ws/build/dynamixel_sdk -- -j8 -l8
[5.333s] Level 1:colcon.colcon_core.environment:create_environment_scripts_only(turtlebot3_navigation2)
[5.334s] Level 1:colcon.colcon_core.environment:checking '/home/hassan/ros-tuts/patrol_ws/install/turtlebot3_navigation2' for CMake module files
[5.342s] Level 1:colcon.colcon_core.environment:checking '/home/hassan/ros-tuts/patrol_ws/install/turtlebot3_navigation2' for CMake config files
[5.344s] Level 1:colcon.colcon_core.shell:create_environment_hook('turtlebot3_navigation2', 'cmake_prefix_path')
[5.345s] INFO:colcon.colcon_core.shell:Creating environment hook '/home/hassan/ros-tuts/patrol_ws/install/turtlebot3_navigation2/share/turtlebot3_navigation2/hook/cmake_prefix_path.ps1'
[5.346s] INFO:colcon.colcon_core.shell:Creating environment descriptor '/home/hassan/ros-tuts/patrol_ws/install/turtlebot3_navigation2/share/turtlebot3_navigation2/hook/cmake_prefix_path.dsv'
[5.347s] INFO:colcon.colcon_core.shell:Creating environment hook '/home/hassan/ros-tuts/patrol_ws/install/turtlebot3_navigation2/share/turtlebot3_navigation2/hook/cmake_prefix_path.sh'
[5.349s] Level 1:colcon.colcon_core.environment:checking '/home/hassan/ros-tuts/patrol_ws/install/turtlebot3_navigation2/bin'
[5.349s] Level 1:colcon.colcon_core.environment:checking '/home/hassan/ros-tuts/patrol_ws/install/turtlebot3_navigation2/lib/pkgconfig/turtlebot3_navigation2.pc'
[5.350s] Level 1:colcon.colcon_core.environment:checking '/home/hassan/ros-tuts/patrol_ws/install/turtlebot3_navigation2/lib/python3.10/site-packages'
[5.351s] Level 1:colcon.colcon_core.environment:checking '/home/hassan/ros-tuts/patrol_ws/install/turtlebot3_navigation2/bin'
[5.352s] INFO:colcon.colcon_core.shell:Creating package script '/home/hassan/ros-tuts/patrol_ws/install/turtlebot3_navigation2/share/turtlebot3_navigation2/package.ps1'
[5.354s] INFO:colcon.colcon_core.shell:Creating package descriptor '/home/hassan/ros-tuts/patrol_ws/install/turtlebot3_navigation2/share/turtlebot3_navigation2/package.dsv'
[5.357s] INFO:colcon.colcon_core.shell:Creating package script '/home/hassan/ros-tuts/patrol_ws/install/turtlebot3_navigation2/share/turtlebot3_navigation2/package.sh'
[5.359s] INFO:colcon.colcon_core.shell:Creating package script '/home/hassan/ros-tuts/patrol_ws/install/turtlebot3_navigation2/share/turtlebot3_navigation2/package.bash'
[5.360s] INFO:colcon.colcon_core.shell:Creating package script '/home/hassan/ros-tuts/patrol_ws/install/turtlebot3_navigation2/share/turtlebot3_navigation2/package.zsh'
[5.361s] Level 1:colcon.colcon_core.environment:create_file_with_runtime_dependencies(/home/hassan/ros-tuts/patrol_ws/install/turtlebot3_navigation2/share/colcon-core/packages/turtlebot3_navigation2)
[5.364s] Level 1:colcon.colcon_core.environment:create_environment_scripts_only(turtlebot3_description)
[5.366s] Level 1:colcon.colcon_core.environment:checking '/home/hassan/ros-tuts/patrol_ws/install/turtlebot3_description' for CMake module files
[5.369s] Level 1:colcon.colcon_core.environment:checking '/home/hassan/ros-tuts/patrol_ws/install/turtlebot3_description' for CMake config files
[5.370s] Level 1:colcon.colcon_core.shell:create_environment_hook('turtlebot3_description', 'cmake_prefix_path')
[5.371s] INFO:colcon.colcon_core.shell:Creating environment hook '/home/hassan/ros-tuts/patrol_ws/install/turtlebot3_description/share/turtlebot3_description/hook/cmake_prefix_path.ps1'
[5.372s] INFO:colcon.colcon_core.shell:Creating environment descriptor '/home/hassan/ros-tuts/patrol_ws/install/turtlebot3_description/share/turtlebot3_description/hook/cmake_prefix_path.dsv'
[5.373s] INFO:colcon.colcon_core.shell:Creating environment hook '/home/hassan/ros-tuts/patrol_ws/install/turtlebot3_description/share/turtlebot3_description/hook/cmake_prefix_path.sh'
[5.375s] Level 1:colcon.colcon_core.environment:checking '/home/hassan/ros-tuts/patrol_ws/install/turtlebot3_description/bin'
[5.375s] Level 1:colcon.colcon_core.environment:checking '/home/hassan/ros-tuts/patrol_ws/install/turtlebot3_description/lib/pkgconfig/turtlebot3_description.pc'
[5.376s] Level 1:colcon.colcon_core.environment:checking '/home/hassan/ros-tuts/patrol_ws/install/turtlebot3_description/lib/python3.10/site-packages'
[5.377s] Level 1:colcon.colcon_core.environment:checking '/home/hassan/ros-tuts/patrol_ws/install/turtlebot3_description/bin'
[5.378s] INFO:colcon.colcon_core.shell:Creating package script '/home/hassan/ros-tuts/patrol_ws/install/turtlebot3_description/share/turtlebot3_description/package.ps1'
[5.380s] INFO:colcon.colcon_core.shell:Creating package descriptor '/home/hassan/ros-tuts/patrol_ws/install/turtlebot3_description/share/turtlebot3_description/package.dsv'
[5.381s] INFO:colcon.colcon_core.shell:Creating package script '/home/hassan/ros-tuts/patrol_ws/install/turtlebot3_description/share/turtlebot3_description/package.sh'
[5.389s] INFO:colcon.colcon_core.shell:Creating package script '/home/hassan/ros-tuts/patrol_ws/install/turtlebot3_description/share/turtlebot3_description/package.bash'
[5.391s] INFO:colcon.colcon_core.shell:Creating package script '/home/hassan/ros-tuts/patrol_ws/install/turtlebot3_description/share/turtlebot3_description/package.zsh'
[5.392s] Level 1:colcon.colcon_core.environment:create_file_with_runtime_dependencies(/home/hassan/ros-tuts/patrol_ws/install/turtlebot3_description/share/colcon-core/packages/turtlebot3_description)
[5.422s] DEBUG:colcon.colcon_core.event_handler.log_command:Invoking command in '/home/hassan/ros-tuts/patrol_ws/build/dynamixel_sdk': CMAKE_PREFIX_PATH=${CMAKE_PREFIX_PATH}:/opt/ros/humble /usr/bin/cmake --install /home/hassan/ros-tuts/patrol_ws/build/dynamixel_sdk
[5.642s] DEBUG:colcon.colcon_core.event_handler.log_command:Invoked command in '/home/hassan/ros-tuts/patrol_ws/build/hls_lfcd_lds_driver' returned '0': CMAKE_PREFIX_PATH=${CMAKE_PREFIX_PATH}:/opt/ros/humble /usr/bin/cmake /home/hassan/ros-tuts/patrol_ws/src/utils/hls_lfcd_lds_driver -DAMENT_CMAKE_SYMLINK_INSTALL=1 -DCMAKE_INSTALL_PREFIX=/home/hassan/ros-tuts/patrol_ws/install/hls_lfcd_lds_driver
[5.649s] DEBUG:colcon.colcon_core.event_handler.log_command:Invoking command in '/home/hassan/ros-tuts/patrol_ws/build/hls_lfcd_lds_driver': CMAKE_PREFIX_PATH=${CMAKE_PREFIX_PATH}:/opt/ros/humble /usr/bin/cmake --build /home/hassan/ros-tuts/patrol_ws/build/hls_lfcd_lds_driver -- -j8 -l8
[6.097s] Level 1:colcon.colcon_core.environment:create_environment_scripts_only(dynamixel_sdk)
[6.098s] Level 1:colcon.colcon_core.environment:checking '/home/hassan/ros-tuts/patrol_ws/install/dynamixel_sdk' for CMake module files
[6.100s] DEBUG:colcon.colcon_core.event_handler.log_command:Invoked command in '/home/hassan/ros-tuts/patrol_ws/build/dynamixel_sdk' returned '0': CMAKE_PREFIX_PATH=${CMAKE_PREFIX_PATH}:/opt/ros/humble /usr/bin/cmake --install /home/hassan/ros-tuts/patrol_ws/build/dynamixel_sdk
[6.100s] Level 1:colcon.colcon_core.environment:checking '/home/hassan/ros-tuts/patrol_ws/install/dynamixel_sdk' for CMake config files
[6.101s] Level 1:colcon.colcon_core.shell:create_environment_hook('dynamixel_sdk', 'cmake_prefix_path')
[6.102s] INFO:colcon.colcon_core.shell:Creating environment hook '/home/hassan/ros-tuts/patrol_ws/install/dynamixel_sdk/share/dynamixel_sdk/hook/cmake_prefix_path.ps1'
[6.103s] INFO:colcon.colcon_core.shell:Creating environment descriptor '/home/hassan/ros-tuts/patrol_ws/install/dynamixel_sdk/share/dynamixel_sdk/hook/cmake_prefix_path.dsv'
[6.104s] INFO:colcon.colcon_core.shell:Creating environment hook '/home/hassan/ros-tuts/patrol_ws/install/dynamixel_sdk/share/dynamixel_sdk/hook/cmake_prefix_path.sh'
[6.106s] Level 1:colcon.colcon_core.environment:checking '/home/hassan/ros-tuts/patrol_ws/install/dynamixel_sdk/lib'
[6.107s] Level 1:colcon.colcon_core.shell:create_environment_hook('dynamixel_sdk', 'ld_library_path_lib')
[6.107s] INFO:colcon.colcon_core.shell:Creating environment hook '/home/hassan/ros-tuts/patrol_ws/install/dynamixel_sdk/share/dynamixel_sdk/hook/ld_library_path_lib.ps1'
[6.108s] INFO:colcon.colcon_core.shell:Creating environment descriptor '/home/hassan/ros-tuts/patrol_ws/install/dynamixel_sdk/share/dynamixel_sdk/hook/ld_library_path_lib.dsv'
[6.109s] INFO:colcon.colcon_core.shell:Creating environment hook '/home/hassan/ros-tuts/patrol_ws/install/dynamixel_sdk/share/dynamixel_sdk/hook/ld_library_path_lib.sh'
[6.111s] Level 1:colcon.colcon_core.environment:checking '/home/hassan/ros-tuts/patrol_ws/install/dynamixel_sdk/bin'
[6.111s] Level 1:colcon.colcon_core.environment:checking '/home/hassan/ros-tuts/patrol_ws/install/dynamixel_sdk/lib/pkgconfig/dynamixel_sdk.pc'
[6.112s] Level 1:colcon.colcon_core.environment:checking '/home/hassan/ros-tuts/patrol_ws/install/dynamixel_sdk/lib/python3.10/site-packages'
[6.112s] Level 1:colcon.colcon_core.environment:checking '/home/hassan/ros-tuts/patrol_ws/install/dynamixel_sdk/bin'
[6.113s] INFO:colcon.colcon_core.shell:Creating package script '/home/hassan/ros-tuts/patrol_ws/install/dynamixel_sdk/share/dynamixel_sdk/package.ps1'
[6.115s] INFO:colcon.colcon_core.shell:Creating package descriptor '/home/hassan/ros-tuts/patrol_ws/install/dynamixel_sdk/share/dynamixel_sdk/package.dsv'
[6.116s] INFO:colcon.colcon_core.shell:Creating package script '/home/hassan/ros-tuts/patrol_ws/install/dynamixel_sdk/share/dynamixel_sdk/package.sh'
[6.117s] INFO:colcon.colcon_core.shell:Creating package script '/home/hassan/ros-tuts/patrol_ws/install/dynamixel_sdk/share/dynamixel_sdk/package.bash'
[6.118s] INFO:colcon.colcon_core.shell:Creating package script '/home/hassan/ros-tuts/patrol_ws/install/dynamixel_sdk/share/dynamixel_sdk/package.zsh'
[6.119s] Level 1:colcon.colcon_core.environment:create_file_with_runtime_dependencies(/home/hassan/ros-tuts/patrol_ws/install/dynamixel_sdk/share/colcon-core/packages/dynamixel_sdk)
[6.213s] Level 1:colcon.colcon_core.environment:create_environment_scripts_only(dynamixel_sdk)
[6.214s] Level 1:colcon.colcon_core.environment:checking '/home/hassan/ros-tuts/patrol_ws/install/dynamixel_sdk' for CMake module files
[6.215s] Level 1:colcon.colcon_core.environment:checking '/home/hassan/ros-tuts/patrol_ws/install/dynamixel_sdk' for CMake config files
[6.216s] Level 1:colcon.colcon_core.shell:create_environment_hook('dynamixel_sdk', 'cmake_prefix_path')
[6.216s] INFO:colcon.colcon_core.shell:Creating environment hook '/home/hassan/ros-tuts/patrol_ws/install/dynamixel_sdk/share/dynamixel_sdk/hook/cmake_prefix_path.ps1'
[6.218s] INFO:colcon.colcon_core.shell:Creating environment descriptor '/home/hassan/ros-tuts/patrol_ws/install/dynamixel_sdk/share/dynamixel_sdk/hook/cmake_prefix_path.dsv'
[6.218s] INFO:colcon.colcon_core.shell:Creating environment hook '/home/hassan/ros-tuts/patrol_ws/install/dynamixel_sdk/share/dynamixel_sdk/hook/cmake_prefix_path.sh'
[6.219s] Level 1:colcon.colcon_core.environment:checking '/home/hassan/ros-tuts/patrol_ws/install/dynamixel_sdk/lib'
[6.219s] Level 1:colcon.colcon_core.shell:create_environment_hook('dynamixel_sdk', 'ld_library_path_lib')
[6.220s] INFO:colcon.colcon_core.shell:Creating environment hook '/home/hassan/ros-tuts/patrol_ws/install/dynamixel_sdk/share/dynamixel_sdk/hook/ld_library_path_lib.ps1'
[6.220s] INFO:colcon.colcon_core.shell:Creating environment descriptor '/home/hassan/ros-tuts/patrol_ws/install/dynamixel_sdk/share/dynamixel_sdk/hook/ld_library_path_lib.dsv'
[6.221s] INFO:colcon.colcon_core.shell:Creating environment hook '/home/hassan/ros-tuts/patrol_ws/install/dynamixel_sdk/share/dynamixel_sdk/hook/ld_library_path_lib.sh'
[6.222s] Level 1:colcon.colcon_core.environment:checking '/home/hassan/ros-tuts/patrol_ws/install/dynamixel_sdk/bin'
[6.222s] Level 1:colcon.colcon_core.environment:checking '/home/hassan/ros-tuts/patrol_ws/install/dynamixel_sdk/lib/pkgconfig/dynamixel_sdk.pc'
[6.222s] Level 1:colcon.colcon_core.environment:checking '/home/hassan/ros-tuts/patrol_ws/install/dynamixel_sdk/lib/python3.10/site-packages'
[6.223s] Level 1:colcon.colcon_core.environment:checking '/home/hassan/ros-tuts/patrol_ws/install/dynamixel_sdk/bin'
[6.223s] INFO:colcon.colcon_core.shell:Creating package script '/home/hassan/ros-tuts/patrol_ws/install/dynamixel_sdk/share/dynamixel_sdk/package.ps1'
[6.225s] INFO:colcon.colcon_core.shell:Creating package descriptor '/home/hassan/ros-tuts/patrol_ws/install/dynamixel_sdk/share/dynamixel_sdk/package.dsv'
[6.226s] INFO:colcon.colcon_core.shell:Creating package script '/home/hassan/ros-tuts/patrol_ws/install/dynamixel_sdk/share/dynamixel_sdk/package.sh'
[6.227s] INFO:colcon.colcon_core.shell:Creating package script '/home/hassan/ros-tuts/patrol_ws/install/dynamixel_sdk/share/dynamixel_sdk/package.bash'
[6.228s] INFO:colcon.colcon_core.shell:Creating package script '/home/hassan/ros-tuts/patrol_ws/install/dynamixel_sdk/share/dynamixel_sdk/package.zsh'
[6.229s] Level 1:colcon.colcon_core.environment:create_file_with_runtime_dependencies(/home/hassan/ros-tuts/patrol_ws/install/dynamixel_sdk/share/colcon-core/packages/dynamixel_sdk)
[6.376s] DEBUG:colcon.colcon_core.event_handler.log_command:Invoked command in '/home/hassan/ros-tuts/patrol_ws/build/dynamixel_sdk_custom_interfaces' returned '0': CMAKE_PREFIX_PATH=${CMAKE_PREFIX_PATH}:/opt/ros/humble /usr/bin/cmake /home/hassan/ros-tuts/patrol_ws/src/utils/DynamixelSDK/dynamixel_sdk_custom_interfaces -DAMENT_CMAKE_SYMLINK_INSTALL=1 -DCMAKE_INSTALL_PREFIX=/home/hassan/ros-tuts/patrol_ws/install/dynamixel_sdk_custom_interfaces
[6.380s] DEBUG:colcon.colcon_core.event_handler.log_command:Invoking command in '/home/hassan/ros-tuts/patrol_ws/build/dynamixel_sdk_custom_interfaces': CMAKE_PREFIX_PATH=${CMAKE_PREFIX_PATH}:/opt/ros/humble /usr/bin/cmake --build /home/hassan/ros-tuts/patrol_ws/build/dynamixel_sdk_custom_interfaces -- -j8 -l8
[6.530s] DEBUG:colcon.colcon_core.event_handler.log_command:Invoking command in '/home/hassan/ros-tuts/patrol_ws/build/turtlebot3_teleop': PYTHONPATH=/home/hassan/ros-tuts/patrol_ws/build/turtlebot3_teleop/prefix_override:/usr/lib/python3/dist-packages/colcon_core/task/python/colcon_distutils_commands:/home/hassan/ros-tuts/patrol_ws/install/turtlebot3_teleop/lib/python3.10/site-packages:${PYTHONPATH} /usr/bin/python3 -W ignore:setup.py install is deprecated setup.py develop --editable --build-directory /home/hassan/ros-tuts/patrol_ws/build/turtlebot3_teleop/build --no-deps symlink_data
[6.935s] DEBUG:colcon.colcon_core.event_handler.log_command:Invoked command in '/home/hassan/ros-tuts/patrol_ws/build/turtlebot3_msgs' returned '0': CMAKE_PREFIX_PATH=${CMAKE_PREFIX_PATH}:/opt/ros/humble /usr/bin/cmake /home/hassan/ros-tuts/patrol_ws/src/turtlebot3/turtlebot3_msgs -DAMENT_CMAKE_SYMLINK_INSTALL=1 -DCMAKE_INSTALL_PREFIX=/home/hassan/ros-tuts/patrol_ws/install/turtlebot3_msgs
[6.939s] DEBUG:colcon.colcon_core.event_handler.log_command:Invoking command in '/home/hassan/ros-tuts/patrol_ws/build/turtlebot3_msgs': CMAKE_PREFIX_PATH=${CMAKE_PREFIX_PATH}:/opt/ros/humble /usr/bin/cmake --build /home/hassan/ros-tuts/patrol_ws/build/turtlebot3_msgs -- -j8 -l8
[8.314s] Level 1:colcon.colcon_core.shell:create_environment_hook('turtlebot3_teleop', 'pythonpath_develop')
[8.315s] INFO:colcon.colcon_core.shell:Creating environment hook '/home/hassan/ros-tuts/patrol_ws/build/turtlebot3_teleop/share/turtlebot3_teleop/hook/pythonpath_develop.ps1'
[8.317s] INFO:colcon.colcon_core.shell:Creating environment descriptor '/home/hassan/ros-tuts/patrol_ws/build/turtlebot3_teleop/share/turtlebot3_teleop/hook/pythonpath_develop.dsv'
[8.318s] INFO:colcon.colcon_core.shell:Creating environment hook '/home/hassan/ros-tuts/patrol_ws/build/turtlebot3_teleop/share/turtlebot3_teleop/hook/pythonpath_develop.sh'
[8.325s] DEBUG:colcon.colcon_core.event_handler.log_command:Invoked command in '/home/hassan/ros-tuts/patrol_ws/build/turtlebot3_teleop' returned '0': PYTHONPATH=/home/hassan/ros-tuts/patrol_ws/build/turtlebot3_teleop/prefix_override:/usr/lib/python3/dist-packages/colcon_core/task/python/colcon_distutils_commands:/home/hassan/ros-tuts/patrol_ws/install/turtlebot3_teleop/lib/python3.10/site-packages:${PYTHONPATH} /usr/bin/python3 -W ignore:setup.py install is deprecated setup.py develop --editable --build-directory /home/hassan/ros-tuts/patrol_ws/build/turtlebot3_teleop/build --no-deps symlink_data
[8.328s] Level 1:colcon.colcon_core.environment:checking '/home/hassan/ros-tuts/patrol_ws/install/turtlebot3_teleop' for CMake module files
[8.329s] Level 1:colcon.colcon_core.environment:checking '/home/hassan/ros-tuts/patrol_ws/install/turtlebot3_teleop' for CMake config files
[8.337s] Level 1:colcon.colcon_core.environment:checking '/home/hassan/ros-tuts/patrol_ws/install/turtlebot3_teleop/lib'
[8.338s] Level 1:colcon.colcon_core.environment:checking '/home/hassan/ros-tuts/patrol_ws/install/turtlebot3_teleop/bin'
[8.338s] Level 1:colcon.colcon_core.environment:checking '/home/hassan/ros-tuts/patrol_ws/install/turtlebot3_teleop/lib/pkgconfig/turtlebot3_teleop.pc'
[8.340s] Level 1:colcon.colcon_core.environment:checking '/home/hassan/ros-tuts/patrol_ws/install/turtlebot3_teleop/lib/python3.10/site-packages'
[8.343s] Level 1:colcon.colcon_core.shell:create_environment_hook('turtlebot3_teleop', 'pythonpath')
[8.344s] INFO:colcon.colcon_core.shell:Creating environment hook '/home/hassan/ros-tuts/patrol_ws/install/turtlebot3_teleop/share/turtlebot3_teleop/hook/pythonpath.ps1'
[8.347s] INFO:colcon.colcon_core.shell:Creating environment descriptor '/home/hassan/ros-tuts/patrol_ws/install/turtlebot3_teleop/share/turtlebot3_teleop/hook/pythonpath.dsv'
[8.348s] INFO:colcon.colcon_core.shell:Creating environment hook '/home/hassan/ros-tuts/patrol_ws/install/turtlebot3_teleop/share/turtlebot3_teleop/hook/pythonpath.sh'
[8.353s] Level 1:colcon.colcon_core.environment:checking '/home/hassan/ros-tuts/patrol_ws/install/turtlebot3_teleop/bin'
[8.354s] Level 1:colcon.colcon_core.environment:create_environment_scripts_only(turtlebot3_teleop)
[8.355s] INFO:colcon.colcon_core.shell:Creating package script '/home/hassan/ros-tuts/patrol_ws/install/turtlebot3_teleop/share/turtlebot3_teleop/package.ps1'
[8.356s] INFO:colcon.colcon_core.shell:Creating package descriptor '/home/hassan/ros-tuts/patrol_ws/install/turtlebot3_teleop/share/turtlebot3_teleop/package.dsv'
[8.358s] INFO:colcon.colcon_core.shell:Creating package script '/home/hassan/ros-tuts/patrol_ws/install/turtlebot3_teleop/share/turtlebot3_teleop/package.sh'
[8.359s] INFO:colcon.colcon_core.shell:Creating package script '/home/hassan/ros-tuts/patrol_ws/install/turtlebot3_teleop/share/turtlebot3_teleop/package.bash'
[8.360s] INFO:colcon.colcon_core.shell:Creating package script '/home/hassan/ros-tuts/patrol_ws/install/turtlebot3_teleop/share/turtlebot3_teleop/package.zsh'
[8.362s] Level 1:colcon.colcon_core.environment:create_file_with_runtime_dependencies(/home/hassan/ros-tuts/patrol_ws/install/turtlebot3_teleop/share/colcon-core/packages/turtlebot3_teleop)
[8.703s] DEBUG:colcon.colcon_core.event_handler.log_command:Invoked command in '/home/hassan/ros-tuts/patrol_ws/build/turtlebot3_gazebo' returned '0': CMAKE_PREFIX_PATH=${CMAKE_PREFIX_PATH}:/opt/ros/humble /usr/bin/cmake /home/hassan/ros-tuts/patrol_ws/src/turtlebot3/turtlebot3_simulations/turtlebot3_gazebo -DAMENT_CMAKE_SYMLINK_INSTALL=1 -DCMAKE_INSTALL_PREFIX=/home/hassan/ros-tuts/patrol_ws/install/turtlebot3_gazebo
[8.705s] DEBUG:colcon.colcon_core.event_handler.log_command:Invoking command in '/home/hassan/ros-tuts/patrol_ws/build/turtlebot3_gazebo': CMAKE_PREFIX_PATH=${CMAKE_PREFIX_PATH}:/opt/ros/humble /usr/bin/cmake --build /home/hassan/ros-tuts/patrol_ws/build/turtlebot3_gazebo -- -j8 -l8
[18.775s] DEBUG:colcon.colcon_core.event_handler.log_command:Invoked command in '/home/hassan/ros-tuts/patrol_ws/build/dynamixel_sdk_custom_interfaces' returned '0': CMAKE_PREFIX_PATH=${CMAKE_PREFIX_PATH}:/opt/ros/humble /usr/bin/cmake --build /home/hassan/ros-tuts/patrol_ws/build/dynamixel_sdk_custom_interfaces -- -j8 -l8
[19.146s] DEBUG:colcon.colcon_core.event_handler.log_command:Invoking command in '/home/hassan/ros-tuts/patrol_ws/build/dynamixel_sdk_custom_interfaces': CMAKE_PREFIX_PATH=${CMAKE_PREFIX_PATH}:/opt/ros/humble /usr/bin/cmake --install /home/hassan/ros-tuts/patrol_ws/build/dynamixel_sdk_custom_interfaces
[22.702s] Level 1:colcon.colcon_core.environment:create_environment_scripts_only(dynamixel_sdk_custom_interfaces)
[22.703s] Level 1:colcon.colcon_core.environment:checking '/home/hassan/ros-tuts/patrol_ws/install/dynamixel_sdk_custom_interfaces' for CMake module files
[22.704s] DEBUG:colcon.colcon_core.event_handler.log_command:Invoked command in '/home/hassan/ros-tuts/patrol_ws/build/dynamixel_sdk_custom_interfaces' returned '0': CMAKE_PREFIX_PATH=${CMAKE_PREFIX_PATH}:/opt/ros/humble /usr/bin/cmake --install /home/hassan/ros-tuts/patrol_ws/build/dynamixel_sdk_custom_interfaces
[22.708s] Level 1:colcon.colcon_core.environment:checking '/home/hassan/ros-tuts/patrol_ws/install/dynamixel_sdk_custom_interfaces' for CMake config files
[22.716s] Level 1:colcon.colcon_core.shell:create_environment_hook('dynamixel_sdk_custom_interfaces', 'cmake_prefix_path')
[22.716s] INFO:colcon.colcon_core.shell:Creating environment hook '/home/hassan/ros-tuts/patrol_ws/install/dynamixel_sdk_custom_interfaces/share/dynamixel_sdk_custom_interfaces/hook/cmake_prefix_path.ps1'
[22.718s] INFO:colcon.colcon_core.shell:Creating environment descriptor '/home/hassan/ros-tuts/patrol_ws/install/dynamixel_sdk_custom_interfaces/share/dynamixel_sdk_custom_interfaces/hook/cmake_prefix_path.dsv'
[22.722s] INFO:colcon.colcon_core.shell:Creating environment hook '/home/hassan/ros-tuts/patrol_ws/install/dynamixel_sdk_custom_interfaces/share/dynamixel_sdk_custom_interfaces/hook/cmake_prefix_path.sh'
[22.724s] Level 1:colcon.colcon_core.environment:checking '/home/hassan/ros-tuts/patrol_ws/install/dynamixel_sdk_custom_interfaces/lib'
[22.728s] Level 1:colcon.colcon_core.shell:create_environment_hook('dynamixel_sdk_custom_interfaces', 'ld_library_path_lib')
[22.729s] INFO:colcon.colcon_core.shell:Creating environment hook '/home/hassan/ros-tuts/patrol_ws/install/dynamixel_sdk_custom_interfaces/share/dynamixel_sdk_custom_interfaces/hook/ld_library_path_lib.ps1'
[22.730s] INFO:colcon.colcon_core.shell:Creating environment descriptor '/home/hassan/ros-tuts/patrol_ws/install/dynamixel_sdk_custom_interfaces/share/dynamixel_sdk_custom_interfaces/hook/ld_library_path_lib.dsv'
[22.731s] INFO:colcon.colcon_core.shell:Creating environment hook '/home/hassan/ros-tuts/patrol_ws/install/dynamixel_sdk_custom_interfaces/share/dynamixel_sdk_custom_interfaces/hook/ld_library_path_lib.sh'
[22.736s] Level 1:colcon.colcon_core.environment:checking '/home/hassan/ros-tuts/patrol_ws/install/dynamixel_sdk_custom_interfaces/bin'
[22.736s] Level 1:colcon.colcon_core.environment:checking '/home/hassan/ros-tuts/patrol_ws/install/dynamixel_sdk_custom_interfaces/lib/pkgconfig/dynamixel_sdk_custom_interfaces.pc'
[22.737s] Level 1:colcon.colcon_core.environment:checking '/home/hassan/ros-tuts/patrol_ws/install/dynamixel_sdk_custom_interfaces/lib/python3.10/site-packages'
[22.738s] Level 1:colcon.colcon_core.environment:checking '/home/hassan/ros-tuts/patrol_ws/install/dynamixel_sdk_custom_interfaces/bin'
[22.739s] INFO:colcon.colcon_core.shell:Creating package script '/home/hassan/ros-tuts/patrol_ws/install/dynamixel_sdk_custom_interfaces/share/dynamixel_sdk_custom_interfaces/package.ps1'
[22.744s] INFO:colcon.colcon_core.shell:Creating package descriptor '/home/hassan/ros-tuts/patrol_ws/install/dynamixel_sdk_custom_interfaces/share/dynamixel_sdk_custom_interfaces/package.dsv'
[22.746s] INFO:colcon.colcon_core.shell:Creating package script '/home/hassan/ros-tuts/patrol_ws/install/dynamixel_sdk_custom_interfaces/share/dynamixel_sdk_custom_interfaces/package.sh'
[22.751s] INFO:colcon.colcon_core.shell:Creating package script '/home/hassan/ros-tuts/patrol_ws/install/dynamixel_sdk_custom_interfaces/share/dynamixel_sdk_custom_interfaces/package.bash'
[22.752s] INFO:colcon.colcon_core.shell:Creating package script '/home/hassan/ros-tuts/patrol_ws/install/dynamixel_sdk_custom_interfaces/share/dynamixel_sdk_custom_interfaces/package.zsh'
[22.753s] Level 1:colcon.colcon_core.environment:create_file_with_runtime_dependencies(/home/hassan/ros-tuts/patrol_ws/install/dynamixel_sdk_custom_interfaces/share/colcon-core/packages/dynamixel_sdk_custom_interfaces)
[23.067s] Level 1:colcon.colcon_core.environment:create_environment_scripts_only(dynamixel_sdk_custom_interfaces)
[23.068s] Level 1:colcon.colcon_core.environment:checking '/home/hassan/ros-tuts/patrol_ws/install/dynamixel_sdk_custom_interfaces' for CMake module files
[23.074s] Level 1:colcon.colcon_core.environment:checking '/home/hassan/ros-tuts/patrol_ws/install/dynamixel_sdk_custom_interfaces' for CMake config files
[23.080s] Level 1:colcon.colcon_core.shell:create_environment_hook('dynamixel_sdk_custom_interfaces', 'cmake_prefix_path')
[23.081s] INFO:colcon.colcon_core.shell:Creating environment hook '/home/hassan/ros-tuts/patrol_ws/install/dynamixel_sdk_custom_interfaces/share/dynamixel_sdk_custom_interfaces/hook/cmake_prefix_path.ps1'
[23.083s] INFO:colcon.colcon_core.shell:Creating environment descriptor '/home/hassan/ros-tuts/patrol_ws/install/dynamixel_sdk_custom_interfaces/share/dynamixel_sdk_custom_interfaces/hook/cmake_prefix_path.dsv'
[23.089s] INFO:colcon.colcon_core.shell:Creating environment hook '/home/hassan/ros-tuts/patrol_ws/install/dynamixel_sdk_custom_interfaces/share/dynamixel_sdk_custom_interfaces/hook/cmake_prefix_path.sh'
[23.091s] Level 1:colcon.colcon_core.environment:checking '/home/hassan/ros-tuts/patrol_ws/install/dynamixel_sdk_custom_interfaces/lib'
[23.091s] Level 1:colcon.colcon_core.shell:create_environment_hook('dynamixel_sdk_custom_interfaces', 'ld_library_path_lib')
[23.095s] INFO:colcon.colcon_core.shell:Creating environment hook '/home/hassan/ros-tuts/patrol_ws/install/dynamixel_sdk_custom_interfaces/share/dynamixel_sdk_custom_interfaces/hook/ld_library_path_lib.ps1'
[23.096s] INFO:colcon.colcon_core.shell:Creating environment descriptor '/home/hassan/ros-tuts/patrol_ws/install/dynamixel_sdk_custom_interfaces/share/dynamixel_sdk_custom_interfaces/hook/ld_library_path_lib.dsv'
[23.101s] INFO:colcon.colcon_core.shell:Creating environment hook '/home/hassan/ros-tuts/patrol_ws/install/dynamixel_sdk_custom_interfaces/share/dynamixel_sdk_custom_interfaces/hook/ld_library_path_lib.sh'
[23.103s] Level 1:colcon.colcon_core.environment:checking '/home/hassan/ros-tuts/patrol_ws/install/dynamixel_sdk_custom_interfaces/bin'
[23.103s] Level 1:colcon.colcon_core.environment:checking '/home/hassan/ros-tuts/patrol_ws/install/dynamixel_sdk_custom_interfaces/lib/pkgconfig/dynamixel_sdk_custom_interfaces.pc'
[23.104s] Level 1:colcon.colcon_core.environment:checking '/home/hassan/ros-tuts/patrol_ws/install/dynamixel_sdk_custom_interfaces/lib/python3.10/site-packages'
[23.107s] Level 1:colcon.colcon_core.environment:checking '/home/hassan/ros-tuts/patrol_ws/install/dynamixel_sdk_custom_interfaces/bin'
[23.109s] INFO:colcon.colcon_core.shell:Creating package script '/home/hassan/ros-tuts/patrol_ws/install/dynamixel_sdk_custom_interfaces/share/dynamixel_sdk_custom_interfaces/package.ps1'
[23.110s] INFO:colcon.colcon_core.shell:Creating package descriptor '/home/hassan/ros-tuts/patrol_ws/install/dynamixel_sdk_custom_interfaces/share/dynamixel_sdk_custom_interfaces/package.dsv'
[23.116s] INFO:colcon.colcon_core.shell:Creating package script '/home/hassan/ros-tuts/patrol_ws/install/dynamixel_sdk_custom_interfaces/share/dynamixel_sdk_custom_interfaces/package.sh'
[23.118s] INFO:colcon.colcon_core.shell:Creating package script '/home/hassan/ros-tuts/patrol_ws/install/dynamixel_sdk_custom_interfaces/share/dynamixel_sdk_custom_interfaces/package.bash'
[23.124s] INFO:colcon.colcon_core.shell:Creating package script '/home/hassan/ros-tuts/patrol_ws/install/dynamixel_sdk_custom_interfaces/share/dynamixel_sdk_custom_interfaces/package.zsh'
[23.125s] Level 1:colcon.colcon_core.environment:create_file_with_runtime_dependencies(/home/hassan/ros-tuts/patrol_ws/install/dynamixel_sdk_custom_interfaces/share/colcon-core/packages/dynamixel_sdk_custom_interfaces)
[23.130s] INFO:colcon.colcon_ros.task.ament_cmake.build:Building ROS package in '/home/hassan/ros-tuts/patrol_ws/src/utils/DynamixelSDK/dynamixel_sdk_examples' with build type 'ament_cmake'
[23.130s] INFO:colcon.colcon_cmake.task.cmake.build:Building CMake package in '/home/hassan/ros-tuts/patrol_ws/src/utils/DynamixelSDK/dynamixel_sdk_examples'
[23.131s] INFO:colcon.colcon_core.shell:Skip shell extension 'powershell' for command environment: Not usable outside of PowerShell
[23.131s] DEBUG:colcon.colcon_core.shell:Skip shell extension 'dsv' for command environment
[23.197s] DEBUG:colcon.colcon_core.event_handler.log_command:Invoking command in '/home/hassan/ros-tuts/patrol_ws/build/dynamixel_sdk_examples': AMENT_PREFIX_PATH=/home/hassan/ros-tuts/patrol_ws/install/dynamixel_sdk_custom_interfaces:/home/hassan/ros-tuts/patrol_ws/install/dynamixel_sdk:${AMENT_PREFIX_PATH} CMAKE_PREFIX_PATH=/home/hassan/ros-tuts/patrol_ws/install/dynamixel_sdk_custom_interfaces:/home/hassan/ros-tuts/patrol_ws/install/dynamixel_sdk:/home/hassan/rosbot_ws/install/ros_bot:/opt/ros/humble LD_LIBRARY_PATH=/home/hassan/ros-tuts/patrol_ws/install/dynamixel_sdk_custom_interfaces/lib:/home/hassan/ros-tuts/patrol_ws/install/dynamixel_sdk/lib:${LD_LIBRARY_PATH} PYTHONPATH=/home/hassan/ros-tuts/patrol_ws/install/dynamixel_sdk_custom_interfaces/local/lib/python3.10/dist-packages:${PYTHONPATH} /usr/bin/cmake /home/hassan/ros-tuts/patrol_ws/src/utils/DynamixelSDK/dynamixel_sdk_examples -DAMENT_CMAKE_SYMLINK_INSTALL=1 -DCMAKE_INSTALL_PREFIX=/home/hassan/ros-tuts/patrol_ws/install/dynamixel_sdk_examples
[27.007s] DEBUG:colcon.colcon_core.event_handler.log_command:Invoked command in '/home/hassan/ros-tuts/patrol_ws/build/dynamixel_sdk_examples' returned '0': AMENT_PREFIX_PATH=/home/hassan/ros-tuts/patrol_ws/install/dynamixel_sdk_custom_interfaces:/home/hassan/ros-tuts/patrol_ws/install/dynamixel_sdk:${AMENT_PREFIX_PATH} CMAKE_PREFIX_PATH=/home/hassan/ros-tuts/patrol_ws/install/dynamixel_sdk_custom_interfaces:/home/hassan/ros-tuts/patrol_ws/install/dynamixel_sdk:/home/hassan/rosbot_ws/install/ros_bot:/opt/ros/humble LD_LIBRARY_PATH=/home/hassan/ros-tuts/patrol_ws/install/dynamixel_sdk_custom_interfaces/lib:/home/hassan/ros-tuts/patrol_ws/install/dynamixel_sdk/lib:${LD_LIBRARY_PATH} PYTHONPATH=/home/hassan/ros-tuts/patrol_ws/install/dynamixel_sdk_custom_interfaces/local/lib/python3.10/dist-packages:${PYTHONPATH} /usr/bin/cmake /home/hassan/ros-tuts/patrol_ws/src/utils/DynamixelSDK/dynamixel_sdk_examples -DAMENT_CMAKE_SYMLINK_INSTALL=1 -DCMAKE_INSTALL_PREFIX=/home/hassan/ros-tuts/patrol_ws/install/dynamixel_sdk_examples
[27.020s] DEBUG:colcon.colcon_core.event_handler.log_command:Invoking command in '/home/hassan/ros-tuts/patrol_ws/build/dynamixel_sdk_examples': AMENT_PREFIX_PATH=/home/hassan/ros-tuts/patrol_ws/install/dynamixel_sdk_custom_interfaces:/home/hassan/ros-tuts/patrol_ws/install/dynamixel_sdk:${AMENT_PREFIX_PATH} CMAKE_PREFIX_PATH=/home/hassan/ros-tuts/patrol_ws/install/dynamixel_sdk_custom_interfaces:/home/hassan/ros-tuts/patrol_ws/install/dynamixel_sdk:/home/hassan/rosbot_ws/install/ros_bot:/opt/ros/humble LD_LIBRARY_PATH=/home/hassan/ros-tuts/patrol_ws/install/dynamixel_sdk_custom_interfaces/lib:/home/hassan/ros-tuts/patrol_ws/install/dynamixel_sdk/lib:${LD_LIBRARY_PATH} PYTHONPATH=/home/hassan/ros-tuts/patrol_ws/install/dynamixel_sdk_custom_interfaces/local/lib/python3.10/dist-packages:${PYTHONPATH} /usr/bin/cmake --build /home/hassan/ros-tuts/patrol_ws/build/dynamixel_sdk_examples -- -j8 -l8
[31.164s] DEBUG:colcon.colcon_core.event_handler.log_command:Invoked command in '/home/hassan/ros-tuts/patrol_ws/build/hls_lfcd_lds_driver' returned '0': CMAKE_PREFIX_PATH=${CMAKE_PREFIX_PATH}:/opt/ros/humble /usr/bin/cmake --build /home/hassan/ros-tuts/patrol_ws/build/hls_lfcd_lds_driver -- -j8 -l8
[31.232s] DEBUG:colcon.colcon_core.event_handler.log_command:Invoking command in '/home/hassan/ros-tuts/patrol_ws/build/hls_lfcd_lds_driver': CMAKE_PREFIX_PATH=${CMAKE_PREFIX_PATH}:/opt/ros/humble /usr/bin/cmake --install /home/hassan/ros-tuts/patrol_ws/build/hls_lfcd_lds_driver
[32.063s] Level 1:colcon.colcon_core.environment:create_environment_scripts_only(hls_lfcd_lds_driver)
[32.064s] Level 1:colcon.colcon_core.environment:checking '/home/hassan/ros-tuts/patrol_ws/install/hls_lfcd_lds_driver' for CMake module files
[32.066s] Level 1:colcon.colcon_core.environment:checking '/home/hassan/ros-tuts/patrol_ws/install/hls_lfcd_lds_driver' for CMake config files
[32.067s] DEBUG:colcon.colcon_core.event_handler.log_command:Invoked command in '/home/hassan/ros-tuts/patrol_ws/build/hls_lfcd_lds_driver' returned '0': CMAKE_PREFIX_PATH=${CMAKE_PREFIX_PATH}:/opt/ros/humble /usr/bin/cmake --install /home/hassan/ros-tuts/patrol_ws/build/hls_lfcd_lds_driver
[32.068s] Level 1:colcon.colcon_core.shell:create_environment_hook('hls_lfcd_lds_driver', 'cmake_prefix_path')
[32.069s] INFO:colcon.colcon_core.shell:Creating environment hook '/home/hassan/ros-tuts/patrol_ws/install/hls_lfcd_lds_driver/share/hls_lfcd_lds_driver/hook/cmake_prefix_path.ps1'
[32.070s] INFO:colcon.colcon_core.shell:Creating environment descriptor '/home/hassan/ros-tuts/patrol_ws/install/hls_lfcd_lds_driver/share/hls_lfcd_lds_driver/hook/cmake_prefix_path.dsv'
[32.072s] INFO:colcon.colcon_core.shell:Creating environment hook '/home/hassan/ros-tuts/patrol_ws/install/hls_lfcd_lds_driver/share/hls_lfcd_lds_driver/hook/cmake_prefix_path.sh'
[32.073s] Level 1:colcon.colcon_core.environment:checking '/home/hassan/ros-tuts/patrol_ws/install/hls_lfcd_lds_driver/lib'
[32.074s] Level 1:colcon.colcon_core.environment:checking '/home/hassan/ros-tuts/patrol_ws/install/hls_lfcd_lds_driver/bin'
[32.074s] Level 1:colcon.colcon_core.environment:checking '/home/hassan/ros-tuts/patrol_ws/install/hls_lfcd_lds_driver/lib/pkgconfig/hls_lfcd_lds_driver.pc'
[32.075s] Level 1:colcon.colcon_core.environment:checking '/home/hassan/ros-tuts/patrol_ws/install/hls_lfcd_lds_driver/lib/python3.10/site-packages'
[32.075s] Level 1:colcon.colcon_core.environment:checking '/home/hassan/ros-tuts/patrol_ws/install/hls_lfcd_lds_driver/bin'
[32.076s] INFO:colcon.colcon_core.shell:Creating package script '/home/hassan/ros-tuts/patrol_ws/install/hls_lfcd_lds_driver/share/hls_lfcd_lds_driver/package.ps1'
[32.078s] INFO:colcon.colcon_core.shell:Creating package descriptor '/home/hassan/ros-tuts/patrol_ws/install/hls_lfcd_lds_driver/share/hls_lfcd_lds_driver/package.dsv'
[32.079s] INFO:colcon.colcon_core.shell:Creating package script '/home/hassan/ros-tuts/patrol_ws/install/hls_lfcd_lds_driver/share/hls_lfcd_lds_driver/package.sh'
[32.080s] INFO:colcon.colcon_core.shell:Creating package script '/home/hassan/ros-tuts/patrol_ws/install/hls_lfcd_lds_driver/share/hls_lfcd_lds_driver/package.bash'
[32.081s] INFO:colcon.colcon_core.shell:Creating package script '/home/hassan/ros-tuts/patrol_ws/install/hls_lfcd_lds_driver/share/hls_lfcd_lds_driver/package.zsh'
[32.082s] Level 1:colcon.colcon_core.environment:create_file_with_runtime_dependencies(/home/hassan/ros-tuts/patrol_ws/install/hls_lfcd_lds_driver/share/colcon-core/packages/hls_lfcd_lds_driver)
[32.159s] Level 1:colcon.colcon_core.environment:create_environment_scripts_only(hls_lfcd_lds_driver)
[32.159s] Level 1:colcon.colcon_core.environment:checking '/home/hassan/ros-tuts/patrol_ws/install/hls_lfcd_lds_driver' for CMake module files
[32.161s] Level 1:colcon.colcon_core.environment:checking '/home/hassan/ros-tuts/patrol_ws/install/hls_lfcd_lds_driver' for CMake config files
[32.162s] Level 1:colcon.colcon_core.shell:create_environment_hook('hls_lfcd_lds_driver', 'cmake_prefix_path')
[32.163s] INFO:colcon.colcon_core.shell:Creating environment hook '/home/hassan/ros-tuts/patrol_ws/install/hls_lfcd_lds_driver/share/hls_lfcd_lds_driver/hook/cmake_prefix_path.ps1'
[32.165s] INFO:colcon.colcon_core.shell:Creating environment descriptor '/home/hassan/ros-tuts/patrol_ws/install/hls_lfcd_lds_driver/share/hls_lfcd_lds_driver/hook/cmake_prefix_path.dsv'
[32.166s] INFO:colcon.colcon_core.shell:Creating environment hook '/home/hassan/ros-tuts/patrol_ws/install/hls_lfcd_lds_driver/share/hls_lfcd_lds_driver/hook/cmake_prefix_path.sh'
[32.168s] Level 1:colcon.colcon_core.environment:checking '/home/hassan/ros-tuts/patrol_ws/install/hls_lfcd_lds_driver/lib'
[32.168s] Level 1:colcon.colcon_core.environment:checking '/home/hassan/ros-tuts/patrol_ws/install/hls_lfcd_lds_driver/bin'
[32.168s] Level 1:colcon.colcon_core.environment:checking '/home/hassan/ros-tuts/patrol_ws/install/hls_lfcd_lds_driver/lib/pkgconfig/hls_lfcd_lds_driver.pc'
[32.169s] Level 1:colcon.colcon_core.environment:checking '/home/hassan/ros-tuts/patrol_ws/install/hls_lfcd_lds_driver/lib/python3.10/site-packages'
[32.170s] Level 1:colcon.colcon_core.environment:checking '/home/hassan/ros-tuts/patrol_ws/install/hls_lfcd_lds_driver/bin'
[32.171s] INFO:colcon.colcon_core.shell:Creating package script '/home/hassan/ros-tuts/patrol_ws/install/hls_lfcd_lds_driver/share/hls_lfcd_lds_driver/package.ps1'
[32.173s] INFO:colcon.colcon_core.shell:Creating package descriptor '/home/hassan/ros-tuts/patrol_ws/install/hls_lfcd_lds_driver/share/hls_lfcd_lds_driver/package.dsv'
[32.174s] INFO:colcon.colcon_core.shell:Creating package script '/home/hassan/ros-tuts/patrol_ws/install/hls_lfcd_lds_driver/share/hls_lfcd_lds_driver/package.sh'
[32.176s] INFO:colcon.colcon_core.shell:Creating package script '/home/hassan/ros-tuts/patrol_ws/install/hls_lfcd_lds_driver/share/hls_lfcd_lds_driver/package.bash'
[32.177s] INFO:colcon.colcon_core.shell:Creating package script '/home/hassan/ros-tuts/patrol_ws/install/hls_lfcd_lds_driver/share/hls_lfcd_lds_driver/package.zsh'
[32.179s] Level 1:colcon.colcon_core.environment:create_file_with_runtime_dependencies(/home/hassan/ros-tuts/patrol_ws/install/hls_lfcd_lds_driver/share/colcon-core/packages/hls_lfcd_lds_driver)
[32.963s] DEBUG:colcon.colcon_core.event_handler.log_command:Invoked command in '/home/hassan/ros-tuts/patrol_ws/build/turtlebot3_msgs' returned '0': CMAKE_PREFIX_PATH=${CMAKE_PREFIX_PATH}:/opt/ros/humble /usr/bin/cmake --build /home/hassan/ros-tuts/patrol_ws/build/turtlebot3_msgs -- -j8 -l8
[33.230s] DEBUG:colcon.colcon_core.event_handler.log_command:Invoking command in '/home/hassan/ros-tuts/patrol_ws/build/turtlebot3_msgs': CMAKE_PREFIX_PATH=${CMAKE_PREFIX_PATH}:/opt/ros/humble /usr/bin/cmake --install /home/hassan/ros-tuts/patrol_ws/build/turtlebot3_msgs
[35.686s] Level 1:colcon.colcon_core.environment:create_environment_scripts_only(turtlebot3_msgs)
[35.687s] DEBUG:colcon.colcon_core.event_handler.log_command:Invoked command in '/home/hassan/ros-tuts/patrol_ws/build/turtlebot3_msgs' returned '0': CMAKE_PREFIX_PATH=${CMAKE_PREFIX_PATH}:/opt/ros/humble /usr/bin/cmake --install /home/hassan/ros-tuts/patrol_ws/build/turtlebot3_msgs
[35.688s] Level 1:colcon.colcon_core.environment:checking '/home/hassan/ros-tuts/patrol_ws/install/turtlebot3_msgs' for CMake module files
[35.690s] Level 1:colcon.colcon_core.environment:checking '/home/hassan/ros-tuts/patrol_ws/install/turtlebot3_msgs' for CMake config files
[35.694s] Level 1:colcon.colcon_core.shell:create_environment_hook('turtlebot3_msgs', 'cmake_prefix_path')
[35.695s] INFO:colcon.colcon_core.shell:Creating environment hook '/home/hassan/ros-tuts/patrol_ws/install/turtlebot3_msgs/share/turtlebot3_msgs/hook/cmake_prefix_path.ps1'
[35.696s] INFO:colcon.colcon_core.shell:Creating environment descriptor '/home/hassan/ros-tuts/patrol_ws/install/turtlebot3_msgs/share/turtlebot3_msgs/hook/cmake_prefix_path.dsv'
[35.697s] INFO:colcon.colcon_core.shell:Creating environment hook '/home/hassan/ros-tuts/patrol_ws/install/turtlebot3_msgs/share/turtlebot3_msgs/hook/cmake_prefix_path.sh'
[35.699s] Level 1:colcon.colcon_core.environment:checking '/home/hassan/ros-tuts/patrol_ws/install/turtlebot3_msgs/lib'
[35.699s] Level 1:colcon.colcon_core.shell:create_environment_hook('turtlebot3_msgs', 'ld_library_path_lib')
[35.700s] INFO:colcon.colcon_core.shell:Creating environment hook '/home/hassan/ros-tuts/patrol_ws/install/turtlebot3_msgs/share/turtlebot3_msgs/hook/ld_library_path_lib.ps1'
[35.701s] INFO:colcon.colcon_core.shell:Creating environment descriptor '/home/hassan/ros-tuts/patrol_ws/install/turtlebot3_msgs/share/turtlebot3_msgs/hook/ld_library_path_lib.dsv'
[35.702s] INFO:colcon.colcon_core.shell:Creating environment hook '/home/hassan/ros-tuts/patrol_ws/install/turtlebot3_msgs/share/turtlebot3_msgs/hook/ld_library_path_lib.sh'
[35.703s] Level 1:colcon.colcon_core.environment:checking '/home/hassan/ros-tuts/patrol_ws/install/turtlebot3_msgs/bin'
[35.704s] Level 1:colcon.colcon_core.environment:checking '/home/hassan/ros-tuts/patrol_ws/install/turtlebot3_msgs/lib/pkgconfig/turtlebot3_msgs.pc'
[35.704s] Level 1:colcon.colcon_core.environment:checking '/home/hassan/ros-tuts/patrol_ws/install/turtlebot3_msgs/lib/python3.10/site-packages'
[35.705s] Level 1:colcon.colcon_core.environment:checking '/home/hassan/ros-tuts/patrol_ws/install/turtlebot3_msgs/bin'
[35.706s] INFO:colcon.colcon_core.shell:Creating package script '/home/hassan/ros-tuts/patrol_ws/install/turtlebot3_msgs/share/turtlebot3_msgs/package.ps1'
[35.707s] INFO:colcon.colcon_core.shell:Creating package descriptor '/home/hassan/ros-tuts/patrol_ws/install/turtlebot3_msgs/share/turtlebot3_msgs/package.dsv'
[35.709s] INFO:colcon.colcon_core.shell:Creating package script '/home/hassan/ros-tuts/patrol_ws/install/turtlebot3_msgs/share/turtlebot3_msgs/package.sh'
[35.710s] INFO:colcon.colcon_core.shell:Creating package script '/home/hassan/ros-tuts/patrol_ws/install/turtlebot3_msgs/share/turtlebot3_msgs/package.bash'
[35.711s] INFO:colcon.colcon_core.shell:Creating package script '/home/hassan/ros-tuts/patrol_ws/install/turtlebot3_msgs/share/turtlebot3_msgs/package.zsh'
[35.712s] Level 1:colcon.colcon_core.environment:create_file_with_runtime_dependencies(/home/hassan/ros-tuts/patrol_ws/install/turtlebot3_msgs/share/colcon-core/packages/turtlebot3_msgs)
[35.968s] Level 1:colcon.colcon_core.environment:create_environment_scripts_only(turtlebot3_msgs)
[35.969s] Level 1:colcon.colcon_core.environment:checking '/home/hassan/ros-tuts/patrol_ws/install/turtlebot3_msgs' for CMake module files
[35.971s] Level 1:colcon.colcon_core.environment:checking '/home/hassan/ros-tuts/patrol_ws/install/turtlebot3_msgs' for CMake config files
[35.975s] Level 1:colcon.colcon_core.shell:create_environment_hook('turtlebot3_msgs', 'cmake_prefix_path')
[35.976s] INFO:colcon.colcon_core.shell:Creating environment hook '/home/hassan/ros-tuts/patrol_ws/install/turtlebot3_msgs/share/turtlebot3_msgs/hook/cmake_prefix_path.ps1'
[35.977s] INFO:colcon.colcon_core.shell:Creating environment descriptor '/home/hassan/ros-tuts/patrol_ws/install/turtlebot3_msgs/share/turtlebot3_msgs/hook/cmake_prefix_path.dsv'
[35.978s] INFO:colcon.colcon_core.shell:Creating environment hook '/home/hassan/ros-tuts/patrol_ws/install/turtlebot3_msgs/share/turtlebot3_msgs/hook/cmake_prefix_path.sh'
[35.979s] Level 1:colcon.colcon_core.environment:checking '/home/hassan/ros-tuts/patrol_ws/install/turtlebot3_msgs/lib'
[35.980s] Level 1:colcon.colcon_core.shell:create_environment_hook('turtlebot3_msgs', 'ld_library_path_lib')
[35.980s] INFO:colcon.colcon_core.shell:Creating environment hook '/home/hassan/ros-tuts/patrol_ws/install/turtlebot3_msgs/share/turtlebot3_msgs/hook/ld_library_path_lib.ps1'
[35.982s] INFO:colcon.colcon_core.shell:Creating environment descriptor '/home/hassan/ros-tuts/patrol_ws/install/turtlebot3_msgs/share/turtlebot3_msgs/hook/ld_library_path_lib.dsv'
[35.983s] INFO:colcon.colcon_core.shell:Creating environment hook '/home/hassan/ros-tuts/patrol_ws/install/turtlebot3_msgs/share/turtlebot3_msgs/hook/ld_library_path_lib.sh'
[35.984s] Level 1:colcon.colcon_core.environment:checking '/home/hassan/ros-tuts/patrol_ws/install/turtlebot3_msgs/bin'
[35.984s] Level 1:colcon.colcon_core.environment:checking '/home/hassan/ros-tuts/patrol_ws/install/turtlebot3_msgs/lib/pkgconfig/turtlebot3_msgs.pc'
[35.984s] Level 1:colcon.colcon_core.environment:checking '/home/hassan/ros-tuts/patrol_ws/install/turtlebot3_msgs/lib/python3.10/site-packages'
[35.985s] Level 1:colcon.colcon_core.environment:checking '/home/hassan/ros-tuts/patrol_ws/install/turtlebot3_msgs/bin'
[35.986s] INFO:colcon.colcon_core.shell:Creating package script '/home/hassan/ros-tuts/patrol_ws/install/turtlebot3_msgs/share/turtlebot3_msgs/package.ps1'
[35.988s] INFO:colcon.colcon_core.shell:Creating package descriptor '/home/hassan/ros-tuts/patrol_ws/install/turtlebot3_msgs/share/turtlebot3_msgs/package.dsv'
[35.989s] INFO:colcon.colcon_core.shell:Creating package script '/home/hassan/ros-tuts/patrol_ws/install/turtlebot3_msgs/share/turtlebot3_msgs/package.sh'
[35.991s] INFO:colcon.colcon_core.shell:Creating package script '/home/hassan/ros-tuts/patrol_ws/install/turtlebot3_msgs/share/turtlebot3_msgs/package.bash'
[35.992s] INFO:colcon.colcon_core.shell:Creating package script '/home/hassan/ros-tuts/patrol_ws/install/turtlebot3_msgs/share/turtlebot3_msgs/package.zsh'
[35.993s] Level 1:colcon.colcon_core.environment:create_file_with_runtime_dependencies(/home/hassan/ros-tuts/patrol_ws/install/turtlebot3_msgs/share/colcon-core/packages/turtlebot3_msgs)
[35.994s] INFO:colcon.colcon_ros.task.ament_cmake.build:Building ROS package in '/home/hassan/ros-tuts/patrol_ws/src/turtlebot3/turtlebot3/turtlebot3_node' with build type 'ament_cmake'
[35.995s] INFO:colcon.colcon_cmake.task.cmake.build:Building CMake package in '/home/hassan/ros-tuts/patrol_ws/src/turtlebot3/turtlebot3/turtlebot3_node'
[35.996s] INFO:colcon.colcon_core.shell:Skip shell extension 'powershell' for command environment: Not usable outside of PowerShell
[35.996s] DEBUG:colcon.colcon_core.shell:Skip shell extension 'dsv' for command environment
[36.004s] INFO:colcon.colcon_ros.task.ament_python.build:Building ROS package in '/home/hassan/ros-tuts/patrol_ws/src/turtlebot3/turtlebot3/turtlebot3_example' with build type 'ament_python'
[36.004s] Level 1:colcon.colcon_core.shell:create_environment_hook('turtlebot3_example', 'ament_prefix_path')
[36.005s] INFO:colcon.colcon_core.shell:Creating environment hook '/home/hassan/ros-tuts/patrol_ws/install/turtlebot3_example/share/turtlebot3_example/hook/ament_prefix_path.ps1'
[36.007s] INFO:colcon.colcon_core.shell:Creating environment descriptor '/home/hassan/ros-tuts/patrol_ws/install/turtlebot3_example/share/turtlebot3_example/hook/ament_prefix_path.dsv'
[36.007s] INFO:colcon.colcon_core.shell:Creating environment hook '/home/hassan/ros-tuts/patrol_ws/install/turtlebot3_example/share/turtlebot3_example/hook/ament_prefix_path.sh'
[36.009s] INFO:colcon.colcon_core.shell:Skip shell extension 'powershell' for command environment: Not usable outside of PowerShell
[36.009s] DEBUG:colcon.colcon_core.shell:Skip shell extension 'dsv' for command environment
[36.016s] INFO:colcon.colcon_ros.task.ament_cmake.build:Building ROS package in '/home/hassan/ros-tuts/patrol_ws/src/turtlebot3/turtlebot3_simulations/turtlebot3_fake_node' with build type 'ament_cmake'
[36.016s] INFO:colcon.colcon_cmake.task.cmake.build:Building CMake package in '/home/hassan/ros-tuts/patrol_ws/src/turtlebot3/turtlebot3_simulations/turtlebot3_fake_node'
[36.017s] INFO:colcon.colcon_core.shell:Skip shell extension 'powershell' for command environment: Not usable outside of PowerShell
[36.017s] DEBUG:colcon.colcon_core.shell:Skip shell extension 'dsv' for command environment
[36.044s] DEBUG:colcon.colcon_core.event_handler.log_command:Invoking command in '/home/hassan/ros-tuts/patrol_ws/build/turtlebot3_node': AMENT_PREFIX_PATH=/home/hassan/ros-tuts/patrol_ws/install/turtlebot3_msgs:/home/hassan/ros-tuts/patrol_ws/install/dynamixel_sdk:${AMENT_PREFIX_PATH} CMAKE_PREFIX_PATH=/home/hassan/ros-tuts/patrol_ws/install/turtlebot3_msgs:/home/hassan/ros-tuts/patrol_ws/install/dynamixel_sdk:/home/hassan/rosbot_ws/install/ros_bot:/opt/ros/humble LD_LIBRARY_PATH=/home/hassan/ros-tuts/patrol_ws/install/turtlebot3_msgs/lib:/home/hassan/ros-tuts/patrol_ws/install/dynamixel_sdk/lib:${LD_LIBRARY_PATH} PYTHONPATH=/home/hassan/ros-tuts/patrol_ws/install/turtlebot3_msgs/local/lib/python3.10/dist-packages:${PYTHONPATH} /usr/bin/cmake /home/hassan/ros-tuts/patrol_ws/src/turtlebot3/turtlebot3/turtlebot3_node -DAMENT_CMAKE_SYMLINK_INSTALL=1 -DCMAKE_INSTALL_PREFIX=/home/hassan/ros-tuts/patrol_ws/install/turtlebot3_node
[36.772s] INFO:colcon.colcon_core.task.python.build:Building Python package in '/home/hassan/ros-tuts/patrol_ws/src/turtlebot3/turtlebot3/turtlebot3_example'
[36.773s] INFO:colcon.colcon_core.shell:Skip shell extension 'powershell' for command environment: Not usable outside of PowerShell
[36.774s] DEBUG:colcon.colcon_core.shell:Skip shell extension 'dsv' for command environment
[36.797s] DEBUG:colcon.colcon_core.event_handler.log_command:Invoking command in '/home/hassan/ros-tuts/patrol_ws/build/turtlebot3_fake_node': AMENT_PREFIX_PATH=/home/hassan/ros-tuts/patrol_ws/install/turtlebot3_msgs:${AMENT_PREFIX_PATH} CMAKE_PREFIX_PATH=/home/hassan/ros-tuts/patrol_ws/install/turtlebot3_msgs:/home/hassan/rosbot_ws/install/ros_bot:/opt/ros/humble LD_LIBRARY_PATH=/home/hassan/ros-tuts/patrol_ws/install/turtlebot3_msgs/lib:${LD_LIBRARY_PATH} PYTHONPATH=/home/hassan/ros-tuts/patrol_ws/install/turtlebot3_msgs/local/lib/python3.10/dist-packages:${PYTHONPATH} /usr/bin/cmake /home/hassan/ros-tuts/patrol_ws/src/turtlebot3/turtlebot3_simulations/turtlebot3_fake_node -DAMENT_CMAKE_SYMLINK_INSTALL=1 -DCMAKE_INSTALL_PREFIX=/home/hassan/ros-tuts/patrol_ws/install/turtlebot3_fake_node
[38.098s] DEBUG:colcon.colcon_core.event_handler.log_command:Invoking command in '/home/hassan/ros-tuts/patrol_ws/build/turtlebot3_example': AMENT_PREFIX_PATH=/home/hassan/ros-tuts/patrol_ws/install/turtlebot3_msgs:${AMENT_PREFIX_PATH} CMAKE_PREFIX_PATH=/home/hassan/ros-tuts/patrol_ws/install/turtlebot3_msgs:${CMAKE_PREFIX_PATH} LD_LIBRARY_PATH=/home/hassan/ros-tuts/patrol_ws/install/turtlebot3_msgs/lib:${LD_LIBRARY_PATH} PYTHONPATH=/home/hassan/ros-tuts/patrol_ws/build/turtlebot3_example/prefix_override:/usr/lib/python3/dist-packages/colcon_core/task/python/colcon_distutils_commands:/home/hassan/ros-tuts/patrol_ws/install/turtlebot3_example/lib/python3.10/site-packages:/home/hassan/ros-tuts/patrol_ws/install/turtlebot3_msgs/local/lib/python3.10/dist-packages:${PYTHONPATH} /usr/bin/python3 -W ignore:setup.py install is deprecated setup.py develop --editable --build-directory /home/hassan/ros-tuts/patrol_ws/build/turtlebot3_example/build --no-deps symlink_data
[39.644s] Level 1:colcon.colcon_core.shell:create_environment_hook('turtlebot3_example', 'pythonpath_develop')
[39.645s] INFO:colcon.colcon_core.shell:Creating environment hook '/home/hassan/ros-tuts/patrol_ws/build/turtlebot3_example/share/turtlebot3_example/hook/pythonpath_develop.ps1'
[39.647s] INFO:colcon.colcon_core.shell:Creating environment descriptor '/home/hassan/ros-tuts/patrol_ws/build/turtlebot3_example/share/turtlebot3_example/hook/pythonpath_develop.dsv'
[39.648s] DEBUG:colcon.colcon_core.event_handler.log_command:Invoked command in '/home/hassan/ros-tuts/patrol_ws/build/turtlebot3_example' returned '0': AMENT_PREFIX_PATH=/home/hassan/ros-tuts/patrol_ws/install/turtlebot3_msgs:${AMENT_PREFIX_PATH} CMAKE_PREFIX_PATH=/home/hassan/ros-tuts/patrol_ws/install/turtlebot3_msgs:${CMAKE_PREFIX_PATH} LD_LIBRARY_PATH=/home/hassan/ros-tuts/patrol_ws/install/turtlebot3_msgs/lib:${LD_LIBRARY_PATH} PYTHONPATH=/home/hassan/ros-tuts/patrol_ws/build/turtlebot3_example/prefix_override:/usr/lib/python3/dist-packages/colcon_core/task/python/colcon_distutils_commands:/home/hassan/ros-tuts/patrol_ws/install/turtlebot3_example/lib/python3.10/site-packages:/home/hassan/ros-tuts/patrol_ws/install/turtlebot3_msgs/local/lib/python3.10/dist-packages:${PYTHONPATH} /usr/bin/python3 -W ignore:setup.py install is deprecated setup.py develop --editable --build-directory /home/hassan/ros-tuts/patrol_ws/build/turtlebot3_example/build --no-deps symlink_data
[39.649s] INFO:colcon.colcon_core.shell:Creating environment hook '/home/hassan/ros-tuts/patrol_ws/build/turtlebot3_example/share/turtlebot3_example/hook/pythonpath_develop.sh'
[39.651s] Level 1:colcon.colcon_core.environment:checking '/home/hassan/ros-tuts/patrol_ws/install/turtlebot3_example' for CMake module files
[39.653s] Level 1:colcon.colcon_core.environment:checking '/home/hassan/ros-tuts/patrol_ws/install/turtlebot3_example' for CMake config files
[39.654s] Level 1:colcon.colcon_core.environment:checking '/home/hassan/ros-tuts/patrol_ws/install/turtlebot3_example/lib'
[39.654s] Level 1:colcon.colcon_core.environment:checking '/home/hassan/ros-tuts/patrol_ws/install/turtlebot3_example/bin'
[39.655s] Level 1:colcon.colcon_core.environment:checking '/home/hassan/ros-tuts/patrol_ws/install/turtlebot3_example/lib/pkgconfig/turtlebot3_example.pc'
[39.655s] Level 1:colcon.colcon_core.environment:checking '/home/hassan/ros-tuts/patrol_ws/install/turtlebot3_example/lib/python3.10/site-packages'
[39.656s] Level 1:colcon.colcon_core.shell:create_environment_hook('turtlebot3_example', 'pythonpath')
[39.656s] INFO:colcon.colcon_core.shell:Creating environment hook '/home/hassan/ros-tuts/patrol_ws/install/turtlebot3_example/share/turtlebot3_example/hook/pythonpath.ps1'
[39.658s] INFO:colcon.colcon_core.shell:Creating environment descriptor '/home/hassan/ros-tuts/patrol_ws/install/turtlebot3_example/share/turtlebot3_example/hook/pythonpath.dsv'
[39.659s] INFO:colcon.colcon_core.shell:Creating environment hook '/home/hassan/ros-tuts/patrol_ws/install/turtlebot3_example/share/turtlebot3_example/hook/pythonpath.sh'
[39.661s] Level 1:colcon.colcon_core.environment:checking '/home/hassan/ros-tuts/patrol_ws/install/turtlebot3_example/bin'
[39.661s] Level 1:colcon.colcon_core.environment:create_environment_scripts_only(turtlebot3_example)
[39.663s] INFO:colcon.colcon_core.shell:Creating package script '/home/hassan/ros-tuts/patrol_ws/install/turtlebot3_example/share/turtlebot3_example/package.ps1'
[39.664s] INFO:colcon.colcon_core.shell:Creating package descriptor '/home/hassan/ros-tuts/patrol_ws/install/turtlebot3_example/share/turtlebot3_example/package.dsv'
[39.666s] INFO:colcon.colcon_core.shell:Creating package script '/home/hassan/ros-tuts/patrol_ws/install/turtlebot3_example/share/turtlebot3_example/package.sh'
[39.667s] INFO:colcon.colcon_core.shell:Creating package script '/home/hassan/ros-tuts/patrol_ws/install/turtlebot3_example/share/turtlebot3_example/package.bash'
[39.669s] INFO:colcon.colcon_core.shell:Creating package script '/home/hassan/ros-tuts/patrol_ws/install/turtlebot3_example/share/turtlebot3_example/package.zsh'
[39.670s] Level 1:colcon.colcon_core.environment:create_file_with_runtime_dependencies(/home/hassan/ros-tuts/patrol_ws/install/turtlebot3_example/share/colcon-core/packages/turtlebot3_example)
[40.494s] DEBUG:colcon.colcon_core.event_handler.log_command:Invoked command in '/home/hassan/ros-tuts/patrol_ws/build/turtlebot3_node' returned '0': AMENT_PREFIX_PATH=/home/hassan/ros-tuts/patrol_ws/install/turtlebot3_msgs:/home/hassan/ros-tuts/patrol_ws/install/dynamixel_sdk:${AMENT_PREFIX_PATH} CMAKE_PREFIX_PATH=/home/hassan/ros-tuts/patrol_ws/install/turtlebot3_msgs:/home/hassan/ros-tuts/patrol_ws/install/dynamixel_sdk:/home/hassan/rosbot_ws/install/ros_bot:/opt/ros/humble LD_LIBRARY_PATH=/home/hassan/ros-tuts/patrol_ws/install/turtlebot3_msgs/lib:/home/hassan/ros-tuts/patrol_ws/install/dynamixel_sdk/lib:${LD_LIBRARY_PATH} PYTHONPATH=/home/hassan/ros-tuts/patrol_ws/install/turtlebot3_msgs/local/lib/python3.10/dist-packages:${PYTHONPATH} /usr/bin/cmake /home/hassan/ros-tuts/patrol_ws/src/turtlebot3/turtlebot3/turtlebot3_node -DAMENT_CMAKE_SYMLINK_INSTALL=1 -DCMAKE_INSTALL_PREFIX=/home/hassan/ros-tuts/patrol_ws/install/turtlebot3_node
[40.496s] DEBUG:colcon.colcon_core.event_handler.log_command:Invoking command in '/home/hassan/ros-tuts/patrol_ws/build/turtlebot3_node': AMENT_PREFIX_PATH=/home/hassan/ros-tuts/patrol_ws/install/turtlebot3_msgs:/home/hassan/ros-tuts/patrol_ws/install/dynamixel_sdk:${AMENT_PREFIX_PATH} CMAKE_PREFIX_PATH=/home/hassan/ros-tuts/patrol_ws/install/turtlebot3_msgs:/home/hassan/ros-tuts/patrol_ws/install/dynamixel_sdk:/home/hassan/rosbot_ws/install/ros_bot:/opt/ros/humble LD_LIBRARY_PATH=/home/hassan/ros-tuts/patrol_ws/install/turtlebot3_msgs/lib:/home/hassan/ros-tuts/patrol_ws/install/dynamixel_sdk/lib:${LD_LIBRARY_PATH} PYTHONPATH=/home/hassan/ros-tuts/patrol_ws/install/turtlebot3_msgs/local/lib/python3.10/dist-packages:${PYTHONPATH} /usr/bin/cmake --build /home/hassan/ros-tuts/patrol_ws/build/turtlebot3_node -- -j8 -l8
[40.901s] DEBUG:colcon.colcon_core.event_handler.log_command:Invoked command in '/home/hassan/ros-tuts/patrol_ws/build/turtlebot3_fake_node' returned '0': AMENT_PREFIX_PATH=/home/hassan/ros-tuts/patrol_ws/install/turtlebot3_msgs:${AMENT_PREFIX_PATH} CMAKE_PREFIX_PATH=/home/hassan/ros-tuts/patrol_ws/install/turtlebot3_msgs:/home/hassan/rosbot_ws/install/ros_bot:/opt/ros/humble LD_LIBRARY_PATH=/home/hassan/ros-tuts/patrol_ws/install/turtlebot3_msgs/lib:${LD_LIBRARY_PATH} PYTHONPATH=/home/hassan/ros-tuts/patrol_ws/install/turtlebot3_msgs/local/lib/python3.10/dist-packages:${PYTHONPATH} /usr/bin/cmake /home/hassan/ros-tuts/patrol_ws/src/turtlebot3/turtlebot3_simulations/turtlebot3_fake_node -DAMENT_CMAKE_SYMLINK_INSTALL=1 -DCMAKE_INSTALL_PREFIX=/home/hassan/ros-tuts/patrol_ws/install/turtlebot3_fake_node
[40.902s] DEBUG:colcon.colcon_core.event_handler.log_command:Invoking command in '/home/hassan/ros-tuts/patrol_ws/build/turtlebot3_fake_node': AMENT_PREFIX_PATH=/home/hassan/ros-tuts/patrol_ws/install/turtlebot3_msgs:${AMENT_PREFIX_PATH} CMAKE_PREFIX_PATH=/home/hassan/ros-tuts/patrol_ws/install/turtlebot3_msgs:/home/hassan/rosbot_ws/install/ros_bot:/opt/ros/humble LD_LIBRARY_PATH=/home/hassan/ros-tuts/patrol_ws/install/turtlebot3_msgs/lib:${LD_LIBRARY_PATH} PYTHONPATH=/home/hassan/ros-tuts/patrol_ws/install/turtlebot3_msgs/local/lib/python3.10/dist-packages:${PYTHONPATH} /usr/bin/cmake --build /home/hassan/ros-tuts/patrol_ws/build/turtlebot3_fake_node -- -j8 -l8
[70.099s] DEBUG:colcon.colcon_core.event_handler.log_command:Invoked command in '/home/hassan/ros-tuts/patrol_ws/build/dynamixel_sdk_examples' returned '0': AMENT_PREFIX_PATH=/home/hassan/ros-tuts/patrol_ws/install/dynamixel_sdk_custom_interfaces:/home/hassan/ros-tuts/patrol_ws/install/dynamixel_sdk:${AMENT_PREFIX_PATH} CMAKE_PREFIX_PATH=/home/hassan/ros-tuts/patrol_ws/install/dynamixel_sdk_custom_interfaces:/home/hassan/ros-tuts/patrol_ws/install/dynamixel_sdk:/home/hassan/rosbot_ws/install/ros_bot:/opt/ros/humble LD_LIBRARY_PATH=/home/hassan/ros-tuts/patrol_ws/install/dynamixel_sdk_custom_interfaces/lib:/home/hassan/ros-tuts/patrol_ws/install/dynamixel_sdk/lib:${LD_LIBRARY_PATH} PYTHONPATH=/home/hassan/ros-tuts/patrol_ws/install/dynamixel_sdk_custom_interfaces/local/lib/python3.10/dist-packages:${PYTHONPATH} /usr/bin/cmake --build /home/hassan/ros-tuts/patrol_ws/build/dynamixel_sdk_examples -- -j8 -l8
[70.180s] DEBUG:colcon.colcon_core.event_handler.log_command:Invoking command in '/home/hassan/ros-tuts/patrol_ws/build/dynamixel_sdk_examples': AMENT_PREFIX_PATH=/home/hassan/ros-tuts/patrol_ws/install/dynamixel_sdk_custom_interfaces:/home/hassan/ros-tuts/patrol_ws/install/dynamixel_sdk:${AMENT_PREFIX_PATH} CMAKE_PREFIX_PATH=/home/hassan/ros-tuts/patrol_ws/install/dynamixel_sdk_custom_interfaces:/home/hassan/ros-tuts/patrol_ws/install/dynamixel_sdk:/home/hassan/rosbot_ws/install/ros_bot:/opt/ros/humble LD_LIBRARY_PATH=/home/hassan/ros-tuts/patrol_ws/install/dynamixel_sdk_custom_interfaces/lib:/home/hassan/ros-tuts/patrol_ws/install/dynamixel_sdk/lib:${LD_LIBRARY_PATH} PYTHONPATH=/home/hassan/ros-tuts/patrol_ws/install/dynamixel_sdk_custom_interfaces/local/lib/python3.10/dist-packages:${PYTHONPATH} /usr/bin/cmake --install /home/hassan/ros-tuts/patrol_ws/build/dynamixel_sdk_examples
[70.476s] Level 1:colcon.colcon_core.environment:create_environment_scripts_only(dynamixel_sdk_examples)
[70.485s] Level 1:colcon.colcon_core.environment:checking '/home/hassan/ros-tuts/patrol_ws/install/dynamixel_sdk_examples' for CMake module files
[70.485s] DEBUG:colcon.colcon_core.event_handler.log_command:Invoked command in '/home/hassan/ros-tuts/patrol_ws/build/dynamixel_sdk_examples' returned '0': AMENT_PREFIX_PATH=/home/hassan/ros-tuts/patrol_ws/install/dynamixel_sdk_custom_interfaces:/home/hassan/ros-tuts/patrol_ws/install/dynamixel_sdk:${AMENT_PREFIX_PATH} CMAKE_PREFIX_PATH=/home/hassan/ros-tuts/patrol_ws/install/dynamixel_sdk_custom_interfaces:/home/hassan/ros-tuts/patrol_ws/install/dynamixel_sdk:/home/hassan/rosbot_ws/install/ros_bot:/opt/ros/humble LD_LIBRARY_PATH=/home/hassan/ros-tuts/patrol_ws/install/dynamixel_sdk_custom_interfaces/lib:/home/hassan/ros-tuts/patrol_ws/install/dynamixel_sdk/lib:${LD_LIBRARY_PATH} PYTHONPATH=/home/hassan/ros-tuts/patrol_ws/install/dynamixel_sdk_custom_interfaces/local/lib/python3.10/dist-packages:${PYTHONPATH} /usr/bin/cmake --install /home/hassan/ros-tuts/patrol_ws/build/dynamixel_sdk_examples
[70.489s] Level 1:colcon.colcon_core.environment:checking '/home/hassan/ros-tuts/patrol_ws/install/dynamixel_sdk_examples' for CMake config files
[70.491s] Level 1:colcon.colcon_core.shell:create_environment_hook('dynamixel_sdk_examples', 'cmake_prefix_path')
[70.494s] INFO:colcon.colcon_core.shell:Creating environment hook '/home/hassan/ros-tuts/patrol_ws/install/dynamixel_sdk_examples/share/dynamixel_sdk_examples/hook/cmake_prefix_path.ps1'
[70.506s] INFO:colcon.colcon_core.shell:Creating environment descriptor '/home/hassan/ros-tuts/patrol_ws/install/dynamixel_sdk_examples/share/dynamixel_sdk_examples/hook/cmake_prefix_path.dsv'
[70.509s] INFO:colcon.colcon_core.shell:Creating environment hook '/home/hassan/ros-tuts/patrol_ws/install/dynamixel_sdk_examples/share/dynamixel_sdk_examples/hook/cmake_prefix_path.sh'
[70.515s] Level 1:colcon.colcon_core.environment:checking '/home/hassan/ros-tuts/patrol_ws/install/dynamixel_sdk_examples/lib'
[70.516s] Level 1:colcon.colcon_core.environment:checking '/home/hassan/ros-tuts/patrol_ws/install/dynamixel_sdk_examples/bin'
[70.516s] Level 1:colcon.colcon_core.environment:checking '/home/hassan/ros-tuts/patrol_ws/install/dynamixel_sdk_examples/lib/pkgconfig/dynamixel_sdk_examples.pc'
[70.522s] Level 1:colcon.colcon_core.environment:checking '/home/hassan/ros-tuts/patrol_ws/install/dynamixel_sdk_examples/lib/python3.10/site-packages'
[70.523s] Level 1:colcon.colcon_core.environment:checking '/home/hassan/ros-tuts/patrol_ws/install/dynamixel_sdk_examples/bin'
[70.524s] INFO:colcon.colcon_core.shell:Creating package script '/home/hassan/ros-tuts/patrol_ws/install/dynamixel_sdk_examples/share/dynamixel_sdk_examples/package.ps1'
[70.527s] INFO:colcon.colcon_core.shell:Creating package descriptor '/home/hassan/ros-tuts/patrol_ws/install/dynamixel_sdk_examples/share/dynamixel_sdk_examples/package.dsv'
[70.528s] INFO:colcon.colcon_core.shell:Creating package script '/home/hassan/ros-tuts/patrol_ws/install/dynamixel_sdk_examples/share/dynamixel_sdk_examples/package.sh'
[70.531s] INFO:colcon.colcon_core.shell:Creating package script '/home/hassan/ros-tuts/patrol_ws/install/dynamixel_sdk_examples/share/dynamixel_sdk_examples/package.bash'
[70.533s] INFO:colcon.colcon_core.shell:Creating package script '/home/hassan/ros-tuts/patrol_ws/install/dynamixel_sdk_examples/share/dynamixel_sdk_examples/package.zsh'
[70.536s] Level 1:colcon.colcon_core.environment:create_file_with_runtime_dependencies(/home/hassan/ros-tuts/patrol_ws/install/dynamixel_sdk_examples/share/colcon-core/packages/dynamixel_sdk_examples)
[70.581s] Level 1:colcon.colcon_core.environment:create_environment_scripts_only(dynamixel_sdk_examples)
[70.581s] Level 1:colcon.colcon_core.environment:checking '/home/hassan/ros-tuts/patrol_ws/install/dynamixel_sdk_examples' for CMake module files
[70.583s] Level 1:colcon.colcon_core.environment:checking '/home/hassan/ros-tuts/patrol_ws/install/dynamixel_sdk_examples' for CMake config files
[70.584s] Level 1:colcon.colcon_core.shell:create_environment_hook('dynamixel_sdk_examples', 'cmake_prefix_path')
[70.585s] INFO:colcon.colcon_core.shell:Creating environment hook '/home/hassan/ros-tuts/patrol_ws/install/dynamixel_sdk_examples/share/dynamixel_sdk_examples/hook/cmake_prefix_path.ps1'
[70.586s] INFO:colcon.colcon_core.shell:Creating environment descriptor '/home/hassan/ros-tuts/patrol_ws/install/dynamixel_sdk_examples/share/dynamixel_sdk_examples/hook/cmake_prefix_path.dsv'
[70.587s] INFO:colcon.colcon_core.shell:Creating environment hook '/home/hassan/ros-tuts/patrol_ws/install/dynamixel_sdk_examples/share/dynamixel_sdk_examples/hook/cmake_prefix_path.sh'
[70.589s] Level 1:colcon.colcon_core.environment:checking '/home/hassan/ros-tuts/patrol_ws/install/dynamixel_sdk_examples/lib'
[70.590s] Level 1:colcon.colcon_core.environment:checking '/home/hassan/ros-tuts/patrol_ws/install/dynamixel_sdk_examples/bin'
[70.590s] Level 1:colcon.colcon_core.environment:checking '/home/hassan/ros-tuts/patrol_ws/install/dynamixel_sdk_examples/lib/pkgconfig/dynamixel_sdk_examples.pc'
[70.590s] Level 1:colcon.colcon_core.environment:checking '/home/hassan/ros-tuts/patrol_ws/install/dynamixel_sdk_examples/lib/python3.10/site-packages'
[70.591s] Level 1:colcon.colcon_core.environment:checking '/home/hassan/ros-tuts/patrol_ws/install/dynamixel_sdk_examples/bin'
[70.592s] INFO:colcon.colcon_core.shell:Creating package script '/home/hassan/ros-tuts/patrol_ws/install/dynamixel_sdk_examples/share/dynamixel_sdk_examples/package.ps1'
[70.594s] INFO:colcon.colcon_core.shell:Creating package descriptor '/home/hassan/ros-tuts/patrol_ws/install/dynamixel_sdk_examples/share/dynamixel_sdk_examples/package.dsv'
[70.595s] INFO:colcon.colcon_core.shell:Creating package script '/home/hassan/ros-tuts/patrol_ws/install/dynamixel_sdk_examples/share/dynamixel_sdk_examples/package.sh'
[70.596s] INFO:colcon.colcon_core.shell:Creating package script '/home/hassan/ros-tuts/patrol_ws/install/dynamixel_sdk_examples/share/dynamixel_sdk_examples/package.bash'
[70.598s] INFO:colcon.colcon_core.shell:Creating package script '/home/hassan/ros-tuts/patrol_ws/install/dynamixel_sdk_examples/share/dynamixel_sdk_examples/package.zsh'
[70.599s] Level 1:colcon.colcon_core.environment:create_file_with_runtime_dependencies(/home/hassan/ros-tuts/patrol_ws/install/dynamixel_sdk_examples/share/colcon-core/packages/dynamixel_sdk_examples)
[75.823s] DEBUG:colcon.colcon_core.event_handler.log_command:Invoked command in '/home/hassan/ros-tuts/patrol_ws/build/turtlebot3_gazebo' returned '0': CMAKE_PREFIX_PATH=${CMAKE_PREFIX_PATH}:/opt/ros/humble /usr/bin/cmake --build /home/hassan/ros-tuts/patrol_ws/build/turtlebot3_gazebo -- -j8 -l8
[75.884s] DEBUG:colcon.colcon_core.event_handler.log_command:Invoking command in '/home/hassan/ros-tuts/patrol_ws/build/turtlebot3_gazebo': CMAKE_PREFIX_PATH=${CMAKE_PREFIX_PATH}:/opt/ros/humble /usr/bin/cmake --install /home/hassan/ros-tuts/patrol_ws/build/turtlebot3_gazebo
[77.196s] Level 1:colcon.colcon_core.environment:create_environment_scripts_only(turtlebot3_gazebo)
[77.197s] Level 1:colcon.colcon_core.environment:checking '/home/hassan/ros-tuts/patrol_ws/install/turtlebot3_gazebo' for CMake module files
[77.199s] DEBUG:colcon.colcon_core.event_handler.log_command:Invoked command in '/home/hassan/ros-tuts/patrol_ws/build/turtlebot3_gazebo' returned '0': CMAKE_PREFIX_PATH=${CMAKE_PREFIX_PATH}:/opt/ros/humble /usr/bin/cmake --install /home/hassan/ros-tuts/patrol_ws/build/turtlebot3_gazebo
[77.200s] Level 1:colcon.colcon_core.environment:checking '/home/hassan/ros-tuts/patrol_ws/install/turtlebot3_gazebo' for CMake config files
[77.202s] Level 1:colcon.colcon_core.shell:create_environment_hook('turtlebot3_gazebo', 'cmake_prefix_path')
[77.202s] INFO:colcon.colcon_core.shell:Creating environment hook '/home/hassan/ros-tuts/patrol_ws/install/turtlebot3_gazebo/share/turtlebot3_gazebo/hook/cmake_prefix_path.ps1'
[77.204s] INFO:colcon.colcon_core.shell:Creating environment descriptor '/home/hassan/ros-tuts/patrol_ws/install/turtlebot3_gazebo/share/turtlebot3_gazebo/hook/cmake_prefix_path.dsv'
[77.205s] INFO:colcon.colcon_core.shell:Creating environment hook '/home/hassan/ros-tuts/patrol_ws/install/turtlebot3_gazebo/share/turtlebot3_gazebo/hook/cmake_prefix_path.sh'
[77.207s] Level 1:colcon.colcon_core.environment:checking '/home/hassan/ros-tuts/patrol_ws/install/turtlebot3_gazebo/lib'
[77.207s] Level 1:colcon.colcon_core.environment:checking '/home/hassan/ros-tuts/patrol_ws/install/turtlebot3_gazebo/bin'
[77.207s] Level 1:colcon.colcon_core.environment:checking '/home/hassan/ros-tuts/patrol_ws/install/turtlebot3_gazebo/lib/pkgconfig/turtlebot3_gazebo.pc'
[77.208s] Level 1:colcon.colcon_core.environment:checking '/home/hassan/ros-tuts/patrol_ws/install/turtlebot3_gazebo/lib/python3.10/site-packages'
[77.209s] Level 1:colcon.colcon_core.environment:checking '/home/hassan/ros-tuts/patrol_ws/install/turtlebot3_gazebo/bin'
[77.209s] INFO:colcon.colcon_core.shell:Creating package script '/home/hassan/ros-tuts/patrol_ws/install/turtlebot3_gazebo/share/turtlebot3_gazebo/package.ps1'
[77.210s] INFO:colcon.colcon_core.shell:Creating package descriptor '/home/hassan/ros-tuts/patrol_ws/install/turtlebot3_gazebo/share/turtlebot3_gazebo/package.dsv'
[77.211s] INFO:colcon.colcon_core.shell:Creating package script '/home/hassan/ros-tuts/patrol_ws/install/turtlebot3_gazebo/share/turtlebot3_gazebo/package.sh'
[77.212s] INFO:colcon.colcon_core.shell:Creating package script '/home/hassan/ros-tuts/patrol_ws/install/turtlebot3_gazebo/share/turtlebot3_gazebo/package.bash'
[77.212s] INFO:colcon.colcon_core.shell:Creating package script '/home/hassan/ros-tuts/patrol_ws/install/turtlebot3_gazebo/share/turtlebot3_gazebo/package.zsh'
[77.213s] Level 1:colcon.colcon_core.environment:create_file_with_runtime_dependencies(/home/hassan/ros-tuts/patrol_ws/install/turtlebot3_gazebo/share/colcon-core/packages/turtlebot3_gazebo)
[77.298s] Level 1:colcon.colcon_core.environment:create_environment_scripts_only(turtlebot3_gazebo)
[77.299s] Level 1:colcon.colcon_core.environment:checking '/home/hassan/ros-tuts/patrol_ws/install/turtlebot3_gazebo' for CMake module files
[77.302s] Level 1:colcon.colcon_core.environment:checking '/home/hassan/ros-tuts/patrol_ws/install/turtlebot3_gazebo' for CMake config files
[77.303s] Level 1:colcon.colcon_core.shell:create_environment_hook('turtlebot3_gazebo', 'cmake_prefix_path')
[77.304s] INFO:colcon.colcon_core.shell:Creating environment hook '/home/hassan/ros-tuts/patrol_ws/install/turtlebot3_gazebo/share/turtlebot3_gazebo/hook/cmake_prefix_path.ps1'
[77.305s] INFO:colcon.colcon_core.shell:Creating environment descriptor '/home/hassan/ros-tuts/patrol_ws/install/turtlebot3_gazebo/share/turtlebot3_gazebo/hook/cmake_prefix_path.dsv'
[77.306s] INFO:colcon.colcon_core.shell:Creating environment hook '/home/hassan/ros-tuts/patrol_ws/install/turtlebot3_gazebo/share/turtlebot3_gazebo/hook/cmake_prefix_path.sh'
[77.309s] Level 1:colcon.colcon_core.environment:checking '/home/hassan/ros-tuts/patrol_ws/install/turtlebot3_gazebo/lib'
[77.309s] Level 1:colcon.colcon_core.environment:checking '/home/hassan/ros-tuts/patrol_ws/install/turtlebot3_gazebo/bin'
[77.309s] Level 1:colcon.colcon_core.environment:checking '/home/hassan/ros-tuts/patrol_ws/install/turtlebot3_gazebo/lib/pkgconfig/turtlebot3_gazebo.pc'
[77.310s] Level 1:colcon.colcon_core.environment:checking '/home/hassan/ros-tuts/patrol_ws/install/turtlebot3_gazebo/lib/python3.10/site-packages'
[77.310s] Level 1:colcon.colcon_core.environment:checking '/home/hassan/ros-tuts/patrol_ws/install/turtlebot3_gazebo/bin'
[77.312s] INFO:colcon.colcon_core.shell:Creating package script '/home/hassan/ros-tuts/patrol_ws/install/turtlebot3_gazebo/share/turtlebot3_gazebo/package.ps1'
[77.313s] INFO:colcon.colcon_core.shell:Creating package descriptor '/home/hassan/ros-tuts/patrol_ws/install/turtlebot3_gazebo/share/turtlebot3_gazebo/package.dsv'
[77.319s] INFO:colcon.colcon_core.shell:Creating package script '/home/hassan/ros-tuts/patrol_ws/install/turtlebot3_gazebo/share/turtlebot3_gazebo/package.sh'
[77.321s] INFO:colcon.colcon_core.shell:Creating package script '/home/hassan/ros-tuts/patrol_ws/install/turtlebot3_gazebo/share/turtlebot3_gazebo/package.bash'
[77.322s] INFO:colcon.colcon_core.shell:Creating package script '/home/hassan/ros-tuts/patrol_ws/install/turtlebot3_gazebo/share/turtlebot3_gazebo/package.zsh'
[77.323s] Level 1:colcon.colcon_core.environment:create_file_with_runtime_dependencies(/home/hassan/ros-tuts/patrol_ws/install/turtlebot3_gazebo/share/colcon-core/packages/turtlebot3_gazebo)
[78.000s] DEBUG:colcon.colcon_core.event_handler.log_command:Invoked command in '/home/hassan/ros-tuts/patrol_ws/build/turtlebot3_fake_node' returned '0': AMENT_PREFIX_PATH=/home/hassan/ros-tuts/patrol_ws/install/turtlebot3_msgs:${AMENT_PREFIX_PATH} CMAKE_PREFIX_PATH=/home/hassan/ros-tuts/patrol_ws/install/turtlebot3_msgs:/home/hassan/rosbot_ws/install/ros_bot:/opt/ros/humble LD_LIBRARY_PATH=/home/hassan/ros-tuts/patrol_ws/install/turtlebot3_msgs/lib:${LD_LIBRARY_PATH} PYTHONPATH=/home/hassan/ros-tuts/patrol_ws/install/turtlebot3_msgs/local/lib/python3.10/dist-packages:${PYTHONPATH} /usr/bin/cmake --build /home/hassan/ros-tuts/patrol_ws/build/turtlebot3_fake_node -- -j8 -l8
[78.042s] DEBUG:colcon.colcon_core.event_handler.log_command:Invoking command in '/home/hassan/ros-tuts/patrol_ws/build/turtlebot3_fake_node': AMENT_PREFIX_PATH=/home/hassan/ros-tuts/patrol_ws/install/turtlebot3_msgs:${AMENT_PREFIX_PATH} CMAKE_PREFIX_PATH=/home/hassan/ros-tuts/patrol_ws/install/turtlebot3_msgs:/home/hassan/rosbot_ws/install/ros_bot:/opt/ros/humble LD_LIBRARY_PATH=/home/hassan/ros-tuts/patrol_ws/install/turtlebot3_msgs/lib:${LD_LIBRARY_PATH} PYTHONPATH=/home/hassan/ros-tuts/patrol_ws/install/turtlebot3_msgs/local/lib/python3.10/dist-packages:${PYTHONPATH} /usr/bin/cmake --install /home/hassan/ros-tuts/patrol_ws/build/turtlebot3_fake_node
[78.386s] Level 1:colcon.colcon_core.environment:create_environment_scripts_only(turtlebot3_fake_node)
[78.386s] DEBUG:colcon.colcon_core.event_handler.log_command:Invoked command in '/home/hassan/ros-tuts/patrol_ws/build/turtlebot3_fake_node' returned '0': AMENT_PREFIX_PATH=/home/hassan/ros-tuts/patrol_ws/install/turtlebot3_msgs:${AMENT_PREFIX_PATH} CMAKE_PREFIX_PATH=/home/hassan/ros-tuts/patrol_ws/install/turtlebot3_msgs:/home/hassan/rosbot_ws/install/ros_bot:/opt/ros/humble LD_LIBRARY_PATH=/home/hassan/ros-tuts/patrol_ws/install/turtlebot3_msgs/lib:${LD_LIBRARY_PATH} PYTHONPATH=/home/hassan/ros-tuts/patrol_ws/install/turtlebot3_msgs/local/lib/python3.10/dist-packages:${PYTHONPATH} /usr/bin/cmake --install /home/hassan/ros-tuts/patrol_ws/build/turtlebot3_fake_node
[78.392s] Level 1:colcon.colcon_core.environment:checking '/home/hassan/ros-tuts/patrol_ws/install/turtlebot3_fake_node' for CMake module files
[78.393s] Level 1:colcon.colcon_core.environment:checking '/home/hassan/ros-tuts/patrol_ws/install/turtlebot3_fake_node' for CMake config files
[78.394s] Level 1:colcon.colcon_core.shell:create_environment_hook('turtlebot3_fake_node', 'cmake_prefix_path')
[78.395s] INFO:colcon.colcon_core.shell:Creating environment hook '/home/hassan/ros-tuts/patrol_ws/install/turtlebot3_fake_node/share/turtlebot3_fake_node/hook/cmake_prefix_path.ps1'
[78.396s] INFO:colcon.colcon_core.shell:Creating environment descriptor '/home/hassan/ros-tuts/patrol_ws/install/turtlebot3_fake_node/share/turtlebot3_fake_node/hook/cmake_prefix_path.dsv'
[78.397s] INFO:colcon.colcon_core.shell:Creating environment hook '/home/hassan/ros-tuts/patrol_ws/install/turtlebot3_fake_node/share/turtlebot3_fake_node/hook/cmake_prefix_path.sh'
[78.399s] Level 1:colcon.colcon_core.environment:checking '/home/hassan/ros-tuts/patrol_ws/install/turtlebot3_fake_node/lib'
[78.399s] Level 1:colcon.colcon_core.environment:checking '/home/hassan/ros-tuts/patrol_ws/install/turtlebot3_fake_node/bin'
[78.399s] Level 1:colcon.colcon_core.environment:checking '/home/hassan/ros-tuts/patrol_ws/install/turtlebot3_fake_node/lib/pkgconfig/turtlebot3_fake_node.pc'
[78.400s] Level 1:colcon.colcon_core.environment:checking '/home/hassan/ros-tuts/patrol_ws/install/turtlebot3_fake_node/lib/python3.10/site-packages'
[78.400s] Level 1:colcon.colcon_core.environment:checking '/home/hassan/ros-tuts/patrol_ws/install/turtlebot3_fake_node/bin'
[78.401s] INFO:colcon.colcon_core.shell:Creating package script '/home/hassan/ros-tuts/patrol_ws/install/turtlebot3_fake_node/share/turtlebot3_fake_node/package.ps1'
[78.402s] INFO:colcon.colcon_core.shell:Creating package descriptor '/home/hassan/ros-tuts/patrol_ws/install/turtlebot3_fake_node/share/turtlebot3_fake_node/package.dsv'
[78.404s] INFO:colcon.colcon_core.shell:Creating package script '/home/hassan/ros-tuts/patrol_ws/install/turtlebot3_fake_node/share/turtlebot3_fake_node/package.sh'
[78.405s] INFO:colcon.colcon_core.shell:Creating package script '/home/hassan/ros-tuts/patrol_ws/install/turtlebot3_fake_node/share/turtlebot3_fake_node/package.bash'
[78.406s] INFO:colcon.colcon_core.shell:Creating package script '/home/hassan/ros-tuts/patrol_ws/install/turtlebot3_fake_node/share/turtlebot3_fake_node/package.zsh'
[78.407s] Level 1:colcon.colcon_core.environment:create_file_with_runtime_dependencies(/home/hassan/ros-tuts/patrol_ws/install/turtlebot3_fake_node/share/colcon-core/packages/turtlebot3_fake_node)
[78.445s] Level 1:colcon.colcon_core.environment:create_environment_scripts_only(turtlebot3_fake_node)
[78.445s] Level 1:colcon.colcon_core.environment:checking '/home/hassan/ros-tuts/patrol_ws/install/turtlebot3_fake_node' for CMake module files
[78.447s] Level 1:colcon.colcon_core.environment:checking '/home/hassan/ros-tuts/patrol_ws/install/turtlebot3_fake_node' for CMake config files
[78.448s] Level 1:colcon.colcon_core.shell:create_environment_hook('turtlebot3_fake_node', 'cmake_prefix_path')
[78.449s] INFO:colcon.colcon_core.shell:Creating environment hook '/home/hassan/ros-tuts/patrol_ws/install/turtlebot3_fake_node/share/turtlebot3_fake_node/hook/cmake_prefix_path.ps1'
[78.450s] INFO:colcon.colcon_core.shell:Creating environment descriptor '/home/hassan/ros-tuts/patrol_ws/install/turtlebot3_fake_node/share/turtlebot3_fake_node/hook/cmake_prefix_path.dsv'
[78.451s] INFO:colcon.colcon_core.shell:Creating environment hook '/home/hassan/ros-tuts/patrol_ws/install/turtlebot3_fake_node/share/turtlebot3_fake_node/hook/cmake_prefix_path.sh'
[78.452s] Level 1:colcon.colcon_core.environment:checking '/home/hassan/ros-tuts/patrol_ws/install/turtlebot3_fake_node/lib'
[78.452s] Level 1:colcon.colcon_core.environment:checking '/home/hassan/ros-tuts/patrol_ws/install/turtlebot3_fake_node/bin'
[78.453s] Level 1:colcon.colcon_core.environment:checking '/home/hassan/ros-tuts/patrol_ws/install/turtlebot3_fake_node/lib/pkgconfig/turtlebot3_fake_node.pc'
[78.453s] Level 1:colcon.colcon_core.environment:checking '/home/hassan/ros-tuts/patrol_ws/install/turtlebot3_fake_node/lib/python3.10/site-packages'
[78.454s] Level 1:colcon.colcon_core.environment:checking '/home/hassan/ros-tuts/patrol_ws/install/turtlebot3_fake_node/bin'
[78.455s] INFO:colcon.colcon_core.shell:Creating package script '/home/hassan/ros-tuts/patrol_ws/install/turtlebot3_fake_node/share/turtlebot3_fake_node/package.ps1'
[78.456s] INFO:colcon.colcon_core.shell:Creating package descriptor '/home/hassan/ros-tuts/patrol_ws/install/turtlebot3_fake_node/share/turtlebot3_fake_node/package.dsv'
[78.458s] INFO:colcon.colcon_core.shell:Creating package script '/home/hassan/ros-tuts/patrol_ws/install/turtlebot3_fake_node/share/turtlebot3_fake_node/package.sh'
[78.459s] INFO:colcon.colcon_core.shell:Creating package script '/home/hassan/ros-tuts/patrol_ws/install/turtlebot3_fake_node/share/turtlebot3_fake_node/package.bash'
[78.460s] INFO:colcon.colcon_core.shell:Creating package script '/home/hassan/ros-tuts/patrol_ws/install/turtlebot3_fake_node/share/turtlebot3_fake_node/package.zsh'
[78.461s] Level 1:colcon.colcon_core.environment:create_file_with_runtime_dependencies(/home/hassan/ros-tuts/patrol_ws/install/turtlebot3_fake_node/share/colcon-core/packages/turtlebot3_fake_node)
[78.463s] INFO:colcon.colcon_ros.task.ament_cmake.build:Building ROS package in '/home/hassan/ros-tuts/patrol_ws/src/turtlebot3/turtlebot3_simulations/turtlebot3_simulations' with build type 'ament_cmake'
[78.464s] INFO:colcon.colcon_cmake.task.cmake.build:Building CMake package in '/home/hassan/ros-tuts/patrol_ws/src/turtlebot3/turtlebot3_simulations/turtlebot3_simulations'
[78.465s] INFO:colcon.colcon_core.shell:Skip shell extension 'powershell' for command environment: Not usable outside of PowerShell
[78.465s] DEBUG:colcon.colcon_core.shell:Skip shell extension 'dsv' for command environment
[78.501s] DEBUG:colcon.colcon_core.event_handler.log_command:Invoking command in '/home/hassan/ros-tuts/patrol_ws/build/turtlebot3_simulations': AMENT_PREFIX_PATH=/home/hassan/ros-tuts/patrol_ws/install/turtlebot3_fake_node:/home/hassan/ros-tuts/patrol_ws/install/turtlebot3_msgs:/home/hassan/ros-tuts/patrol_ws/install/turtlebot3_gazebo:${AMENT_PREFIX_PATH} CMAKE_PREFIX_PATH=/home/hassan/ros-tuts/patrol_ws/install/turtlebot3_fake_node:/home/hassan/ros-tuts/patrol_ws/install/turtlebot3_msgs:/home/hassan/ros-tuts/patrol_ws/install/turtlebot3_gazebo:/home/hassan/rosbot_ws/install/ros_bot:/opt/ros/humble LD_LIBRARY_PATH=/home/hassan/ros-tuts/patrol_ws/install/turtlebot3_msgs/lib:${LD_LIBRARY_PATH} PYTHONPATH=/home/hassan/ros-tuts/patrol_ws/install/turtlebot3_msgs/local/lib/python3.10/dist-packages:${PYTHONPATH} /usr/bin/cmake /home/hassan/ros-tuts/patrol_ws/src/turtlebot3/turtlebot3_simulations/turtlebot3_simulations -DAMENT_CMAKE_SYMLINK_INSTALL=1 -DCMAKE_INSTALL_PREFIX=/home/hassan/ros-tuts/patrol_ws/install/turtlebot3_simulations
[79.866s] DEBUG:colcon.colcon_core.event_handler.log_command:Invoked command in '/home/hassan/ros-tuts/patrol_ws/build/turtlebot3_simulations' returned '0': AMENT_PREFIX_PATH=/home/hassan/ros-tuts/patrol_ws/install/turtlebot3_fake_node:/home/hassan/ros-tuts/patrol_ws/install/turtlebot3_msgs:/home/hassan/ros-tuts/patrol_ws/install/turtlebot3_gazebo:${AMENT_PREFIX_PATH} CMAKE_PREFIX_PATH=/home/hassan/ros-tuts/patrol_ws/install/turtlebot3_fake_node:/home/hassan/ros-tuts/patrol_ws/install/turtlebot3_msgs:/home/hassan/ros-tuts/patrol_ws/install/turtlebot3_gazebo:/home/hassan/rosbot_ws/install/ros_bot:/opt/ros/humble LD_LIBRARY_PATH=/home/hassan/ros-tuts/patrol_ws/install/turtlebot3_msgs/lib:${LD_LIBRARY_PATH} PYTHONPATH=/home/hassan/ros-tuts/patrol_ws/install/turtlebot3_msgs/local/lib/python3.10/dist-packages:${PYTHONPATH} /usr/bin/cmake /home/hassan/ros-tuts/patrol_ws/src/turtlebot3/turtlebot3_simulations/turtlebot3_simulations -DAMENT_CMAKE_SYMLINK_INSTALL=1 -DCMAKE_INSTALL_PREFIX=/home/hassan/ros-tuts/patrol_ws/install/turtlebot3_simulations
[79.868s] DEBUG:colcon.colcon_core.event_handler.log_command:Invoking command in '/home/hassan/ros-tuts/patrol_ws/build/turtlebot3_simulations': AMENT_PREFIX_PATH=/home/hassan/ros-tuts/patrol_ws/install/turtlebot3_fake_node:/home/hassan/ros-tuts/patrol_ws/install/turtlebot3_msgs:/home/hassan/ros-tuts/patrol_ws/install/turtlebot3_gazebo:${AMENT_PREFIX_PATH} CMAKE_PREFIX_PATH=/home/hassan/ros-tuts/patrol_ws/install/turtlebot3_fake_node:/home/hassan/ros-tuts/patrol_ws/install/turtlebot3_msgs:/home/hassan/ros-tuts/patrol_ws/install/turtlebot3_gazebo:/home/hassan/rosbot_ws/install/ros_bot:/opt/ros/humble LD_LIBRARY_PATH=/home/hassan/ros-tuts/patrol_ws/install/turtlebot3_msgs/lib:${LD_LIBRARY_PATH} PYTHONPATH=/home/hassan/ros-tuts/patrol_ws/install/turtlebot3_msgs/local/lib/python3.10/dist-packages:${PYTHONPATH} /usr/bin/cmake --build /home/hassan/ros-tuts/patrol_ws/build/turtlebot3_simulations -- -j8 -l8
[79.926s] DEBUG:colcon.colcon_core.event_handler.log_command:Invoked command in '/home/hassan/ros-tuts/patrol_ws/build/turtlebot3_simulations' returned '0': AMENT_PREFIX_PATH=/home/hassan/ros-tuts/patrol_ws/install/turtlebot3_fake_node:/home/hassan/ros-tuts/patrol_ws/install/turtlebot3_msgs:/home/hassan/ros-tuts/patrol_ws/install/turtlebot3_gazebo:${AMENT_PREFIX_PATH} CMAKE_PREFIX_PATH=/home/hassan/ros-tuts/patrol_ws/install/turtlebot3_fake_node:/home/hassan/ros-tuts/patrol_ws/install/turtlebot3_msgs:/home/hassan/ros-tuts/patrol_ws/install/turtlebot3_gazebo:/home/hassan/rosbot_ws/install/ros_bot:/opt/ros/humble LD_LIBRARY_PATH=/home/hassan/ros-tuts/patrol_ws/install/turtlebot3_msgs/lib:${LD_LIBRARY_PATH} PYTHONPATH=/home/hassan/ros-tuts/patrol_ws/install/turtlebot3_msgs/local/lib/python3.10/dist-packages:${PYTHONPATH} /usr/bin/cmake --build /home/hassan/ros-tuts/patrol_ws/build/turtlebot3_simulations -- -j8 -l8
[79.969s] DEBUG:colcon.colcon_core.event_handler.log_command:Invoking command in '/home/hassan/ros-tuts/patrol_ws/build/turtlebot3_simulations': AMENT_PREFIX_PATH=/home/hassan/ros-tuts/patrol_ws/install/turtlebot3_fake_node:/home/hassan/ros-tuts/patrol_ws/install/turtlebot3_msgs:/home/hassan/ros-tuts/patrol_ws/install/turtlebot3_gazebo:${AMENT_PREFIX_PATH} CMAKE_PREFIX_PATH=/home/hassan/ros-tuts/patrol_ws/install/turtlebot3_fake_node:/home/hassan/ros-tuts/patrol_ws/install/turtlebot3_msgs:/home/hassan/ros-tuts/patrol_ws/install/turtlebot3_gazebo:/home/hassan/rosbot_ws/install/ros_bot:/opt/ros/humble LD_LIBRARY_PATH=/home/hassan/ros-tuts/patrol_ws/install/turtlebot3_msgs/lib:${LD_LIBRARY_PATH} PYTHONPATH=/home/hassan/ros-tuts/patrol_ws/install/turtlebot3_msgs/local/lib/python3.10/dist-packages:${PYTHONPATH} /usr/bin/cmake --install /home/hassan/ros-tuts/patrol_ws/build/turtlebot3_simulations
[80.188s] Level 1:colcon.colcon_core.environment:create_environment_scripts_only(turtlebot3_simulations)
[80.189s] Level 1:colcon.colcon_core.environment:checking '/home/hassan/ros-tuts/patrol_ws/install/turtlebot3_simulations' for CMake module files
[80.190s] DEBUG:colcon.colcon_core.event_handler.log_command:Invoked command in '/home/hassan/ros-tuts/patrol_ws/build/turtlebot3_simulations' returned '0': AMENT_PREFIX_PATH=/home/hassan/ros-tuts/patrol_ws/install/turtlebot3_fake_node:/home/hassan/ros-tuts/patrol_ws/install/turtlebot3_msgs:/home/hassan/ros-tuts/patrol_ws/install/turtlebot3_gazebo:${AMENT_PREFIX_PATH} CMAKE_PREFIX_PATH=/home/hassan/ros-tuts/patrol_ws/install/turtlebot3_fake_node:/home/hassan/ros-tuts/patrol_ws/install/turtlebot3_msgs:/home/hassan/ros-tuts/patrol_ws/install/turtlebot3_gazebo:/home/hassan/rosbot_ws/install/ros_bot:/opt/ros/humble LD_LIBRARY_PATH=/home/hassan/ros-tuts/patrol_ws/install/turtlebot3_msgs/lib:${LD_LIBRARY_PATH} PYTHONPATH=/home/hassan/ros-tuts/patrol_ws/install/turtlebot3_msgs/local/lib/python3.10/dist-packages:${PYTHONPATH} /usr/bin/cmake --install /home/hassan/ros-tuts/patrol_ws/build/turtlebot3_simulations
[80.191s] Level 1:colcon.colcon_core.environment:checking '/home/hassan/ros-tuts/patrol_ws/install/turtlebot3_simulations' for CMake config files
[80.191s] Level 1:colcon.colcon_core.shell:create_environment_hook('turtlebot3_simulations', 'cmake_prefix_path')
[80.192s] INFO:colcon.colcon_core.shell:Creating environment hook '/home/hassan/ros-tuts/patrol_ws/install/turtlebot3_simulations/share/turtlebot3_simulations/hook/cmake_prefix_path.ps1'
[80.193s] INFO:colcon.colcon_core.shell:Creating environment descriptor '/home/hassan/ros-tuts/patrol_ws/install/turtlebot3_simulations/share/turtlebot3_simulations/hook/cmake_prefix_path.dsv'
[80.194s] INFO:colcon.colcon_core.shell:Creating environment hook '/home/hassan/ros-tuts/patrol_ws/install/turtlebot3_simulations/share/turtlebot3_simulations/hook/cmake_prefix_path.sh'
[80.195s] Level 1:colcon.colcon_core.environment:checking '/home/hassan/ros-tuts/patrol_ws/install/turtlebot3_simulations/bin'
[80.196s] Level 1:colcon.colcon_core.environment:checking '/home/hassan/ros-tuts/patrol_ws/install/turtlebot3_simulations/lib/pkgconfig/turtlebot3_simulations.pc'
[80.196s] Level 1:colcon.colcon_core.environment:checking '/home/hassan/ros-tuts/patrol_ws/install/turtlebot3_simulations/lib/python3.10/site-packages'
[80.197s] Level 1:colcon.colcon_core.environment:checking '/home/hassan/ros-tuts/patrol_ws/install/turtlebot3_simulations/bin'
[80.198s] INFO:colcon.colcon_core.shell:Creating package script '/home/hassan/ros-tuts/patrol_ws/install/turtlebot3_simulations/share/turtlebot3_simulations/package.ps1'
[80.199s] INFO:colcon.colcon_core.shell:Creating package descriptor '/home/hassan/ros-tuts/patrol_ws/install/turtlebot3_simulations/share/turtlebot3_simulations/package.dsv'
[80.200s] INFO:colcon.colcon_core.shell:Creating package script '/home/hassan/ros-tuts/patrol_ws/install/turtlebot3_simulations/share/turtlebot3_simulations/package.sh'
[80.201s] INFO:colcon.colcon_core.shell:Creating package script '/home/hassan/ros-tuts/patrol_ws/install/turtlebot3_simulations/share/turtlebot3_simulations/package.bash'
[80.202s] INFO:colcon.colcon_core.shell:Creating package script '/home/hassan/ros-tuts/patrol_ws/install/turtlebot3_simulations/share/turtlebot3_simulations/package.zsh'
[80.202s] Level 1:colcon.colcon_core.environment:create_file_with_runtime_dependencies(/home/hassan/ros-tuts/patrol_ws/install/turtlebot3_simulations/share/colcon-core/packages/turtlebot3_simulations)
[80.234s] Level 1:colcon.colcon_core.environment:create_environment_scripts_only(turtlebot3_simulations)
[80.235s] Level 1:colcon.colcon_core.environment:checking '/home/hassan/ros-tuts/patrol_ws/install/turtlebot3_simulations' for CMake module files
[80.236s] Level 1:colcon.colcon_core.environment:checking '/home/hassan/ros-tuts/patrol_ws/install/turtlebot3_simulations' for CMake config files
[80.237s] Level 1:colcon.colcon_core.shell:create_environment_hook('turtlebot3_simulations', 'cmake_prefix_path')
[80.237s] INFO:colcon.colcon_core.shell:Creating environment hook '/home/hassan/ros-tuts/patrol_ws/install/turtlebot3_simulations/share/turtlebot3_simulations/hook/cmake_prefix_path.ps1'
[80.238s] INFO:colcon.colcon_core.shell:Creating environment descriptor '/home/hassan/ros-tuts/patrol_ws/install/turtlebot3_simulations/share/turtlebot3_simulations/hook/cmake_prefix_path.dsv'
[80.239s] INFO:colcon.colcon_core.shell:Creating environment hook '/home/hassan/ros-tuts/patrol_ws/install/turtlebot3_simulations/share/turtlebot3_simulations/hook/cmake_prefix_path.sh'
[80.241s] Level 1:colcon.colcon_core.environment:checking '/home/hassan/ros-tuts/patrol_ws/install/turtlebot3_simulations/bin'
[80.241s] Level 1:colcon.colcon_core.environment:checking '/home/hassan/ros-tuts/patrol_ws/install/turtlebot3_simulations/lib/pkgconfig/turtlebot3_simulations.pc'
[80.241s] Level 1:colcon.colcon_core.environment:checking '/home/hassan/ros-tuts/patrol_ws/install/turtlebot3_simulations/lib/python3.10/site-packages'
[80.242s] Level 1:colcon.colcon_core.environment:checking '/home/hassan/ros-tuts/patrol_ws/install/turtlebot3_simulations/bin'
[80.243s] INFO:colcon.colcon_core.shell:Creating package script '/home/hassan/ros-tuts/patrol_ws/install/turtlebot3_simulations/share/turtlebot3_simulations/package.ps1'
[80.244s] INFO:colcon.colcon_core.shell:Creating package descriptor '/home/hassan/ros-tuts/patrol_ws/install/turtlebot3_simulations/share/turtlebot3_simulations/package.dsv'
[80.245s] INFO:colcon.colcon_core.shell:Creating package script '/home/hassan/ros-tuts/patrol_ws/install/turtlebot3_simulations/share/turtlebot3_simulations/package.sh'
[80.246s] INFO:colcon.colcon_core.shell:Creating package script '/home/hassan/ros-tuts/patrol_ws/install/turtlebot3_simulations/share/turtlebot3_simulations/package.bash'
[80.247s] INFO:colcon.colcon_core.shell:Creating package script '/home/hassan/ros-tuts/patrol_ws/install/turtlebot3_simulations/share/turtlebot3_simulations/package.zsh'
[80.248s] Level 1:colcon.colcon_core.environment:create_file_with_runtime_dependencies(/home/hassan/ros-tuts/patrol_ws/install/turtlebot3_simulations/share/colcon-core/packages/turtlebot3_simulations)
[114.324s] DEBUG:colcon.colcon_core.event_handler.log_command:Invoked command in '/home/hassan/ros-tuts/patrol_ws/build/turtlebot3_node' returned '0': AMENT_PREFIX_PATH=/home/hassan/ros-tuts/patrol_ws/install/turtlebot3_msgs:/home/hassan/ros-tuts/patrol_ws/install/dynamixel_sdk:${AMENT_PREFIX_PATH} CMAKE_PREFIX_PATH=/home/hassan/ros-tuts/patrol_ws/install/turtlebot3_msgs:/home/hassan/ros-tuts/patrol_ws/install/dynamixel_sdk:/home/hassan/rosbot_ws/install/ros_bot:/opt/ros/humble LD_LIBRARY_PATH=/home/hassan/ros-tuts/patrol_ws/install/turtlebot3_msgs/lib:/home/hassan/ros-tuts/patrol_ws/install/dynamixel_sdk/lib:${LD_LIBRARY_PATH} PYTHONPATH=/home/hassan/ros-tuts/patrol_ws/install/turtlebot3_msgs/local/lib/python3.10/dist-packages:${PYTHONPATH} /usr/bin/cmake --build /home/hassan/ros-tuts/patrol_ws/build/turtlebot3_node -- -j8 -l8
[114.405s] DEBUG:colcon.colcon_core.event_handler.log_command:Invoking command in '/home/hassan/ros-tuts/patrol_ws/build/turtlebot3_node': AMENT_PREFIX_PATH=/home/hassan/ros-tuts/patrol_ws/install/turtlebot3_msgs:/home/hassan/ros-tuts/patrol_ws/install/dynamixel_sdk:${AMENT_PREFIX_PATH} CMAKE_PREFIX_PATH=/home/hassan/ros-tuts/patrol_ws/install/turtlebot3_msgs:/home/hassan/ros-tuts/patrol_ws/install/dynamixel_sdk:/home/hassan/rosbot_ws/install/ros_bot:/opt/ros/humble LD_LIBRARY_PATH=/home/hassan/ros-tuts/patrol_ws/install/turtlebot3_msgs/lib:/home/hassan/ros-tuts/patrol_ws/install/dynamixel_sdk/lib:${LD_LIBRARY_PATH} PYTHONPATH=/home/hassan/ros-tuts/patrol_ws/install/turtlebot3_msgs/local/lib/python3.10/dist-packages:${PYTHONPATH} /usr/bin/cmake --install /home/hassan/ros-tuts/patrol_ws/build/turtlebot3_node
[114.698s] Level 1:colcon.colcon_core.environment:create_environment_scripts_only(turtlebot3_node)
[114.698s] Level 1:colcon.colcon_core.environment:checking '/home/hassan/ros-tuts/patrol_ws/install/turtlebot3_node' for CMake module files
[114.699s] DEBUG:colcon.colcon_core.event_handler.log_command:Invoked command in '/home/hassan/ros-tuts/patrol_ws/build/turtlebot3_node' returned '0': AMENT_PREFIX_PATH=/home/hassan/ros-tuts/patrol_ws/install/turtlebot3_msgs:/home/hassan/ros-tuts/patrol_ws/install/dynamixel_sdk:${AMENT_PREFIX_PATH} CMAKE_PREFIX_PATH=/home/hassan/ros-tuts/patrol_ws/install/turtlebot3_msgs:/home/hassan/ros-tuts/patrol_ws/install/dynamixel_sdk:/home/hassan/rosbot_ws/install/ros_bot:/opt/ros/humble LD_LIBRARY_PATH=/home/hassan/ros-tuts/patrol_ws/install/turtlebot3_msgs/lib:/home/hassan/ros-tuts/patrol_ws/install/dynamixel_sdk/lib:${LD_LIBRARY_PATH} PYTHONPATH=/home/hassan/ros-tuts/patrol_ws/install/turtlebot3_msgs/local/lib/python3.10/dist-packages:${PYTHONPATH} /usr/bin/cmake --install /home/hassan/ros-tuts/patrol_ws/build/turtlebot3_node
[114.700s] Level 1:colcon.colcon_core.environment:checking '/home/hassan/ros-tuts/patrol_ws/install/turtlebot3_node' for CMake config files
[114.700s] Level 1:colcon.colcon_core.shell:create_environment_hook('turtlebot3_node', 'cmake_prefix_path')
[114.701s] INFO:colcon.colcon_core.shell:Creating environment hook '/home/hassan/ros-tuts/patrol_ws/install/turtlebot3_node/share/turtlebot3_node/hook/cmake_prefix_path.ps1'
[114.701s] INFO:colcon.colcon_core.shell:Creating environment descriptor '/home/hassan/ros-tuts/patrol_ws/install/turtlebot3_node/share/turtlebot3_node/hook/cmake_prefix_path.dsv'
[114.702s] INFO:colcon.colcon_core.shell:Creating environment hook '/home/hassan/ros-tuts/patrol_ws/install/turtlebot3_node/share/turtlebot3_node/hook/cmake_prefix_path.sh'
[114.708s] Level 1:colcon.colcon_core.environment:checking '/home/hassan/ros-tuts/patrol_ws/install/turtlebot3_node/lib'
[114.708s] Level 1:colcon.colcon_core.environment:checking '/home/hassan/ros-tuts/patrol_ws/install/turtlebot3_node/bin'
[114.708s] Level 1:colcon.colcon_core.environment:checking '/home/hassan/ros-tuts/patrol_ws/install/turtlebot3_node/lib/pkgconfig/turtlebot3_node.pc'
[114.708s] Level 1:colcon.colcon_core.environment:checking '/home/hassan/ros-tuts/patrol_ws/install/turtlebot3_node/lib/python3.10/site-packages'
[114.709s] Level 1:colcon.colcon_core.environment:checking '/home/hassan/ros-tuts/patrol_ws/install/turtlebot3_node/bin'
[114.709s] INFO:colcon.colcon_core.shell:Creating package script '/home/hassan/ros-tuts/patrol_ws/install/turtlebot3_node/share/turtlebot3_node/package.ps1'
[114.710s] INFO:colcon.colcon_core.shell:Creating package descriptor '/home/hassan/ros-tuts/patrol_ws/install/turtlebot3_node/share/turtlebot3_node/package.dsv'
[114.711s] INFO:colcon.colcon_core.shell:Creating package script '/home/hassan/ros-tuts/patrol_ws/install/turtlebot3_node/share/turtlebot3_node/package.sh'
[114.712s] INFO:colcon.colcon_core.shell:Creating package script '/home/hassan/ros-tuts/patrol_ws/install/turtlebot3_node/share/turtlebot3_node/package.bash'
[114.712s] INFO:colcon.colcon_core.shell:Creating package script '/home/hassan/ros-tuts/patrol_ws/install/turtlebot3_node/share/turtlebot3_node/package.zsh'
[114.713s] Level 1:colcon.colcon_core.environment:create_file_with_runtime_dependencies(/home/hassan/ros-tuts/patrol_ws/install/turtlebot3_node/share/colcon-core/packages/turtlebot3_node)
[114.791s] Level 1:colcon.colcon_core.environment:create_environment_scripts_only(turtlebot3_node)
[114.791s] Level 1:colcon.colcon_core.environment:checking '/home/hassan/ros-tuts/patrol_ws/install/turtlebot3_node' for CMake module files
[114.792s] Level 1:colcon.colcon_core.environment:checking '/home/hassan/ros-tuts/patrol_ws/install/turtlebot3_node' for CMake config files
[114.793s] Level 1:colcon.colcon_core.shell:create_environment_hook('turtlebot3_node', 'cmake_prefix_path')
[114.793s] INFO:colcon.colcon_core.shell:Creating environment hook '/home/hassan/ros-tuts/patrol_ws/install/turtlebot3_node/share/turtlebot3_node/hook/cmake_prefix_path.ps1'
[114.794s] INFO:colcon.colcon_core.shell:Creating environment descriptor '/home/hassan/ros-tuts/patrol_ws/install/turtlebot3_node/share/turtlebot3_node/hook/cmake_prefix_path.dsv'
[114.794s] INFO:colcon.colcon_core.shell:Creating environment hook '/home/hassan/ros-tuts/patrol_ws/install/turtlebot3_node/share/turtlebot3_node/hook/cmake_prefix_path.sh'
[114.795s] Level 1:colcon.colcon_core.environment:checking '/home/hassan/ros-tuts/patrol_ws/install/turtlebot3_node/lib'
[114.795s] Level 1:colcon.colcon_core.environment:checking '/home/hassan/ros-tuts/patrol_ws/install/turtlebot3_node/bin'
[114.800s] Level 1:colcon.colcon_core.environment:checking '/home/hassan/ros-tuts/patrol_ws/install/turtlebot3_node/lib/pkgconfig/turtlebot3_node.pc'
[114.801s] Level 1:colcon.colcon_core.environment:checking '/home/hassan/ros-tuts/patrol_ws/install/turtlebot3_node/lib/python3.10/site-packages'
[114.801s] Level 1:colcon.colcon_core.environment:checking '/home/hassan/ros-tuts/patrol_ws/install/turtlebot3_node/bin'
[114.801s] INFO:colcon.colcon_core.shell:Creating package script '/home/hassan/ros-tuts/patrol_ws/install/turtlebot3_node/share/turtlebot3_node/package.ps1'
[114.803s] INFO:colcon.colcon_core.shell:Creating package descriptor '/home/hassan/ros-tuts/patrol_ws/install/turtlebot3_node/share/turtlebot3_node/package.dsv'
[114.803s] INFO:colcon.colcon_core.shell:Creating package script '/home/hassan/ros-tuts/patrol_ws/install/turtlebot3_node/share/turtlebot3_node/package.sh'
[114.804s] INFO:colcon.colcon_core.shell:Creating package script '/home/hassan/ros-tuts/patrol_ws/install/turtlebot3_node/share/turtlebot3_node/package.bash'
[114.805s] INFO:colcon.colcon_core.shell:Creating package script '/home/hassan/ros-tuts/patrol_ws/install/turtlebot3_node/share/turtlebot3_node/package.zsh'
[114.806s] Level 1:colcon.colcon_core.environment:create_file_with_runtime_dependencies(/home/hassan/ros-tuts/patrol_ws/install/turtlebot3_node/share/colcon-core/packages/turtlebot3_node)
[114.806s] INFO:colcon.colcon_ros.task.ament_cmake.build:Building ROS package in '/home/hassan/ros-tuts/patrol_ws/src/turtlebot3/turtlebot3/turtlebot3_bringup' with build type 'ament_cmake'
[114.806s] INFO:colcon.colcon_cmake.task.cmake.build:Building CMake package in '/home/hassan/ros-tuts/patrol_ws/src/turtlebot3/turtlebot3/turtlebot3_bringup'
[114.807s] INFO:colcon.colcon_core.shell:Skip shell extension 'powershell' for command environment: Not usable outside of PowerShell
[114.807s] DEBUG:colcon.colcon_core.shell:Skip shell extension 'dsv' for command environment
[114.834s] DEBUG:colcon.colcon_core.event_handler.log_command:Invoking command in '/home/hassan/ros-tuts/patrol_ws/build/turtlebot3_bringup': AMENT_PREFIX_PATH=/home/hassan/ros-tuts/patrol_ws/install/turtlebot3_node:/home/hassan/ros-tuts/patrol_ws/install/turtlebot3_msgs:/home/hassan/ros-tuts/patrol_ws/install/turtlebot3_description:/home/hassan/ros-tuts/patrol_ws/install/hls_lfcd_lds_driver:/home/hassan/ros-tuts/patrol_ws/install/dynamixel_sdk:${AMENT_PREFIX_PATH} CMAKE_PREFIX_PATH=/home/hassan/ros-tuts/patrol_ws/install/turtlebot3_node:/home/hassan/ros-tuts/patrol_ws/install/turtlebot3_msgs:/home/hassan/ros-tuts/patrol_ws/install/turtlebot3_description:/home/hassan/ros-tuts/patrol_ws/install/hls_lfcd_lds_driver:/home/hassan/ros-tuts/patrol_ws/install/dynamixel_sdk:/home/hassan/rosbot_ws/install/ros_bot:/opt/ros/humble LD_LIBRARY_PATH=/home/hassan/ros-tuts/patrol_ws/install/turtlebot3_msgs/lib:/home/hassan/ros-tuts/patrol_ws/install/dynamixel_sdk/lib:${LD_LIBRARY_PATH} PYTHONPATH=/home/hassan/ros-tuts/patrol_ws/install/turtlebot3_msgs/local/lib/python3.10/dist-packages:${PYTHONPATH} /usr/bin/cmake /home/hassan/ros-tuts/patrol_ws/src/turtlebot3/turtlebot3/turtlebot3_bringup -DAMENT_CMAKE_SYMLINK_INSTALL=1 -DCMAKE_INSTALL_PREFIX=/home/hassan/ros-tuts/patrol_ws/install/turtlebot3_bringup
[116.027s] DEBUG:colcon.colcon_core.event_handler.log_command:Invoked command in '/home/hassan/ros-tuts/patrol_ws/build/turtlebot3_bringup' returned '0': AMENT_PREFIX_PATH=/home/hassan/ros-tuts/patrol_ws/install/turtlebot3_node:/home/hassan/ros-tuts/patrol_ws/install/turtlebot3_msgs:/home/hassan/ros-tuts/patrol_ws/install/turtlebot3_description:/home/hassan/ros-tuts/patrol_ws/install/hls_lfcd_lds_driver:/home/hassan/ros-tuts/patrol_ws/install/dynamixel_sdk:${AMENT_PREFIX_PATH} CMAKE_PREFIX_PATH=/home/hassan/ros-tuts/patrol_ws/install/turtlebot3_node:/home/hassan/ros-tuts/patrol_ws/install/turtlebot3_msgs:/home/hassan/ros-tuts/patrol_ws/install/turtlebot3_description:/home/hassan/ros-tuts/patrol_ws/install/hls_lfcd_lds_driver:/home/hassan/ros-tuts/patrol_ws/install/dynamixel_sdk:/home/hassan/rosbot_ws/install/ros_bot:/opt/ros/humble LD_LIBRARY_PATH=/home/hassan/ros-tuts/patrol_ws/install/turtlebot3_msgs/lib:/home/hassan/ros-tuts/patrol_ws/install/dynamixel_sdk/lib:${LD_LIBRARY_PATH} PYTHONPATH=/home/hassan/ros-tuts/patrol_ws/install/turtlebot3_msgs/local/lib/python3.10/dist-packages:${PYTHONPATH} /usr/bin/cmake /home/hassan/ros-tuts/patrol_ws/src/turtlebot3/turtlebot3/turtlebot3_bringup -DAMENT_CMAKE_SYMLINK_INSTALL=1 -DCMAKE_INSTALL_PREFIX=/home/hassan/ros-tuts/patrol_ws/install/turtlebot3_bringup
[116.031s] DEBUG:colcon.colcon_core.event_handler.log_command:Invoking command in '/home/hassan/ros-tuts/patrol_ws/build/turtlebot3_bringup': AMENT_PREFIX_PATH=/home/hassan/ros-tuts/patrol_ws/install/turtlebot3_node:/home/hassan/ros-tuts/patrol_ws/install/turtlebot3_msgs:/home/hassan/ros-tuts/patrol_ws/install/turtlebot3_description:/home/hassan/ros-tuts/patrol_ws/install/hls_lfcd_lds_driver:/home/hassan/ros-tuts/patrol_ws/install/dynamixel_sdk:${AMENT_PREFIX_PATH} CMAKE_PREFIX_PATH=/home/hassan/ros-tuts/patrol_ws/install/turtlebot3_node:/home/hassan/ros-tuts/patrol_ws/install/turtlebot3_msgs:/home/hassan/ros-tuts/patrol_ws/install/turtlebot3_description:/home/hassan/ros-tuts/patrol_ws/install/hls_lfcd_lds_driver:/home/hassan/ros-tuts/patrol_ws/install/dynamixel_sdk:/home/hassan/rosbot_ws/install/ros_bot:/opt/ros/humble LD_LIBRARY_PATH=/home/hassan/ros-tuts/patrol_ws/install/turtlebot3_msgs/lib:/home/hassan/ros-tuts/patrol_ws/install/dynamixel_sdk/lib:${LD_LIBRARY_PATH} PYTHONPATH=/home/hassan/ros-tuts/patrol_ws/install/turtlebot3_msgs/local/lib/python3.10/dist-packages:${PYTHONPATH} /usr/bin/cmake --build /home/hassan/ros-tuts/patrol_ws/build/turtlebot3_bringup -- -j8 -l8
[116.090s] DEBUG:colcon.colcon_core.event_handler.log_command:Invoked command in '/home/hassan/ros-tuts/patrol_ws/build/turtlebot3_bringup' returned '0': AMENT_PREFIX_PATH=/home/hassan/ros-tuts/patrol_ws/install/turtlebot3_node:/home/hassan/ros-tuts/patrol_ws/install/turtlebot3_msgs:/home/hassan/ros-tuts/patrol_ws/install/turtlebot3_description:/home/hassan/ros-tuts/patrol_ws/install/hls_lfcd_lds_driver:/home/hassan/ros-tuts/patrol_ws/install/dynamixel_sdk:${AMENT_PREFIX_PATH} CMAKE_PREFIX_PATH=/home/hassan/ros-tuts/patrol_ws/install/turtlebot3_node:/home/hassan/ros-tuts/patrol_ws/install/turtlebot3_msgs:/home/hassan/ros-tuts/patrol_ws/install/turtlebot3_description:/home/hassan/ros-tuts/patrol_ws/install/hls_lfcd_lds_driver:/home/hassan/ros-tuts/patrol_ws/install/dynamixel_sdk:/home/hassan/rosbot_ws/install/ros_bot:/opt/ros/humble LD_LIBRARY_PATH=/home/hassan/ros-tuts/patrol_ws/install/turtlebot3_msgs/lib:/home/hassan/ros-tuts/patrol_ws/install/dynamixel_sdk/lib:${LD_LIBRARY_PATH} PYTHONPATH=/home/hassan/ros-tuts/patrol_ws/install/turtlebot3_msgs/local/lib/python3.10/dist-packages:${PYTHONPATH} /usr/bin/cmake --build /home/hassan/ros-tuts/patrol_ws/build/turtlebot3_bringup -- -j8 -l8
[116.124s] DEBUG:colcon.colcon_core.event_handler.log_command:Invoking command in '/home/hassan/ros-tuts/patrol_ws/build/turtlebot3_bringup': AMENT_PREFIX_PATH=/home/hassan/ros-tuts/patrol_ws/install/turtlebot3_node:/home/hassan/ros-tuts/patrol_ws/install/turtlebot3_msgs:/home/hassan/ros-tuts/patrol_ws/install/turtlebot3_description:/home/hassan/ros-tuts/patrol_ws/install/hls_lfcd_lds_driver:/home/hassan/ros-tuts/patrol_ws/install/dynamixel_sdk:${AMENT_PREFIX_PATH} CMAKE_PREFIX_PATH=/home/hassan/ros-tuts/patrol_ws/install/turtlebot3_node:/home/hassan/ros-tuts/patrol_ws/install/turtlebot3_msgs:/home/hassan/ros-tuts/patrol_ws/install/turtlebot3_description:/home/hassan/ros-tuts/patrol_ws/install/hls_lfcd_lds_driver:/home/hassan/ros-tuts/patrol_ws/install/dynamixel_sdk:/home/hassan/rosbot_ws/install/ros_bot:/opt/ros/humble LD_LIBRARY_PATH=/home/hassan/ros-tuts/patrol_ws/install/turtlebot3_msgs/lib:/home/hassan/ros-tuts/patrol_ws/install/dynamixel_sdk/lib:${LD_LIBRARY_PATH} PYTHONPATH=/home/hassan/ros-tuts/patrol_ws/install/turtlebot3_msgs/local/lib/python3.10/dist-packages:${PYTHONPATH} /usr/bin/cmake --install /home/hassan/ros-tuts/patrol_ws/build/turtlebot3_bringup
[116.461s] Level 1:colcon.colcon_core.environment:create_environment_scripts_only(turtlebot3_bringup)
[116.462s] Level 1:colcon.colcon_core.environment:checking '/home/hassan/ros-tuts/patrol_ws/install/turtlebot3_bringup' for CMake module files
[116.463s] DEBUG:colcon.colcon_core.event_handler.log_command:Invoked command in '/home/hassan/ros-tuts/patrol_ws/build/turtlebot3_bringup' returned '0': AMENT_PREFIX_PATH=/home/hassan/ros-tuts/patrol_ws/install/turtlebot3_node:/home/hassan/ros-tuts/patrol_ws/install/turtlebot3_msgs:/home/hassan/ros-tuts/patrol_ws/install/turtlebot3_description:/home/hassan/ros-tuts/patrol_ws/install/hls_lfcd_lds_driver:/home/hassan/ros-tuts/patrol_ws/install/dynamixel_sdk:${AMENT_PREFIX_PATH} CMAKE_PREFIX_PATH=/home/hassan/ros-tuts/patrol_ws/install/turtlebot3_node:/home/hassan/ros-tuts/patrol_ws/install/turtlebot3_msgs:/home/hassan/ros-tuts/patrol_ws/install/turtlebot3_description:/home/hassan/ros-tuts/patrol_ws/install/hls_lfcd_lds_driver:/home/hassan/ros-tuts/patrol_ws/install/dynamixel_sdk:/home/hassan/rosbot_ws/install/ros_bot:/opt/ros/humble LD_LIBRARY_PATH=/home/hassan/ros-tuts/patrol_ws/install/turtlebot3_msgs/lib:/home/hassan/ros-tuts/patrol_ws/install/dynamixel_sdk/lib:${LD_LIBRARY_PATH} PYTHONPATH=/home/hassan/ros-tuts/patrol_ws/install/turtlebot3_msgs/local/lib/python3.10/dist-packages:${PYTHONPATH} /usr/bin/cmake --install /home/hassan/ros-tuts/patrol_ws/build/turtlebot3_bringup
[116.463s] Level 1:colcon.colcon_core.environment:checking '/home/hassan/ros-tuts/patrol_ws/install/turtlebot3_bringup' for CMake config files
[116.467s] Level 1:colcon.colcon_core.shell:create_environment_hook('turtlebot3_bringup', 'cmake_prefix_path')
[116.467s] INFO:colcon.colcon_core.shell:Creating environment hook '/home/hassan/ros-tuts/patrol_ws/install/turtlebot3_bringup/share/turtlebot3_bringup/hook/cmake_prefix_path.ps1'
[116.468s] INFO:colcon.colcon_core.shell:Creating environment descriptor '/home/hassan/ros-tuts/patrol_ws/install/turtlebot3_bringup/share/turtlebot3_bringup/hook/cmake_prefix_path.dsv'
[116.469s] INFO:colcon.colcon_core.shell:Creating environment hook '/home/hassan/ros-tuts/patrol_ws/install/turtlebot3_bringup/share/turtlebot3_bringup/hook/cmake_prefix_path.sh'
[116.469s] Level 1:colcon.colcon_core.environment:checking '/home/hassan/ros-tuts/patrol_ws/install/turtlebot3_bringup/bin'
[116.470s] Level 1:colcon.colcon_core.environment:checking '/home/hassan/ros-tuts/patrol_ws/install/turtlebot3_bringup/lib/pkgconfig/turtlebot3_bringup.pc'
[116.470s] Level 1:colcon.colcon_core.environment:checking '/home/hassan/ros-tuts/patrol_ws/install/turtlebot3_bringup/lib/python3.10/site-packages'
[116.470s] Level 1:colcon.colcon_core.environment:checking '/home/hassan/ros-tuts/patrol_ws/install/turtlebot3_bringup/bin'
[116.471s] INFO:colcon.colcon_core.shell:Creating package script '/home/hassan/ros-tuts/patrol_ws/install/turtlebot3_bringup/share/turtlebot3_bringup/package.ps1'
[116.472s] INFO:colcon.colcon_core.shell:Creating package descriptor '/home/hassan/ros-tuts/patrol_ws/install/turtlebot3_bringup/share/turtlebot3_bringup/package.dsv'
[116.472s] INFO:colcon.colcon_core.shell:Creating package script '/home/hassan/ros-tuts/patrol_ws/install/turtlebot3_bringup/share/turtlebot3_bringup/package.sh'
[116.473s] INFO:colcon.colcon_core.shell:Creating package script '/home/hassan/ros-tuts/patrol_ws/install/turtlebot3_bringup/share/turtlebot3_bringup/package.bash'
[116.473s] INFO:colcon.colcon_core.shell:Creating package script '/home/hassan/ros-tuts/patrol_ws/install/turtlebot3_bringup/share/turtlebot3_bringup/package.zsh'
[116.474s] Level 1:colcon.colcon_core.environment:create_file_with_runtime_dependencies(/home/hassan/ros-tuts/patrol_ws/install/turtlebot3_bringup/share/colcon-core/packages/turtlebot3_bringup)
[116.508s] Level 1:colcon.colcon_core.environment:create_environment_scripts_only(turtlebot3_bringup)
[116.508s] Level 1:colcon.colcon_core.environment:checking '/home/hassan/ros-tuts/patrol_ws/install/turtlebot3_bringup' for CMake module files
[116.509s] Level 1:colcon.colcon_core.environment:checking '/home/hassan/ros-tuts/patrol_ws/install/turtlebot3_bringup' for CMake config files
[116.509s] Level 1:colcon.colcon_core.shell:create_environment_hook('turtlebot3_bringup', 'cmake_prefix_path')
[116.510s] INFO:colcon.colcon_core.shell:Creating environment hook '/home/hassan/ros-tuts/patrol_ws/install/turtlebot3_bringup/share/turtlebot3_bringup/hook/cmake_prefix_path.ps1'
[116.510s] INFO:colcon.colcon_core.shell:Creating environment descriptor '/home/hassan/ros-tuts/patrol_ws/install/turtlebot3_bringup/share/turtlebot3_bringup/hook/cmake_prefix_path.dsv'
[116.511s] INFO:colcon.colcon_core.shell:Creating environment hook '/home/hassan/ros-tuts/patrol_ws/install/turtlebot3_bringup/share/turtlebot3_bringup/hook/cmake_prefix_path.sh'
[116.512s] Level 1:colcon.colcon_core.environment:checking '/home/hassan/ros-tuts/patrol_ws/install/turtlebot3_bringup/bin'
[116.512s] Level 1:colcon.colcon_core.environment:checking '/home/hassan/ros-tuts/patrol_ws/install/turtlebot3_bringup/lib/pkgconfig/turtlebot3_bringup.pc'
[116.512s] Level 1:colcon.colcon_core.environment:checking '/home/hassan/ros-tuts/patrol_ws/install/turtlebot3_bringup/lib/python3.10/site-packages'
[116.513s] Level 1:colcon.colcon_core.environment:checking '/home/hassan/ros-tuts/patrol_ws/install/turtlebot3_bringup/bin'
[116.513s] INFO:colcon.colcon_core.shell:Creating package script '/home/hassan/ros-tuts/patrol_ws/install/turtlebot3_bringup/share/turtlebot3_bringup/package.ps1'
[116.514s] INFO:colcon.colcon_core.shell:Creating package descriptor '/home/hassan/ros-tuts/patrol_ws/install/turtlebot3_bringup/share/turtlebot3_bringup/package.dsv'
[116.515s] INFO:colcon.colcon_core.shell:Creating package script '/home/hassan/ros-tuts/patrol_ws/install/turtlebot3_bringup/share/turtlebot3_bringup/package.sh'
[116.516s] INFO:colcon.colcon_core.shell:Creating package script '/home/hassan/ros-tuts/patrol_ws/install/turtlebot3_bringup/share/turtlebot3_bringup/package.bash'
[116.516s] INFO:colcon.colcon_core.shell:Creating package script '/home/hassan/ros-tuts/patrol_ws/install/turtlebot3_bringup/share/turtlebot3_bringup/package.zsh'
[116.517s] Level 1:colcon.colcon_core.environment:create_file_with_runtime_dependencies(/home/hassan/ros-tuts/patrol_ws/install/turtlebot3_bringup/share/colcon-core/packages/turtlebot3_bringup)
[116.517s] INFO:colcon.colcon_ros.task.ament_cmake.build:Building ROS package in '/home/hassan/ros-tuts/patrol_ws/src/turtlebot3/turtlebot3/turtlebot3' with build type 'ament_cmake'
[116.518s] INFO:colcon.colcon_cmake.task.cmake.build:Building CMake package in '/home/hassan/ros-tuts/patrol_ws/src/turtlebot3/turtlebot3/turtlebot3'
[116.518s] INFO:colcon.colcon_core.shell:Skip shell extension 'powershell' for command environment: Not usable outside of PowerShell
[116.519s] DEBUG:colcon.colcon_core.shell:Skip shell extension 'dsv' for command environment
[116.555s] DEBUG:colcon.colcon_core.event_handler.log_command:Invoking command in '/home/hassan/ros-tuts/patrol_ws/build/turtlebot3': AMENT_PREFIX_PATH=/home/hassan/ros-tuts/patrol_ws/install/turtlebot3_bringup:/home/hassan/ros-tuts/patrol_ws/install/turtlebot3_node:/home/hassan/ros-tuts/patrol_ws/install/turtlebot3_example:/home/hassan/ros-tuts/patrol_ws/install/turtlebot3_teleop:/home/hassan/ros-tuts/patrol_ws/install/turtlebot3_navigation2:/home/hassan/ros-tuts/patrol_ws/install/turtlebot3_msgs:/home/hassan/ros-tuts/patrol_ws/install/turtlebot3_description:/home/hassan/ros-tuts/patrol_ws/install/turtlebot3_cartographer:/home/hassan/ros-tuts/patrol_ws/install/hls_lfcd_lds_driver:/home/hassan/ros-tuts/patrol_ws/install/dynamixel_sdk:${AMENT_PREFIX_PATH} CMAKE_PREFIX_PATH=/home/hassan/ros-tuts/patrol_ws/install/turtlebot3_bringup:/home/hassan/ros-tuts/patrol_ws/install/turtlebot3_node:/home/hassan/ros-tuts/patrol_ws/install/turtlebot3_navigation2:/home/hassan/ros-tuts/patrol_ws/install/turtlebot3_msgs:/home/hassan/ros-tuts/patrol_ws/install/turtlebot3_description:/home/hassan/ros-tuts/patrol_ws/install/turtlebot3_cartographer:/home/hassan/ros-tuts/patrol_ws/install/hls_lfcd_lds_driver:/home/hassan/ros-tuts/patrol_ws/install/dynamixel_sdk:/home/hassan/rosbot_ws/install/ros_bot:/opt/ros/humble LD_LIBRARY_PATH=/home/hassan/ros-tuts/patrol_ws/install/turtlebot3_msgs/lib:/home/hassan/ros-tuts/patrol_ws/install/dynamixel_sdk/lib:${LD_LIBRARY_PATH} PYTHONPATH=/home/hassan/ros-tuts/patrol_ws/build/turtlebot3_example:/home/hassan/ros-tuts/patrol_ws/install/turtlebot3_example/lib/python3.10/site-packages:/home/hassan/ros-tuts/patrol_ws/build/turtlebot3_teleop:/home/hassan/ros-tuts/patrol_ws/install/turtlebot3_teleop/lib/python3.10/site-packages:/home/hassan/ros-tuts/patrol_ws/install/turtlebot3_msgs/local/lib/python3.10/dist-packages:${PYTHONPATH} /usr/bin/cmake /home/hassan/ros-tuts/patrol_ws/src/turtlebot3/turtlebot3/turtlebot3 -DAMENT_CMAKE_SYMLINK_INSTALL=1 -DCMAKE_INSTALL_PREFIX=/home/hassan/ros-tuts/patrol_ws/install/turtlebot3
[117.642s] DEBUG:colcon.colcon_core.event_handler.log_command:Invoked command in '/home/hassan/ros-tuts/patrol_ws/build/turtlebot3' returned '0': AMENT_PREFIX_PATH=/home/hassan/ros-tuts/patrol_ws/install/turtlebot3_bringup:/home/hassan/ros-tuts/patrol_ws/install/turtlebot3_node:/home/hassan/ros-tuts/patrol_ws/install/turtlebot3_example:/home/hassan/ros-tuts/patrol_ws/install/turtlebot3_teleop:/home/hassan/ros-tuts/patrol_ws/install/turtlebot3_navigation2:/home/hassan/ros-tuts/patrol_ws/install/turtlebot3_msgs:/home/hassan/ros-tuts/patrol_ws/install/turtlebot3_description:/home/hassan/ros-tuts/patrol_ws/install/turtlebot3_cartographer:/home/hassan/ros-tuts/patrol_ws/install/hls_lfcd_lds_driver:/home/hassan/ros-tuts/patrol_ws/install/dynamixel_sdk:${AMENT_PREFIX_PATH} CMAKE_PREFIX_PATH=/home/hassan/ros-tuts/patrol_ws/install/turtlebot3_bringup:/home/hassan/ros-tuts/patrol_ws/install/turtlebot3_node:/home/hassan/ros-tuts/patrol_ws/install/turtlebot3_navigation2:/home/hassan/ros-tuts/patrol_ws/install/turtlebot3_msgs:/home/hassan/ros-tuts/patrol_ws/install/turtlebot3_description:/home/hassan/ros-tuts/patrol_ws/install/turtlebot3_cartographer:/home/hassan/ros-tuts/patrol_ws/install/hls_lfcd_lds_driver:/home/hassan/ros-tuts/patrol_ws/install/dynamixel_sdk:/home/hassan/rosbot_ws/install/ros_bot:/opt/ros/humble LD_LIBRARY_PATH=/home/hassan/ros-tuts/patrol_ws/install/turtlebot3_msgs/lib:/home/hassan/ros-tuts/patrol_ws/install/dynamixel_sdk/lib:${LD_LIBRARY_PATH} PYTHONPATH=/home/hassan/ros-tuts/patrol_ws/build/turtlebot3_example:/home/hassan/ros-tuts/patrol_ws/install/turtlebot3_example/lib/python3.10/site-packages:/home/hassan/ros-tuts/patrol_ws/build/turtlebot3_teleop:/home/hassan/ros-tuts/patrol_ws/install/turtlebot3_teleop/lib/python3.10/site-packages:/home/hassan/ros-tuts/patrol_ws/install/turtlebot3_msgs/local/lib/python3.10/dist-packages:${PYTHONPATH} /usr/bin/cmake /home/hassan/ros-tuts/patrol_ws/src/turtlebot3/turtlebot3/turtlebot3 -DAMENT_CMAKE_SYMLINK_INSTALL=1 -DCMAKE_INSTALL_PREFIX=/home/hassan/ros-tuts/patrol_ws/install/turtlebot3
[117.644s] DEBUG:colcon.colcon_core.event_handler.log_command:Invoking command in '/home/hassan/ros-tuts/patrol_ws/build/turtlebot3': AMENT_PREFIX_PATH=/home/hassan/ros-tuts/patrol_ws/install/turtlebot3_bringup:/home/hassan/ros-tuts/patrol_ws/install/turtlebot3_node:/home/hassan/ros-tuts/patrol_ws/install/turtlebot3_example:/home/hassan/ros-tuts/patrol_ws/install/turtlebot3_teleop:/home/hassan/ros-tuts/patrol_ws/install/turtlebot3_navigation2:/home/hassan/ros-tuts/patrol_ws/install/turtlebot3_msgs:/home/hassan/ros-tuts/patrol_ws/install/turtlebot3_description:/home/hassan/ros-tuts/patrol_ws/install/turtlebot3_cartographer:/home/hassan/ros-tuts/patrol_ws/install/hls_lfcd_lds_driver:/home/hassan/ros-tuts/patrol_ws/install/dynamixel_sdk:${AMENT_PREFIX_PATH} CMAKE_PREFIX_PATH=/home/hassan/ros-tuts/patrol_ws/install/turtlebot3_bringup:/home/hassan/ros-tuts/patrol_ws/install/turtlebot3_node:/home/hassan/ros-tuts/patrol_ws/install/turtlebot3_navigation2:/home/hassan/ros-tuts/patrol_ws/install/turtlebot3_msgs:/home/hassan/ros-tuts/patrol_ws/install/turtlebot3_description:/home/hassan/ros-tuts/patrol_ws/install/turtlebot3_cartographer:/home/hassan/ros-tuts/patrol_ws/install/hls_lfcd_lds_driver:/home/hassan/ros-tuts/patrol_ws/install/dynamixel_sdk:/home/hassan/rosbot_ws/install/ros_bot:/opt/ros/humble LD_LIBRARY_PATH=/home/hassan/ros-tuts/patrol_ws/install/turtlebot3_msgs/lib:/home/hassan/ros-tuts/patrol_ws/install/dynamixel_sdk/lib:${LD_LIBRARY_PATH} PYTHONPATH=/home/hassan/ros-tuts/patrol_ws/build/turtlebot3_example:/home/hassan/ros-tuts/patrol_ws/install/turtlebot3_example/lib/python3.10/site-packages:/home/hassan/ros-tuts/patrol_ws/build/turtlebot3_teleop:/home/hassan/ros-tuts/patrol_ws/install/turtlebot3_teleop/lib/python3.10/site-packages:/home/hassan/ros-tuts/patrol_ws/install/turtlebot3_msgs/local/lib/python3.10/dist-packages:${PYTHONPATH} /usr/bin/cmake --build /home/hassan/ros-tuts/patrol_ws/build/turtlebot3 -- -j8 -l8
[117.702s] DEBUG:colcon.colcon_core.event_handler.log_command:Invoked command in '/home/hassan/ros-tuts/patrol_ws/build/turtlebot3' returned '0': AMENT_PREFIX_PATH=/home/hassan/ros-tuts/patrol_ws/install/turtlebot3_bringup:/home/hassan/ros-tuts/patrol_ws/install/turtlebot3_node:/home/hassan/ros-tuts/patrol_ws/install/turtlebot3_example:/home/hassan/ros-tuts/patrol_ws/install/turtlebot3_teleop:/home/hassan/ros-tuts/patrol_ws/install/turtlebot3_navigation2:/home/hassan/ros-tuts/patrol_ws/install/turtlebot3_msgs:/home/hassan/ros-tuts/patrol_ws/install/turtlebot3_description:/home/hassan/ros-tuts/patrol_ws/install/turtlebot3_cartographer:/home/hassan/ros-tuts/patrol_ws/install/hls_lfcd_lds_driver:/home/hassan/ros-tuts/patrol_ws/install/dynamixel_sdk:${AMENT_PREFIX_PATH} CMAKE_PREFIX_PATH=/home/hassan/ros-tuts/patrol_ws/install/turtlebot3_bringup:/home/hassan/ros-tuts/patrol_ws/install/turtlebot3_node:/home/hassan/ros-tuts/patrol_ws/install/turtlebot3_navigation2:/home/hassan/ros-tuts/patrol_ws/install/turtlebot3_msgs:/home/hassan/ros-tuts/patrol_ws/install/turtlebot3_description:/home/hassan/ros-tuts/patrol_ws/install/turtlebot3_cartographer:/home/hassan/ros-tuts/patrol_ws/install/hls_lfcd_lds_driver:/home/hassan/ros-tuts/patrol_ws/install/dynamixel_sdk:/home/hassan/rosbot_ws/install/ros_bot:/opt/ros/humble LD_LIBRARY_PATH=/home/hassan/ros-tuts/patrol_ws/install/turtlebot3_msgs/lib:/home/hassan/ros-tuts/patrol_ws/install/dynamixel_sdk/lib:${LD_LIBRARY_PATH} PYTHONPATH=/home/hassan/ros-tuts/patrol_ws/build/turtlebot3_example:/home/hassan/ros-tuts/patrol_ws/install/turtlebot3_example/lib/python3.10/site-packages:/home/hassan/ros-tuts/patrol_ws/build/turtlebot3_teleop:/home/hassan/ros-tuts/patrol_ws/install/turtlebot3_teleop/lib/python3.10/site-packages:/home/hassan/ros-tuts/patrol_ws/install/turtlebot3_msgs/local/lib/python3.10/dist-packages:${PYTHONPATH} /usr/bin/cmake --build /home/hassan/ros-tuts/patrol_ws/build/turtlebot3 -- -j8 -l8
[117.738s] DEBUG:colcon.colcon_core.event_handler.log_command:Invoking command in '/home/hassan/ros-tuts/patrol_ws/build/turtlebot3': AMENT_PREFIX_PATH=/home/hassan/ros-tuts/patrol_ws/install/turtlebot3_bringup:/home/hassan/ros-tuts/patrol_ws/install/turtlebot3_node:/home/hassan/ros-tuts/patrol_ws/install/turtlebot3_example:/home/hassan/ros-tuts/patrol_ws/install/turtlebot3_teleop:/home/hassan/ros-tuts/patrol_ws/install/turtlebot3_navigation2:/home/hassan/ros-tuts/patrol_ws/install/turtlebot3_msgs:/home/hassan/ros-tuts/patrol_ws/install/turtlebot3_description:/home/hassan/ros-tuts/patrol_ws/install/turtlebot3_cartographer:/home/hassan/ros-tuts/patrol_ws/install/hls_lfcd_lds_driver:/home/hassan/ros-tuts/patrol_ws/install/dynamixel_sdk:${AMENT_PREFIX_PATH} CMAKE_PREFIX_PATH=/home/hassan/ros-tuts/patrol_ws/install/turtlebot3_bringup:/home/hassan/ros-tuts/patrol_ws/install/turtlebot3_node:/home/hassan/ros-tuts/patrol_ws/install/turtlebot3_navigation2:/home/hassan/ros-tuts/patrol_ws/install/turtlebot3_msgs:/home/hassan/ros-tuts/patrol_ws/install/turtlebot3_description:/home/hassan/ros-tuts/patrol_ws/install/turtlebot3_cartographer:/home/hassan/ros-tuts/patrol_ws/install/hls_lfcd_lds_driver:/home/hassan/ros-tuts/patrol_ws/install/dynamixel_sdk:/home/hassan/rosbot_ws/install/ros_bot:/opt/ros/humble LD_LIBRARY_PATH=/home/hassan/ros-tuts/patrol_ws/install/turtlebot3_msgs/lib:/home/hassan/ros-tuts/patrol_ws/install/dynamixel_sdk/lib:${LD_LIBRARY_PATH} PYTHONPATH=/home/hassan/ros-tuts/patrol_ws/build/turtlebot3_example:/home/hassan/ros-tuts/patrol_ws/install/turtlebot3_example/lib/python3.10/site-packages:/home/hassan/ros-tuts/patrol_ws/build/turtlebot3_teleop:/home/hassan/ros-tuts/patrol_ws/install/turtlebot3_teleop/lib/python3.10/site-packages:/home/hassan/ros-tuts/patrol_ws/install/turtlebot3_msgs/local/lib/python3.10/dist-packages:${PYTHONPATH} /usr/bin/cmake --install /home/hassan/ros-tuts/patrol_ws/build/turtlebot3
[117.960s] Level 1:colcon.colcon_core.environment:create_environment_scripts_only(turtlebot3)
[117.961s] Level 1:colcon.colcon_core.environment:checking '/home/hassan/ros-tuts/patrol_ws/install/turtlebot3' for CMake module files
[117.961s] DEBUG:colcon.colcon_core.event_handler.log_command:Invoked command in '/home/hassan/ros-tuts/patrol_ws/build/turtlebot3' returned '0': AMENT_PREFIX_PATH=/home/hassan/ros-tuts/patrol_ws/install/turtlebot3_bringup:/home/hassan/ros-tuts/patrol_ws/install/turtlebot3_node:/home/hassan/ros-tuts/patrol_ws/install/turtlebot3_example:/home/hassan/ros-tuts/patrol_ws/install/turtlebot3_teleop:/home/hassan/ros-tuts/patrol_ws/install/turtlebot3_navigation2:/home/hassan/ros-tuts/patrol_ws/install/turtlebot3_msgs:/home/hassan/ros-tuts/patrol_ws/install/turtlebot3_description:/home/hassan/ros-tuts/patrol_ws/install/turtlebot3_cartographer:/home/hassan/ros-tuts/patrol_ws/install/hls_lfcd_lds_driver:/home/hassan/ros-tuts/patrol_ws/install/dynamixel_sdk:${AMENT_PREFIX_PATH} CMAKE_PREFIX_PATH=/home/hassan/ros-tuts/patrol_ws/install/turtlebot3_bringup:/home/hassan/ros-tuts/patrol_ws/install/turtlebot3_node:/home/hassan/ros-tuts/patrol_ws/install/turtlebot3_navigation2:/home/hassan/ros-tuts/patrol_ws/install/turtlebot3_msgs:/home/hassan/ros-tuts/patrol_ws/install/turtlebot3_description:/home/hassan/ros-tuts/patrol_ws/install/turtlebot3_cartographer:/home/hassan/ros-tuts/patrol_ws/install/hls_lfcd_lds_driver:/home/hassan/ros-tuts/patrol_ws/install/dynamixel_sdk:/home/hassan/rosbot_ws/install/ros_bot:/opt/ros/humble LD_LIBRARY_PATH=/home/hassan/ros-tuts/patrol_ws/install/turtlebot3_msgs/lib:/home/hassan/ros-tuts/patrol_ws/install/dynamixel_sdk/lib:${LD_LIBRARY_PATH} PYTHONPATH=/home/hassan/ros-tuts/patrol_ws/build/turtlebot3_example:/home/hassan/ros-tuts/patrol_ws/install/turtlebot3_example/lib/python3.10/site-packages:/home/hassan/ros-tuts/patrol_ws/build/turtlebot3_teleop:/home/hassan/ros-tuts/patrol_ws/install/turtlebot3_teleop/lib/python3.10/site-packages:/home/hassan/ros-tuts/patrol_ws/install/turtlebot3_msgs/local/lib/python3.10/dist-packages:${PYTHONPATH} /usr/bin/cmake --install /home/hassan/ros-tuts/patrol_ws/build/turtlebot3
[117.962s] Level 1:colcon.colcon_core.environment:checking '/home/hassan/ros-tuts/patrol_ws/install/turtlebot3' for CMake config files
[117.963s] Level 1:colcon.colcon_core.shell:create_environment_hook('turtlebot3', 'cmake_prefix_path')
[117.963s] INFO:colcon.colcon_core.shell:Creating environment hook '/home/hassan/ros-tuts/patrol_ws/install/turtlebot3/share/turtlebot3/hook/cmake_prefix_path.ps1'
[117.964s] INFO:colcon.colcon_core.shell:Creating environment descriptor '/home/hassan/ros-tuts/patrol_ws/install/turtlebot3/share/turtlebot3/hook/cmake_prefix_path.dsv'
[117.964s] INFO:colcon.colcon_core.shell:Creating environment hook '/home/hassan/ros-tuts/patrol_ws/install/turtlebot3/share/turtlebot3/hook/cmake_prefix_path.sh'
[117.965s] Level 1:colcon.colcon_core.environment:checking '/home/hassan/ros-tuts/patrol_ws/install/turtlebot3/bin'
[117.965s] Level 1:colcon.colcon_core.environment:checking '/home/hassan/ros-tuts/patrol_ws/install/turtlebot3/lib/pkgconfig/turtlebot3.pc'
[117.966s] Level 1:colcon.colcon_core.environment:checking '/home/hassan/ros-tuts/patrol_ws/install/turtlebot3/lib/python3.10/site-packages'
[117.966s] Level 1:colcon.colcon_core.environment:checking '/home/hassan/ros-tuts/patrol_ws/install/turtlebot3/bin'
[117.970s] INFO:colcon.colcon_core.shell:Creating package script '/home/hassan/ros-tuts/patrol_ws/install/turtlebot3/share/turtlebot3/package.ps1'
[117.970s] INFO:colcon.colcon_core.shell:Creating package descriptor '/home/hassan/ros-tuts/patrol_ws/install/turtlebot3/share/turtlebot3/package.dsv'
[117.971s] INFO:colcon.colcon_core.shell:Creating package script '/home/hassan/ros-tuts/patrol_ws/install/turtlebot3/share/turtlebot3/package.sh'
[117.972s] INFO:colcon.colcon_core.shell:Creating package script '/home/hassan/ros-tuts/patrol_ws/install/turtlebot3/share/turtlebot3/package.bash'
[117.972s] INFO:colcon.colcon_core.shell:Creating package script '/home/hassan/ros-tuts/patrol_ws/install/turtlebot3/share/turtlebot3/package.zsh'
[117.973s] Level 1:colcon.colcon_core.environment:create_file_with_runtime_dependencies(/home/hassan/ros-tuts/patrol_ws/install/turtlebot3/share/colcon-core/packages/turtlebot3)
[118.006s] Level 1:colcon.colcon_core.environment:create_environment_scripts_only(turtlebot3)
[118.007s] Level 1:colcon.colcon_core.environment:checking '/home/hassan/ros-tuts/patrol_ws/install/turtlebot3' for CMake module files
[118.008s] Level 1:colcon.colcon_core.environment:checking '/home/hassan/ros-tuts/patrol_ws/install/turtlebot3' for CMake config files
[118.008s] Level 1:colcon.colcon_core.shell:create_environment_hook('turtlebot3', 'cmake_prefix_path')
[118.008s] INFO:colcon.colcon_core.shell:Creating environment hook '/home/hassan/ros-tuts/patrol_ws/install/turtlebot3/share/turtlebot3/hook/cmake_prefix_path.ps1'
[118.009s] INFO:colcon.colcon_core.shell:Creating environment descriptor '/home/hassan/ros-tuts/patrol_ws/install/turtlebot3/share/turtlebot3/hook/cmake_prefix_path.dsv'
[118.010s] INFO:colcon.colcon_core.shell:Creating environment hook '/home/hassan/ros-tuts/patrol_ws/install/turtlebot3/share/turtlebot3/hook/cmake_prefix_path.sh'
[118.011s] Level 1:colcon.colcon_core.environment:checking '/home/hassan/ros-tuts/patrol_ws/install/turtlebot3/bin'
[118.011s] Level 1:colcon.colcon_core.environment:checking '/home/hassan/ros-tuts/patrol_ws/install/turtlebot3/lib/pkgconfig/turtlebot3.pc'
[118.011s] Level 1:colcon.colcon_core.environment:checking '/home/hassan/ros-tuts/patrol_ws/install/turtlebot3/lib/python3.10/site-packages'
[118.012s] Level 1:colcon.colcon_core.environment:checking '/home/hassan/ros-tuts/patrol_ws/install/turtlebot3/bin'
[118.012s] INFO:colcon.colcon_core.shell:Creating package script '/home/hassan/ros-tuts/patrol_ws/install/turtlebot3/share/turtlebot3/package.ps1'
[118.013s] INFO:colcon.colcon_core.shell:Creating package descriptor '/home/hassan/ros-tuts/patrol_ws/install/turtlebot3/share/turtlebot3/package.dsv'
[118.014s] INFO:colcon.colcon_core.shell:Creating package script '/home/hassan/ros-tuts/patrol_ws/install/turtlebot3/share/turtlebot3/package.sh'
[118.015s] INFO:colcon.colcon_core.shell:Creating package script '/home/hassan/ros-tuts/patrol_ws/install/turtlebot3/share/turtlebot3/package.bash'
[118.015s] INFO:colcon.colcon_core.shell:Creating package script '/home/hassan/ros-tuts/patrol_ws/install/turtlebot3/share/turtlebot3/package.zsh'
[118.016s] Level 1:colcon.colcon_core.environment:create_file_with_runtime_dependencies(/home/hassan/ros-tuts/patrol_ws/install/turtlebot3/share/colcon-core/packages/turtlebot3)
[118.018s] DEBUG:colcon.colcon_parallel_executor.executor.parallel:closing loop
[118.020s] DEBUG:colcon.colcon_parallel_executor.executor.parallel:loop closed
[118.022s] DEBUG:colcon.colcon_parallel_executor.executor.parallel:run_until_complete finished with '0'
[118.024s] DEBUG:colcon.colcon_core.event_reactor:joining thread
[118.079s] INFO:colcon.colcon_core.plugin_system:Skipping extension 'colcon_notification.desktop_notification.terminal_notifier': Not used on non-Darwin systems
[118.080s] INFO:colcon.colcon_core.plugin_system:Skipping extension 'colcon_notification.desktop_notification.win32': Not used on non-Windows systems
[118.080s] INFO:colcon.colcon_notification.desktop_notification:Sending desktop notification using 'notify2'
[118.371s] DEBUG:colcon.colcon_core.event_reactor:joined thread
[118.442s] INFO:colcon.colcon_core.shell:Creating prefix script '/home/hassan/ros-tuts/patrol_ws/install/local_setup.ps1'
[118.446s] INFO:colcon.colcon_core.shell:Creating prefix util module '/home/hassan/ros-tuts/patrol_ws/install/_local_setup_util_ps1.py'
[118.451s] INFO:colcon.colcon_core.shell:Creating prefix chain script '/home/hassan/ros-tuts/patrol_ws/install/setup.ps1'
[118.454s] INFO:colcon.colcon_core.shell:Creating prefix script '/home/hassan/ros-tuts/patrol_ws/install/local_setup.sh'
[118.456s] INFO:colcon.colcon_core.shell:Creating prefix util module '/home/hassan/ros-tuts/patrol_ws/install/_local_setup_util_sh.py'
[118.458s] INFO:colcon.colcon_core.shell:Creating prefix chain script '/home/hassan/ros-tuts/patrol_ws/install/setup.sh'
[118.465s] INFO:colcon.colcon_core.shell:Creating prefix script '/home/hassan/ros-tuts/patrol_ws/install/local_setup.bash'
[118.466s] INFO:colcon.colcon_core.shell:Creating prefix chain script '/home/hassan/ros-tuts/patrol_ws/install/setup.bash'
[118.469s] INFO:colcon.colcon_core.shell:Creating prefix script '/home/hassan/ros-tuts/patrol_ws/install/local_setup.zsh'
[118.470s] INFO:colcon.colcon_core.shell:Creating prefix chain script '/home/hassan/ros-tuts/patrol_ws/install/setup.zsh'
