[0.299s] DEBUG:colcon:Command line arguments: ['/usr/bin/colcon', 'build', '--symlink-install']
[0.300s] DEBUG:colcon:Parsed command line arguments: Namespace(log_base=None, log_level=None, verb_name='build', build_base='build', install_base='install', merge_install=False, symlink_install=True, test_result_base=None, continue_on_error=False, executor='parallel', parallel_workers=8, event_handlers=None, ignore_user_meta=False, metas=['./colcon.meta'], base_paths=['.'], packages_ignore=None, packages_ignore_regex=None, paths=None, packages_up_to=None, packages_up_to_regex=None, packages_above=None, packages_above_and_dependencies=None, packages_above_depth=None, packages_select_by_dep=None, packages_skip_by_dep=None, packages_skip_up_to=None, packages_select_build_failed=False, packages_skip_build_finished=False, packages_select_test_failures=False, packages_skip_test_passed=False, packages_select=None, packages_skip=None, packages_select_regex=None, packages_skip_regex=None, packages_start=None, packages_end=None, allow_overriding=[], cmake_args=None, cmake_target=None, cmake_target_skip_unavailable=False, cmake_clean_cache=False, cmake_clean_first=False, cmake_force_configure=False, ament_cmake_args=None, catkin_cmake_args=None, catkin_skip_building_tests=False, mixin_files=None, mixin=None, verb_parser=<colcon_mixin.mixin.mixin_argument.MixinArgumentDecorator object at 0x706cc3e4a9e0>, verb_extension=<colcon_core.verb.build.BuildVerb object at 0x706cc3f5afe0>, main=<bound method BuildVerb.main of <colcon_core.verb.build.BuildVerb object at 0x706cc3f5afe0>>, mixin_verb=('build',))
[0.738s] Level 1:colcon.colcon_core.package_discovery:discover_packages(colcon_meta) check parameters
[0.738s] Level 1:colcon.colcon_core.package_discovery:discover_packages(recursive) check parameters
[0.738s] Level 1:colcon.colcon_core.package_discovery:discover_packages(ignore) check parameters
[0.738s] Level 1:colcon.colcon_core.package_discovery:discover_packages(path) check parameters
[0.738s] Level 1:colcon.colcon_core.package_discovery:discover_packages(colcon_meta) discover
[0.738s] Level 1:colcon.colcon_core.package_discovery:discover_packages(recursive) discover
[0.738s] INFO:colcon.colcon_core.package_discovery:Crawling recursively for packages in '/home/hassan/ros-tuts/partrolbot_ws'
[0.738s] Level 1:colcon.colcon_core.package_identification:_identify(.) by extensions ['ignore', 'ignore_ament_install']
[0.738s] Level 1:colcon.colcon_core.package_identification:_identify(.) by extension 'ignore'
[0.739s] Level 1:colcon.colcon_core.package_identification:_identify(.) by extension 'ignore_ament_install'
[0.739s] Level 1:colcon.colcon_core.package_identification:_identify(.) by extensions ['colcon_pkg']
[0.739s] Level 1:colcon.colcon_core.package_identification:_identify(.) by extension 'colcon_pkg'
[0.739s] Level 1:colcon.colcon_core.package_identification:_identify(.) by extensions ['colcon_meta']
[0.739s] Level 1:colcon.colcon_core.package_identification:_identify(.) by extension 'colcon_meta'
[0.739s] Level 1:colcon.colcon_core.package_identification:_identify(.) by extensions ['ros']
[0.739s] Level 1:colcon.colcon_core.package_identification:_identify(.) by extension 'ros'
[0.758s] Level 1:colcon.colcon_core.package_identification:_identify(.) by extensions ['cmake', 'python']
[0.759s] Level 1:colcon.colcon_core.package_identification:_identify(.) by extension 'cmake'
[0.759s] Level 1:colcon.colcon_core.package_identification:_identify(.) by extension 'python'
[0.759s] Level 1:colcon.colcon_core.package_identification:_identify(.) by extensions ['python_setup_py']
[0.759s] Level 1:colcon.colcon_core.package_identification:_identify(.) by extension 'python_setup_py'
[0.759s] Level 1:colcon.colcon_core.package_identification:_identify(build) by extensions ['ignore', 'ignore_ament_install']
[0.759s] Level 1:colcon.colcon_core.package_identification:_identify(build) by extension 'ignore'
[0.759s] Level 1:colcon.colcon_core.package_identification:_identify(build) ignored
[0.759s] Level 1:colcon.colcon_core.package_identification:_identify(install) by extensions ['ignore', 'ignore_ament_install']
[0.760s] Level 1:colcon.colcon_core.package_identification:_identify(install) by extension 'ignore'
[0.760s] Level 1:colcon.colcon_core.package_identification:_identify(install) ignored
[0.760s] Level 1:colcon.colcon_core.package_identification:_identify(log) by extensions ['ignore', 'ignore_ament_install']
[0.760s] Level 1:colcon.colcon_core.package_identification:_identify(log) by extension 'ignore'
[0.760s] Level 1:colcon.colcon_core.package_identification:_identify(log) ignored
[0.760s] Level 1:colcon.colcon_core.package_identification:_identify(src) by extensions ['ignore', 'ignore_ament_install']
[0.760s] Level 1:colcon.colcon_core.package_identification:_identify(src) by extension 'ignore'
[0.760s] Level 1:colcon.colcon_core.package_identification:_identify(src) by extension 'ignore_ament_install'
[0.761s] Level 1:colcon.colcon_core.package_identification:_identify(src) by extensions ['colcon_pkg']
[0.761s] Level 1:colcon.colcon_core.package_identification:_identify(src) by extension 'colcon_pkg'
[0.761s] Level 1:colcon.colcon_core.package_identification:_identify(src) by extensions ['colcon_meta']
[0.761s] Level 1:colcon.colcon_core.package_identification:_identify(src) by extension 'colcon_meta'
[0.761s] Level 1:colcon.colcon_core.package_identification:_identify(src) by extensions ['ros']
[0.761s] Level 1:colcon.colcon_core.package_identification:_identify(src) by extension 'ros'
[0.761s] Level 1:colcon.colcon_core.package_identification:_identify(src) by extensions ['cmake', 'python']
[0.761s] Level 1:colcon.colcon_core.package_identification:_identify(src) by extension 'cmake'
[0.761s] Level 1:colcon.colcon_core.package_identification:_identify(src) by extension 'python'
[0.761s] Level 1:colcon.colcon_core.package_identification:_identify(src) by extensions ['python_setup_py']
[0.761s] Level 1:colcon.colcon_core.package_identification:_identify(src) by extension 'python_setup_py'
[0.761s] Level 1:colcon.colcon_core.package_identification:_identify(src/tb3_sim) by extensions ['ignore', 'ignore_ament_install']
[0.762s] Level 1:colcon.colcon_core.package_identification:_identify(src/tb3_sim) by extension 'ignore'
[0.762s] Level 1:colcon.colcon_core.package_identification:_identify(src/tb3_sim) by extension 'ignore_ament_install'
[0.762s] Level 1:colcon.colcon_core.package_identification:_identify(src/tb3_sim) by extensions ['colcon_pkg']
[0.762s] Level 1:colcon.colcon_core.package_identification:_identify(src/tb3_sim) by extension 'colcon_pkg'
[0.762s] Level 1:colcon.colcon_core.package_identification:_identify(src/tb3_sim) by extensions ['colcon_meta']
[0.762s] Level 1:colcon.colcon_core.package_identification:_identify(src/tb3_sim) by extension 'colcon_meta'
[0.762s] Level 1:colcon.colcon_core.package_identification:_identify(src/tb3_sim) by extensions ['ros']
[0.762s] Level 1:colcon.colcon_core.package_identification:_identify(src/tb3_sim) by extension 'ros'
[0.767s] DEBUG:colcon.colcon_core.package_identification:Package 'src/tb3_sim' with type 'ros.ament_python' and name 'tb3_sim'
[0.767s] Level 1:colcon.colcon_core.package_identification:_identify(src/turtlebot3) by extensions ['ignore', 'ignore_ament_install']
[0.767s] Level 1:colcon.colcon_core.package_identification:_identify(src/turtlebot3) by extension 'ignore'
[0.767s] Level 1:colcon.colcon_core.package_identification:_identify(src/turtlebot3) by extension 'ignore_ament_install'
[0.767s] Level 1:colcon.colcon_core.package_identification:_identify(src/turtlebot3) by extensions ['colcon_pkg']
[0.767s] Level 1:colcon.colcon_core.package_identification:_identify(src/turtlebot3) by extension 'colcon_pkg'
[0.767s] Level 1:colcon.colcon_core.package_identification:_identify(src/turtlebot3) by extensions ['colcon_meta']
[0.767s] Level 1:colcon.colcon_core.package_identification:_identify(src/turtlebot3) by extension 'colcon_meta'
[0.768s] Level 1:colcon.colcon_core.package_identification:_identify(src/turtlebot3) by extensions ['ros']
[0.768s] Level 1:colcon.colcon_core.package_identification:_identify(src/turtlebot3) by extension 'ros'
[0.768s] Level 1:colcon.colcon_core.package_identification:_identify(src/turtlebot3) by extensions ['cmake', 'python']
[0.768s] Level 1:colcon.colcon_core.package_identification:_identify(src/turtlebot3) by extension 'cmake'
[0.768s] Level 1:colcon.colcon_core.package_identification:_identify(src/turtlebot3) by extension 'python'
[0.768s] Level 1:colcon.colcon_core.package_identification:_identify(src/turtlebot3) by extensions ['python_setup_py']
[0.768s] Level 1:colcon.colcon_core.package_identification:_identify(src/turtlebot3) by extension 'python_setup_py'
[0.768s] Level 1:colcon.colcon_core.package_identification:_identify(src/turtlebot3/turtlebot3) by extensions ['ignore', 'ignore_ament_install']
[0.768s] Level 1:colcon.colcon_core.package_identification:_identify(src/turtlebot3/turtlebot3) by extension 'ignore'
[0.768s] Level 1:colcon.colcon_core.package_identification:_identify(src/turtlebot3/turtlebot3) by extension 'ignore_ament_install'
[0.769s] Level 1:colcon.colcon_core.package_identification:_identify(src/turtlebot3/turtlebot3) by extensions ['colcon_pkg']
[0.769s] Level 1:colcon.colcon_core.package_identification:_identify(src/turtlebot3/turtlebot3) by extension 'colcon_pkg'
[0.769s] Level 1:colcon.colcon_core.package_identification:_identify(src/turtlebot3/turtlebot3) by extensions ['colcon_meta']
[0.769s] Level 1:colcon.colcon_core.package_identification:_identify(src/turtlebot3/turtlebot3) by extension 'colcon_meta'
[0.769s] Level 1:colcon.colcon_core.package_identification:_identify(src/turtlebot3/turtlebot3) by extensions ['ros']
[0.769s] Level 1:colcon.colcon_core.package_identification:_identify(src/turtlebot3/turtlebot3) by extension 'ros'
[0.769s] Level 1:colcon.colcon_core.package_identification:_identify(src/turtlebot3/turtlebot3) by extensions ['cmake', 'python']
[0.769s] Level 1:colcon.colcon_core.package_identification:_identify(src/turtlebot3/turtlebot3) by extension 'cmake'
[0.769s] Level 1:colcon.colcon_core.package_identification:_identify(src/turtlebot3/turtlebot3) by extension 'python'
[0.769s] Level 1:colcon.colcon_core.package_identification:_identify(src/turtlebot3/turtlebot3) by extensions ['python_setup_py']
[0.769s] Level 1:colcon.colcon_core.package_identification:_identify(src/turtlebot3/turtlebot3) by extension 'python_setup_py'
[0.769s] Level 1:colcon.colcon_core.package_identification:_identify(src/turtlebot3/turtlebot3/turtlebot3) by extensions ['ignore', 'ignore_ament_install']
[0.770s] Level 1:colcon.colcon_core.package_identification:_identify(src/turtlebot3/turtlebot3/turtlebot3) by extension 'ignore'
[0.770s] Level 1:colcon.colcon_core.package_identification:_identify(src/turtlebot3/turtlebot3/turtlebot3) by extension 'ignore_ament_install'
[0.770s] Level 1:colcon.colcon_core.package_identification:_identify(src/turtlebot3/turtlebot3/turtlebot3) by extensions ['colcon_pkg']
[0.770s] Level 1:colcon.colcon_core.package_identification:_identify(src/turtlebot3/turtlebot3/turtlebot3) by extension 'colcon_pkg'
[0.770s] Level 1:colcon.colcon_core.package_identification:_identify(src/turtlebot3/turtlebot3/turtlebot3) by extensions ['colcon_meta']
[0.770s] Level 1:colcon.colcon_core.package_identification:_identify(src/turtlebot3/turtlebot3/turtlebot3) by extension 'colcon_meta'
[0.770s] Level 1:colcon.colcon_core.package_identification:_identify(src/turtlebot3/turtlebot3/turtlebot3) by extensions ['ros']
[0.770s] Level 1:colcon.colcon_core.package_identification:_identify(src/turtlebot3/turtlebot3/turtlebot3) by extension 'ros'
[0.772s] DEBUG:colcon.colcon_core.package_identification:Package 'src/turtlebot3/turtlebot3/turtlebot3' with type 'ros.ament_cmake' and name 'turtlebot3'
[0.772s] Level 1:colcon.colcon_core.package_identification:_identify(src/turtlebot3/turtlebot3/turtlebot3_bringup) by extensions ['ignore', 'ignore_ament_install']
[0.772s] Level 1:colcon.colcon_core.package_identification:_identify(src/turtlebot3/turtlebot3/turtlebot3_bringup) by extension 'ignore'
[0.772s] Level 1:colcon.colcon_core.package_identification:_identify(src/turtlebot3/turtlebot3/turtlebot3_bringup) by extension 'ignore_ament_install'
[0.772s] Level 1:colcon.colcon_core.package_identification:_identify(src/turtlebot3/turtlebot3/turtlebot3_bringup) by extensions ['colcon_pkg']
[0.772s] Level 1:colcon.colcon_core.package_identification:_identify(src/turtlebot3/turtlebot3/turtlebot3_bringup) by extension 'colcon_pkg'
[0.772s] Level 1:colcon.colcon_core.package_identification:_identify(src/turtlebot3/turtlebot3/turtlebot3_bringup) by extensions ['colcon_meta']
[0.772s] Level 1:colcon.colcon_core.package_identification:_identify(src/turtlebot3/turtlebot3/turtlebot3_bringup) by extension 'colcon_meta'
[0.773s] Level 1:colcon.colcon_core.package_identification:_identify(src/turtlebot3/turtlebot3/turtlebot3_bringup) by extensions ['ros']
[0.773s] Level 1:colcon.colcon_core.package_identification:_identify(src/turtlebot3/turtlebot3/turtlebot3_bringup) by extension 'ros'
[0.774s] DEBUG:colcon.colcon_core.package_identification:Package 'src/turtlebot3/turtlebot3/turtlebot3_bringup' with type 'ros.ament_cmake' and name 'turtlebot3_bringup'
[0.774s] Level 1:colcon.colcon_core.package_identification:_identify(src/turtlebot3/turtlebot3/turtlebot3_cartographer) by extensions ['ignore', 'ignore_ament_install']
[0.774s] Level 1:colcon.colcon_core.package_identification:_identify(src/turtlebot3/turtlebot3/turtlebot3_cartographer) by extension 'ignore'
[0.774s] Level 1:colcon.colcon_core.package_identification:_identify(src/turtlebot3/turtlebot3/turtlebot3_cartographer) by extension 'ignore_ament_install'
[0.774s] Level 1:colcon.colcon_core.package_identification:_identify(src/turtlebot3/turtlebot3/turtlebot3_cartographer) by extensions ['colcon_pkg']
[0.774s] Level 1:colcon.colcon_core.package_identification:_identify(src/turtlebot3/turtlebot3/turtlebot3_cartographer) by extension 'colcon_pkg'
[0.774s] Level 1:colcon.colcon_core.package_identification:_identify(src/turtlebot3/turtlebot3/turtlebot3_cartographer) by extensions ['colcon_meta']
[0.775s] Level 1:colcon.colcon_core.package_identification:_identify(src/turtlebot3/turtlebot3/turtlebot3_cartographer) by extension 'colcon_meta'
[0.775s] Level 1:colcon.colcon_core.package_identification:_identify(src/turtlebot3/turtlebot3/turtlebot3_cartographer) by extensions ['ros']
[0.775s] Level 1:colcon.colcon_core.package_identification:_identify(src/turtlebot3/turtlebot3/turtlebot3_cartographer) by extension 'ros'
[0.776s] DEBUG:colcon.colcon_core.package_identification:Package 'src/turtlebot3/turtlebot3/turtlebot3_cartographer' with type 'ros.ament_cmake' and name 'turtlebot3_cartographer'
[0.776s] Level 1:colcon.colcon_core.package_identification:_identify(src/turtlebot3/turtlebot3/turtlebot3_description) by extensions ['ignore', 'ignore_ament_install']
[0.776s] Level 1:colcon.colcon_core.package_identification:_identify(src/turtlebot3/turtlebot3/turtlebot3_description) by extension 'ignore'
[0.776s] Level 1:colcon.colcon_core.package_identification:_identify(src/turtlebot3/turtlebot3/turtlebot3_description) by extension 'ignore_ament_install'
[0.776s] Level 1:colcon.colcon_core.package_identification:_identify(src/turtlebot3/turtlebot3/turtlebot3_description) by extensions ['colcon_pkg']
[0.776s] Level 1:colcon.colcon_core.package_identification:_identify(src/turtlebot3/turtlebot3/turtlebot3_description) by extension 'colcon_pkg'
[0.777s] Level 1:colcon.colcon_core.package_identification:_identify(src/turtlebot3/turtlebot3/turtlebot3_description) by extensions ['colcon_meta']
[0.777s] Level 1:colcon.colcon_core.package_identification:_identify(src/turtlebot3/turtlebot3/turtlebot3_description) by extension 'colcon_meta'
[0.777s] Level 1:colcon.colcon_core.package_identification:_identify(src/turtlebot3/turtlebot3/turtlebot3_description) by extensions ['ros']
[0.777s] Level 1:colcon.colcon_core.package_identification:_identify(src/turtlebot3/turtlebot3/turtlebot3_description) by extension 'ros'
[0.778s] DEBUG:colcon.colcon_core.package_identification:Package 'src/turtlebot3/turtlebot3/turtlebot3_description' with type 'ros.ament_cmake' and name 'turtlebot3_description'
[0.778s] Level 1:colcon.colcon_core.package_identification:_identify(src/turtlebot3/turtlebot3/turtlebot3_example) by extensions ['ignore', 'ignore_ament_install']
[0.778s] Level 1:colcon.colcon_core.package_identification:_identify(src/turtlebot3/turtlebot3/turtlebot3_example) by extension 'ignore'
[0.779s] Level 1:colcon.colcon_core.package_identification:_identify(src/turtlebot3/turtlebot3/turtlebot3_example) by extension 'ignore_ament_install'
[0.779s] Level 1:colcon.colcon_core.package_identification:_identify(src/turtlebot3/turtlebot3/turtlebot3_example) by extensions ['colcon_pkg']
[0.779s] Level 1:colcon.colcon_core.package_identification:_identify(src/turtlebot3/turtlebot3/turtlebot3_example) by extension 'colcon_pkg'
[0.779s] Level 1:colcon.colcon_core.package_identification:_identify(src/turtlebot3/turtlebot3/turtlebot3_example) by extensions ['colcon_meta']
[0.779s] Level 1:colcon.colcon_core.package_identification:_identify(src/turtlebot3/turtlebot3/turtlebot3_example) by extension 'colcon_meta'
[0.779s] Level 1:colcon.colcon_core.package_identification:_identify(src/turtlebot3/turtlebot3/turtlebot3_example) by extensions ['ros']
[0.779s] Level 1:colcon.colcon_core.package_identification:_identify(src/turtlebot3/turtlebot3/turtlebot3_example) by extension 'ros'
[0.781s] DEBUG:colcon.colcon_core.package_identification:Package 'src/turtlebot3/turtlebot3/turtlebot3_example' with type 'ros.ament_python' and name 'turtlebot3_example'
[0.781s] Level 1:colcon.colcon_core.package_identification:_identify(src/turtlebot3/turtlebot3/turtlebot3_navigation2) by extensions ['ignore', 'ignore_ament_install']
[0.781s] Level 1:colcon.colcon_core.package_identification:_identify(src/turtlebot3/turtlebot3/turtlebot3_navigation2) by extension 'ignore'
[0.781s] Level 1:colcon.colcon_core.package_identification:_identify(src/turtlebot3/turtlebot3/turtlebot3_navigation2) by extension 'ignore_ament_install'
[0.781s] Level 1:colcon.colcon_core.package_identification:_identify(src/turtlebot3/turtlebot3/turtlebot3_navigation2) by extensions ['colcon_pkg']
[0.781s] Level 1:colcon.colcon_core.package_identification:_identify(src/turtlebot3/turtlebot3/turtlebot3_navigation2) by extension 'colcon_pkg'
[0.781s] Level 1:colcon.colcon_core.package_identification:_identify(src/turtlebot3/turtlebot3/turtlebot3_navigation2) by extensions ['colcon_meta']
[0.781s] Level 1:colcon.colcon_core.package_identification:_identify(src/turtlebot3/turtlebot3/turtlebot3_navigation2) by extension 'colcon_meta'
[0.781s] Level 1:colcon.colcon_core.package_identification:_identify(src/turtlebot3/turtlebot3/turtlebot3_navigation2) by extensions ['ros']
[0.782s] Level 1:colcon.colcon_core.package_identification:_identify(src/turtlebot3/turtlebot3/turtlebot3_navigation2) by extension 'ros'
[0.783s] DEBUG:colcon.colcon_core.package_identification:Package 'src/turtlebot3/turtlebot3/turtlebot3_navigation2' with type 'ros.ament_cmake' and name 'turtlebot3_navigation2'
[0.783s] Level 1:colcon.colcon_core.package_identification:_identify(src/turtlebot3/turtlebot3/turtlebot3_node) by extensions ['ignore', 'ignore_ament_install']
[0.783s] Level 1:colcon.colcon_core.package_identification:_identify(src/turtlebot3/turtlebot3/turtlebot3_node) by extension 'ignore'
[0.783s] Level 1:colcon.colcon_core.package_identification:_identify(src/turtlebot3/turtlebot3/turtlebot3_node) by extension 'ignore_ament_install'
[0.783s] Level 1:colcon.colcon_core.package_identification:_identify(src/turtlebot3/turtlebot3/turtlebot3_node) by extensions ['colcon_pkg']
[0.783s] Level 1:colcon.colcon_core.package_identification:_identify(src/turtlebot3/turtlebot3/turtlebot3_node) by extension 'colcon_pkg'
[0.784s] Level 1:colcon.colcon_core.package_identification:_identify(src/turtlebot3/turtlebot3/turtlebot3_node) by extensions ['colcon_meta']
[0.784s] Level 1:colcon.colcon_core.package_identification:_identify(src/turtlebot3/turtlebot3/turtlebot3_node) by extension 'colcon_meta'
[0.784s] Level 1:colcon.colcon_core.package_identification:_identify(src/turtlebot3/turtlebot3/turtlebot3_node) by extensions ['ros']
[0.784s] Level 1:colcon.colcon_core.package_identification:_identify(src/turtlebot3/turtlebot3/turtlebot3_node) by extension 'ros'
[0.787s] DEBUG:colcon.colcon_core.package_identification:Package 'src/turtlebot3/turtlebot3/turtlebot3_node' with type 'ros.ament_cmake' and name 'turtlebot3_node'
[0.787s] Level 1:colcon.colcon_core.package_identification:_identify(src/turtlebot3/turtlebot3/turtlebot3_teleop) by extensions ['ignore', 'ignore_ament_install']
[0.787s] Level 1:colcon.colcon_core.package_identification:_identify(src/turtlebot3/turtlebot3/turtlebot3_teleop) by extension 'ignore'
[0.787s] Level 1:colcon.colcon_core.package_identification:_identify(src/turtlebot3/turtlebot3/turtlebot3_teleop) by extension 'ignore_ament_install'
[0.787s] Level 1:colcon.colcon_core.package_identification:_identify(src/turtlebot3/turtlebot3/turtlebot3_teleop) by extensions ['colcon_pkg']
[0.787s] Level 1:colcon.colcon_core.package_identification:_identify(src/turtlebot3/turtlebot3/turtlebot3_teleop) by extension 'colcon_pkg'
[0.787s] Level 1:colcon.colcon_core.package_identification:_identify(src/turtlebot3/turtlebot3/turtlebot3_teleop) by extensions ['colcon_meta']
[0.787s] Level 1:colcon.colcon_core.package_identification:_identify(src/turtlebot3/turtlebot3/turtlebot3_teleop) by extension 'colcon_meta'
[0.787s] Level 1:colcon.colcon_core.package_identification:_identify(src/turtlebot3/turtlebot3/turtlebot3_teleop) by extensions ['ros']
[0.788s] Level 1:colcon.colcon_core.package_identification:_identify(src/turtlebot3/turtlebot3/turtlebot3_teleop) by extension 'ros'
[0.789s] DEBUG:colcon.colcon_core.package_identification:Package 'src/turtlebot3/turtlebot3/turtlebot3_teleop' with type 'ros.ament_python' and name 'turtlebot3_teleop'
[0.789s] Level 1:colcon.colcon_core.package_identification:_identify(src/turtlebot3/turtlebot3_msgs) by extensions ['ignore', 'ignore_ament_install']
[0.789s] Level 1:colcon.colcon_core.package_identification:_identify(src/turtlebot3/turtlebot3_msgs) by extension 'ignore'
[0.789s] Level 1:colcon.colcon_core.package_identification:_identify(src/turtlebot3/turtlebot3_msgs) by extension 'ignore_ament_install'
[0.790s] Level 1:colcon.colcon_core.package_identification:_identify(src/turtlebot3/turtlebot3_msgs) by extensions ['colcon_pkg']
[0.790s] Level 1:colcon.colcon_core.package_identification:_identify(src/turtlebot3/turtlebot3_msgs) by extension 'colcon_pkg'
[0.790s] Level 1:colcon.colcon_core.package_identification:_identify(src/turtlebot3/turtlebot3_msgs) by extensions ['colcon_meta']
[0.790s] Level 1:colcon.colcon_core.package_identification:_identify(src/turtlebot3/turtlebot3_msgs) by extension 'colcon_meta'
[0.790s] Level 1:colcon.colcon_core.package_identification:_identify(src/turtlebot3/turtlebot3_msgs) by extensions ['ros']
[0.790s] Level 1:colcon.colcon_core.package_identification:_identify(src/turtlebot3/turtlebot3_msgs) by extension 'ros'
[0.791s] DEBUG:colcon.colcon_core.package_identification:Package 'src/turtlebot3/turtlebot3_msgs' with type 'ros.ament_cmake' and name 'turtlebot3_msgs'
[0.792s] Level 1:colcon.colcon_core.package_identification:_identify(src/turtlebot3/turtlebot3_simulations) by extensions ['ignore', 'ignore_ament_install']
[0.792s] Level 1:colcon.colcon_core.package_identification:_identify(src/turtlebot3/turtlebot3_simulations) by extension 'ignore'
[0.792s] Level 1:colcon.colcon_core.package_identification:_identify(src/turtlebot3/turtlebot3_simulations) by extension 'ignore_ament_install'
[0.792s] Level 1:colcon.colcon_core.package_identification:_identify(src/turtlebot3/turtlebot3_simulations) by extensions ['colcon_pkg']
[0.792s] Level 1:colcon.colcon_core.package_identification:_identify(src/turtlebot3/turtlebot3_simulations) by extension 'colcon_pkg'
[0.792s] Level 1:colcon.colcon_core.package_identification:_identify(src/turtlebot3/turtlebot3_simulations) by extensions ['colcon_meta']
[0.792s] Level 1:colcon.colcon_core.package_identification:_identify(src/turtlebot3/turtlebot3_simulations) by extension 'colcon_meta'
[0.792s] Level 1:colcon.colcon_core.package_identification:_identify(src/turtlebot3/turtlebot3_simulations) by extensions ['ros']
[0.792s] Level 1:colcon.colcon_core.package_identification:_identify(src/turtlebot3/turtlebot3_simulations) by extension 'ros'
[0.792s] Level 1:colcon.colcon_core.package_identification:_identify(src/turtlebot3/turtlebot3_simulations) by extensions ['cmake', 'python']
[0.793s] Level 1:colcon.colcon_core.package_identification:_identify(src/turtlebot3/turtlebot3_simulations) by extension 'cmake'
[0.793s] Level 1:colcon.colcon_core.package_identification:_identify(src/turtlebot3/turtlebot3_simulations) by extension 'python'
[0.793s] Level 1:colcon.colcon_core.package_identification:_identify(src/turtlebot3/turtlebot3_simulations) by extensions ['python_setup_py']
[0.793s] Level 1:colcon.colcon_core.package_identification:_identify(src/turtlebot3/turtlebot3_simulations) by extension 'python_setup_py'
[0.793s] Level 1:colcon.colcon_core.package_identification:_identify(src/turtlebot3/turtlebot3_simulations/turtlebot3_fake_node) by extensions ['ignore', 'ignore_ament_install']
[0.793s] Level 1:colcon.colcon_core.package_identification:_identify(src/turtlebot3/turtlebot3_simulations/turtlebot3_fake_node) by extension 'ignore'
[0.793s] Level 1:colcon.colcon_core.package_identification:_identify(src/turtlebot3/turtlebot3_simulations/turtlebot3_fake_node) by extension 'ignore_ament_install'
[0.793s] Level 1:colcon.colcon_core.package_identification:_identify(src/turtlebot3/turtlebot3_simulations/turtlebot3_fake_node) by extensions ['colcon_pkg']
[0.793s] Level 1:colcon.colcon_core.package_identification:_identify(src/turtlebot3/turtlebot3_simulations/turtlebot3_fake_node) by extension 'colcon_pkg'
[0.793s] Level 1:colcon.colcon_core.package_identification:_identify(src/turtlebot3/turtlebot3_simulations/turtlebot3_fake_node) by extensions ['colcon_meta']
[0.793s] Level 1:colcon.colcon_core.package_identification:_identify(src/turtlebot3/turtlebot3_simulations/turtlebot3_fake_node) by extension 'colcon_meta'
[0.793s] Level 1:colcon.colcon_core.package_identification:_identify(src/turtlebot3/turtlebot3_simulations/turtlebot3_fake_node) by extensions ['ros']
[0.794s] Level 1:colcon.colcon_core.package_identification:_identify(src/turtlebot3/turtlebot3_simulations/turtlebot3_fake_node) by extension 'ros'
[0.795s] DEBUG:colcon.colcon_core.package_identification:Package 'src/turtlebot3/turtlebot3_simulations/turtlebot3_fake_node' with type 'ros.ament_cmake' and name 'turtlebot3_fake_node'
[0.796s] Level 1:colcon.colcon_core.package_identification:_identify(src/turtlebot3/turtlebot3_simulations/turtlebot3_gazebo) by extensions ['ignore', 'ignore_ament_install']
[0.796s] Level 1:colcon.colcon_core.package_identification:_identify(src/turtlebot3/turtlebot3_simulations/turtlebot3_gazebo) by extension 'ignore'
[0.796s] Level 1:colcon.colcon_core.package_identification:_identify(src/turtlebot3/turtlebot3_simulations/turtlebot3_gazebo) by extension 'ignore_ament_install'
[0.796s] Level 1:colcon.colcon_core.package_identification:_identify(src/turtlebot3/turtlebot3_simulations/turtlebot3_gazebo) by extensions ['colcon_pkg']
[0.796s] Level 1:colcon.colcon_core.package_identification:_identify(src/turtlebot3/turtlebot3_simulations/turtlebot3_gazebo) by extension 'colcon_pkg'
[0.796s] Level 1:colcon.colcon_core.package_identification:_identify(src/turtlebot3/turtlebot3_simulations/turtlebot3_gazebo) by extensions ['colcon_meta']
[0.796s] Level 1:colcon.colcon_core.package_identification:_identify(src/turtlebot3/turtlebot3_simulations/turtlebot3_gazebo) by extension 'colcon_meta'
[0.796s] Level 1:colcon.colcon_core.package_identification:_identify(src/turtlebot3/turtlebot3_simulations/turtlebot3_gazebo) by extensions ['ros']
[0.796s] Level 1:colcon.colcon_core.package_identification:_identify(src/turtlebot3/turtlebot3_simulations/turtlebot3_gazebo) by extension 'ros'
[0.798s] DEBUG:colcon.colcon_core.package_identification:Package 'src/turtlebot3/turtlebot3_simulations/turtlebot3_gazebo' with type 'ros.ament_cmake' and name 'turtlebot3_gazebo'
[0.798s] Level 1:colcon.colcon_core.package_identification:_identify(src/turtlebot3/turtlebot3_simulations/turtlebot3_simulations) by extensions ['ignore', 'ignore_ament_install']
[0.798s] Level 1:colcon.colcon_core.package_identification:_identify(src/turtlebot3/turtlebot3_simulations/turtlebot3_simulations) by extension 'ignore'
[0.798s] Level 1:colcon.colcon_core.package_identification:_identify(src/turtlebot3/turtlebot3_simulations/turtlebot3_simulations) by extension 'ignore_ament_install'
[0.799s] Level 1:colcon.colcon_core.package_identification:_identify(src/turtlebot3/turtlebot3_simulations/turtlebot3_simulations) by extensions ['colcon_pkg']
[0.799s] Level 1:colcon.colcon_core.package_identification:_identify(src/turtlebot3/turtlebot3_simulations/turtlebot3_simulations) by extension 'colcon_pkg'
[0.799s] Level 1:colcon.colcon_core.package_identification:_identify(src/turtlebot3/turtlebot3_simulations/turtlebot3_simulations) by extensions ['colcon_meta']
[0.799s] Level 1:colcon.colcon_core.package_identification:_identify(src/turtlebot3/turtlebot3_simulations/turtlebot3_simulations) by extension 'colcon_meta'
[0.799s] Level 1:colcon.colcon_core.package_identification:_identify(src/turtlebot3/turtlebot3_simulations/turtlebot3_simulations) by extensions ['ros']
[0.799s] Level 1:colcon.colcon_core.package_identification:_identify(src/turtlebot3/turtlebot3_simulations/turtlebot3_simulations) by extension 'ros'
[0.802s] DEBUG:colcon.colcon_core.package_identification:Package 'src/turtlebot3/turtlebot3_simulations/turtlebot3_simulations' with type 'ros.ament_cmake' and name 'turtlebot3_simulations'
[0.802s] Level 1:colcon.colcon_core.package_identification:_identify(src/utils) by extensions ['ignore', 'ignore_ament_install']
[0.802s] Level 1:colcon.colcon_core.package_identification:_identify(src/utils) by extension 'ignore'
[0.802s] Level 1:colcon.colcon_core.package_identification:_identify(src/utils) by extension 'ignore_ament_install'
[0.802s] Level 1:colcon.colcon_core.package_identification:_identify(src/utils) by extensions ['colcon_pkg']
[0.802s] Level 1:colcon.colcon_core.package_identification:_identify(src/utils) by extension 'colcon_pkg'
[0.802s] Level 1:colcon.colcon_core.package_identification:_identify(src/utils) by extensions ['colcon_meta']
[0.802s] Level 1:colcon.colcon_core.package_identification:_identify(src/utils) by extension 'colcon_meta'
[0.802s] Level 1:colcon.colcon_core.package_identification:_identify(src/utils) by extensions ['ros']
[0.803s] Level 1:colcon.colcon_core.package_identification:_identify(src/utils) by extension 'ros'
[0.803s] Level 1:colcon.colcon_core.package_identification:_identify(src/utils) by extensions ['cmake', 'python']
[0.803s] Level 1:colcon.colcon_core.package_identification:_identify(src/utils) by extension 'cmake'
[0.803s] Level 1:colcon.colcon_core.package_identification:_identify(src/utils) by extension 'python'
[0.803s] Level 1:colcon.colcon_core.package_identification:_identify(src/utils) by extensions ['python_setup_py']
[0.803s] Level 1:colcon.colcon_core.package_identification:_identify(src/utils) by extension 'python_setup_py'
[0.803s] Level 1:colcon.colcon_core.package_identification:_identify(src/utils/DynamixelSDK) by extensions ['ignore', 'ignore_ament_install']
[0.803s] Level 1:colcon.colcon_core.package_identification:_identify(src/utils/DynamixelSDK) by extension 'ignore'
[0.803s] Level 1:colcon.colcon_core.package_identification:_identify(src/utils/DynamixelSDK) by extension 'ignore_ament_install'
[0.803s] Level 1:colcon.colcon_core.package_identification:_identify(src/utils/DynamixelSDK) by extensions ['colcon_pkg']
[0.803s] Level 1:colcon.colcon_core.package_identification:_identify(src/utils/DynamixelSDK) by extension 'colcon_pkg'
[0.804s] Level 1:colcon.colcon_core.package_identification:_identify(src/utils/DynamixelSDK) by extensions ['colcon_meta']
[0.804s] Level 1:colcon.colcon_core.package_identification:_identify(src/utils/DynamixelSDK) by extension 'colcon_meta'
[0.804s] Level 1:colcon.colcon_core.package_identification:_identify(src/utils/DynamixelSDK) by extensions ['ros']
[0.804s] Level 1:colcon.colcon_core.package_identification:_identify(src/utils/DynamixelSDK) by extension 'ros'
[0.804s] Level 1:colcon.colcon_core.package_identification:_identify(src/utils/DynamixelSDK) by extensions ['cmake', 'python']
[0.804s] Level 1:colcon.colcon_core.package_identification:_identify(src/utils/DynamixelSDK) by extension 'cmake'
[0.804s] Level 1:colcon.colcon_core.package_identification:_identify(src/utils/DynamixelSDK) by extension 'python'
[0.804s] Level 1:colcon.colcon_core.package_identification:_identify(src/utils/DynamixelSDK) by extensions ['python_setup_py']
[0.804s] Level 1:colcon.colcon_core.package_identification:_identify(src/utils/DynamixelSDK) by extension 'python_setup_py'
[0.804s] Level 1:colcon.colcon_core.package_identification:_identify(src/utils/DynamixelSDK/dynamixel_sdk) by extensions ['ignore', 'ignore_ament_install']
[0.804s] Level 1:colcon.colcon_core.package_identification:_identify(src/utils/DynamixelSDK/dynamixel_sdk) by extension 'ignore'
[0.805s] Level 1:colcon.colcon_core.package_identification:_identify(src/utils/DynamixelSDK/dynamixel_sdk) by extension 'ignore_ament_install'
[0.805s] Level 1:colcon.colcon_core.package_identification:_identify(src/utils/DynamixelSDK/dynamixel_sdk) by extensions ['colcon_pkg']
[0.805s] Level 1:colcon.colcon_core.package_identification:_identify(src/utils/DynamixelSDK/dynamixel_sdk) by extension 'colcon_pkg'
[0.805s] Level 1:colcon.colcon_core.package_identification:_identify(src/utils/DynamixelSDK/dynamixel_sdk) by extensions ['colcon_meta']
[0.805s] Level 1:colcon.colcon_core.package_identification:_identify(src/utils/DynamixelSDK/dynamixel_sdk) by extension 'colcon_meta'
[0.805s] Level 1:colcon.colcon_core.package_identification:_identify(src/utils/DynamixelSDK/dynamixel_sdk) by extensions ['ros']
[0.805s] Level 1:colcon.colcon_core.package_identification:_identify(src/utils/DynamixelSDK/dynamixel_sdk) by extension 'ros'
[0.806s] DEBUG:colcon.colcon_core.package_identification:Package 'src/utils/DynamixelSDK/dynamixel_sdk' with type 'ros.ament_cmake' and name 'dynamixel_sdk'
[0.806s] Level 1:colcon.colcon_core.package_identification:_identify(src/utils/DynamixelSDK/dynamixel_sdk_custom_interfaces) by extensions ['ignore', 'ignore_ament_install']
[0.807s] Level 1:colcon.colcon_core.package_identification:_identify(src/utils/DynamixelSDK/dynamixel_sdk_custom_interfaces) by extension 'ignore'
[0.807s] Level 1:colcon.colcon_core.package_identification:_identify(src/utils/DynamixelSDK/dynamixel_sdk_custom_interfaces) by extension 'ignore_ament_install'
[0.807s] Level 1:colcon.colcon_core.package_identification:_identify(src/utils/DynamixelSDK/dynamixel_sdk_custom_interfaces) by extensions ['colcon_pkg']
[0.807s] Level 1:colcon.colcon_core.package_identification:_identify(src/utils/DynamixelSDK/dynamixel_sdk_custom_interfaces) by extension 'colcon_pkg'
[0.807s] Level 1:colcon.colcon_core.package_identification:_identify(src/utils/DynamixelSDK/dynamixel_sdk_custom_interfaces) by extensions ['colcon_meta']
[0.807s] Level 1:colcon.colcon_core.package_identification:_identify(src/utils/DynamixelSDK/dynamixel_sdk_custom_interfaces) by extension 'colcon_meta'
[0.807s] Level 1:colcon.colcon_core.package_identification:_identify(src/utils/DynamixelSDK/dynamixel_sdk_custom_interfaces) by extensions ['ros']
[0.807s] Level 1:colcon.colcon_core.package_identification:_identify(src/utils/DynamixelSDK/dynamixel_sdk_custom_interfaces) by extension 'ros'
[0.808s] DEBUG:colcon.colcon_core.package_identification:Package 'src/utils/DynamixelSDK/dynamixel_sdk_custom_interfaces' with type 'ros.ament_cmake' and name 'dynamixel_sdk_custom_interfaces'
[0.809s] Level 1:colcon.colcon_core.package_identification:_identify(src/utils/DynamixelSDK/dynamixel_sdk_examples) by extensions ['ignore', 'ignore_ament_install']
[0.809s] Level 1:colcon.colcon_core.package_identification:_identify(src/utils/DynamixelSDK/dynamixel_sdk_examples) by extension 'ignore'
[0.809s] Level 1:colcon.colcon_core.package_identification:_identify(src/utils/DynamixelSDK/dynamixel_sdk_examples) by extension 'ignore_ament_install'
[0.809s] Level 1:colcon.colcon_core.package_identification:_identify(src/utils/DynamixelSDK/dynamixel_sdk_examples) by extensions ['colcon_pkg']
[0.809s] Level 1:colcon.colcon_core.package_identification:_identify(src/utils/DynamixelSDK/dynamixel_sdk_examples) by extension 'colcon_pkg'
[0.809s] Level 1:colcon.colcon_core.package_identification:_identify(src/utils/DynamixelSDK/dynamixel_sdk_examples) by extensions ['colcon_meta']
[0.809s] Level 1:colcon.colcon_core.package_identification:_identify(src/utils/DynamixelSDK/dynamixel_sdk_examples) by extension 'colcon_meta'
[0.809s] Level 1:colcon.colcon_core.package_identification:_identify(src/utils/DynamixelSDK/dynamixel_sdk_examples) by extensions ['ros']
[0.809s] Level 1:colcon.colcon_core.package_identification:_identify(src/utils/DynamixelSDK/dynamixel_sdk_examples) by extension 'ros'
[0.811s] DEBUG:colcon.colcon_core.package_identification:Package 'src/utils/DynamixelSDK/dynamixel_sdk_examples' with type 'ros.ament_cmake' and name 'dynamixel_sdk_examples'
[0.811s] Level 1:colcon.colcon_core.package_identification:_identify(src/utils/hls_lfcd_lds_driver) by extensions ['ignore', 'ignore_ament_install']
[0.811s] Level 1:colcon.colcon_core.package_identification:_identify(src/utils/hls_lfcd_lds_driver) by extension 'ignore'
[0.811s] Level 1:colcon.colcon_core.package_identification:_identify(src/utils/hls_lfcd_lds_driver) by extension 'ignore_ament_install'
[0.811s] Level 1:colcon.colcon_core.package_identification:_identify(src/utils/hls_lfcd_lds_driver) by extensions ['colcon_pkg']
[0.812s] Level 1:colcon.colcon_core.package_identification:_identify(src/utils/hls_lfcd_lds_driver) by extension 'colcon_pkg'
[0.812s] Level 1:colcon.colcon_core.package_identification:_identify(src/utils/hls_lfcd_lds_driver) by extensions ['colcon_meta']
[0.812s] Level 1:colcon.colcon_core.package_identification:_identify(src/utils/hls_lfcd_lds_driver) by extension 'colcon_meta'
[0.812s] Level 1:colcon.colcon_core.package_identification:_identify(src/utils/hls_lfcd_lds_driver) by extensions ['ros']
[0.812s] Level 1:colcon.colcon_core.package_identification:_identify(src/utils/hls_lfcd_lds_driver) by extension 'ros'
[0.813s] DEBUG:colcon.colcon_core.package_identification:Package 'src/utils/hls_lfcd_lds_driver' with type 'ros.ament_cmake' and name 'hls_lfcd_lds_driver'
[0.814s] Level 1:colcon.colcon_core.package_discovery:discover_packages(recursive) using defaults
[0.814s] Level 1:colcon.colcon_core.package_discovery:discover_packages(ignore) discover
[0.814s] Level 1:colcon.colcon_core.package_discovery:discover_packages(ignore) using defaults
[0.814s] Level 1:colcon.colcon_core.package_discovery:discover_packages(path) discover
[0.814s] Level 1:colcon.colcon_core.package_discovery:discover_packages(path) using defaults
[0.882s] Level 1:colcon.colcon_core.package_discovery:discover_packages(prefix_path) check parameters
[0.882s] Level 1:colcon.colcon_core.package_discovery:discover_packages(prefix_path) discover
[0.887s] DEBUG:colcon.colcon_installed_package_information.package_discovery:Found 1 installed packages in /home/hassan/rosbot_ws/install
[0.890s] DEBUG:colcon.colcon_installed_package_information.package_discovery:Found 363 installed packages in /opt/ros/humble
[0.893s] Level 1:colcon.colcon_core.package_discovery:discover_packages(prefix_path) using defaults
[0.985s] Level 5:colcon.colcon_core.verb:set package 'dynamixel_sdk' build argument 'cmake_args' from command line to 'None'
[0.985s] Level 5:colcon.colcon_core.verb:set package 'dynamixel_sdk' build argument 'cmake_target' from command line to 'None'
[0.985s] Level 5:colcon.colcon_core.verb:set package 'dynamixel_sdk' build argument 'cmake_target_skip_unavailable' from command line to 'False'
[0.985s] Level 5:colcon.colcon_core.verb:set package 'dynamixel_sdk' build argument 'cmake_clean_cache' from command line to 'False'
[0.985s] Level 5:colcon.colcon_core.verb:set package 'dynamixel_sdk' build argument 'cmake_clean_first' from command line to 'False'
[0.985s] Level 5:colcon.colcon_core.verb:set package 'dynamixel_sdk' build argument 'cmake_force_configure' from command line to 'False'
[0.985s] Level 5:colcon.colcon_core.verb:set package 'dynamixel_sdk' build argument 'ament_cmake_args' from command line to 'None'
[0.985s] Level 5:colcon.colcon_core.verb:set package 'dynamixel_sdk' build argument 'catkin_cmake_args' from command line to 'None'
[0.985s] Level 5:colcon.colcon_core.verb:set package 'dynamixel_sdk' build argument 'catkin_skip_building_tests' from command line to 'False'
[0.985s] DEBUG:colcon.colcon_core.verb:Building package 'dynamixel_sdk' with the following arguments: {'ament_cmake_args': None, 'build_base': '/home/hassan/ros-tuts/partrolbot_ws/build/dynamixel_sdk', 'catkin_cmake_args': None, 'catkin_skip_building_tests': False, 'cmake_args': None, 'cmake_clean_cache': False, 'cmake_clean_first': False, 'cmake_force_configure': False, 'cmake_target': None, 'cmake_target_skip_unavailable': False, 'install_base': '/home/hassan/ros-tuts/partrolbot_ws/install/dynamixel_sdk', 'merge_install': False, 'path': '/home/hassan/ros-tuts/partrolbot_ws/src/utils/DynamixelSDK/dynamixel_sdk', 'symlink_install': True, 'test_result_base': None}
[0.986s] Level 5:colcon.colcon_core.verb:set package 'dynamixel_sdk_custom_interfaces' build argument 'cmake_args' from command line to 'None'
[0.986s] Level 5:colcon.colcon_core.verb:set package 'dynamixel_sdk_custom_interfaces' build argument 'cmake_target' from command line to 'None'
[0.986s] Level 5:colcon.colcon_core.verb:set package 'dynamixel_sdk_custom_interfaces' build argument 'cmake_target_skip_unavailable' from command line to 'False'
[0.986s] Level 5:colcon.colcon_core.verb:set package 'dynamixel_sdk_custom_interfaces' build argument 'cmake_clean_cache' from command line to 'False'
[0.986s] Level 5:colcon.colcon_core.verb:set package 'dynamixel_sdk_custom_interfaces' build argument 'cmake_clean_first' from command line to 'False'
[0.986s] Level 5:colcon.colcon_core.verb:set package 'dynamixel_sdk_custom_interfaces' build argument 'cmake_force_configure' from command line to 'False'
[0.986s] Level 5:colcon.colcon_core.verb:set package 'dynamixel_sdk_custom_interfaces' build argument 'ament_cmake_args' from command line to 'None'
[0.986s] Level 5:colcon.colcon_core.verb:set package 'dynamixel_sdk_custom_interfaces' build argument 'catkin_cmake_args' from command line to 'None'
[0.986s] Level 5:colcon.colcon_core.verb:set package 'dynamixel_sdk_custom_interfaces' build argument 'catkin_skip_building_tests' from command line to 'False'
[0.986s] DEBUG:colcon.colcon_core.verb:Building package 'dynamixel_sdk_custom_interfaces' with the following arguments: {'ament_cmake_args': None, 'build_base': '/home/hassan/ros-tuts/partrolbot_ws/build/dynamixel_sdk_custom_interfaces', 'catkin_cmake_args': None, 'catkin_skip_building_tests': False, 'cmake_args': None, 'cmake_clean_cache': False, 'cmake_clean_first': False, 'cmake_force_configure': False, 'cmake_target': None, 'cmake_target_skip_unavailable': False, 'install_base': '/home/hassan/ros-tuts/partrolbot_ws/install/dynamixel_sdk_custom_interfaces', 'merge_install': False, 'path': '/home/hassan/ros-tuts/partrolbot_ws/src/utils/DynamixelSDK/dynamixel_sdk_custom_interfaces', 'symlink_install': True, 'test_result_base': None}
[0.987s] Level 5:colcon.colcon_core.verb:set package 'hls_lfcd_lds_driver' build argument 'cmake_args' from command line to 'None'
[0.987s] Level 5:colcon.colcon_core.verb:set package 'hls_lfcd_lds_driver' build argument 'cmake_target' from command line to 'None'
[0.987s] Level 5:colcon.colcon_core.verb:set package 'hls_lfcd_lds_driver' build argument 'cmake_target_skip_unavailable' from command line to 'False'
[0.987s] Level 5:colcon.colcon_core.verb:set package 'hls_lfcd_lds_driver' build argument 'cmake_clean_cache' from command line to 'False'
[0.987s] Level 5:colcon.colcon_core.verb:set package 'hls_lfcd_lds_driver' build argument 'cmake_clean_first' from command line to 'False'
[0.987s] Level 5:colcon.colcon_core.verb:set package 'hls_lfcd_lds_driver' build argument 'cmake_force_configure' from command line to 'False'
[0.987s] Level 5:colcon.colcon_core.verb:set package 'hls_lfcd_lds_driver' build argument 'ament_cmake_args' from command line to 'None'
[0.987s] Level 5:colcon.colcon_core.verb:set package 'hls_lfcd_lds_driver' build argument 'catkin_cmake_args' from command line to 'None'
[0.987s] Level 5:colcon.colcon_core.verb:set package 'hls_lfcd_lds_driver' build argument 'catkin_skip_building_tests' from command line to 'False'
[0.987s] DEBUG:colcon.colcon_core.verb:Building package 'hls_lfcd_lds_driver' with the following arguments: {'ament_cmake_args': None, 'build_base': '/home/hassan/ros-tuts/partrolbot_ws/build/hls_lfcd_lds_driver', 'catkin_cmake_args': None, 'catkin_skip_building_tests': False, 'cmake_args': None, 'cmake_clean_cache': False, 'cmake_clean_first': False, 'cmake_force_configure': False, 'cmake_target': None, 'cmake_target_skip_unavailable': False, 'install_base': '/home/hassan/ros-tuts/partrolbot_ws/install/hls_lfcd_lds_driver', 'merge_install': False, 'path': '/home/hassan/ros-tuts/partrolbot_ws/src/utils/hls_lfcd_lds_driver', 'symlink_install': True, 'test_result_base': None}
[0.988s] Level 5:colcon.colcon_core.verb:set package 'tb3_sim' build argument 'cmake_args' from command line to 'None'
[0.988s] Level 5:colcon.colcon_core.verb:set package 'tb3_sim' build argument 'cmake_target' from command line to 'None'
[0.988s] Level 5:colcon.colcon_core.verb:set package 'tb3_sim' build argument 'cmake_target_skip_unavailable' from command line to 'False'
[0.988s] Level 5:colcon.colcon_core.verb:set package 'tb3_sim' build argument 'cmake_clean_cache' from command line to 'False'
[0.988s] Level 5:colcon.colcon_core.verb:set package 'tb3_sim' build argument 'cmake_clean_first' from command line to 'False'
[0.988s] Level 5:colcon.colcon_core.verb:set package 'tb3_sim' build argument 'cmake_force_configure' from command line to 'False'
[0.988s] Level 5:colcon.colcon_core.verb:set package 'tb3_sim' build argument 'ament_cmake_args' from command line to 'None'
[0.988s] Level 5:colcon.colcon_core.verb:set package 'tb3_sim' build argument 'catkin_cmake_args' from command line to 'None'
[0.988s] Level 5:colcon.colcon_core.verb:set package 'tb3_sim' build argument 'catkin_skip_building_tests' from command line to 'False'
[0.989s] DEBUG:colcon.colcon_core.verb:Building package 'tb3_sim' with the following arguments: {'ament_cmake_args': None, 'build_base': '/home/hassan/ros-tuts/partrolbot_ws/build/tb3_sim', 'catkin_cmake_args': None, 'catkin_skip_building_tests': False, 'cmake_args': None, 'cmake_clean_cache': False, 'cmake_clean_first': False, 'cmake_force_configure': False, 'cmake_target': None, 'cmake_target_skip_unavailable': False, 'install_base': '/home/hassan/ros-tuts/partrolbot_ws/install/tb3_sim', 'merge_install': False, 'path': '/home/hassan/ros-tuts/partrolbot_ws/src/tb3_sim', 'symlink_install': True, 'test_result_base': None}
[0.989s] Level 5:colcon.colcon_core.verb:set package 'turtlebot3_cartographer' build argument 'cmake_args' from command line to 'None'
[0.989s] Level 5:colcon.colcon_core.verb:set package 'turtlebot3_cartographer' build argument 'cmake_target' from command line to 'None'
[0.989s] Level 5:colcon.colcon_core.verb:set package 'turtlebot3_cartographer' build argument 'cmake_target_skip_unavailable' from command line to 'False'
[0.989s] Level 5:colcon.colcon_core.verb:set package 'turtlebot3_cartographer' build argument 'cmake_clean_cache' from command line to 'False'
[0.989s] Level 5:colcon.colcon_core.verb:set package 'turtlebot3_cartographer' build argument 'cmake_clean_first' from command line to 'False'
[0.989s] Level 5:colcon.colcon_core.verb:set package 'turtlebot3_cartographer' build argument 'cmake_force_configure' from command line to 'False'
[0.989s] Level 5:colcon.colcon_core.verb:set package 'turtlebot3_cartographer' build argument 'ament_cmake_args' from command line to 'None'
[0.989s] Level 5:colcon.colcon_core.verb:set package 'turtlebot3_cartographer' build argument 'catkin_cmake_args' from command line to 'None'
[0.989s] Level 5:colcon.colcon_core.verb:set package 'turtlebot3_cartographer' build argument 'catkin_skip_building_tests' from command line to 'False'
[0.990s] DEBUG:colcon.colcon_core.verb:Building package 'turtlebot3_cartographer' with the following arguments: {'ament_cmake_args': None, 'build_base': '/home/hassan/ros-tuts/partrolbot_ws/build/turtlebot3_cartographer', 'catkin_cmake_args': None, 'catkin_skip_building_tests': False, 'cmake_args': None, 'cmake_clean_cache': False, 'cmake_clean_first': False, 'cmake_force_configure': False, 'cmake_target': None, 'cmake_target_skip_unavailable': False, 'install_base': '/home/hassan/ros-tuts/partrolbot_ws/install/turtlebot3_cartographer', 'merge_install': False, 'path': '/home/hassan/ros-tuts/partrolbot_ws/src/turtlebot3/turtlebot3/turtlebot3_cartographer', 'symlink_install': True, 'test_result_base': None}
[0.990s] Level 5:colcon.colcon_core.verb:set package 'turtlebot3_description' build argument 'cmake_args' from command line to 'None'
[0.990s] Level 5:colcon.colcon_core.verb:set package 'turtlebot3_description' build argument 'cmake_target' from command line to 'None'
[0.990s] Level 5:colcon.colcon_core.verb:set package 'turtlebot3_description' build argument 'cmake_target_skip_unavailable' from command line to 'False'
[0.990s] Level 5:colcon.colcon_core.verb:set package 'turtlebot3_description' build argument 'cmake_clean_cache' from command line to 'False'
[0.990s] Level 5:colcon.colcon_core.verb:set package 'turtlebot3_description' build argument 'cmake_clean_first' from command line to 'False'
[0.990s] Level 5:colcon.colcon_core.verb:set package 'turtlebot3_description' build argument 'cmake_force_configure' from command line to 'False'
[0.990s] Level 5:colcon.colcon_core.verb:set package 'turtlebot3_description' build argument 'ament_cmake_args' from command line to 'None'
[0.991s] Level 5:colcon.colcon_core.verb:set package 'turtlebot3_description' build argument 'catkin_cmake_args' from command line to 'None'
[0.991s] Level 5:colcon.colcon_core.verb:set package 'turtlebot3_description' build argument 'catkin_skip_building_tests' from command line to 'False'
[0.991s] DEBUG:colcon.colcon_core.verb:Building package 'turtlebot3_description' with the following arguments: {'ament_cmake_args': None, 'build_base': '/home/hassan/ros-tuts/partrolbot_ws/build/turtlebot3_description', 'catkin_cmake_args': None, 'catkin_skip_building_tests': False, 'cmake_args': None, 'cmake_clean_cache': False, 'cmake_clean_first': False, 'cmake_force_configure': False, 'cmake_target': None, 'cmake_target_skip_unavailable': False, 'install_base': '/home/hassan/ros-tuts/partrolbot_ws/install/turtlebot3_description', 'merge_install': False, 'path': '/home/hassan/ros-tuts/partrolbot_ws/src/turtlebot3/turtlebot3/turtlebot3_description', 'symlink_install': True, 'test_result_base': None}
[0.991s] Level 5:colcon.colcon_core.verb:set package 'turtlebot3_gazebo' build argument 'cmake_args' from command line to 'None'
[0.991s] Level 5:colcon.colcon_core.verb:set package 'turtlebot3_gazebo' build argument 'cmake_target' from command line to 'None'
[0.991s] Level 5:colcon.colcon_core.verb:set package 'turtlebot3_gazebo' build argument 'cmake_target_skip_unavailable' from command line to 'False'
[0.991s] Level 5:colcon.colcon_core.verb:set package 'turtlebot3_gazebo' build argument 'cmake_clean_cache' from command line to 'False'
[0.991s] Level 5:colcon.colcon_core.verb:set package 'turtlebot3_gazebo' build argument 'cmake_clean_first' from command line to 'False'
[0.991s] Level 5:colcon.colcon_core.verb:set package 'turtlebot3_gazebo' build argument 'cmake_force_configure' from command line to 'False'
[0.991s] Level 5:colcon.colcon_core.verb:set package 'turtlebot3_gazebo' build argument 'ament_cmake_args' from command line to 'None'
[0.992s] Level 5:colcon.colcon_core.verb:set package 'turtlebot3_gazebo' build argument 'catkin_cmake_args' from command line to 'None'
[0.992s] Level 5:colcon.colcon_core.verb:set package 'turtlebot3_gazebo' build argument 'catkin_skip_building_tests' from command line to 'False'
[0.992s] DEBUG:colcon.colcon_core.verb:Building package 'turtlebot3_gazebo' with the following arguments: {'ament_cmake_args': None, 'build_base': '/home/hassan/ros-tuts/partrolbot_ws/build/turtlebot3_gazebo', 'catkin_cmake_args': None, 'catkin_skip_building_tests': False, 'cmake_args': None, 'cmake_clean_cache': False, 'cmake_clean_first': False, 'cmake_force_configure': False, 'cmake_target': None, 'cmake_target_skip_unavailable': False, 'install_base': '/home/hassan/ros-tuts/partrolbot_ws/install/turtlebot3_gazebo', 'merge_install': False, 'path': '/home/hassan/ros-tuts/partrolbot_ws/src/turtlebot3/turtlebot3_simulations/turtlebot3_gazebo', 'symlink_install': True, 'test_result_base': None}
[0.992s] Level 5:colcon.colcon_core.verb:set package 'turtlebot3_msgs' build argument 'cmake_args' from command line to 'None'
[0.992s] Level 5:colcon.colcon_core.verb:set package 'turtlebot3_msgs' build argument 'cmake_target' from command line to 'None'
[0.992s] Level 5:colcon.colcon_core.verb:set package 'turtlebot3_msgs' build argument 'cmake_target_skip_unavailable' from command line to 'False'
[0.992s] Level 5:colcon.colcon_core.verb:set package 'turtlebot3_msgs' build argument 'cmake_clean_cache' from command line to 'False'
[0.992s] Level 5:colcon.colcon_core.verb:set package 'turtlebot3_msgs' build argument 'cmake_clean_first' from command line to 'False'
[0.992s] Level 5:colcon.colcon_core.verb:set package 'turtlebot3_msgs' build argument 'cmake_force_configure' from command line to 'False'
[0.992s] Level 5:colcon.colcon_core.verb:set package 'turtlebot3_msgs' build argument 'ament_cmake_args' from command line to 'None'
[0.993s] Level 5:colcon.colcon_core.verb:set package 'turtlebot3_msgs' build argument 'catkin_cmake_args' from command line to 'None'
[0.993s] Level 5:colcon.colcon_core.verb:set package 'turtlebot3_msgs' build argument 'catkin_skip_building_tests' from command line to 'False'
[0.993s] DEBUG:colcon.colcon_core.verb:Building package 'turtlebot3_msgs' with the following arguments: {'ament_cmake_args': None, 'build_base': '/home/hassan/ros-tuts/partrolbot_ws/build/turtlebot3_msgs', 'catkin_cmake_args': None, 'catkin_skip_building_tests': False, 'cmake_args': None, 'cmake_clean_cache': False, 'cmake_clean_first': False, 'cmake_force_configure': False, 'cmake_target': None, 'cmake_target_skip_unavailable': False, 'install_base': '/home/hassan/ros-tuts/partrolbot_ws/install/turtlebot3_msgs', 'merge_install': False, 'path': '/home/hassan/ros-tuts/partrolbot_ws/src/turtlebot3/turtlebot3_msgs', 'symlink_install': True, 'test_result_base': None}
[0.993s] Level 5:colcon.colcon_core.verb:set package 'turtlebot3_navigation2' build argument 'cmake_args' from command line to 'None'
[0.993s] Level 5:colcon.colcon_core.verb:set package 'turtlebot3_navigation2' build argument 'cmake_target' from command line to 'None'
[0.993s] Level 5:colcon.colcon_core.verb:set package 'turtlebot3_navigation2' build argument 'cmake_target_skip_unavailable' from command line to 'False'
[0.993s] Level 5:colcon.colcon_core.verb:set package 'turtlebot3_navigation2' build argument 'cmake_clean_cache' from command line to 'False'
[0.993s] Level 5:colcon.colcon_core.verb:set package 'turtlebot3_navigation2' build argument 'cmake_clean_first' from command line to 'False'
[0.993s] Level 5:colcon.colcon_core.verb:set package 'turtlebot3_navigation2' build argument 'cmake_force_configure' from command line to 'False'
[0.993s] Level 5:colcon.colcon_core.verb:set package 'turtlebot3_navigation2' build argument 'ament_cmake_args' from command line to 'None'
[0.994s] Level 5:colcon.colcon_core.verb:set package 'turtlebot3_navigation2' build argument 'catkin_cmake_args' from command line to 'None'
[0.994s] Level 5:colcon.colcon_core.verb:set package 'turtlebot3_navigation2' build argument 'catkin_skip_building_tests' from command line to 'False'
[0.994s] DEBUG:colcon.colcon_core.verb:Building package 'turtlebot3_navigation2' with the following arguments: {'ament_cmake_args': None, 'build_base': '/home/hassan/ros-tuts/partrolbot_ws/build/turtlebot3_navigation2', 'catkin_cmake_args': None, 'catkin_skip_building_tests': False, 'cmake_args': None, 'cmake_clean_cache': False, 'cmake_clean_first': False, 'cmake_force_configure': False, 'cmake_target': None, 'cmake_target_skip_unavailable': False, 'install_base': '/home/hassan/ros-tuts/partrolbot_ws/install/turtlebot3_navigation2', 'merge_install': False, 'path': '/home/hassan/ros-tuts/partrolbot_ws/src/turtlebot3/turtlebot3/turtlebot3_navigation2', 'symlink_install': True, 'test_result_base': None}
[0.994s] Level 5:colcon.colcon_core.verb:set package 'turtlebot3_teleop' build argument 'cmake_args' from command line to 'None'
[0.994s] Level 5:colcon.colcon_core.verb:set package 'turtlebot3_teleop' build argument 'cmake_target' from command line to 'None'
[0.994s] Level 5:colcon.colcon_core.verb:set package 'turtlebot3_teleop' build argument 'cmake_target_skip_unavailable' from command line to 'False'
[0.994s] Level 5:colcon.colcon_core.verb:set package 'turtlebot3_teleop' build argument 'cmake_clean_cache' from command line to 'False'
[0.994s] Level 5:colcon.colcon_core.verb:set package 'turtlebot3_teleop' build argument 'cmake_clean_first' from command line to 'False'
[0.994s] Level 5:colcon.colcon_core.verb:set package 'turtlebot3_teleop' build argument 'cmake_force_configure' from command line to 'False'
[0.994s] Level 5:colcon.colcon_core.verb:set package 'turtlebot3_teleop' build argument 'ament_cmake_args' from command line to 'None'
[0.995s] Level 5:colcon.colcon_core.verb:set package 'turtlebot3_teleop' build argument 'catkin_cmake_args' from command line to 'None'
[0.995s] Level 5:colcon.colcon_core.verb:set package 'turtlebot3_teleop' build argument 'catkin_skip_building_tests' from command line to 'False'
[0.995s] DEBUG:colcon.colcon_core.verb:Building package 'turtlebot3_teleop' with the following arguments: {'ament_cmake_args': None, 'build_base': '/home/hassan/ros-tuts/partrolbot_ws/build/turtlebot3_teleop', 'catkin_cmake_args': None, 'catkin_skip_building_tests': False, 'cmake_args': None, 'cmake_clean_cache': False, 'cmake_clean_first': False, 'cmake_force_configure': False, 'cmake_target': None, 'cmake_target_skip_unavailable': False, 'install_base': '/home/hassan/ros-tuts/partrolbot_ws/install/turtlebot3_teleop', 'merge_install': False, 'path': '/home/hassan/ros-tuts/partrolbot_ws/src/turtlebot3/turtlebot3/turtlebot3_teleop', 'symlink_install': True, 'test_result_base': None}
[0.995s] Level 5:colcon.colcon_core.verb:set package 'dynamixel_sdk_examples' build argument 'cmake_args' from command line to 'None'
[0.995s] Level 5:colcon.colcon_core.verb:set package 'dynamixel_sdk_examples' build argument 'cmake_target' from command line to 'None'
[0.995s] Level 5:colcon.colcon_core.verb:set package 'dynamixel_sdk_examples' build argument 'cmake_target_skip_unavailable' from command line to 'False'
[0.995s] Level 5:colcon.colcon_core.verb:set package 'dynamixel_sdk_examples' build argument 'cmake_clean_cache' from command line to 'False'
[0.995s] Level 5:colcon.colcon_core.verb:set package 'dynamixel_sdk_examples' build argument 'cmake_clean_first' from command line to 'False'
[0.995s] Level 5:colcon.colcon_core.verb:set package 'dynamixel_sdk_examples' build argument 'cmake_force_configure' from command line to 'False'
[0.995s] Level 5:colcon.colcon_core.verb:set package 'dynamixel_sdk_examples' build argument 'ament_cmake_args' from command line to 'None'
[0.996s] Level 5:colcon.colcon_core.verb:set package 'dynamixel_sdk_examples' build argument 'catkin_cmake_args' from command line to 'None'
[0.996s] Level 5:colcon.colcon_core.verb:set package 'dynamixel_sdk_examples' build argument 'catkin_skip_building_tests' from command line to 'False'
[0.996s] DEBUG:colcon.colcon_core.verb:Building package 'dynamixel_sdk_examples' with the following arguments: {'ament_cmake_args': None, 'build_base': '/home/hassan/ros-tuts/partrolbot_ws/build/dynamixel_sdk_examples', 'catkin_cmake_args': None, 'catkin_skip_building_tests': False, 'cmake_args': None, 'cmake_clean_cache': False, 'cmake_clean_first': False, 'cmake_force_configure': False, 'cmake_target': None, 'cmake_target_skip_unavailable': False, 'install_base': '/home/hassan/ros-tuts/partrolbot_ws/install/dynamixel_sdk_examples', 'merge_install': False, 'path': '/home/hassan/ros-tuts/partrolbot_ws/src/utils/DynamixelSDK/dynamixel_sdk_examples', 'symlink_install': True, 'test_result_base': None}
[0.996s] Level 5:colcon.colcon_core.verb:set package 'turtlebot3_example' build argument 'cmake_args' from command line to 'None'
[0.996s] Level 5:colcon.colcon_core.verb:set package 'turtlebot3_example' build argument 'cmake_target' from command line to 'None'
[0.996s] Level 5:colcon.colcon_core.verb:set package 'turtlebot3_example' build argument 'cmake_target_skip_unavailable' from command line to 'False'
[0.996s] Level 5:colcon.colcon_core.verb:set package 'turtlebot3_example' build argument 'cmake_clean_cache' from command line to 'False'
[0.996s] Level 5:colcon.colcon_core.verb:set package 'turtlebot3_example' build argument 'cmake_clean_first' from command line to 'False'
[0.996s] Level 5:colcon.colcon_core.verb:set package 'turtlebot3_example' build argument 'cmake_force_configure' from command line to 'False'
[0.997s] Level 5:colcon.colcon_core.verb:set package 'turtlebot3_example' build argument 'ament_cmake_args' from command line to 'None'
[0.997s] Level 5:colcon.colcon_core.verb:set package 'turtlebot3_example' build argument 'catkin_cmake_args' from command line to 'None'
[0.997s] Level 5:colcon.colcon_core.verb:set package 'turtlebot3_example' build argument 'catkin_skip_building_tests' from command line to 'False'
[0.997s] DEBUG:colcon.colcon_core.verb:Building package 'turtlebot3_example' with the following arguments: {'ament_cmake_args': None, 'build_base': '/home/hassan/ros-tuts/partrolbot_ws/build/turtlebot3_example', 'catkin_cmake_args': None, 'catkin_skip_building_tests': False, 'cmake_args': None, 'cmake_clean_cache': False, 'cmake_clean_first': False, 'cmake_force_configure': False, 'cmake_target': None, 'cmake_target_skip_unavailable': False, 'install_base': '/home/hassan/ros-tuts/partrolbot_ws/install/turtlebot3_example', 'merge_install': False, 'path': '/home/hassan/ros-tuts/partrolbot_ws/src/turtlebot3/turtlebot3/turtlebot3_example', 'symlink_install': True, 'test_result_base': None}
[0.997s] Level 5:colcon.colcon_core.verb:set package 'turtlebot3_fake_node' build argument 'cmake_args' from command line to 'None'
[0.997s] Level 5:colcon.colcon_core.verb:set package 'turtlebot3_fake_node' build argument 'cmake_target' from command line to 'None'
[0.997s] Level 5:colcon.colcon_core.verb:set package 'turtlebot3_fake_node' build argument 'cmake_target_skip_unavailable' from command line to 'False'
[0.997s] Level 5:colcon.colcon_core.verb:set package 'turtlebot3_fake_node' build argument 'cmake_clean_cache' from command line to 'False'
[0.997s] Level 5:colcon.colcon_core.verb:set package 'turtlebot3_fake_node' build argument 'cmake_clean_first' from command line to 'False'
[0.997s] Level 5:colcon.colcon_core.verb:set package 'turtlebot3_fake_node' build argument 'cmake_force_configure' from command line to 'False'
[0.998s] Level 5:colcon.colcon_core.verb:set package 'turtlebot3_fake_node' build argument 'ament_cmake_args' from command line to 'None'
[0.998s] Level 5:colcon.colcon_core.verb:set package 'turtlebot3_fake_node' build argument 'catkin_cmake_args' from command line to 'None'
[0.998s] Level 5:colcon.colcon_core.verb:set package 'turtlebot3_fake_node' build argument 'catkin_skip_building_tests' from command line to 'False'
[0.998s] DEBUG:colcon.colcon_core.verb:Building package 'turtlebot3_fake_node' with the following arguments: {'ament_cmake_args': None, 'build_base': '/home/hassan/ros-tuts/partrolbot_ws/build/turtlebot3_fake_node', 'catkin_cmake_args': None, 'catkin_skip_building_tests': False, 'cmake_args': None, 'cmake_clean_cache': False, 'cmake_clean_first': False, 'cmake_force_configure': False, 'cmake_target': None, 'cmake_target_skip_unavailable': False, 'install_base': '/home/hassan/ros-tuts/partrolbot_ws/install/turtlebot3_fake_node', 'merge_install': False, 'path': '/home/hassan/ros-tuts/partrolbot_ws/src/turtlebot3/turtlebot3_simulations/turtlebot3_fake_node', 'symlink_install': True, 'test_result_base': None}
[0.998s] Level 5:colcon.colcon_core.verb:set package 'turtlebot3_node' build argument 'cmake_args' from command line to 'None'
[0.998s] Level 5:colcon.colcon_core.verb:set package 'turtlebot3_node' build argument 'cmake_target' from command line to 'None'
[0.999s] Level 5:colcon.colcon_core.verb:set package 'turtlebot3_node' build argument 'cmake_target_skip_unavailable' from command line to 'False'
[0.999s] Level 5:colcon.colcon_core.verb:set package 'turtlebot3_node' build argument 'cmake_clean_cache' from command line to 'False'
[0.999s] Level 5:colcon.colcon_core.verb:set package 'turtlebot3_node' build argument 'cmake_clean_first' from command line to 'False'
[0.999s] Level 5:colcon.colcon_core.verb:set package 'turtlebot3_node' build argument 'cmake_force_configure' from command line to 'False'
[0.999s] Level 5:colcon.colcon_core.verb:set package 'turtlebot3_node' build argument 'ament_cmake_args' from command line to 'None'
[0.999s] Level 5:colcon.colcon_core.verb:set package 'turtlebot3_node' build argument 'catkin_cmake_args' from command line to 'None'
[0.999s] Level 5:colcon.colcon_core.verb:set package 'turtlebot3_node' build argument 'catkin_skip_building_tests' from command line to 'False'
[0.999s] DEBUG:colcon.colcon_core.verb:Building package 'turtlebot3_node' with the following arguments: {'ament_cmake_args': None, 'build_base': '/home/hassan/ros-tuts/partrolbot_ws/build/turtlebot3_node', 'catkin_cmake_args': None, 'catkin_skip_building_tests': False, 'cmake_args': None, 'cmake_clean_cache': False, 'cmake_clean_first': False, 'cmake_force_configure': False, 'cmake_target': None, 'cmake_target_skip_unavailable': False, 'install_base': '/home/hassan/ros-tuts/partrolbot_ws/install/turtlebot3_node', 'merge_install': False, 'path': '/home/hassan/ros-tuts/partrolbot_ws/src/turtlebot3/turtlebot3/turtlebot3_node', 'symlink_install': True, 'test_result_base': None}
[1.000s] Level 5:colcon.colcon_core.verb:set package 'turtlebot3_bringup' build argument 'cmake_args' from command line to 'None'
[1.000s] Level 5:colcon.colcon_core.verb:set package 'turtlebot3_bringup' build argument 'cmake_target' from command line to 'None'
[1.000s] Level 5:colcon.colcon_core.verb:set package 'turtlebot3_bringup' build argument 'cmake_target_skip_unavailable' from command line to 'False'
[1.000s] Level 5:colcon.colcon_core.verb:set package 'turtlebot3_bringup' build argument 'cmake_clean_cache' from command line to 'False'
[1.000s] Level 5:colcon.colcon_core.verb:set package 'turtlebot3_bringup' build argument 'cmake_clean_first' from command line to 'False'
[1.000s] Level 5:colcon.colcon_core.verb:set package 'turtlebot3_bringup' build argument 'cmake_force_configure' from command line to 'False'
[1.000s] Level 5:colcon.colcon_core.verb:set package 'turtlebot3_bringup' build argument 'ament_cmake_args' from command line to 'None'
[1.000s] Level 5:colcon.colcon_core.verb:set package 'turtlebot3_bringup' build argument 'catkin_cmake_args' from command line to 'None'
[1.000s] Level 5:colcon.colcon_core.verb:set package 'turtlebot3_bringup' build argument 'catkin_skip_building_tests' from command line to 'False'
[1.000s] DEBUG:colcon.colcon_core.verb:Building package 'turtlebot3_bringup' with the following arguments: {'ament_cmake_args': None, 'build_base': '/home/hassan/ros-tuts/partrolbot_ws/build/turtlebot3_bringup', 'catkin_cmake_args': None, 'catkin_skip_building_tests': False, 'cmake_args': None, 'cmake_clean_cache': False, 'cmake_clean_first': False, 'cmake_force_configure': False, 'cmake_target': None, 'cmake_target_skip_unavailable': False, 'install_base': '/home/hassan/ros-tuts/partrolbot_ws/install/turtlebot3_bringup', 'merge_install': False, 'path': '/home/hassan/ros-tuts/partrolbot_ws/src/turtlebot3/turtlebot3/turtlebot3_bringup', 'symlink_install': True, 'test_result_base': None}
[1.001s] Level 5:colcon.colcon_core.verb:set package 'turtlebot3_simulations' build argument 'cmake_args' from command line to 'None'
[1.001s] Level 5:colcon.colcon_core.verb:set package 'turtlebot3_simulations' build argument 'cmake_target' from command line to 'None'
[1.001s] Level 5:colcon.colcon_core.verb:set package 'turtlebot3_simulations' build argument 'cmake_target_skip_unavailable' from command line to 'False'
[1.001s] Level 5:colcon.colcon_core.verb:set package 'turtlebot3_simulations' build argument 'cmake_clean_cache' from command line to 'False'
[1.001s] Level 5:colcon.colcon_core.verb:set package 'turtlebot3_simulations' build argument 'cmake_clean_first' from command line to 'False'
[1.001s] Level 5:colcon.colcon_core.verb:set package 'turtlebot3_simulations' build argument 'cmake_force_configure' from command line to 'False'
[1.001s] Level 5:colcon.colcon_core.verb:set package 'turtlebot3_simulations' build argument 'ament_cmake_args' from command line to 'None'
[1.001s] Level 5:colcon.colcon_core.verb:set package 'turtlebot3_simulations' build argument 'catkin_cmake_args' from command line to 'None'
[1.001s] Level 5:colcon.colcon_core.verb:set package 'turtlebot3_simulations' build argument 'catkin_skip_building_tests' from command line to 'False'
[1.001s] DEBUG:colcon.colcon_core.verb:Building package 'turtlebot3_simulations' with the following arguments: {'ament_cmake_args': None, 'build_base': '/home/hassan/ros-tuts/partrolbot_ws/build/turtlebot3_simulations', 'catkin_cmake_args': None, 'catkin_skip_building_tests': False, 'cmake_args': None, 'cmake_clean_cache': False, 'cmake_clean_first': False, 'cmake_force_configure': False, 'cmake_target': None, 'cmake_target_skip_unavailable': False, 'install_base': '/home/hassan/ros-tuts/partrolbot_ws/install/turtlebot3_simulations', 'merge_install': False, 'path': '/home/hassan/ros-tuts/partrolbot_ws/src/turtlebot3/turtlebot3_simulations/turtlebot3_simulations', 'symlink_install': True, 'test_result_base': None}
[1.002s] Level 5:colcon.colcon_core.verb:set package 'turtlebot3' build argument 'cmake_args' from command line to 'None'
[1.002s] Level 5:colcon.colcon_core.verb:set package 'turtlebot3' build argument 'cmake_target' from command line to 'None'
[1.002s] Level 5:colcon.colcon_core.verb:set package 'turtlebot3' build argument 'cmake_target_skip_unavailable' from command line to 'False'
[1.002s] Level 5:colcon.colcon_core.verb:set package 'turtlebot3' build argument 'cmake_clean_cache' from command line to 'False'
[1.002s] Level 5:colcon.colcon_core.verb:set package 'turtlebot3' build argument 'cmake_clean_first' from command line to 'False'
[1.002s] Level 5:colcon.colcon_core.verb:set package 'turtlebot3' build argument 'cmake_force_configure' from command line to 'False'
[1.002s] Level 5:colcon.colcon_core.verb:set package 'turtlebot3' build argument 'ament_cmake_args' from command line to 'None'
[1.002s] Level 5:colcon.colcon_core.verb:set package 'turtlebot3' build argument 'catkin_cmake_args' from command line to 'None'
[1.002s] Level 5:colcon.colcon_core.verb:set package 'turtlebot3' build argument 'catkin_skip_building_tests' from command line to 'False'
[1.003s] DEBUG:colcon.colcon_core.verb:Building package 'turtlebot3' with the following arguments: {'ament_cmake_args': None, 'build_base': '/home/hassan/ros-tuts/partrolbot_ws/build/turtlebot3', 'catkin_cmake_args': None, 'catkin_skip_building_tests': False, 'cmake_args': None, 'cmake_clean_cache': False, 'cmake_clean_first': False, 'cmake_force_configure': False, 'cmake_target': None, 'cmake_target_skip_unavailable': False, 'install_base': '/home/hassan/ros-tuts/partrolbot_ws/install/turtlebot3', 'merge_install': False, 'path': '/home/hassan/ros-tuts/partrolbot_ws/src/turtlebot3/turtlebot3/turtlebot3', 'symlink_install': True, 'test_result_base': None}
[1.003s] INFO:colcon.colcon_core.executor:Executing jobs using 'parallel' executor
[1.005s] DEBUG:colcon.colcon_parallel_executor.executor.parallel:run_until_complete
[1.005s] INFO:colcon.colcon_ros.task.ament_cmake.build:Building ROS package in '/home/hassan/ros-tuts/partrolbot_ws/src/turtlebot3/turtlebot3_msgs' with build type 'ament_cmake'
[1.006s] INFO:colcon.colcon_cmake.task.cmake.build:Building CMake package in '/home/hassan/ros-tuts/partrolbot_ws/src/turtlebot3/turtlebot3_msgs'
[1.013s] INFO:colcon.colcon_core.plugin_system:Skipping extension 'colcon_core.shell.bat': Not used on non-Windows systems
[1.013s] INFO:colcon.colcon_core.shell:Skip shell extension 'powershell' for command environment: Not usable outside of PowerShell
[1.013s] DEBUG:colcon.colcon_core.shell:Skip shell extension 'dsv' for command environment
[1.021s] INFO:colcon.colcon_ros.task.ament_cmake.build:Building ROS package in '/home/hassan/ros-tuts/partrolbot_ws/src/utils/DynamixelSDK/dynamixel_sdk' with build type 'ament_cmake'
[1.022s] INFO:colcon.colcon_cmake.task.cmake.build:Building CMake package in '/home/hassan/ros-tuts/partrolbot_ws/src/utils/DynamixelSDK/dynamixel_sdk'
[1.023s] INFO:colcon.colcon_core.shell:Skip shell extension 'powershell' for command environment: Not usable outside of PowerShell
[1.023s] DEBUG:colcon.colcon_core.shell:Skip shell extension 'dsv' for command environment
[1.029s] INFO:colcon.colcon_ros.task.ament_cmake.build:Building ROS package in '/home/hassan/ros-tuts/partrolbot_ws/src/utils/hls_lfcd_lds_driver' with build type 'ament_cmake'
[1.029s] INFO:colcon.colcon_cmake.task.cmake.build:Building CMake package in '/home/hassan/ros-tuts/partrolbot_ws/src/utils/hls_lfcd_lds_driver'
[1.030s] INFO:colcon.colcon_core.shell:Skip shell extension 'powershell' for command environment: Not usable outside of PowerShell
[1.030s] DEBUG:colcon.colcon_core.shell:Skip shell extension 'dsv' for command environment
[1.038s] INFO:colcon.colcon_ros.task.ament_cmake.build:Building ROS package in '/home/hassan/ros-tuts/partrolbot_ws/src/turtlebot3/turtlebot3/turtlebot3_description' with build type 'ament_cmake'
[1.038s] INFO:colcon.colcon_cmake.task.cmake.build:Building CMake package in '/home/hassan/ros-tuts/partrolbot_ws/src/turtlebot3/turtlebot3/turtlebot3_description'
[1.039s] INFO:colcon.colcon_core.shell:Skip shell extension 'powershell' for command environment: Not usable outside of PowerShell
[1.039s] DEBUG:colcon.colcon_core.shell:Skip shell extension 'dsv' for command environment
[1.044s] INFO:colcon.colcon_ros.task.ament_cmake.build:Building ROS package in '/home/hassan/ros-tuts/partrolbot_ws/src/utils/DynamixelSDK/dynamixel_sdk_custom_interfaces' with build type 'ament_cmake'
[1.045s] INFO:colcon.colcon_cmake.task.cmake.build:Building CMake package in '/home/hassan/ros-tuts/partrolbot_ws/src/utils/DynamixelSDK/dynamixel_sdk_custom_interfaces'
[1.046s] INFO:colcon.colcon_core.shell:Skip shell extension 'powershell' for command environment: Not usable outside of PowerShell
[1.046s] DEBUG:colcon.colcon_core.shell:Skip shell extension 'dsv' for command environment
[1.052s] INFO:colcon.colcon_ros.task.ament_cmake.build:Building ROS package in '/home/hassan/ros-tuts/partrolbot_ws/src/turtlebot3/turtlebot3/turtlebot3_cartographer' with build type 'ament_cmake'
[1.053s] INFO:colcon.colcon_cmake.task.cmake.build:Building CMake package in '/home/hassan/ros-tuts/partrolbot_ws/src/turtlebot3/turtlebot3/turtlebot3_cartographer'
[1.053s] INFO:colcon.colcon_core.shell:Skip shell extension 'powershell' for command environment: Not usable outside of PowerShell
[1.053s] DEBUG:colcon.colcon_core.shell:Skip shell extension 'dsv' for command environment
[1.058s] INFO:colcon.colcon_ros.task.ament_cmake.build:Building ROS package in '/home/hassan/ros-tuts/partrolbot_ws/src/turtlebot3/turtlebot3_simulations/turtlebot3_gazebo' with build type 'ament_cmake'
[1.059s] INFO:colcon.colcon_cmake.task.cmake.build:Building CMake package in '/home/hassan/ros-tuts/partrolbot_ws/src/turtlebot3/turtlebot3_simulations/turtlebot3_gazebo'
[1.059s] INFO:colcon.colcon_core.shell:Skip shell extension 'powershell' for command environment: Not usable outside of PowerShell
[1.059s] DEBUG:colcon.colcon_core.shell:Skip shell extension 'dsv' for command environment
[1.065s] INFO:colcon.colcon_ros.task.ament_cmake.build:Building ROS package in '/home/hassan/ros-tuts/partrolbot_ws/src/turtlebot3/turtlebot3/turtlebot3_navigation2' with build type 'ament_cmake'
[1.065s] INFO:colcon.colcon_cmake.task.cmake.build:Building CMake package in '/home/hassan/ros-tuts/partrolbot_ws/src/turtlebot3/turtlebot3/turtlebot3_navigation2'
[1.066s] INFO:colcon.colcon_core.shell:Skip shell extension 'powershell' for command environment: Not usable outside of PowerShell
[1.067s] DEBUG:colcon.colcon_core.shell:Skip shell extension 'dsv' for command environment
[1.084s] DEBUG:colcon.colcon_core.event_handler.log_command:Invoking command in '/home/hassan/ros-tuts/partrolbot_ws/build/turtlebot3_msgs': CMAKE_PREFIX_PATH=${CMAKE_PREFIX_PATH}:/opt/ros/humble /usr/bin/cmake --build /home/hassan/ros-tuts/partrolbot_ws/build/turtlebot3_msgs -- -j8 -l8
[1.092s] DEBUG:colcon.colcon_core.event_handler.log_command:Invoking command in '/home/hassan/ros-tuts/partrolbot_ws/build/dynamixel_sdk': CMAKE_PREFIX_PATH=${CMAKE_PREFIX_PATH}:/opt/ros/humble /usr/bin/cmake --build /home/hassan/ros-tuts/partrolbot_ws/build/dynamixel_sdk -- -j8 -l8
[1.097s] DEBUG:colcon.colcon_core.event_handler.log_command:Invoking command in '/home/hassan/ros-tuts/partrolbot_ws/build/hls_lfcd_lds_driver': CMAKE_PREFIX_PATH=${CMAKE_PREFIX_PATH}:/opt/ros/humble /usr/bin/cmake --build /home/hassan/ros-tuts/partrolbot_ws/build/hls_lfcd_lds_driver -- -j8 -l8
[1.106s] DEBUG:colcon.colcon_core.event_handler.log_command:Invoking command in '/home/hassan/ros-tuts/partrolbot_ws/build/turtlebot3_description': CMAKE_PREFIX_PATH=${CMAKE_PREFIX_PATH}:/opt/ros/humble /usr/bin/cmake --build /home/hassan/ros-tuts/partrolbot_ws/build/turtlebot3_description -- -j8 -l8
[1.112s] DEBUG:colcon.colcon_core.event_handler.log_command:Invoking command in '/home/hassan/ros-tuts/partrolbot_ws/build/dynamixel_sdk_custom_interfaces': CMAKE_PREFIX_PATH=${CMAKE_PREFIX_PATH}:/opt/ros/humble /usr/bin/cmake --build /home/hassan/ros-tuts/partrolbot_ws/build/dynamixel_sdk_custom_interfaces -- -j8 -l8
[1.128s] DEBUG:colcon.colcon_core.event_handler.log_command:Invoking command in '/home/hassan/ros-tuts/partrolbot_ws/build/turtlebot3_cartographer': CMAKE_PREFIX_PATH=${CMAKE_PREFIX_PATH}:/opt/ros/humble /usr/bin/cmake --build /home/hassan/ros-tuts/partrolbot_ws/build/turtlebot3_cartographer -- -j8 -l8
[1.136s] DEBUG:colcon.colcon_core.event_handler.log_command:Invoking command in '/home/hassan/ros-tuts/partrolbot_ws/build/turtlebot3_gazebo': CMAKE_PREFIX_PATH=${CMAKE_PREFIX_PATH}:/opt/ros/humble /usr/bin/cmake --build /home/hassan/ros-tuts/partrolbot_ws/build/turtlebot3_gazebo -- -j8 -l8
[1.154s] DEBUG:colcon.colcon_core.event_handler.log_command:Invoking command in '/home/hassan/ros-tuts/partrolbot_ws/build/turtlebot3_navigation2': CMAKE_PREFIX_PATH=${CMAKE_PREFIX_PATH}:/opt/ros/humble /usr/bin/cmake --build /home/hassan/ros-tuts/partrolbot_ws/build/turtlebot3_navigation2 -- -j8 -l8
[1.212s] DEBUG:colcon.colcon_core.event_handler.log_command:Invoked command in '/home/hassan/ros-tuts/partrolbot_ws/build/turtlebot3_description' returned '0': CMAKE_PREFIX_PATH=${CMAKE_PREFIX_PATH}:/opt/ros/humble /usr/bin/cmake --build /home/hassan/ros-tuts/partrolbot_ws/build/turtlebot3_description -- -j8 -l8
[1.254s] DEBUG:colcon.colcon_core.event_handler.log_command:Invoked command in '/home/hassan/ros-tuts/partrolbot_ws/build/turtlebot3_cartographer' returned '0': CMAKE_PREFIX_PATH=${CMAKE_PREFIX_PATH}:/opt/ros/humble /usr/bin/cmake --build /home/hassan/ros-tuts/partrolbot_ws/build/turtlebot3_cartographer -- -j8 -l8
[1.305s] DEBUG:colcon.colcon_core.event_handler.log_command:Invoked command in '/home/hassan/ros-tuts/partrolbot_ws/build/dynamixel_sdk' returned '0': CMAKE_PREFIX_PATH=${CMAKE_PREFIX_PATH}:/opt/ros/humble /usr/bin/cmake --build /home/hassan/ros-tuts/partrolbot_ws/build/dynamixel_sdk -- -j8 -l8
[1.337s] DEBUG:colcon.colcon_core.event_handler.log_command:Invoked command in '/home/hassan/ros-tuts/partrolbot_ws/build/turtlebot3_navigation2' returned '0': CMAKE_PREFIX_PATH=${CMAKE_PREFIX_PATH}:/opt/ros/humble /usr/bin/cmake --build /home/hassan/ros-tuts/partrolbot_ws/build/turtlebot3_navigation2 -- -j8 -l8
[1.468s] DEBUG:colcon.colcon_core.event_handler.log_command:Invoking command in '/home/hassan/ros-tuts/partrolbot_ws/build/turtlebot3_description': CMAKE_PREFIX_PATH=${CMAKE_PREFIX_PATH}:/opt/ros/humble /usr/bin/cmake --install /home/hassan/ros-tuts/partrolbot_ws/build/turtlebot3_description
[1.475s] DEBUG:colcon.colcon_core.event_handler.log_command:Invoking command in '/home/hassan/ros-tuts/partrolbot_ws/build/turtlebot3_cartographer': CMAKE_PREFIX_PATH=${CMAKE_PREFIX_PATH}:/opt/ros/humble /usr/bin/cmake --install /home/hassan/ros-tuts/partrolbot_ws/build/turtlebot3_cartographer
[1.495s] DEBUG:colcon.colcon_core.event_handler.log_command:Invoking command in '/home/hassan/ros-tuts/partrolbot_ws/build/turtlebot3_navigation2': CMAKE_PREFIX_PATH=${CMAKE_PREFIX_PATH}:/opt/ros/humble /usr/bin/cmake --install /home/hassan/ros-tuts/partrolbot_ws/build/turtlebot3_navigation2
[1.509s] DEBUG:colcon.colcon_core.event_handler.log_command:Invoked command in '/home/hassan/ros-tuts/partrolbot_ws/build/hls_lfcd_lds_driver' returned '0': CMAKE_PREFIX_PATH=${CMAKE_PREFIX_PATH}:/opt/ros/humble /usr/bin/cmake --build /home/hassan/ros-tuts/partrolbot_ws/build/hls_lfcd_lds_driver -- -j8 -l8
[1.630s] DEBUG:colcon.colcon_core.event_handler.log_command:Invoking command in '/home/hassan/ros-tuts/partrolbot_ws/build/dynamixel_sdk': CMAKE_PREFIX_PATH=${CMAKE_PREFIX_PATH}:/opt/ros/humble /usr/bin/cmake --install /home/hassan/ros-tuts/partrolbot_ws/build/dynamixel_sdk
[1.636s] Level 1:colcon.colcon_core.environment:create_environment_scripts_only(turtlebot3_cartographer)
[1.637s] DEBUG:colcon.colcon_core.event_handler.log_command:Invoked command in '/home/hassan/ros-tuts/partrolbot_ws/build/turtlebot3_cartographer' returned '0': CMAKE_PREFIX_PATH=${CMAKE_PREFIX_PATH}:/opt/ros/humble /usr/bin/cmake --install /home/hassan/ros-tuts/partrolbot_ws/build/turtlebot3_cartographer
[1.653s] Level 1:colcon.colcon_core.environment:checking '/home/hassan/ros-tuts/partrolbot_ws/install/turtlebot3_cartographer' for CMake module files
[1.656s] Level 1:colcon.colcon_core.environment:checking '/home/hassan/ros-tuts/partrolbot_ws/install/turtlebot3_cartographer' for CMake config files
[1.660s] Level 1:colcon.colcon_core.shell:create_environment_hook('turtlebot3_cartographer', 'cmake_prefix_path')
[1.661s] INFO:colcon.colcon_core.shell:Creating environment hook '/home/hassan/ros-tuts/partrolbot_ws/install/turtlebot3_cartographer/share/turtlebot3_cartographer/hook/cmake_prefix_path.ps1'
[1.664s] INFO:colcon.colcon_core.shell:Creating environment descriptor '/home/hassan/ros-tuts/partrolbot_ws/install/turtlebot3_cartographer/share/turtlebot3_cartographer/hook/cmake_prefix_path.dsv'
[1.668s] INFO:colcon.colcon_core.shell:Creating environment hook '/home/hassan/ros-tuts/partrolbot_ws/install/turtlebot3_cartographer/share/turtlebot3_cartographer/hook/cmake_prefix_path.sh'
[1.670s] Level 1:colcon.colcon_core.environment:checking '/home/hassan/ros-tuts/partrolbot_ws/install/turtlebot3_cartographer/bin'
[1.671s] Level 1:colcon.colcon_core.environment:checking '/home/hassan/ros-tuts/partrolbot_ws/install/turtlebot3_cartographer/lib/pkgconfig/turtlebot3_cartographer.pc'
[1.671s] Level 1:colcon.colcon_core.environment:checking '/home/hassan/ros-tuts/partrolbot_ws/install/turtlebot3_cartographer/lib/python3.10/site-packages'
[1.672s] Level 1:colcon.colcon_core.environment:checking '/home/hassan/ros-tuts/partrolbot_ws/install/turtlebot3_cartographer/bin'
[1.673s] INFO:colcon.colcon_core.shell:Creating package script '/home/hassan/ros-tuts/partrolbot_ws/install/turtlebot3_cartographer/share/turtlebot3_cartographer/package.ps1'
[1.676s] INFO:colcon.colcon_core.shell:Creating package descriptor '/home/hassan/ros-tuts/partrolbot_ws/install/turtlebot3_cartographer/share/turtlebot3_cartographer/package.dsv'
[1.677s] INFO:colcon.colcon_core.shell:Creating package script '/home/hassan/ros-tuts/partrolbot_ws/install/turtlebot3_cartographer/share/turtlebot3_cartographer/package.sh'
[1.679s] INFO:colcon.colcon_core.shell:Creating package script '/home/hassan/ros-tuts/partrolbot_ws/install/turtlebot3_cartographer/share/turtlebot3_cartographer/package.bash'
[1.683s] INFO:colcon.colcon_core.shell:Creating package script '/home/hassan/ros-tuts/partrolbot_ws/install/turtlebot3_cartographer/share/turtlebot3_cartographer/package.zsh'
[1.685s] Level 1:colcon.colcon_core.environment:create_file_with_runtime_dependencies(/home/hassan/ros-tuts/partrolbot_ws/install/turtlebot3_cartographer/share/colcon-core/packages/turtlebot3_cartographer)
[1.716s] Level 1:colcon.colcon_core.environment:create_environment_scripts_only(turtlebot3_navigation2)
[1.717s] Level 1:colcon.colcon_core.environment:checking '/home/hassan/ros-tuts/partrolbot_ws/install/turtlebot3_navigation2' for CMake module files
[1.718s] Level 1:colcon.colcon_core.environment:checking '/home/hassan/ros-tuts/partrolbot_ws/install/turtlebot3_navigation2' for CMake config files
[1.719s] Level 1:colcon.colcon_core.shell:create_environment_hook('turtlebot3_navigation2', 'cmake_prefix_path')
[1.724s] INFO:colcon.colcon_core.shell:Creating environment hook '/home/hassan/ros-tuts/partrolbot_ws/install/turtlebot3_navigation2/share/turtlebot3_navigation2/hook/cmake_prefix_path.ps1'
[1.731s] INFO:colcon.colcon_core.shell:Creating environment descriptor '/home/hassan/ros-tuts/partrolbot_ws/install/turtlebot3_navigation2/share/turtlebot3_navigation2/hook/cmake_prefix_path.dsv'
[1.733s] INFO:colcon.colcon_core.shell:Creating environment hook '/home/hassan/ros-tuts/partrolbot_ws/install/turtlebot3_navigation2/share/turtlebot3_navigation2/hook/cmake_prefix_path.sh'
[1.741s] Level 1:colcon.colcon_core.environment:checking '/home/hassan/ros-tuts/partrolbot_ws/install/turtlebot3_navigation2/bin'
[1.741s] Level 1:colcon.colcon_core.environment:checking '/home/hassan/ros-tuts/partrolbot_ws/install/turtlebot3_navigation2/lib/pkgconfig/turtlebot3_navigation2.pc'
[1.736s] DEBUG:colcon.colcon_core.event_handler.log_command:Invoking command in '/home/hassan/ros-tuts/partrolbot_ws/build/hls_lfcd_lds_driver': CMAKE_PREFIX_PATH=${CMAKE_PREFIX_PATH}:/opt/ros/humble /usr/bin/cmake --install /home/hassan/ros-tuts/partrolbot_ws/build/hls_lfcd_lds_driver
[1.742s] Level 1:colcon.colcon_core.environment:checking '/home/hassan/ros-tuts/partrolbot_ws/install/turtlebot3_navigation2/lib/python3.10/site-packages'
[1.745s] Level 1:colcon.colcon_core.environment:checking '/home/hassan/ros-tuts/partrolbot_ws/install/turtlebot3_navigation2/bin'
[1.745s] INFO:colcon.colcon_core.shell:Creating package script '/home/hassan/ros-tuts/partrolbot_ws/install/turtlebot3_navigation2/share/turtlebot3_navigation2/package.ps1'
[1.747s] INFO:colcon.colcon_core.shell:Creating package descriptor '/home/hassan/ros-tuts/partrolbot_ws/install/turtlebot3_navigation2/share/turtlebot3_navigation2/package.dsv'
[1.744s] DEBUG:colcon.colcon_core.event_handler.log_command:Invoked command in '/home/hassan/ros-tuts/partrolbot_ws/build/turtlebot3_navigation2' returned '0': CMAKE_PREFIX_PATH=${CMAKE_PREFIX_PATH}:/opt/ros/humble /usr/bin/cmake --install /home/hassan/ros-tuts/partrolbot_ws/build/turtlebot3_navigation2
[1.748s] INFO:colcon.colcon_core.shell:Creating package script '/home/hassan/ros-tuts/partrolbot_ws/install/turtlebot3_navigation2/share/turtlebot3_navigation2/package.sh'
[1.749s] INFO:colcon.colcon_core.shell:Creating package script '/home/hassan/ros-tuts/partrolbot_ws/install/turtlebot3_navigation2/share/turtlebot3_navigation2/package.bash'
[1.750s] INFO:colcon.colcon_core.shell:Creating package script '/home/hassan/ros-tuts/partrolbot_ws/install/turtlebot3_navigation2/share/turtlebot3_navigation2/package.zsh'
[1.751s] Level 1:colcon.colcon_core.environment:create_file_with_runtime_dependencies(/home/hassan/ros-tuts/partrolbot_ws/install/turtlebot3_navigation2/share/colcon-core/packages/turtlebot3_navigation2)
[1.759s] Level 1:colcon.colcon_core.environment:create_environment_scripts_only(turtlebot3_description)
[1.761s] Level 1:colcon.colcon_core.environment:checking '/home/hassan/ros-tuts/partrolbot_ws/install/turtlebot3_description' for CMake module files
[1.766s] DEBUG:colcon.colcon_core.event_handler.log_command:Invoked command in '/home/hassan/ros-tuts/partrolbot_ws/build/turtlebot3_description' returned '0': CMAKE_PREFIX_PATH=${CMAKE_PREFIX_PATH}:/opt/ros/humble /usr/bin/cmake --install /home/hassan/ros-tuts/partrolbot_ws/build/turtlebot3_description
[1.772s] Level 1:colcon.colcon_core.environment:checking '/home/hassan/ros-tuts/partrolbot_ws/install/turtlebot3_description' for CMake config files
[1.773s] Level 1:colcon.colcon_core.shell:create_environment_hook('turtlebot3_description', 'cmake_prefix_path')
[1.774s] INFO:colcon.colcon_core.shell:Creating environment hook '/home/hassan/ros-tuts/partrolbot_ws/install/turtlebot3_description/share/turtlebot3_description/hook/cmake_prefix_path.ps1'
[1.775s] INFO:colcon.colcon_core.shell:Creating environment descriptor '/home/hassan/ros-tuts/partrolbot_ws/install/turtlebot3_description/share/turtlebot3_description/hook/cmake_prefix_path.dsv'
[1.780s] INFO:colcon.colcon_core.shell:Creating environment hook '/home/hassan/ros-tuts/partrolbot_ws/install/turtlebot3_description/share/turtlebot3_description/hook/cmake_prefix_path.sh'
[1.781s] Level 1:colcon.colcon_core.environment:checking '/home/hassan/ros-tuts/partrolbot_ws/install/turtlebot3_description/bin'
[1.782s] Level 1:colcon.colcon_core.environment:checking '/home/hassan/ros-tuts/partrolbot_ws/install/turtlebot3_description/lib/pkgconfig/turtlebot3_description.pc'
[1.782s] Level 1:colcon.colcon_core.environment:checking '/home/hassan/ros-tuts/partrolbot_ws/install/turtlebot3_description/lib/python3.10/site-packages'
[1.783s] Level 1:colcon.colcon_core.environment:checking '/home/hassan/ros-tuts/partrolbot_ws/install/turtlebot3_description/bin'
[1.788s] INFO:colcon.colcon_core.shell:Creating package script '/home/hassan/ros-tuts/partrolbot_ws/install/turtlebot3_description/share/turtlebot3_description/package.ps1'
[1.790s] INFO:colcon.colcon_core.shell:Creating package descriptor '/home/hassan/ros-tuts/partrolbot_ws/install/turtlebot3_description/share/turtlebot3_description/package.dsv'
[1.791s] INFO:colcon.colcon_core.shell:Creating package script '/home/hassan/ros-tuts/partrolbot_ws/install/turtlebot3_description/share/turtlebot3_description/package.sh'
[1.794s] INFO:colcon.colcon_core.shell:Creating package script '/home/hassan/ros-tuts/partrolbot_ws/install/turtlebot3_description/share/turtlebot3_description/package.bash'
[1.795s] INFO:colcon.colcon_core.shell:Creating package script '/home/hassan/ros-tuts/partrolbot_ws/install/turtlebot3_description/share/turtlebot3_description/package.zsh'
[1.796s] Level 1:colcon.colcon_core.environment:create_file_with_runtime_dependencies(/home/hassan/ros-tuts/partrolbot_ws/install/turtlebot3_description/share/colcon-core/packages/turtlebot3_description)
[1.808s] Level 1:colcon.colcon_core.environment:create_environment_scripts_only(turtlebot3_cartographer)
[1.808s] Level 1:colcon.colcon_core.environment:checking '/home/hassan/ros-tuts/partrolbot_ws/install/turtlebot3_cartographer' for CMake module files
[1.814s] Level 1:colcon.colcon_core.environment:checking '/home/hassan/ros-tuts/partrolbot_ws/install/turtlebot3_cartographer' for CMake config files
[1.815s] Level 1:colcon.colcon_core.shell:create_environment_hook('turtlebot3_cartographer', 'cmake_prefix_path')
[1.816s] INFO:colcon.colcon_core.shell:Creating environment hook '/home/hassan/ros-tuts/partrolbot_ws/install/turtlebot3_cartographer/share/turtlebot3_cartographer/hook/cmake_prefix_path.ps1'
[1.821s] INFO:colcon.colcon_core.shell:Creating environment descriptor '/home/hassan/ros-tuts/partrolbot_ws/install/turtlebot3_cartographer/share/turtlebot3_cartographer/hook/cmake_prefix_path.dsv'
[1.824s] INFO:colcon.colcon_core.shell:Creating environment hook '/home/hassan/ros-tuts/partrolbot_ws/install/turtlebot3_cartographer/share/turtlebot3_cartographer/hook/cmake_prefix_path.sh'
[1.829s] Level 1:colcon.colcon_core.environment:checking '/home/hassan/ros-tuts/partrolbot_ws/install/turtlebot3_cartographer/bin'
[1.831s] Level 1:colcon.colcon_core.environment:checking '/home/hassan/ros-tuts/partrolbot_ws/install/turtlebot3_cartographer/lib/pkgconfig/turtlebot3_cartographer.pc'
[1.833s] Level 1:colcon.colcon_core.environment:checking '/home/hassan/ros-tuts/partrolbot_ws/install/turtlebot3_cartographer/lib/python3.10/site-packages'
[1.834s] Level 1:colcon.colcon_core.environment:checking '/home/hassan/ros-tuts/partrolbot_ws/install/turtlebot3_cartographer/bin'
[1.834s] INFO:colcon.colcon_core.shell:Creating package script '/home/hassan/ros-tuts/partrolbot_ws/install/turtlebot3_cartographer/share/turtlebot3_cartographer/package.ps1'
[1.838s] INFO:colcon.colcon_core.shell:Creating package descriptor '/home/hassan/ros-tuts/partrolbot_ws/install/turtlebot3_cartographer/share/turtlebot3_cartographer/package.dsv'
[1.839s] INFO:colcon.colcon_core.shell:Creating package script '/home/hassan/ros-tuts/partrolbot_ws/install/turtlebot3_cartographer/share/turtlebot3_cartographer/package.sh'
[1.840s] INFO:colcon.colcon_core.shell:Creating package script '/home/hassan/ros-tuts/partrolbot_ws/install/turtlebot3_cartographer/share/turtlebot3_cartographer/package.bash'
[1.844s] INFO:colcon.colcon_core.shell:Creating package script '/home/hassan/ros-tuts/partrolbot_ws/install/turtlebot3_cartographer/share/turtlebot3_cartographer/package.zsh'
[1.845s] Level 1:colcon.colcon_core.environment:create_file_with_runtime_dependencies(/home/hassan/ros-tuts/partrolbot_ws/install/turtlebot3_cartographer/share/colcon-core/packages/turtlebot3_cartographer)
[1.847s] INFO:colcon.colcon_ros.task.ament_python.build:Building ROS package in '/home/hassan/ros-tuts/partrolbot_ws/src/turtlebot3/turtlebot3/turtlebot3_teleop' with build type 'ament_python'
[1.848s] Level 1:colcon.colcon_core.shell:create_environment_hook('turtlebot3_teleop', 'ament_prefix_path')
[1.852s] INFO:colcon.colcon_core.shell:Creating environment hook '/home/hassan/ros-tuts/partrolbot_ws/install/turtlebot3_teleop/share/turtlebot3_teleop/hook/ament_prefix_path.ps1'
[1.853s] INFO:colcon.colcon_core.shell:Creating environment descriptor '/home/hassan/ros-tuts/partrolbot_ws/install/turtlebot3_teleop/share/turtlebot3_teleop/hook/ament_prefix_path.dsv'
[1.862s] INFO:colcon.colcon_core.shell:Creating environment hook '/home/hassan/ros-tuts/partrolbot_ws/install/turtlebot3_teleop/share/turtlebot3_teleop/hook/ament_prefix_path.sh'
[1.864s] INFO:colcon.colcon_core.shell:Skip shell extension 'powershell' for command environment: Not usable outside of PowerShell
[1.865s] DEBUG:colcon.colcon_core.shell:Skip shell extension 'dsv' for command environment
[1.890s] Level 1:colcon.colcon_core.environment:create_environment_scripts_only(dynamixel_sdk)
[1.891s] Level 1:colcon.colcon_core.environment:checking '/home/hassan/ros-tuts/partrolbot_ws/install/dynamixel_sdk' for CMake module files
[1.897s] Level 1:colcon.colcon_core.environment:checking '/home/hassan/ros-tuts/partrolbot_ws/install/dynamixel_sdk' for CMake config files
[1.898s] DEBUG:colcon.colcon_core.event_handler.log_command:Invoked command in '/home/hassan/ros-tuts/partrolbot_ws/build/dynamixel_sdk' returned '0': CMAKE_PREFIX_PATH=${CMAKE_PREFIX_PATH}:/opt/ros/humble /usr/bin/cmake --install /home/hassan/ros-tuts/partrolbot_ws/build/dynamixel_sdk
[1.899s] Level 1:colcon.colcon_core.shell:create_environment_hook('dynamixel_sdk', 'cmake_prefix_path')
[1.900s] INFO:colcon.colcon_core.shell:Creating environment hook '/home/hassan/ros-tuts/partrolbot_ws/install/dynamixel_sdk/share/dynamixel_sdk/hook/cmake_prefix_path.ps1'
[1.901s] INFO:colcon.colcon_core.shell:Creating environment descriptor '/home/hassan/ros-tuts/partrolbot_ws/install/dynamixel_sdk/share/dynamixel_sdk/hook/cmake_prefix_path.dsv'
[1.905s] INFO:colcon.colcon_core.shell:Creating environment hook '/home/hassan/ros-tuts/partrolbot_ws/install/dynamixel_sdk/share/dynamixel_sdk/hook/cmake_prefix_path.sh'
[1.906s] Level 1:colcon.colcon_core.environment:checking '/home/hassan/ros-tuts/partrolbot_ws/install/dynamixel_sdk/lib'
[1.907s] Level 1:colcon.colcon_core.shell:create_environment_hook('dynamixel_sdk', 'ld_library_path_lib')
[1.908s] INFO:colcon.colcon_core.shell:Creating environment hook '/home/hassan/ros-tuts/partrolbot_ws/install/dynamixel_sdk/share/dynamixel_sdk/hook/ld_library_path_lib.ps1'
[1.908s] INFO:colcon.colcon_core.shell:Creating environment descriptor '/home/hassan/ros-tuts/partrolbot_ws/install/dynamixel_sdk/share/dynamixel_sdk/hook/ld_library_path_lib.dsv'
[1.909s] INFO:colcon.colcon_core.shell:Creating environment hook '/home/hassan/ros-tuts/partrolbot_ws/install/dynamixel_sdk/share/dynamixel_sdk/hook/ld_library_path_lib.sh'
[1.910s] Level 1:colcon.colcon_core.environment:checking '/home/hassan/ros-tuts/partrolbot_ws/install/dynamixel_sdk/bin'
[1.910s] Level 1:colcon.colcon_core.environment:checking '/home/hassan/ros-tuts/partrolbot_ws/install/dynamixel_sdk/lib/pkgconfig/dynamixel_sdk.pc'
[1.911s] Level 1:colcon.colcon_core.environment:checking '/home/hassan/ros-tuts/partrolbot_ws/install/dynamixel_sdk/lib/python3.10/site-packages'
[1.911s] Level 1:colcon.colcon_core.environment:checking '/home/hassan/ros-tuts/partrolbot_ws/install/dynamixel_sdk/bin'
[1.912s] INFO:colcon.colcon_core.shell:Creating package script '/home/hassan/ros-tuts/partrolbot_ws/install/dynamixel_sdk/share/dynamixel_sdk/package.ps1'
[1.914s] INFO:colcon.colcon_core.shell:Creating package descriptor '/home/hassan/ros-tuts/partrolbot_ws/install/dynamixel_sdk/share/dynamixel_sdk/package.dsv'
[1.915s] INFO:colcon.colcon_core.shell:Creating package script '/home/hassan/ros-tuts/partrolbot_ws/install/dynamixel_sdk/share/dynamixel_sdk/package.sh'
[1.916s] INFO:colcon.colcon_core.shell:Creating package script '/home/hassan/ros-tuts/partrolbot_ws/install/dynamixel_sdk/share/dynamixel_sdk/package.bash'
[1.917s] INFO:colcon.colcon_core.shell:Creating package script '/home/hassan/ros-tuts/partrolbot_ws/install/dynamixel_sdk/share/dynamixel_sdk/package.zsh'
[1.918s] Level 1:colcon.colcon_core.environment:create_file_with_runtime_dependencies(/home/hassan/ros-tuts/partrolbot_ws/install/dynamixel_sdk/share/colcon-core/packages/dynamixel_sdk)
[1.924s] Level 1:colcon.colcon_core.environment:create_environment_scripts_only(hls_lfcd_lds_driver)
[1.925s] Level 1:colcon.colcon_core.environment:checking '/home/hassan/ros-tuts/partrolbot_ws/install/hls_lfcd_lds_driver' for CMake module files
[1.926s] DEBUG:colcon.colcon_core.event_handler.log_command:Invoked command in '/home/hassan/ros-tuts/partrolbot_ws/build/hls_lfcd_lds_driver' returned '0': CMAKE_PREFIX_PATH=${CMAKE_PREFIX_PATH}:/opt/ros/humble /usr/bin/cmake --install /home/hassan/ros-tuts/partrolbot_ws/build/hls_lfcd_lds_driver
[1.927s] Level 1:colcon.colcon_core.environment:checking '/home/hassan/ros-tuts/partrolbot_ws/install/hls_lfcd_lds_driver' for CMake config files
[1.928s] Level 1:colcon.colcon_core.shell:create_environment_hook('hls_lfcd_lds_driver', 'cmake_prefix_path')
[1.928s] INFO:colcon.colcon_core.shell:Creating environment hook '/home/hassan/ros-tuts/partrolbot_ws/install/hls_lfcd_lds_driver/share/hls_lfcd_lds_driver/hook/cmake_prefix_path.ps1'
[1.931s] INFO:colcon.colcon_core.shell:Creating environment descriptor '/home/hassan/ros-tuts/partrolbot_ws/install/hls_lfcd_lds_driver/share/hls_lfcd_lds_driver/hook/cmake_prefix_path.dsv'
[1.933s] INFO:colcon.colcon_core.shell:Creating environment hook '/home/hassan/ros-tuts/partrolbot_ws/install/hls_lfcd_lds_driver/share/hls_lfcd_lds_driver/hook/cmake_prefix_path.sh'
[1.936s] Level 1:colcon.colcon_core.environment:checking '/home/hassan/ros-tuts/partrolbot_ws/install/hls_lfcd_lds_driver/lib'
[1.936s] Level 1:colcon.colcon_core.environment:checking '/home/hassan/ros-tuts/partrolbot_ws/install/hls_lfcd_lds_driver/bin'
[1.936s] Level 1:colcon.colcon_core.environment:checking '/home/hassan/ros-tuts/partrolbot_ws/install/hls_lfcd_lds_driver/lib/pkgconfig/hls_lfcd_lds_driver.pc'
[1.937s] Level 1:colcon.colcon_core.environment:checking '/home/hassan/ros-tuts/partrolbot_ws/install/hls_lfcd_lds_driver/lib/python3.10/site-packages'
[1.937s] Level 1:colcon.colcon_core.environment:checking '/home/hassan/ros-tuts/partrolbot_ws/install/hls_lfcd_lds_driver/bin'
[1.938s] INFO:colcon.colcon_core.shell:Creating package script '/home/hassan/ros-tuts/partrolbot_ws/install/hls_lfcd_lds_driver/share/hls_lfcd_lds_driver/package.ps1'
[1.939s] INFO:colcon.colcon_core.shell:Creating package descriptor '/home/hassan/ros-tuts/partrolbot_ws/install/hls_lfcd_lds_driver/share/hls_lfcd_lds_driver/package.dsv'
[1.941s] INFO:colcon.colcon_core.shell:Creating package script '/home/hassan/ros-tuts/partrolbot_ws/install/hls_lfcd_lds_driver/share/hls_lfcd_lds_driver/package.sh'
[1.942s] INFO:colcon.colcon_core.shell:Creating package script '/home/hassan/ros-tuts/partrolbot_ws/install/hls_lfcd_lds_driver/share/hls_lfcd_lds_driver/package.bash'
[1.942s] INFO:colcon.colcon_core.shell:Creating package script '/home/hassan/ros-tuts/partrolbot_ws/install/hls_lfcd_lds_driver/share/hls_lfcd_lds_driver/package.zsh'
[1.943s] Level 1:colcon.colcon_core.environment:create_file_with_runtime_dependencies(/home/hassan/ros-tuts/partrolbot_ws/install/hls_lfcd_lds_driver/share/colcon-core/packages/hls_lfcd_lds_driver)
[1.948s] Level 1:colcon.colcon_core.environment:create_environment_scripts_only(turtlebot3_description)
[1.949s] Level 1:colcon.colcon_core.environment:checking '/home/hassan/ros-tuts/partrolbot_ws/install/turtlebot3_description' for CMake module files
[1.950s] Level 1:colcon.colcon_core.environment:checking '/home/hassan/ros-tuts/partrolbot_ws/install/turtlebot3_description' for CMake config files
[1.951s] Level 1:colcon.colcon_core.shell:create_environment_hook('turtlebot3_description', 'cmake_prefix_path')
[1.951s] INFO:colcon.colcon_core.shell:Creating environment hook '/home/hassan/ros-tuts/partrolbot_ws/install/turtlebot3_description/share/turtlebot3_description/hook/cmake_prefix_path.ps1'
[1.952s] INFO:colcon.colcon_core.shell:Creating environment descriptor '/home/hassan/ros-tuts/partrolbot_ws/install/turtlebot3_description/share/turtlebot3_description/hook/cmake_prefix_path.dsv'
[1.953s] INFO:colcon.colcon_core.shell:Creating environment hook '/home/hassan/ros-tuts/partrolbot_ws/install/turtlebot3_description/share/turtlebot3_description/hook/cmake_prefix_path.sh'
[1.955s] Level 1:colcon.colcon_core.environment:checking '/home/hassan/ros-tuts/partrolbot_ws/install/turtlebot3_description/bin'
[1.955s] Level 1:colcon.colcon_core.environment:checking '/home/hassan/ros-tuts/partrolbot_ws/install/turtlebot3_description/lib/pkgconfig/turtlebot3_description.pc'
[1.955s] Level 1:colcon.colcon_core.environment:checking '/home/hassan/ros-tuts/partrolbot_ws/install/turtlebot3_description/lib/python3.10/site-packages'
[1.956s] Level 1:colcon.colcon_core.environment:checking '/home/hassan/ros-tuts/partrolbot_ws/install/turtlebot3_description/bin'
[1.957s] INFO:colcon.colcon_core.shell:Creating package script '/home/hassan/ros-tuts/partrolbot_ws/install/turtlebot3_description/share/turtlebot3_description/package.ps1'
[1.958s] INFO:colcon.colcon_core.shell:Creating package descriptor '/home/hassan/ros-tuts/partrolbot_ws/install/turtlebot3_description/share/turtlebot3_description/package.dsv'
[1.960s] INFO:colcon.colcon_core.shell:Creating package script '/home/hassan/ros-tuts/partrolbot_ws/install/turtlebot3_description/share/turtlebot3_description/package.sh'
[1.961s] INFO:colcon.colcon_core.shell:Creating package script '/home/hassan/ros-tuts/partrolbot_ws/install/turtlebot3_description/share/turtlebot3_description/package.bash'
[1.962s] INFO:colcon.colcon_core.shell:Creating package script '/home/hassan/ros-tuts/partrolbot_ws/install/turtlebot3_description/share/turtlebot3_description/package.zsh'
[1.963s] Level 1:colcon.colcon_core.environment:create_file_with_runtime_dependencies(/home/hassan/ros-tuts/partrolbot_ws/install/turtlebot3_description/share/colcon-core/packages/turtlebot3_description)
[1.964s] Level 1:colcon.colcon_core.environment:create_environment_scripts_only(turtlebot3_navigation2)
[1.966s] Level 1:colcon.colcon_core.environment:checking '/home/hassan/ros-tuts/partrolbot_ws/install/turtlebot3_navigation2' for CMake module files
[1.967s] Level 1:colcon.colcon_core.environment:checking '/home/hassan/ros-tuts/partrolbot_ws/install/turtlebot3_navigation2' for CMake config files
[1.968s] Level 1:colcon.colcon_core.shell:create_environment_hook('turtlebot3_navigation2', 'cmake_prefix_path')
[1.969s] INFO:colcon.colcon_core.shell:Creating environment hook '/home/hassan/ros-tuts/partrolbot_ws/install/turtlebot3_navigation2/share/turtlebot3_navigation2/hook/cmake_prefix_path.ps1'
[1.970s] INFO:colcon.colcon_core.shell:Creating environment descriptor '/home/hassan/ros-tuts/partrolbot_ws/install/turtlebot3_navigation2/share/turtlebot3_navigation2/hook/cmake_prefix_path.dsv'
[1.971s] INFO:colcon.colcon_core.shell:Creating environment hook '/home/hassan/ros-tuts/partrolbot_ws/install/turtlebot3_navigation2/share/turtlebot3_navigation2/hook/cmake_prefix_path.sh'
[1.972s] Level 1:colcon.colcon_core.environment:checking '/home/hassan/ros-tuts/partrolbot_ws/install/turtlebot3_navigation2/bin'
[1.972s] Level 1:colcon.colcon_core.environment:checking '/home/hassan/ros-tuts/partrolbot_ws/install/turtlebot3_navigation2/lib/pkgconfig/turtlebot3_navigation2.pc'
[1.973s] Level 1:colcon.colcon_core.environment:checking '/home/hassan/ros-tuts/partrolbot_ws/install/turtlebot3_navigation2/lib/python3.10/site-packages'
[1.974s] Level 1:colcon.colcon_core.environment:checking '/home/hassan/ros-tuts/partrolbot_ws/install/turtlebot3_navigation2/bin'
[1.974s] INFO:colcon.colcon_core.shell:Creating package script '/home/hassan/ros-tuts/partrolbot_ws/install/turtlebot3_navigation2/share/turtlebot3_navigation2/package.ps1'
[1.976s] INFO:colcon.colcon_core.shell:Creating package descriptor '/home/hassan/ros-tuts/partrolbot_ws/install/turtlebot3_navigation2/share/turtlebot3_navigation2/package.dsv'
[1.977s] INFO:colcon.colcon_core.shell:Creating package script '/home/hassan/ros-tuts/partrolbot_ws/install/turtlebot3_navigation2/share/turtlebot3_navigation2/package.sh'
[1.978s] INFO:colcon.colcon_core.shell:Creating package script '/home/hassan/ros-tuts/partrolbot_ws/install/turtlebot3_navigation2/share/turtlebot3_navigation2/package.bash'
[1.979s] INFO:colcon.colcon_core.shell:Creating package script '/home/hassan/ros-tuts/partrolbot_ws/install/turtlebot3_navigation2/share/turtlebot3_navigation2/package.zsh'
[1.980s] Level 1:colcon.colcon_core.environment:create_file_with_runtime_dependencies(/home/hassan/ros-tuts/partrolbot_ws/install/turtlebot3_navigation2/share/colcon-core/packages/turtlebot3_navigation2)
[2.578s] INFO:colcon.colcon_core.task.python.build:Building Python package in '/home/hassan/ros-tuts/partrolbot_ws/src/turtlebot3/turtlebot3/turtlebot3_teleop'
[2.579s] INFO:colcon.colcon_core.shell:Skip shell extension 'powershell' for command environment: Not usable outside of PowerShell
[2.579s] DEBUG:colcon.colcon_core.shell:Skip shell extension 'dsv' for command environment
[2.588s] INFO:colcon.colcon_ros.task.ament_python.build:Building ROS package in '/home/hassan/ros-tuts/partrolbot_ws/src/tb3_sim' with build type 'ament_python'
[2.589s] Level 1:colcon.colcon_core.shell:create_environment_hook('tb3_sim', 'ament_prefix_path')
[2.589s] INFO:colcon.colcon_core.shell:Creating environment hook '/home/hassan/ros-tuts/partrolbot_ws/install/tb3_sim/share/tb3_sim/hook/ament_prefix_path.ps1'
[2.591s] INFO:colcon.colcon_core.shell:Creating environment descriptor '/home/hassan/ros-tuts/partrolbot_ws/install/tb3_sim/share/tb3_sim/hook/ament_prefix_path.dsv'
[2.592s] INFO:colcon.colcon_core.shell:Creating environment hook '/home/hassan/ros-tuts/partrolbot_ws/install/tb3_sim/share/tb3_sim/hook/ament_prefix_path.sh'
[2.593s] INFO:colcon.colcon_core.shell:Skip shell extension 'powershell' for command environment: Not usable outside of PowerShell
[2.593s] DEBUG:colcon.colcon_core.shell:Skip shell extension 'dsv' for command environment
[2.606s] Level 1:colcon.colcon_core.environment:create_environment_scripts_only(dynamixel_sdk)
[2.607s] Level 1:colcon.colcon_core.environment:checking '/home/hassan/ros-tuts/partrolbot_ws/install/dynamixel_sdk' for CMake module files
[2.608s] Level 1:colcon.colcon_core.environment:checking '/home/hassan/ros-tuts/partrolbot_ws/install/dynamixel_sdk' for CMake config files
[2.609s] Level 1:colcon.colcon_core.shell:create_environment_hook('dynamixel_sdk', 'cmake_prefix_path')
[2.610s] INFO:colcon.colcon_core.shell:Creating environment hook '/home/hassan/ros-tuts/partrolbot_ws/install/dynamixel_sdk/share/dynamixel_sdk/hook/cmake_prefix_path.ps1'
[2.611s] INFO:colcon.colcon_core.shell:Creating environment descriptor '/home/hassan/ros-tuts/partrolbot_ws/install/dynamixel_sdk/share/dynamixel_sdk/hook/cmake_prefix_path.dsv'
[2.612s] INFO:colcon.colcon_core.shell:Creating environment hook '/home/hassan/ros-tuts/partrolbot_ws/install/dynamixel_sdk/share/dynamixel_sdk/hook/cmake_prefix_path.sh'
[2.613s] Level 1:colcon.colcon_core.environment:checking '/home/hassan/ros-tuts/partrolbot_ws/install/dynamixel_sdk/lib'
[2.613s] Level 1:colcon.colcon_core.shell:create_environment_hook('dynamixel_sdk', 'ld_library_path_lib')
[2.614s] INFO:colcon.colcon_core.shell:Creating environment hook '/home/hassan/ros-tuts/partrolbot_ws/install/dynamixel_sdk/share/dynamixel_sdk/hook/ld_library_path_lib.ps1'
[2.615s] INFO:colcon.colcon_core.shell:Creating environment descriptor '/home/hassan/ros-tuts/partrolbot_ws/install/dynamixel_sdk/share/dynamixel_sdk/hook/ld_library_path_lib.dsv'
[2.616s] INFO:colcon.colcon_core.shell:Creating environment hook '/home/hassan/ros-tuts/partrolbot_ws/install/dynamixel_sdk/share/dynamixel_sdk/hook/ld_library_path_lib.sh'
[2.617s] Level 1:colcon.colcon_core.environment:checking '/home/hassan/ros-tuts/partrolbot_ws/install/dynamixel_sdk/bin'
[2.617s] Level 1:colcon.colcon_core.environment:checking '/home/hassan/ros-tuts/partrolbot_ws/install/dynamixel_sdk/lib/pkgconfig/dynamixel_sdk.pc'
[2.617s] Level 1:colcon.colcon_core.environment:checking '/home/hassan/ros-tuts/partrolbot_ws/install/dynamixel_sdk/lib/python3.10/site-packages'
[2.618s] Level 1:colcon.colcon_core.environment:checking '/home/hassan/ros-tuts/partrolbot_ws/install/dynamixel_sdk/bin'
[2.619s] INFO:colcon.colcon_core.shell:Creating package script '/home/hassan/ros-tuts/partrolbot_ws/install/dynamixel_sdk/share/dynamixel_sdk/package.ps1'
[2.620s] INFO:colcon.colcon_core.shell:Creating package descriptor '/home/hassan/ros-tuts/partrolbot_ws/install/dynamixel_sdk/share/dynamixel_sdk/package.dsv'
[2.622s] INFO:colcon.colcon_core.shell:Creating package script '/home/hassan/ros-tuts/partrolbot_ws/install/dynamixel_sdk/share/dynamixel_sdk/package.sh'
[2.623s] INFO:colcon.colcon_core.shell:Creating package script '/home/hassan/ros-tuts/partrolbot_ws/install/dynamixel_sdk/share/dynamixel_sdk/package.bash'
[2.624s] INFO:colcon.colcon_core.shell:Creating package script '/home/hassan/ros-tuts/partrolbot_ws/install/dynamixel_sdk/share/dynamixel_sdk/package.zsh'
[2.625s] Level 1:colcon.colcon_core.environment:create_file_with_runtime_dependencies(/home/hassan/ros-tuts/partrolbot_ws/install/dynamixel_sdk/share/colcon-core/packages/dynamixel_sdk)
[2.626s] Level 1:colcon.colcon_core.environment:create_environment_scripts_only(hls_lfcd_lds_driver)
[2.627s] Level 1:colcon.colcon_core.environment:checking '/home/hassan/ros-tuts/partrolbot_ws/install/hls_lfcd_lds_driver' for CMake module files
[2.629s] Level 1:colcon.colcon_core.environment:checking '/home/hassan/ros-tuts/partrolbot_ws/install/hls_lfcd_lds_driver' for CMake config files
[2.629s] Level 1:colcon.colcon_core.shell:create_environment_hook('hls_lfcd_lds_driver', 'cmake_prefix_path')
[2.630s] INFO:colcon.colcon_core.shell:Creating environment hook '/home/hassan/ros-tuts/partrolbot_ws/install/hls_lfcd_lds_driver/share/hls_lfcd_lds_driver/hook/cmake_prefix_path.ps1'
[2.631s] INFO:colcon.colcon_core.shell:Creating environment descriptor '/home/hassan/ros-tuts/partrolbot_ws/install/hls_lfcd_lds_driver/share/hls_lfcd_lds_driver/hook/cmake_prefix_path.dsv'
[2.632s] INFO:colcon.colcon_core.shell:Creating environment hook '/home/hassan/ros-tuts/partrolbot_ws/install/hls_lfcd_lds_driver/share/hls_lfcd_lds_driver/hook/cmake_prefix_path.sh'
[2.633s] Level 1:colcon.colcon_core.environment:checking '/home/hassan/ros-tuts/partrolbot_ws/install/hls_lfcd_lds_driver/lib'
[2.634s] Level 1:colcon.colcon_core.environment:checking '/home/hassan/ros-tuts/partrolbot_ws/install/hls_lfcd_lds_driver/bin'
[2.634s] Level 1:colcon.colcon_core.environment:checking '/home/hassan/ros-tuts/partrolbot_ws/install/hls_lfcd_lds_driver/lib/pkgconfig/hls_lfcd_lds_driver.pc'
[2.634s] Level 1:colcon.colcon_core.environment:checking '/home/hassan/ros-tuts/partrolbot_ws/install/hls_lfcd_lds_driver/lib/python3.10/site-packages'
[2.635s] Level 1:colcon.colcon_core.environment:checking '/home/hassan/ros-tuts/partrolbot_ws/install/hls_lfcd_lds_driver/bin'
[2.636s] INFO:colcon.colcon_core.shell:Creating package script '/home/hassan/ros-tuts/partrolbot_ws/install/hls_lfcd_lds_driver/share/hls_lfcd_lds_driver/package.ps1'
[2.637s] INFO:colcon.colcon_core.shell:Creating package descriptor '/home/hassan/ros-tuts/partrolbot_ws/install/hls_lfcd_lds_driver/share/hls_lfcd_lds_driver/package.dsv'
[2.638s] INFO:colcon.colcon_core.shell:Creating package script '/home/hassan/ros-tuts/partrolbot_ws/install/hls_lfcd_lds_driver/share/hls_lfcd_lds_driver/package.sh'
[2.639s] INFO:colcon.colcon_core.shell:Creating package script '/home/hassan/ros-tuts/partrolbot_ws/install/hls_lfcd_lds_driver/share/hls_lfcd_lds_driver/package.bash'
[2.640s] INFO:colcon.colcon_core.shell:Creating package script '/home/hassan/ros-tuts/partrolbot_ws/install/hls_lfcd_lds_driver/share/hls_lfcd_lds_driver/package.zsh'
[2.641s] Level 1:colcon.colcon_core.environment:create_file_with_runtime_dependencies(/home/hassan/ros-tuts/partrolbot_ws/install/hls_lfcd_lds_driver/share/colcon-core/packages/hls_lfcd_lds_driver)
[2.645s] DEBUG:colcon.colcon_core.event_handler.log_command:Invoked command in '/home/hassan/ros-tuts/partrolbot_ws/build/turtlebot3_msgs' returned '0': CMAKE_PREFIX_PATH=${CMAKE_PREFIX_PATH}:/opt/ros/humble /usr/bin/cmake --build /home/hassan/ros-tuts/partrolbot_ws/build/turtlebot3_msgs -- -j8 -l8
[2.646s] DEBUG:colcon.colcon_core.event_handler.log_command:Invoked command in '/home/hassan/ros-tuts/partrolbot_ws/build/dynamixel_sdk_custom_interfaces' returned '0': CMAKE_PREFIX_PATH=${CMAKE_PREFIX_PATH}:/opt/ros/humble /usr/bin/cmake --build /home/hassan/ros-tuts/partrolbot_ws/build/dynamixel_sdk_custom_interfaces -- -j8 -l8
[3.389s] INFO:colcon.colcon_core.task.python.build:Building Python package in '/home/hassan/ros-tuts/partrolbot_ws/src/tb3_sim'
[3.390s] INFO:colcon.colcon_core.shell:Skip shell extension 'powershell' for command environment: Not usable outside of PowerShell
[3.390s] DEBUG:colcon.colcon_core.shell:Skip shell extension 'dsv' for command environment
[3.404s] DEBUG:colcon.colcon_core.event_handler.log_command:Invoking command in '/home/hassan/ros-tuts/partrolbot_ws/build/turtlebot3_msgs': CMAKE_PREFIX_PATH=${CMAKE_PREFIX_PATH}:/opt/ros/humble /usr/bin/cmake --install /home/hassan/ros-tuts/partrolbot_ws/build/turtlebot3_msgs
[3.409s] DEBUG:colcon.colcon_core.event_handler.log_command:Invoking command in '/home/hassan/ros-tuts/partrolbot_ws/build/dynamixel_sdk_custom_interfaces': CMAKE_PREFIX_PATH=${CMAKE_PREFIX_PATH}:/opt/ros/humble /usr/bin/cmake --install /home/hassan/ros-tuts/partrolbot_ws/build/dynamixel_sdk_custom_interfaces
[3.633s] Level 1:colcon.colcon_core.environment:create_environment_scripts_only(dynamixel_sdk_custom_interfaces)
[3.634s] Level 1:colcon.colcon_core.environment:checking '/home/hassan/ros-tuts/partrolbot_ws/install/dynamixel_sdk_custom_interfaces' for CMake module files
[3.636s] Level 1:colcon.colcon_core.environment:checking '/home/hassan/ros-tuts/partrolbot_ws/install/dynamixel_sdk_custom_interfaces' for CMake config files
[3.637s] DEBUG:colcon.colcon_core.event_handler.log_command:Invoked command in '/home/hassan/ros-tuts/partrolbot_ws/build/dynamixel_sdk_custom_interfaces' returned '0': CMAKE_PREFIX_PATH=${CMAKE_PREFIX_PATH}:/opt/ros/humble /usr/bin/cmake --install /home/hassan/ros-tuts/partrolbot_ws/build/dynamixel_sdk_custom_interfaces
[3.640s] Level 1:colcon.colcon_core.shell:create_environment_hook('dynamixel_sdk_custom_interfaces', 'cmake_prefix_path')
[3.640s] INFO:colcon.colcon_core.shell:Creating environment hook '/home/hassan/ros-tuts/partrolbot_ws/install/dynamixel_sdk_custom_interfaces/share/dynamixel_sdk_custom_interfaces/hook/cmake_prefix_path.ps1'
[3.641s] INFO:colcon.colcon_core.shell:Creating environment descriptor '/home/hassan/ros-tuts/partrolbot_ws/install/dynamixel_sdk_custom_interfaces/share/dynamixel_sdk_custom_interfaces/hook/cmake_prefix_path.dsv'
[3.642s] INFO:colcon.colcon_core.shell:Creating environment hook '/home/hassan/ros-tuts/partrolbot_ws/install/dynamixel_sdk_custom_interfaces/share/dynamixel_sdk_custom_interfaces/hook/cmake_prefix_path.sh'
[3.644s] Level 1:colcon.colcon_core.environment:checking '/home/hassan/ros-tuts/partrolbot_ws/install/dynamixel_sdk_custom_interfaces/lib'
[3.644s] Level 1:colcon.colcon_core.shell:create_environment_hook('dynamixel_sdk_custom_interfaces', 'ld_library_path_lib')
[3.645s] INFO:colcon.colcon_core.shell:Creating environment hook '/home/hassan/ros-tuts/partrolbot_ws/install/dynamixel_sdk_custom_interfaces/share/dynamixel_sdk_custom_interfaces/hook/ld_library_path_lib.ps1'
[3.646s] INFO:colcon.colcon_core.shell:Creating environment descriptor '/home/hassan/ros-tuts/partrolbot_ws/install/dynamixel_sdk_custom_interfaces/share/dynamixel_sdk_custom_interfaces/hook/ld_library_path_lib.dsv'
[3.646s] INFO:colcon.colcon_core.shell:Creating environment hook '/home/hassan/ros-tuts/partrolbot_ws/install/dynamixel_sdk_custom_interfaces/share/dynamixel_sdk_custom_interfaces/hook/ld_library_path_lib.sh'
[3.647s] Level 1:colcon.colcon_core.environment:checking '/home/hassan/ros-tuts/partrolbot_ws/install/dynamixel_sdk_custom_interfaces/bin'
[3.648s] Level 1:colcon.colcon_core.environment:checking '/home/hassan/ros-tuts/partrolbot_ws/install/dynamixel_sdk_custom_interfaces/lib/pkgconfig/dynamixel_sdk_custom_interfaces.pc'
[3.648s] Level 1:colcon.colcon_core.environment:checking '/home/hassan/ros-tuts/partrolbot_ws/install/dynamixel_sdk_custom_interfaces/lib/python3.10/site-packages'
[3.649s] Level 1:colcon.colcon_core.environment:checking '/home/hassan/ros-tuts/partrolbot_ws/install/dynamixel_sdk_custom_interfaces/bin'
[3.650s] INFO:colcon.colcon_core.shell:Creating package script '/home/hassan/ros-tuts/partrolbot_ws/install/dynamixel_sdk_custom_interfaces/share/dynamixel_sdk_custom_interfaces/package.ps1'
[3.651s] INFO:colcon.colcon_core.shell:Creating package descriptor '/home/hassan/ros-tuts/partrolbot_ws/install/dynamixel_sdk_custom_interfaces/share/dynamixel_sdk_custom_interfaces/package.dsv'
[3.652s] INFO:colcon.colcon_core.shell:Creating package script '/home/hassan/ros-tuts/partrolbot_ws/install/dynamixel_sdk_custom_interfaces/share/dynamixel_sdk_custom_interfaces/package.sh'
[3.653s] INFO:colcon.colcon_core.shell:Creating package script '/home/hassan/ros-tuts/partrolbot_ws/install/dynamixel_sdk_custom_interfaces/share/dynamixel_sdk_custom_interfaces/package.bash'
[3.655s] INFO:colcon.colcon_core.shell:Creating package script '/home/hassan/ros-tuts/partrolbot_ws/install/dynamixel_sdk_custom_interfaces/share/dynamixel_sdk_custom_interfaces/package.zsh'
[3.656s] Level 1:colcon.colcon_core.environment:create_file_with_runtime_dependencies(/home/hassan/ros-tuts/partrolbot_ws/install/dynamixel_sdk_custom_interfaces/share/colcon-core/packages/dynamixel_sdk_custom_interfaces)
[3.682s] Level 1:colcon.colcon_core.environment:create_environment_scripts_only(turtlebot3_msgs)
[3.683s] Level 1:colcon.colcon_core.environment:checking '/home/hassan/ros-tuts/partrolbot_ws/install/turtlebot3_msgs' for CMake module files
[3.685s] DEBUG:colcon.colcon_core.event_handler.log_command:Invoked command in '/home/hassan/ros-tuts/partrolbot_ws/build/turtlebot3_msgs' returned '0': CMAKE_PREFIX_PATH=${CMAKE_PREFIX_PATH}:/opt/ros/humble /usr/bin/cmake --install /home/hassan/ros-tuts/partrolbot_ws/build/turtlebot3_msgs
[3.687s] Level 1:colcon.colcon_core.environment:checking '/home/hassan/ros-tuts/partrolbot_ws/install/turtlebot3_msgs' for CMake config files
[3.691s] Level 1:colcon.colcon_core.shell:create_environment_hook('turtlebot3_msgs', 'cmake_prefix_path')
[3.692s] INFO:colcon.colcon_core.shell:Creating environment hook '/home/hassan/ros-tuts/partrolbot_ws/install/turtlebot3_msgs/share/turtlebot3_msgs/hook/cmake_prefix_path.ps1'
[3.693s] INFO:colcon.colcon_core.shell:Creating environment descriptor '/home/hassan/ros-tuts/partrolbot_ws/install/turtlebot3_msgs/share/turtlebot3_msgs/hook/cmake_prefix_path.dsv'
[3.695s] INFO:colcon.colcon_core.shell:Creating environment hook '/home/hassan/ros-tuts/partrolbot_ws/install/turtlebot3_msgs/share/turtlebot3_msgs/hook/cmake_prefix_path.sh'
[3.696s] Level 1:colcon.colcon_core.environment:checking '/home/hassan/ros-tuts/partrolbot_ws/install/turtlebot3_msgs/lib'
[3.697s] Level 1:colcon.colcon_core.shell:create_environment_hook('turtlebot3_msgs', 'ld_library_path_lib')
[3.697s] INFO:colcon.colcon_core.shell:Creating environment hook '/home/hassan/ros-tuts/partrolbot_ws/install/turtlebot3_msgs/share/turtlebot3_msgs/hook/ld_library_path_lib.ps1'
[3.699s] INFO:colcon.colcon_core.shell:Creating environment descriptor '/home/hassan/ros-tuts/partrolbot_ws/install/turtlebot3_msgs/share/turtlebot3_msgs/hook/ld_library_path_lib.dsv'
[3.700s] INFO:colcon.colcon_core.shell:Creating environment hook '/home/hassan/ros-tuts/partrolbot_ws/install/turtlebot3_msgs/share/turtlebot3_msgs/hook/ld_library_path_lib.sh'
[3.701s] Level 1:colcon.colcon_core.environment:checking '/home/hassan/ros-tuts/partrolbot_ws/install/turtlebot3_msgs/bin'
[3.701s] Level 1:colcon.colcon_core.environment:checking '/home/hassan/ros-tuts/partrolbot_ws/install/turtlebot3_msgs/lib/pkgconfig/turtlebot3_msgs.pc'
[3.702s] Level 1:colcon.colcon_core.environment:checking '/home/hassan/ros-tuts/partrolbot_ws/install/turtlebot3_msgs/lib/python3.10/site-packages'
[3.702s] Level 1:colcon.colcon_core.environment:checking '/home/hassan/ros-tuts/partrolbot_ws/install/turtlebot3_msgs/bin'
[3.703s] INFO:colcon.colcon_core.shell:Creating package script '/home/hassan/ros-tuts/partrolbot_ws/install/turtlebot3_msgs/share/turtlebot3_msgs/package.ps1'
[3.705s] INFO:colcon.colcon_core.shell:Creating package descriptor '/home/hassan/ros-tuts/partrolbot_ws/install/turtlebot3_msgs/share/turtlebot3_msgs/package.dsv'
[3.706s] INFO:colcon.colcon_core.shell:Creating package script '/home/hassan/ros-tuts/partrolbot_ws/install/turtlebot3_msgs/share/turtlebot3_msgs/package.sh'
[3.708s] INFO:colcon.colcon_core.shell:Creating package script '/home/hassan/ros-tuts/partrolbot_ws/install/turtlebot3_msgs/share/turtlebot3_msgs/package.bash'
[3.709s] INFO:colcon.colcon_core.shell:Creating package script '/home/hassan/ros-tuts/partrolbot_ws/install/turtlebot3_msgs/share/turtlebot3_msgs/package.zsh'
[3.710s] Level 1:colcon.colcon_core.environment:create_file_with_runtime_dependencies(/home/hassan/ros-tuts/partrolbot_ws/install/turtlebot3_msgs/share/colcon-core/packages/turtlebot3_msgs)
[3.747s] DEBUG:colcon.colcon_core.event_handler.log_command:Invoking command in '/home/hassan/ros-tuts/partrolbot_ws/build/turtlebot3_teleop': PYTHONPATH=/home/hassan/ros-tuts/partrolbot_ws/build/turtlebot3_teleop/prefix_override:/usr/lib/python3/dist-packages/colcon_core/task/python/colcon_distutils_commands:/home/hassan/ros-tuts/partrolbot_ws/install/turtlebot3_teleop/lib/python3.10/site-packages:${PYTHONPATH} /usr/bin/python3 -W ignore:setup.py install is deprecated setup.py develop --editable --build-directory /home/hassan/ros-tuts/partrolbot_ws/build/turtlebot3_teleop/build --no-deps symlink_data
[3.868s] Level 1:colcon.colcon_core.environment:create_environment_scripts_only(dynamixel_sdk_custom_interfaces)
[3.869s] Level 1:colcon.colcon_core.environment:checking '/home/hassan/ros-tuts/partrolbot_ws/install/dynamixel_sdk_custom_interfaces' for CMake module files
[3.871s] Level 1:colcon.colcon_core.environment:checking '/home/hassan/ros-tuts/partrolbot_ws/install/dynamixel_sdk_custom_interfaces' for CMake config files
[3.873s] Level 1:colcon.colcon_core.shell:create_environment_hook('dynamixel_sdk_custom_interfaces', 'cmake_prefix_path')
[3.874s] INFO:colcon.colcon_core.shell:Creating environment hook '/home/hassan/ros-tuts/partrolbot_ws/install/dynamixel_sdk_custom_interfaces/share/dynamixel_sdk_custom_interfaces/hook/cmake_prefix_path.ps1'
[3.875s] INFO:colcon.colcon_core.shell:Creating environment descriptor '/home/hassan/ros-tuts/partrolbot_ws/install/dynamixel_sdk_custom_interfaces/share/dynamixel_sdk_custom_interfaces/hook/cmake_prefix_path.dsv'
[3.876s] INFO:colcon.colcon_core.shell:Creating environment hook '/home/hassan/ros-tuts/partrolbot_ws/install/dynamixel_sdk_custom_interfaces/share/dynamixel_sdk_custom_interfaces/hook/cmake_prefix_path.sh'
[3.878s] Level 1:colcon.colcon_core.environment:checking '/home/hassan/ros-tuts/partrolbot_ws/install/dynamixel_sdk_custom_interfaces/lib'
[3.878s] Level 1:colcon.colcon_core.shell:create_environment_hook('dynamixel_sdk_custom_interfaces', 'ld_library_path_lib')
[3.879s] INFO:colcon.colcon_core.shell:Creating environment hook '/home/hassan/ros-tuts/partrolbot_ws/install/dynamixel_sdk_custom_interfaces/share/dynamixel_sdk_custom_interfaces/hook/ld_library_path_lib.ps1'
[3.880s] INFO:colcon.colcon_core.shell:Creating environment descriptor '/home/hassan/ros-tuts/partrolbot_ws/install/dynamixel_sdk_custom_interfaces/share/dynamixel_sdk_custom_interfaces/hook/ld_library_path_lib.dsv'
[3.880s] INFO:colcon.colcon_core.shell:Creating environment hook '/home/hassan/ros-tuts/partrolbot_ws/install/dynamixel_sdk_custom_interfaces/share/dynamixel_sdk_custom_interfaces/hook/ld_library_path_lib.sh'
[3.881s] Level 1:colcon.colcon_core.environment:checking '/home/hassan/ros-tuts/partrolbot_ws/install/dynamixel_sdk_custom_interfaces/bin'
[3.882s] Level 1:colcon.colcon_core.environment:checking '/home/hassan/ros-tuts/partrolbot_ws/install/dynamixel_sdk_custom_interfaces/lib/pkgconfig/dynamixel_sdk_custom_interfaces.pc'
[3.882s] Level 1:colcon.colcon_core.environment:checking '/home/hassan/ros-tuts/partrolbot_ws/install/dynamixel_sdk_custom_interfaces/lib/python3.10/site-packages'
[3.883s] Level 1:colcon.colcon_core.environment:checking '/home/hassan/ros-tuts/partrolbot_ws/install/dynamixel_sdk_custom_interfaces/bin'
[3.884s] INFO:colcon.colcon_core.shell:Creating package script '/home/hassan/ros-tuts/partrolbot_ws/install/dynamixel_sdk_custom_interfaces/share/dynamixel_sdk_custom_interfaces/package.ps1'
[3.885s] INFO:colcon.colcon_core.shell:Creating package descriptor '/home/hassan/ros-tuts/partrolbot_ws/install/dynamixel_sdk_custom_interfaces/share/dynamixel_sdk_custom_interfaces/package.dsv'
[3.887s] INFO:colcon.colcon_core.shell:Creating package script '/home/hassan/ros-tuts/partrolbot_ws/install/dynamixel_sdk_custom_interfaces/share/dynamixel_sdk_custom_interfaces/package.sh'
[3.888s] INFO:colcon.colcon_core.shell:Creating package script '/home/hassan/ros-tuts/partrolbot_ws/install/dynamixel_sdk_custom_interfaces/share/dynamixel_sdk_custom_interfaces/package.bash'
[3.889s] INFO:colcon.colcon_core.shell:Creating package script '/home/hassan/ros-tuts/partrolbot_ws/install/dynamixel_sdk_custom_interfaces/share/dynamixel_sdk_custom_interfaces/package.zsh'
[3.890s] Level 1:colcon.colcon_core.environment:create_file_with_runtime_dependencies(/home/hassan/ros-tuts/partrolbot_ws/install/dynamixel_sdk_custom_interfaces/share/colcon-core/packages/dynamixel_sdk_custom_interfaces)
[3.891s] INFO:colcon.colcon_ros.task.ament_cmake.build:Building ROS package in '/home/hassan/ros-tuts/partrolbot_ws/src/utils/DynamixelSDK/dynamixel_sdk_examples' with build type 'ament_cmake'
[3.891s] INFO:colcon.colcon_cmake.task.cmake.build:Building CMake package in '/home/hassan/ros-tuts/partrolbot_ws/src/utils/DynamixelSDK/dynamixel_sdk_examples'
[3.892s] INFO:colcon.colcon_core.shell:Skip shell extension 'powershell' for command environment: Not usable outside of PowerShell
[3.892s] DEBUG:colcon.colcon_core.shell:Skip shell extension 'dsv' for command environment
[3.927s] DEBUG:colcon.colcon_core.event_handler.log_command:Invoking command in '/home/hassan/ros-tuts/partrolbot_ws/build/dynamixel_sdk_examples': AMENT_PREFIX_PATH=/home/hassan/ros-tuts/partrolbot_ws/install/dynamixel_sdk_custom_interfaces:/home/hassan/ros-tuts/partrolbot_ws/install/dynamixel_sdk:${AMENT_PREFIX_PATH} CMAKE_PREFIX_PATH=/home/hassan/ros-tuts/partrolbot_ws/install/dynamixel_sdk_custom_interfaces:/home/hassan/ros-tuts/partrolbot_ws/install/dynamixel_sdk:/home/hassan/rosbot_ws/install/ros_bot:/opt/ros/humble LD_LIBRARY_PATH=/home/hassan/ros-tuts/partrolbot_ws/install/dynamixel_sdk_custom_interfaces/lib:/home/hassan/ros-tuts/partrolbot_ws/install/dynamixel_sdk/lib:${LD_LIBRARY_PATH} PYTHONPATH=/home/hassan/ros-tuts/partrolbot_ws/install/dynamixel_sdk_custom_interfaces/local/lib/python3.10/dist-packages:${PYTHONPATH} /usr/bin/cmake --build /home/hassan/ros-tuts/partrolbot_ws/build/dynamixel_sdk_examples -- -j8 -l8
[4.143s] Level 1:colcon.colcon_core.environment:create_environment_scripts_only(turtlebot3_msgs)
[4.144s] Level 1:colcon.colcon_core.environment:checking '/home/hassan/ros-tuts/partrolbot_ws/install/turtlebot3_msgs' for CMake module files
[4.147s] Level 1:colcon.colcon_core.environment:checking '/home/hassan/ros-tuts/partrolbot_ws/install/turtlebot3_msgs' for CMake config files
[4.151s] Level 1:colcon.colcon_core.shell:create_environment_hook('turtlebot3_msgs', 'cmake_prefix_path')
[4.152s] INFO:colcon.colcon_core.shell:Creating environment hook '/home/hassan/ros-tuts/partrolbot_ws/install/turtlebot3_msgs/share/turtlebot3_msgs/hook/cmake_prefix_path.ps1'
[4.153s] INFO:colcon.colcon_core.shell:Creating environment descriptor '/home/hassan/ros-tuts/partrolbot_ws/install/turtlebot3_msgs/share/turtlebot3_msgs/hook/cmake_prefix_path.dsv'
[4.154s] INFO:colcon.colcon_core.shell:Creating environment hook '/home/hassan/ros-tuts/partrolbot_ws/install/turtlebot3_msgs/share/turtlebot3_msgs/hook/cmake_prefix_path.sh'
[4.156s] Level 1:colcon.colcon_core.environment:checking '/home/hassan/ros-tuts/partrolbot_ws/install/turtlebot3_msgs/lib'
[4.156s] Level 1:colcon.colcon_core.shell:create_environment_hook('turtlebot3_msgs', 'ld_library_path_lib')
[4.157s] INFO:colcon.colcon_core.shell:Creating environment hook '/home/hassan/ros-tuts/partrolbot_ws/install/turtlebot3_msgs/share/turtlebot3_msgs/hook/ld_library_path_lib.ps1'
[4.158s] INFO:colcon.colcon_core.shell:Creating environment descriptor '/home/hassan/ros-tuts/partrolbot_ws/install/turtlebot3_msgs/share/turtlebot3_msgs/hook/ld_library_path_lib.dsv'
[4.159s] INFO:colcon.colcon_core.shell:Creating environment hook '/home/hassan/ros-tuts/partrolbot_ws/install/turtlebot3_msgs/share/turtlebot3_msgs/hook/ld_library_path_lib.sh'
[4.160s] Level 1:colcon.colcon_core.environment:checking '/home/hassan/ros-tuts/partrolbot_ws/install/turtlebot3_msgs/bin'
[4.160s] Level 1:colcon.colcon_core.environment:checking '/home/hassan/ros-tuts/partrolbot_ws/install/turtlebot3_msgs/lib/pkgconfig/turtlebot3_msgs.pc'
[4.161s] Level 1:colcon.colcon_core.environment:checking '/home/hassan/ros-tuts/partrolbot_ws/install/turtlebot3_msgs/lib/python3.10/site-packages'
[4.162s] Level 1:colcon.colcon_core.environment:checking '/home/hassan/ros-tuts/partrolbot_ws/install/turtlebot3_msgs/bin'
[4.163s] INFO:colcon.colcon_core.shell:Creating package script '/home/hassan/ros-tuts/partrolbot_ws/install/turtlebot3_msgs/share/turtlebot3_msgs/package.ps1'
[4.165s] INFO:colcon.colcon_core.shell:Creating package descriptor '/home/hassan/ros-tuts/partrolbot_ws/install/turtlebot3_msgs/share/turtlebot3_msgs/package.dsv'
[4.166s] INFO:colcon.colcon_core.shell:Creating package script '/home/hassan/ros-tuts/partrolbot_ws/install/turtlebot3_msgs/share/turtlebot3_msgs/package.sh'
[4.168s] INFO:colcon.colcon_core.shell:Creating package script '/home/hassan/ros-tuts/partrolbot_ws/install/turtlebot3_msgs/share/turtlebot3_msgs/package.bash'
[4.169s] INFO:colcon.colcon_core.shell:Creating package script '/home/hassan/ros-tuts/partrolbot_ws/install/turtlebot3_msgs/share/turtlebot3_msgs/package.zsh'
[4.170s] Level 1:colcon.colcon_core.environment:create_file_with_runtime_dependencies(/home/hassan/ros-tuts/partrolbot_ws/install/turtlebot3_msgs/share/colcon-core/packages/turtlebot3_msgs)
[4.171s] INFO:colcon.colcon_ros.task.ament_cmake.build:Building ROS package in '/home/hassan/ros-tuts/partrolbot_ws/src/turtlebot3/turtlebot3/turtlebot3_node' with build type 'ament_cmake'
[4.171s] INFO:colcon.colcon_cmake.task.cmake.build:Building CMake package in '/home/hassan/ros-tuts/partrolbot_ws/src/turtlebot3/turtlebot3/turtlebot3_node'
[4.172s] INFO:colcon.colcon_core.shell:Skip shell extension 'powershell' for command environment: Not usable outside of PowerShell
[4.173s] DEBUG:colcon.colcon_core.shell:Skip shell extension 'dsv' for command environment
[4.188s] INFO:colcon.colcon_ros.task.ament_python.build:Building ROS package in '/home/hassan/ros-tuts/partrolbot_ws/src/turtlebot3/turtlebot3/turtlebot3_example' with build type 'ament_python'
[4.189s] Level 1:colcon.colcon_core.shell:create_environment_hook('turtlebot3_example', 'ament_prefix_path')
[4.190s] INFO:colcon.colcon_core.shell:Creating environment hook '/home/hassan/ros-tuts/partrolbot_ws/install/turtlebot3_example/share/turtlebot3_example/hook/ament_prefix_path.ps1'
[4.194s] INFO:colcon.colcon_core.shell:Creating environment descriptor '/home/hassan/ros-tuts/partrolbot_ws/install/turtlebot3_example/share/turtlebot3_example/hook/ament_prefix_path.dsv'
[4.195s] INFO:colcon.colcon_core.shell:Creating environment hook '/home/hassan/ros-tuts/partrolbot_ws/install/turtlebot3_example/share/turtlebot3_example/hook/ament_prefix_path.sh'
[4.197s] INFO:colcon.colcon_core.shell:Skip shell extension 'powershell' for command environment: Not usable outside of PowerShell
[4.198s] DEBUG:colcon.colcon_core.shell:Skip shell extension 'dsv' for command environment
[4.219s] INFO:colcon.colcon_ros.task.ament_cmake.build:Building ROS package in '/home/hassan/ros-tuts/partrolbot_ws/src/turtlebot3/turtlebot3_simulations/turtlebot3_fake_node' with build type 'ament_cmake'
[4.220s] INFO:colcon.colcon_cmake.task.cmake.build:Building CMake package in '/home/hassan/ros-tuts/partrolbot_ws/src/turtlebot3/turtlebot3_simulations/turtlebot3_fake_node'
[4.220s] INFO:colcon.colcon_core.shell:Skip shell extension 'powershell' for command environment: Not usable outside of PowerShell
[4.221s] DEBUG:colcon.colcon_core.shell:Skip shell extension 'dsv' for command environment
[4.256s] DEBUG:colcon.colcon_core.event_handler.log_command:Invoking command in '/home/hassan/ros-tuts/partrolbot_ws/build/turtlebot3_node': AMENT_PREFIX_PATH=/home/hassan/ros-tuts/partrolbot_ws/install/turtlebot3_msgs:/home/hassan/ros-tuts/partrolbot_ws/install/dynamixel_sdk:${AMENT_PREFIX_PATH} CMAKE_PREFIX_PATH=/home/hassan/ros-tuts/partrolbot_ws/install/turtlebot3_msgs:/home/hassan/ros-tuts/partrolbot_ws/install/dynamixel_sdk:/home/hassan/rosbot_ws/install/ros_bot:/opt/ros/humble LD_LIBRARY_PATH=/home/hassan/ros-tuts/partrolbot_ws/install/turtlebot3_msgs/lib:/home/hassan/ros-tuts/partrolbot_ws/install/dynamixel_sdk/lib:${LD_LIBRARY_PATH} PYTHONPATH=/home/hassan/ros-tuts/partrolbot_ws/install/turtlebot3_msgs/local/lib/python3.10/dist-packages:${PYTHONPATH} /usr/bin/cmake --build /home/hassan/ros-tuts/partrolbot_ws/build/turtlebot3_node -- -j8 -l8
[6.165s] INFO:colcon.colcon_core.task.python.build:Building Python package in '/home/hassan/ros-tuts/partrolbot_ws/src/turtlebot3/turtlebot3/turtlebot3_example'
[6.166s] INFO:colcon.colcon_core.shell:Skip shell extension 'powershell' for command environment: Not usable outside of PowerShell
[6.166s] DEBUG:colcon.colcon_core.shell:Skip shell extension 'dsv' for command environment
[6.226s] DEBUG:colcon.colcon_core.event_handler.log_command:Invoking command in '/home/hassan/ros-tuts/partrolbot_ws/build/turtlebot3_fake_node': AMENT_PREFIX_PATH=/home/hassan/ros-tuts/partrolbot_ws/install/turtlebot3_msgs:${AMENT_PREFIX_PATH} CMAKE_PREFIX_PATH=/home/hassan/ros-tuts/partrolbot_ws/install/turtlebot3_msgs:/home/hassan/rosbot_ws/install/ros_bot:/opt/ros/humble LD_LIBRARY_PATH=/home/hassan/ros-tuts/partrolbot_ws/install/turtlebot3_msgs/lib:${LD_LIBRARY_PATH} PYTHONPATH=/home/hassan/ros-tuts/partrolbot_ws/install/turtlebot3_msgs/local/lib/python3.10/dist-packages:${PYTHONPATH} /usr/bin/cmake /home/hassan/ros-tuts/partrolbot_ws/src/turtlebot3/turtlebot3_simulations/turtlebot3_fake_node -DAMENT_CMAKE_SYMLINK_INSTALL=1 -DCMAKE_INSTALL_PREFIX=/home/hassan/ros-tuts/partrolbot_ws/install/turtlebot3_fake_node
[6.249s] DEBUG:colcon.colcon_core.event_handler.log_command:Invoking command in '/home/hassan/ros-tuts/partrolbot_ws/build/tb3_sim': PYTHONPATH=/home/hassan/ros-tuts/partrolbot_ws/build/tb3_sim/prefix_override:/usr/lib/python3/dist-packages/colcon_core/task/python/colcon_distutils_commands:/home/hassan/ros-tuts/partrolbot_ws/install/tb3_sim/lib/python3.10/site-packages:${PYTHONPATH} /usr/bin/python3 -W ignore:setup.py install is deprecated setup.py develop --editable --build-directory /home/hassan/ros-tuts/partrolbot_ws/build/tb3_sim/build --no-deps symlink_data
[6.281s] Level 1:colcon.colcon_core.shell:create_environment_hook('turtlebot3_teleop', 'pythonpath_develop')
[6.282s] INFO:colcon.colcon_core.shell:Creating environment hook '/home/hassan/ros-tuts/partrolbot_ws/build/turtlebot3_teleop/share/turtlebot3_teleop/hook/pythonpath_develop.ps1'
[6.283s] INFO:colcon.colcon_core.shell:Creating environment descriptor '/home/hassan/ros-tuts/partrolbot_ws/build/turtlebot3_teleop/share/turtlebot3_teleop/hook/pythonpath_develop.dsv'
[6.284s] INFO:colcon.colcon_core.shell:Creating environment hook '/home/hassan/ros-tuts/partrolbot_ws/build/turtlebot3_teleop/share/turtlebot3_teleop/hook/pythonpath_develop.sh'
[6.286s] DEBUG:colcon.colcon_core.event_handler.log_command:Invoked command in '/home/hassan/ros-tuts/partrolbot_ws/build/turtlebot3_teleop' returned '0': PYTHONPATH=/home/hassan/ros-tuts/partrolbot_ws/build/turtlebot3_teleop/prefix_override:/usr/lib/python3/dist-packages/colcon_core/task/python/colcon_distutils_commands:/home/hassan/ros-tuts/partrolbot_ws/install/turtlebot3_teleop/lib/python3.10/site-packages:${PYTHONPATH} /usr/bin/python3 -W ignore:setup.py install is deprecated setup.py develop --editable --build-directory /home/hassan/ros-tuts/partrolbot_ws/build/turtlebot3_teleop/build --no-deps symlink_data
[6.298s] Level 1:colcon.colcon_core.environment:checking '/home/hassan/ros-tuts/partrolbot_ws/install/turtlebot3_teleop' for CMake module files
[6.310s] Level 1:colcon.colcon_core.environment:checking '/home/hassan/ros-tuts/partrolbot_ws/install/turtlebot3_teleop' for CMake config files
[6.312s] Level 1:colcon.colcon_core.environment:checking '/home/hassan/ros-tuts/partrolbot_ws/install/turtlebot3_teleop/lib'
[6.312s] Level 1:colcon.colcon_core.environment:checking '/home/hassan/ros-tuts/partrolbot_ws/install/turtlebot3_teleop/bin'
[6.312s] Level 1:colcon.colcon_core.environment:checking '/home/hassan/ros-tuts/partrolbot_ws/install/turtlebot3_teleop/lib/pkgconfig/turtlebot3_teleop.pc'
[6.313s] Level 1:colcon.colcon_core.environment:checking '/home/hassan/ros-tuts/partrolbot_ws/install/turtlebot3_teleop/lib/python3.10/site-packages'
[6.313s] Level 1:colcon.colcon_core.shell:create_environment_hook('turtlebot3_teleop', 'pythonpath')
[6.314s] INFO:colcon.colcon_core.shell:Creating environment hook '/home/hassan/ros-tuts/partrolbot_ws/install/turtlebot3_teleop/share/turtlebot3_teleop/hook/pythonpath.ps1'
[6.323s] INFO:colcon.colcon_core.shell:Creating environment descriptor '/home/hassan/ros-tuts/partrolbot_ws/install/turtlebot3_teleop/share/turtlebot3_teleop/hook/pythonpath.dsv'
[6.324s] INFO:colcon.colcon_core.shell:Creating environment hook '/home/hassan/ros-tuts/partrolbot_ws/install/turtlebot3_teleop/share/turtlebot3_teleop/hook/pythonpath.sh'
[6.326s] Level 1:colcon.colcon_core.environment:checking '/home/hassan/ros-tuts/partrolbot_ws/install/turtlebot3_teleop/bin'
[6.326s] Level 1:colcon.colcon_core.environment:create_environment_scripts_only(turtlebot3_teleop)
[6.341s] INFO:colcon.colcon_core.shell:Creating package script '/home/hassan/ros-tuts/partrolbot_ws/install/turtlebot3_teleop/share/turtlebot3_teleop/package.ps1'
[6.343s] INFO:colcon.colcon_core.shell:Creating package descriptor '/home/hassan/ros-tuts/partrolbot_ws/install/turtlebot3_teleop/share/turtlebot3_teleop/package.dsv'
[6.356s] INFO:colcon.colcon_core.shell:Creating package script '/home/hassan/ros-tuts/partrolbot_ws/install/turtlebot3_teleop/share/turtlebot3_teleop/package.sh'
[6.357s] INFO:colcon.colcon_core.shell:Creating package script '/home/hassan/ros-tuts/partrolbot_ws/install/turtlebot3_teleop/share/turtlebot3_teleop/package.bash'
[6.368s] INFO:colcon.colcon_core.shell:Creating package script '/home/hassan/ros-tuts/partrolbot_ws/install/turtlebot3_teleop/share/turtlebot3_teleop/package.zsh'
[6.370s] Level 1:colcon.colcon_core.environment:create_file_with_runtime_dependencies(/home/hassan/ros-tuts/partrolbot_ws/install/turtlebot3_teleop/share/colcon-core/packages/turtlebot3_teleop)
[8.857s] DEBUG:colcon.colcon_core.event_handler.log_command:Invoking command in '/home/hassan/ros-tuts/partrolbot_ws/build/turtlebot3_example': AMENT_PREFIX_PATH=/home/hassan/ros-tuts/partrolbot_ws/install/turtlebot3_msgs:${AMENT_PREFIX_PATH} CMAKE_PREFIX_PATH=/home/hassan/ros-tuts/partrolbot_ws/install/turtlebot3_msgs:${CMAKE_PREFIX_PATH} LD_LIBRARY_PATH=/home/hassan/ros-tuts/partrolbot_ws/install/turtlebot3_msgs/lib:${LD_LIBRARY_PATH} PYTHONPATH=/home/hassan/ros-tuts/partrolbot_ws/build/turtlebot3_example/prefix_override:/usr/lib/python3/dist-packages/colcon_core/task/python/colcon_distutils_commands:/home/hassan/ros-tuts/partrolbot_ws/install/turtlebot3_example/lib/python3.10/site-packages:/home/hassan/ros-tuts/partrolbot_ws/install/turtlebot3_msgs/local/lib/python3.10/dist-packages:${PYTHONPATH} /usr/bin/python3 -W ignore:setup.py install is deprecated setup.py develop --editable --build-directory /home/hassan/ros-tuts/partrolbot_ws/build/turtlebot3_example/build --no-deps symlink_data
[9.981s] Level 1:colcon.colcon_core.shell:create_environment_hook('tb3_sim', 'pythonpath_develop')
[9.984s] INFO:colcon.colcon_core.shell:Creating environment hook '/home/hassan/ros-tuts/partrolbot_ws/build/tb3_sim/share/tb3_sim/hook/pythonpath_develop.ps1'
[9.985s] INFO:colcon.colcon_core.shell:Creating environment descriptor '/home/hassan/ros-tuts/partrolbot_ws/build/tb3_sim/share/tb3_sim/hook/pythonpath_develop.dsv'
[9.986s] INFO:colcon.colcon_core.shell:Creating environment hook '/home/hassan/ros-tuts/partrolbot_ws/build/tb3_sim/share/tb3_sim/hook/pythonpath_develop.sh'
[9.983s] DEBUG:colcon.colcon_core.event_handler.log_command:Invoked command in '/home/hassan/ros-tuts/partrolbot_ws/build/tb3_sim' returned '0': PYTHONPATH=/home/hassan/ros-tuts/partrolbot_ws/build/tb3_sim/prefix_override:/usr/lib/python3/dist-packages/colcon_core/task/python/colcon_distutils_commands:/home/hassan/ros-tuts/partrolbot_ws/install/tb3_sim/lib/python3.10/site-packages:${PYTHONPATH} /usr/bin/python3 -W ignore:setup.py install is deprecated setup.py develop --editable --build-directory /home/hassan/ros-tuts/partrolbot_ws/build/tb3_sim/build --no-deps symlink_data
[9.994s] Level 1:colcon.colcon_core.environment:checking '/home/hassan/ros-tuts/partrolbot_ws/install/tb3_sim' for CMake module files
[9.996s] Level 1:colcon.colcon_core.environment:checking '/home/hassan/ros-tuts/partrolbot_ws/install/tb3_sim' for CMake config files
[10.000s] Level 1:colcon.colcon_core.environment:checking '/home/hassan/ros-tuts/partrolbot_ws/install/tb3_sim/lib'
[10.001s] Level 1:colcon.colcon_core.environment:checking '/home/hassan/ros-tuts/partrolbot_ws/install/tb3_sim/bin'
[10.001s] Level 1:colcon.colcon_core.environment:checking '/home/hassan/ros-tuts/partrolbot_ws/install/tb3_sim/lib/pkgconfig/tb3_sim.pc'
[10.002s] Level 1:colcon.colcon_core.environment:checking '/home/hassan/ros-tuts/partrolbot_ws/install/tb3_sim/lib/python3.10/site-packages'
[10.002s] Level 1:colcon.colcon_core.shell:create_environment_hook('tb3_sim', 'pythonpath')
[10.003s] INFO:colcon.colcon_core.shell:Creating environment hook '/home/hassan/ros-tuts/partrolbot_ws/install/tb3_sim/share/tb3_sim/hook/pythonpath.ps1'
[10.008s] INFO:colcon.colcon_core.shell:Creating environment descriptor '/home/hassan/ros-tuts/partrolbot_ws/install/tb3_sim/share/tb3_sim/hook/pythonpath.dsv'
[10.013s] INFO:colcon.colcon_core.shell:Creating environment hook '/home/hassan/ros-tuts/partrolbot_ws/install/tb3_sim/share/tb3_sim/hook/pythonpath.sh'
[10.015s] Level 1:colcon.colcon_core.environment:checking '/home/hassan/ros-tuts/partrolbot_ws/install/tb3_sim/bin'
[10.015s] Level 1:colcon.colcon_core.environment:create_environment_scripts_only(tb3_sim)
[10.017s] INFO:colcon.colcon_core.shell:Creating package script '/home/hassan/ros-tuts/partrolbot_ws/install/tb3_sim/share/tb3_sim/package.ps1'
[10.021s] INFO:colcon.colcon_core.shell:Creating package descriptor '/home/hassan/ros-tuts/partrolbot_ws/install/tb3_sim/share/tb3_sim/package.dsv'
[10.023s] INFO:colcon.colcon_core.shell:Creating package script '/home/hassan/ros-tuts/partrolbot_ws/install/tb3_sim/share/tb3_sim/package.sh'
[10.028s] INFO:colcon.colcon_core.shell:Creating package script '/home/hassan/ros-tuts/partrolbot_ws/install/tb3_sim/share/tb3_sim/package.bash'
[10.029s] INFO:colcon.colcon_core.shell:Creating package script '/home/hassan/ros-tuts/partrolbot_ws/install/tb3_sim/share/tb3_sim/package.zsh'
[10.030s] Level 1:colcon.colcon_core.environment:create_file_with_runtime_dependencies(/home/hassan/ros-tuts/partrolbot_ws/install/tb3_sim/share/colcon-core/packages/tb3_sim)
[11.750s] Level 1:colcon.colcon_core.shell:create_environment_hook('turtlebot3_example', 'pythonpath_develop')
[11.754s] INFO:colcon.colcon_core.shell:Creating environment hook '/home/hassan/ros-tuts/partrolbot_ws/build/turtlebot3_example/share/turtlebot3_example/hook/pythonpath_develop.ps1'
[11.753s] DEBUG:colcon.colcon_core.event_handler.log_command:Invoked command in '/home/hassan/ros-tuts/partrolbot_ws/build/turtlebot3_example' returned '0': AMENT_PREFIX_PATH=/home/hassan/ros-tuts/partrolbot_ws/install/turtlebot3_msgs:${AMENT_PREFIX_PATH} CMAKE_PREFIX_PATH=/home/hassan/ros-tuts/partrolbot_ws/install/turtlebot3_msgs:${CMAKE_PREFIX_PATH} LD_LIBRARY_PATH=/home/hassan/ros-tuts/partrolbot_ws/install/turtlebot3_msgs/lib:${LD_LIBRARY_PATH} PYTHONPATH=/home/hassan/ros-tuts/partrolbot_ws/build/turtlebot3_example/prefix_override:/usr/lib/python3/dist-packages/colcon_core/task/python/colcon_distutils_commands:/home/hassan/ros-tuts/partrolbot_ws/install/turtlebot3_example/lib/python3.10/site-packages:/home/hassan/ros-tuts/partrolbot_ws/install/turtlebot3_msgs/local/lib/python3.10/dist-packages:${PYTHONPATH} /usr/bin/python3 -W ignore:setup.py install is deprecated setup.py develop --editable --build-directory /home/hassan/ros-tuts/partrolbot_ws/build/turtlebot3_example/build --no-deps symlink_data
[11.761s] INFO:colcon.colcon_core.shell:Creating environment descriptor '/home/hassan/ros-tuts/partrolbot_ws/build/turtlebot3_example/share/turtlebot3_example/hook/pythonpath_develop.dsv'
[11.763s] INFO:colcon.colcon_core.shell:Creating environment hook '/home/hassan/ros-tuts/partrolbot_ws/build/turtlebot3_example/share/turtlebot3_example/hook/pythonpath_develop.sh'
[11.768s] Level 1:colcon.colcon_core.environment:checking '/home/hassan/ros-tuts/partrolbot_ws/install/turtlebot3_example' for CMake module files
[11.774s] Level 1:colcon.colcon_core.environment:checking '/home/hassan/ros-tuts/partrolbot_ws/install/turtlebot3_example' for CMake config files
[11.776s] Level 1:colcon.colcon_core.environment:checking '/home/hassan/ros-tuts/partrolbot_ws/install/turtlebot3_example/lib'
[11.780s] Level 1:colcon.colcon_core.environment:checking '/home/hassan/ros-tuts/partrolbot_ws/install/turtlebot3_example/bin'
[11.780s] Level 1:colcon.colcon_core.environment:checking '/home/hassan/ros-tuts/partrolbot_ws/install/turtlebot3_example/lib/pkgconfig/turtlebot3_example.pc'
[11.781s] Level 1:colcon.colcon_core.environment:checking '/home/hassan/ros-tuts/partrolbot_ws/install/turtlebot3_example/lib/python3.10/site-packages'
[11.782s] Level 1:colcon.colcon_core.shell:create_environment_hook('turtlebot3_example', 'pythonpath')
[11.783s] INFO:colcon.colcon_core.shell:Creating environment hook '/home/hassan/ros-tuts/partrolbot_ws/install/turtlebot3_example/share/turtlebot3_example/hook/pythonpath.ps1'
[11.790s] INFO:colcon.colcon_core.shell:Creating environment descriptor '/home/hassan/ros-tuts/partrolbot_ws/install/turtlebot3_example/share/turtlebot3_example/hook/pythonpath.dsv'
[11.792s] INFO:colcon.colcon_core.shell:Creating environment hook '/home/hassan/ros-tuts/partrolbot_ws/install/turtlebot3_example/share/turtlebot3_example/hook/pythonpath.sh'
[11.801s] Level 1:colcon.colcon_core.environment:checking '/home/hassan/ros-tuts/partrolbot_ws/install/turtlebot3_example/bin'
[11.801s] Level 1:colcon.colcon_core.environment:create_environment_scripts_only(turtlebot3_example)
[11.803s] INFO:colcon.colcon_core.shell:Creating package script '/home/hassan/ros-tuts/partrolbot_ws/install/turtlebot3_example/share/turtlebot3_example/package.ps1'
[11.810s] INFO:colcon.colcon_core.shell:Creating package descriptor '/home/hassan/ros-tuts/partrolbot_ws/install/turtlebot3_example/share/turtlebot3_example/package.dsv'
[11.813s] INFO:colcon.colcon_core.shell:Creating package script '/home/hassan/ros-tuts/partrolbot_ws/install/turtlebot3_example/share/turtlebot3_example/package.sh'
[11.820s] INFO:colcon.colcon_core.shell:Creating package script '/home/hassan/ros-tuts/partrolbot_ws/install/turtlebot3_example/share/turtlebot3_example/package.bash'
[11.823s] INFO:colcon.colcon_core.shell:Creating package script '/home/hassan/ros-tuts/partrolbot_ws/install/turtlebot3_example/share/turtlebot3_example/package.zsh'
[11.830s] Level 1:colcon.colcon_core.environment:create_file_with_runtime_dependencies(/home/hassan/ros-tuts/partrolbot_ws/install/turtlebot3_example/share/colcon-core/packages/turtlebot3_example)
[14.385s] DEBUG:colcon.colcon_core.event_handler.log_command:Invoked command in '/home/hassan/ros-tuts/partrolbot_ws/build/turtlebot3_fake_node' returned '0': AMENT_PREFIX_PATH=/home/hassan/ros-tuts/partrolbot_ws/install/turtlebot3_msgs:${AMENT_PREFIX_PATH} CMAKE_PREFIX_PATH=/home/hassan/ros-tuts/partrolbot_ws/install/turtlebot3_msgs:/home/hassan/rosbot_ws/install/ros_bot:/opt/ros/humble LD_LIBRARY_PATH=/home/hassan/ros-tuts/partrolbot_ws/install/turtlebot3_msgs/lib:${LD_LIBRARY_PATH} PYTHONPATH=/home/hassan/ros-tuts/partrolbot_ws/install/turtlebot3_msgs/local/lib/python3.10/dist-packages:${PYTHONPATH} /usr/bin/cmake /home/hassan/ros-tuts/partrolbot_ws/src/turtlebot3/turtlebot3_simulations/turtlebot3_fake_node -DAMENT_CMAKE_SYMLINK_INSTALL=1 -DCMAKE_INSTALL_PREFIX=/home/hassan/ros-tuts/partrolbot_ws/install/turtlebot3_fake_node
[14.395s] DEBUG:colcon.colcon_core.event_handler.log_command:Invoking command in '/home/hassan/ros-tuts/partrolbot_ws/build/turtlebot3_fake_node': AMENT_PREFIX_PATH=/home/hassan/ros-tuts/partrolbot_ws/install/turtlebot3_msgs:${AMENT_PREFIX_PATH} CMAKE_PREFIX_PATH=/home/hassan/ros-tuts/partrolbot_ws/install/turtlebot3_msgs:/home/hassan/rosbot_ws/install/ros_bot:/opt/ros/humble LD_LIBRARY_PATH=/home/hassan/ros-tuts/partrolbot_ws/install/turtlebot3_msgs/lib:${LD_LIBRARY_PATH} PYTHONPATH=/home/hassan/ros-tuts/partrolbot_ws/install/turtlebot3_msgs/local/lib/python3.10/dist-packages:${PYTHONPATH} /usr/bin/cmake --build /home/hassan/ros-tuts/partrolbot_ws/build/turtlebot3_fake_node -- -j8 -l8
