[0.205s] DEBUG:colcon:Command line arguments: ['/usr/bin/colcon', 'build', '--symlink-install']
[0.205s] DEBUG:colcon:Parsed command line arguments: Namespace(log_base=None, log_level=None, verb_name='build', build_base='build', install_base='install', merge_install=False, symlink_install=True, test_result_base=None, continue_on_error=False, executor='parallel', parallel_workers=8, event_handlers=None, ignore_user_meta=False, metas=['./colcon.meta'], base_paths=['.'], packages_ignore=None, packages_ignore_regex=None, paths=None, packages_up_to=None, packages_up_to_regex=None, packages_above=None, packages_above_and_dependencies=None, packages_above_depth=None, packages_select_by_dep=None, packages_skip_by_dep=None, packages_skip_up_to=None, packages_select_build_failed=False, packages_skip_build_finished=False, packages_select_test_failures=False, packages_skip_test_passed=False, packages_select=None, packages_skip=None, packages_select_regex=None, packages_skip_regex=None, packages_start=None, packages_end=None, allow_overriding=[], cmake_args=None, cmake_target=None, cmake_target_skip_unavailable=False, cmake_clean_cache=False, cmake_clean_first=False, cmake_force_configure=False, ament_cmake_args=None, catkin_cmake_args=None, catkin_skip_building_tests=False, mixin_files=None, mixin=None, verb_parser=<colcon_mixin.mixin.mixin_argument.MixinArgumentDecorator object at 0x71c0ccda3430>, verb_extension=<colcon_core.verb.build.BuildVerb object at 0x71c0ccf2fb80>, main=<bound method BuildVerb.main of <colcon_core.verb.build.BuildVerb object at 0x71c0ccf2fb80>>, mixin_verb=('build',))
[0.515s] Level 1:colcon.colcon_core.package_discovery:discover_packages(colcon_meta) check parameters
[0.515s] Level 1:colcon.colcon_core.package_discovery:discover_packages(recursive) check parameters
[0.515s] Level 1:colcon.colcon_core.package_discovery:discover_packages(ignore) check parameters
[0.515s] Level 1:colcon.colcon_core.package_discovery:discover_packages(path) check parameters
[0.516s] Level 1:colcon.colcon_core.package_discovery:discover_packages(colcon_meta) discover
[0.516s] Level 1:colcon.colcon_core.package_discovery:discover_packages(recursive) discover
[0.516s] INFO:colcon.colcon_core.package_discovery:Crawling recursively for packages in '/home/hassan/ros-tuts/patrol_ws'
[0.516s] Level 1:colcon.colcon_core.package_identification:_identify(.) by extensions ['ignore', 'ignore_ament_install']
[0.516s] Level 1:colcon.colcon_core.package_identification:_identify(.) by extension 'ignore'
[0.516s] Level 1:colcon.colcon_core.package_identification:_identify(.) by extension 'ignore_ament_install'
[0.516s] Level 1:colcon.colcon_core.package_identification:_identify(.) by extensions ['colcon_pkg']
[0.516s] Level 1:colcon.colcon_core.package_identification:_identify(.) by extension 'colcon_pkg'
[0.516s] Level 1:colcon.colcon_core.package_identification:_identify(.) by extensions ['colcon_meta']
[0.516s] Level 1:colcon.colcon_core.package_identification:_identify(.) by extension 'colcon_meta'
[0.517s] Level 1:colcon.colcon_core.package_identification:_identify(.) by extensions ['ros']
[0.517s] Level 1:colcon.colcon_core.package_identification:_identify(.) by extension 'ros'
[0.537s] Level 1:colcon.colcon_core.package_identification:_identify(.) by extensions ['cmake', 'python']
[0.537s] Level 1:colcon.colcon_core.package_identification:_identify(.) by extension 'cmake'
[0.537s] Level 1:colcon.colcon_core.package_identification:_identify(.) by extension 'python'
[0.537s] Level 1:colcon.colcon_core.package_identification:_identify(.) by extensions ['python_setup_py']
[0.537s] Level 1:colcon.colcon_core.package_identification:_identify(.) by extension 'python_setup_py'
[0.537s] Level 1:colcon.colcon_core.package_identification:_identify(build) by extensions ['ignore', 'ignore_ament_install']
[0.538s] Level 1:colcon.colcon_core.package_identification:_identify(build) by extension 'ignore'
[0.538s] Level 1:colcon.colcon_core.package_identification:_identify(build) ignored
[0.538s] Level 1:colcon.colcon_core.package_identification:_identify(install) by extensions ['ignore', 'ignore_ament_install']
[0.538s] Level 1:colcon.colcon_core.package_identification:_identify(install) by extension 'ignore'
[0.538s] Level 1:colcon.colcon_core.package_identification:_identify(install) ignored
[0.538s] Level 1:colcon.colcon_core.package_identification:_identify(log) by extensions ['ignore', 'ignore_ament_install']
[0.539s] Level 1:colcon.colcon_core.package_identification:_identify(log) by extension 'ignore'
[0.539s] Level 1:colcon.colcon_core.package_identification:_identify(log) ignored
[0.539s] Level 1:colcon.colcon_core.package_identification:_identify(src) by extensions ['ignore', 'ignore_ament_install']
[0.539s] Level 1:colcon.colcon_core.package_identification:_identify(src) by extension 'ignore'
[0.539s] Level 1:colcon.colcon_core.package_identification:_identify(src) by extension 'ignore_ament_install'
[0.539s] Level 1:colcon.colcon_core.package_identification:_identify(src) by extensions ['colcon_pkg']
[0.539s] Level 1:colcon.colcon_core.package_identification:_identify(src) by extension 'colcon_pkg'
[0.539s] Level 1:colcon.colcon_core.package_identification:_identify(src) by extensions ['colcon_meta']
[0.539s] Level 1:colcon.colcon_core.package_identification:_identify(src) by extension 'colcon_meta'
[0.540s] Level 1:colcon.colcon_core.package_identification:_identify(src) by extensions ['ros']
[0.540s] Level 1:colcon.colcon_core.package_identification:_identify(src) by extension 'ros'
[0.540s] Level 1:colcon.colcon_core.package_identification:_identify(src) by extensions ['cmake', 'python']
[0.540s] Level 1:colcon.colcon_core.package_identification:_identify(src) by extension 'cmake'
[0.540s] Level 1:colcon.colcon_core.package_identification:_identify(src) by extension 'python'
[0.540s] Level 1:colcon.colcon_core.package_identification:_identify(src) by extensions ['python_setup_py']
[0.540s] Level 1:colcon.colcon_core.package_identification:_identify(src) by extension 'python_setup_py'
[0.540s] Level 1:colcon.colcon_core.package_identification:_identify(src/tb3_sim) by extensions ['ignore', 'ignore_ament_install']
[0.540s] Level 1:colcon.colcon_core.package_identification:_identify(src/tb3_sim) by extension 'ignore'
[0.540s] Level 1:colcon.colcon_core.package_identification:_identify(src/tb3_sim) by extension 'ignore_ament_install'
[0.541s] Level 1:colcon.colcon_core.package_identification:_identify(src/tb3_sim) by extensions ['colcon_pkg']
[0.541s] Level 1:colcon.colcon_core.package_identification:_identify(src/tb3_sim) by extension 'colcon_pkg'
[0.541s] Level 1:colcon.colcon_core.package_identification:_identify(src/tb3_sim) by extensions ['colcon_meta']
[0.541s] Level 1:colcon.colcon_core.package_identification:_identify(src/tb3_sim) by extension 'colcon_meta'
[0.541s] Level 1:colcon.colcon_core.package_identification:_identify(src/tb3_sim) by extensions ['ros']
[0.541s] Level 1:colcon.colcon_core.package_identification:_identify(src/tb3_sim) by extension 'ros'
[0.545s] DEBUG:colcon.colcon_core.package_identification:Package 'src/tb3_sim' with type 'ros.ament_python' and name 'tb3_sim'
[0.545s] Level 1:colcon.colcon_core.package_identification:_identify(src/turtlebot3) by extensions ['ignore', 'ignore_ament_install']
[0.546s] Level 1:colcon.colcon_core.package_identification:_identify(src/turtlebot3) by extension 'ignore'
[0.546s] Level 1:colcon.colcon_core.package_identification:_identify(src/turtlebot3) by extension 'ignore_ament_install'
[0.546s] Level 1:colcon.colcon_core.package_identification:_identify(src/turtlebot3) by extensions ['colcon_pkg']
[0.546s] Level 1:colcon.colcon_core.package_identification:_identify(src/turtlebot3) by extension 'colcon_pkg'
[0.546s] Level 1:colcon.colcon_core.package_identification:_identify(src/turtlebot3) by extensions ['colcon_meta']
[0.546s] Level 1:colcon.colcon_core.package_identification:_identify(src/turtlebot3) by extension 'colcon_meta'
[0.546s] Level 1:colcon.colcon_core.package_identification:_identify(src/turtlebot3) by extensions ['ros']
[0.546s] Level 1:colcon.colcon_core.package_identification:_identify(src/turtlebot3) by extension 'ros'
[0.546s] Level 1:colcon.colcon_core.package_identification:_identify(src/turtlebot3) by extensions ['cmake', 'python']
[0.546s] Level 1:colcon.colcon_core.package_identification:_identify(src/turtlebot3) by extension 'cmake'
[0.546s] Level 1:colcon.colcon_core.package_identification:_identify(src/turtlebot3) by extension 'python'
[0.547s] Level 1:colcon.colcon_core.package_identification:_identify(src/turtlebot3) by extensions ['python_setup_py']
[0.547s] Level 1:colcon.colcon_core.package_identification:_identify(src/turtlebot3) by extension 'python_setup_py'
[0.547s] Level 1:colcon.colcon_core.package_identification:_identify(src/turtlebot3/turtlebot3) by extensions ['ignore', 'ignore_ament_install']
[0.547s] Level 1:colcon.colcon_core.package_identification:_identify(src/turtlebot3/turtlebot3) by extension 'ignore'
[0.547s] Level 1:colcon.colcon_core.package_identification:_identify(src/turtlebot3/turtlebot3) by extension 'ignore_ament_install'
[0.547s] Level 1:colcon.colcon_core.package_identification:_identify(src/turtlebot3/turtlebot3) by extensions ['colcon_pkg']
[0.547s] Level 1:colcon.colcon_core.package_identification:_identify(src/turtlebot3/turtlebot3) by extension 'colcon_pkg'
[0.547s] Level 1:colcon.colcon_core.package_identification:_identify(src/turtlebot3/turtlebot3) by extensions ['colcon_meta']
[0.547s] Level 1:colcon.colcon_core.package_identification:_identify(src/turtlebot3/turtlebot3) by extension 'colcon_meta'
[0.547s] Level 1:colcon.colcon_core.package_identification:_identify(src/turtlebot3/turtlebot3) by extensions ['ros']
[0.547s] Level 1:colcon.colcon_core.package_identification:_identify(src/turtlebot3/turtlebot3) by extension 'ros'
[0.548s] Level 1:colcon.colcon_core.package_identification:_identify(src/turtlebot3/turtlebot3) by extensions ['cmake', 'python']
[0.548s] Level 1:colcon.colcon_core.package_identification:_identify(src/turtlebot3/turtlebot3) by extension 'cmake'
[0.548s] Level 1:colcon.colcon_core.package_identification:_identify(src/turtlebot3/turtlebot3) by extension 'python'
[0.548s] Level 1:colcon.colcon_core.package_identification:_identify(src/turtlebot3/turtlebot3) by extensions ['python_setup_py']
[0.548s] Level 1:colcon.colcon_core.package_identification:_identify(src/turtlebot3/turtlebot3) by extension 'python_setup_py'
[0.548s] Level 1:colcon.colcon_core.package_identification:_identify(src/turtlebot3/turtlebot3/turtlebot3) by extensions ['ignore', 'ignore_ament_install']
[0.548s] Level 1:colcon.colcon_core.package_identification:_identify(src/turtlebot3/turtlebot3/turtlebot3) by extension 'ignore'
[0.548s] Level 1:colcon.colcon_core.package_identification:_identify(src/turtlebot3/turtlebot3/turtlebot3) by extension 'ignore_ament_install'
[0.548s] Level 1:colcon.colcon_core.package_identification:_identify(src/turtlebot3/turtlebot3/turtlebot3) by extensions ['colcon_pkg']
[0.548s] Level 1:colcon.colcon_core.package_identification:_identify(src/turtlebot3/turtlebot3/turtlebot3) by extension 'colcon_pkg'
[0.548s] Level 1:colcon.colcon_core.package_identification:_identify(src/turtlebot3/turtlebot3/turtlebot3) by extensions ['colcon_meta']
[0.548s] Level 1:colcon.colcon_core.package_identification:_identify(src/turtlebot3/turtlebot3/turtlebot3) by extension 'colcon_meta'
[0.549s] Level 1:colcon.colcon_core.package_identification:_identify(src/turtlebot3/turtlebot3/turtlebot3) by extensions ['ros']
[0.549s] Level 1:colcon.colcon_core.package_identification:_identify(src/turtlebot3/turtlebot3/turtlebot3) by extension 'ros'
[0.550s] DEBUG:colcon.colcon_core.package_identification:Package 'src/turtlebot3/turtlebot3/turtlebot3' with type 'ros.ament_cmake' and name 'turtlebot3'
[0.550s] Level 1:colcon.colcon_core.package_identification:_identify(src/turtlebot3/turtlebot3/turtlebot3_bringup) by extensions ['ignore', 'ignore_ament_install']
[0.550s] Level 1:colcon.colcon_core.package_identification:_identify(src/turtlebot3/turtlebot3/turtlebot3_bringup) by extension 'ignore'
[0.550s] Level 1:colcon.colcon_core.package_identification:_identify(src/turtlebot3/turtlebot3/turtlebot3_bringup) by extension 'ignore_ament_install'
[0.550s] Level 1:colcon.colcon_core.package_identification:_identify(src/turtlebot3/turtlebot3/turtlebot3_bringup) by extensions ['colcon_pkg']
[0.550s] Level 1:colcon.colcon_core.package_identification:_identify(src/turtlebot3/turtlebot3/turtlebot3_bringup) by extension 'colcon_pkg'
[0.550s] Level 1:colcon.colcon_core.package_identification:_identify(src/turtlebot3/turtlebot3/turtlebot3_bringup) by extensions ['colcon_meta']
[0.550s] Level 1:colcon.colcon_core.package_identification:_identify(src/turtlebot3/turtlebot3/turtlebot3_bringup) by extension 'colcon_meta'
[0.551s] Level 1:colcon.colcon_core.package_identification:_identify(src/turtlebot3/turtlebot3/turtlebot3_bringup) by extensions ['ros']
[0.551s] Level 1:colcon.colcon_core.package_identification:_identify(src/turtlebot3/turtlebot3/turtlebot3_bringup) by extension 'ros'
[0.552s] DEBUG:colcon.colcon_core.package_identification:Package 'src/turtlebot3/turtlebot3/turtlebot3_bringup' with type 'ros.ament_cmake' and name 'turtlebot3_bringup'
[0.552s] Level 1:colcon.colcon_core.package_identification:_identify(src/turtlebot3/turtlebot3/turtlebot3_cartographer) by extensions ['ignore', 'ignore_ament_install']
[0.552s] Level 1:colcon.colcon_core.package_identification:_identify(src/turtlebot3/turtlebot3/turtlebot3_cartographer) by extension 'ignore'
[0.552s] Level 1:colcon.colcon_core.package_identification:_identify(src/turtlebot3/turtlebot3/turtlebot3_cartographer) by extension 'ignore_ament_install'
[0.552s] Level 1:colcon.colcon_core.package_identification:_identify(src/turtlebot3/turtlebot3/turtlebot3_cartographer) by extensions ['colcon_pkg']
[0.552s] Level 1:colcon.colcon_core.package_identification:_identify(src/turtlebot3/turtlebot3/turtlebot3_cartographer) by extension 'colcon_pkg'
[0.553s] Level 1:colcon.colcon_core.package_identification:_identify(src/turtlebot3/turtlebot3/turtlebot3_cartographer) by extensions ['colcon_meta']
[0.553s] Level 1:colcon.colcon_core.package_identification:_identify(src/turtlebot3/turtlebot3/turtlebot3_cartographer) by extension 'colcon_meta'
[0.553s] Level 1:colcon.colcon_core.package_identification:_identify(src/turtlebot3/turtlebot3/turtlebot3_cartographer) by extensions ['ros']
[0.553s] Level 1:colcon.colcon_core.package_identification:_identify(src/turtlebot3/turtlebot3/turtlebot3_cartographer) by extension 'ros'
[0.554s] DEBUG:colcon.colcon_core.package_identification:Package 'src/turtlebot3/turtlebot3/turtlebot3_cartographer' with type 'ros.ament_cmake' and name 'turtlebot3_cartographer'
[0.554s] Level 1:colcon.colcon_core.package_identification:_identify(src/turtlebot3/turtlebot3/turtlebot3_description) by extensions ['ignore', 'ignore_ament_install']
[0.554s] Level 1:colcon.colcon_core.package_identification:_identify(src/turtlebot3/turtlebot3/turtlebot3_description) by extension 'ignore'
[0.554s] Level 1:colcon.colcon_core.package_identification:_identify(src/turtlebot3/turtlebot3/turtlebot3_description) by extension 'ignore_ament_install'
[0.554s] Level 1:colcon.colcon_core.package_identification:_identify(src/turtlebot3/turtlebot3/turtlebot3_description) by extensions ['colcon_pkg']
[0.554s] Level 1:colcon.colcon_core.package_identification:_identify(src/turtlebot3/turtlebot3/turtlebot3_description) by extension 'colcon_pkg'
[0.555s] Level 1:colcon.colcon_core.package_identification:_identify(src/turtlebot3/turtlebot3/turtlebot3_description) by extensions ['colcon_meta']
[0.555s] Level 1:colcon.colcon_core.package_identification:_identify(src/turtlebot3/turtlebot3/turtlebot3_description) by extension 'colcon_meta'
[0.555s] Level 1:colcon.colcon_core.package_identification:_identify(src/turtlebot3/turtlebot3/turtlebot3_description) by extensions ['ros']
[0.555s] Level 1:colcon.colcon_core.package_identification:_identify(src/turtlebot3/turtlebot3/turtlebot3_description) by extension 'ros'
[0.556s] DEBUG:colcon.colcon_core.package_identification:Package 'src/turtlebot3/turtlebot3/turtlebot3_description' with type 'ros.ament_cmake' and name 'turtlebot3_description'
[0.556s] Level 1:colcon.colcon_core.package_identification:_identify(src/turtlebot3/turtlebot3/turtlebot3_example) by extensions ['ignore', 'ignore_ament_install']
[0.556s] Level 1:colcon.colcon_core.package_identification:_identify(src/turtlebot3/turtlebot3/turtlebot3_example) by extension 'ignore'
[0.556s] Level 1:colcon.colcon_core.package_identification:_identify(src/turtlebot3/turtlebot3/turtlebot3_example) by extension 'ignore_ament_install'
[0.556s] Level 1:colcon.colcon_core.package_identification:_identify(src/turtlebot3/turtlebot3/turtlebot3_example) by extensions ['colcon_pkg']
[0.556s] Level 1:colcon.colcon_core.package_identification:_identify(src/turtlebot3/turtlebot3/turtlebot3_example) by extension 'colcon_pkg'
[0.557s] Level 1:colcon.colcon_core.package_identification:_identify(src/turtlebot3/turtlebot3/turtlebot3_example) by extensions ['colcon_meta']
[0.557s] Level 1:colcon.colcon_core.package_identification:_identify(src/turtlebot3/turtlebot3/turtlebot3_example) by extension 'colcon_meta'
[0.557s] Level 1:colcon.colcon_core.package_identification:_identify(src/turtlebot3/turtlebot3/turtlebot3_example) by extensions ['ros']
[0.557s] Level 1:colcon.colcon_core.package_identification:_identify(src/turtlebot3/turtlebot3/turtlebot3_example) by extension 'ros'
[0.558s] DEBUG:colcon.colcon_core.package_identification:Package 'src/turtlebot3/turtlebot3/turtlebot3_example' with type 'ros.ament_python' and name 'turtlebot3_example'
[0.558s] Level 1:colcon.colcon_core.package_identification:_identify(src/turtlebot3/turtlebot3/turtlebot3_navigation2) by extensions ['ignore', 'ignore_ament_install']
[0.559s] Level 1:colcon.colcon_core.package_identification:_identify(src/turtlebot3/turtlebot3/turtlebot3_navigation2) by extension 'ignore'
[0.559s] Level 1:colcon.colcon_core.package_identification:_identify(src/turtlebot3/turtlebot3/turtlebot3_navigation2) by extension 'ignore_ament_install'
[0.559s] Level 1:colcon.colcon_core.package_identification:_identify(src/turtlebot3/turtlebot3/turtlebot3_navigation2) by extensions ['colcon_pkg']
[0.559s] Level 1:colcon.colcon_core.package_identification:_identify(src/turtlebot3/turtlebot3/turtlebot3_navigation2) by extension 'colcon_pkg'
[0.559s] Level 1:colcon.colcon_core.package_identification:_identify(src/turtlebot3/turtlebot3/turtlebot3_navigation2) by extensions ['colcon_meta']
[0.559s] Level 1:colcon.colcon_core.package_identification:_identify(src/turtlebot3/turtlebot3/turtlebot3_navigation2) by extension 'colcon_meta'
[0.559s] Level 1:colcon.colcon_core.package_identification:_identify(src/turtlebot3/turtlebot3/turtlebot3_navigation2) by extensions ['ros']
[0.559s] Level 1:colcon.colcon_core.package_identification:_identify(src/turtlebot3/turtlebot3/turtlebot3_navigation2) by extension 'ros'
[0.560s] DEBUG:colcon.colcon_core.package_identification:Package 'src/turtlebot3/turtlebot3/turtlebot3_navigation2' with type 'ros.ament_cmake' and name 'turtlebot3_navigation2'
[0.560s] Level 1:colcon.colcon_core.package_identification:_identify(src/turtlebot3/turtlebot3/turtlebot3_node) by extensions ['ignore', 'ignore_ament_install']
[0.560s] Level 1:colcon.colcon_core.package_identification:_identify(src/turtlebot3/turtlebot3/turtlebot3_node) by extension 'ignore'
[0.561s] Level 1:colcon.colcon_core.package_identification:_identify(src/turtlebot3/turtlebot3/turtlebot3_node) by extension 'ignore_ament_install'
[0.561s] Level 1:colcon.colcon_core.package_identification:_identify(src/turtlebot3/turtlebot3/turtlebot3_node) by extensions ['colcon_pkg']
[0.561s] Level 1:colcon.colcon_core.package_identification:_identify(src/turtlebot3/turtlebot3/turtlebot3_node) by extension 'colcon_pkg'
[0.561s] Level 1:colcon.colcon_core.package_identification:_identify(src/turtlebot3/turtlebot3/turtlebot3_node) by extensions ['colcon_meta']
[0.561s] Level 1:colcon.colcon_core.package_identification:_identify(src/turtlebot3/turtlebot3/turtlebot3_node) by extension 'colcon_meta'
[0.561s] Level 1:colcon.colcon_core.package_identification:_identify(src/turtlebot3/turtlebot3/turtlebot3_node) by extensions ['ros']
[0.561s] Level 1:colcon.colcon_core.package_identification:_identify(src/turtlebot3/turtlebot3/turtlebot3_node) by extension 'ros'
[0.564s] DEBUG:colcon.colcon_core.package_identification:Package 'src/turtlebot3/turtlebot3/turtlebot3_node' with type 'ros.ament_cmake' and name 'turtlebot3_node'
[0.564s] Level 1:colcon.colcon_core.package_identification:_identify(src/turtlebot3/turtlebot3/turtlebot3_teleop) by extensions ['ignore', 'ignore_ament_install']
[0.564s] Level 1:colcon.colcon_core.package_identification:_identify(src/turtlebot3/turtlebot3/turtlebot3_teleop) by extension 'ignore'
[0.564s] Level 1:colcon.colcon_core.package_identification:_identify(src/turtlebot3/turtlebot3/turtlebot3_teleop) by extension 'ignore_ament_install'
[0.564s] Level 1:colcon.colcon_core.package_identification:_identify(src/turtlebot3/turtlebot3/turtlebot3_teleop) by extensions ['colcon_pkg']
[0.564s] Level 1:colcon.colcon_core.package_identification:_identify(src/turtlebot3/turtlebot3/turtlebot3_teleop) by extension 'colcon_pkg'
[0.564s] Level 1:colcon.colcon_core.package_identification:_identify(src/turtlebot3/turtlebot3/turtlebot3_teleop) by extensions ['colcon_meta']
[0.564s] Level 1:colcon.colcon_core.package_identification:_identify(src/turtlebot3/turtlebot3/turtlebot3_teleop) by extension 'colcon_meta'
[0.564s] Level 1:colcon.colcon_core.package_identification:_identify(src/turtlebot3/turtlebot3/turtlebot3_teleop) by extensions ['ros']
[0.565s] Level 1:colcon.colcon_core.package_identification:_identify(src/turtlebot3/turtlebot3/turtlebot3_teleop) by extension 'ros'
[0.565s] DEBUG:colcon.colcon_core.package_identification:Package 'src/turtlebot3/turtlebot3/turtlebot3_teleop' with type 'ros.ament_python' and name 'turtlebot3_teleop'
[0.566s] Level 1:colcon.colcon_core.package_identification:_identify(src/turtlebot3/turtlebot3_msgs) by extensions ['ignore', 'ignore_ament_install']
[0.566s] Level 1:colcon.colcon_core.package_identification:_identify(src/turtlebot3/turtlebot3_msgs) by extension 'ignore'
[0.566s] Level 1:colcon.colcon_core.package_identification:_identify(src/turtlebot3/turtlebot3_msgs) by extension 'ignore_ament_install'
[0.566s] Level 1:colcon.colcon_core.package_identification:_identify(src/turtlebot3/turtlebot3_msgs) by extensions ['colcon_pkg']
[0.566s] Level 1:colcon.colcon_core.package_identification:_identify(src/turtlebot3/turtlebot3_msgs) by extension 'colcon_pkg'
[0.566s] Level 1:colcon.colcon_core.package_identification:_identify(src/turtlebot3/turtlebot3_msgs) by extensions ['colcon_meta']
[0.566s] Level 1:colcon.colcon_core.package_identification:_identify(src/turtlebot3/turtlebot3_msgs) by extension 'colcon_meta'
[0.566s] Level 1:colcon.colcon_core.package_identification:_identify(src/turtlebot3/turtlebot3_msgs) by extensions ['ros']
[0.566s] Level 1:colcon.colcon_core.package_identification:_identify(src/turtlebot3/turtlebot3_msgs) by extension 'ros'
[0.568s] DEBUG:colcon.colcon_core.package_identification:Package 'src/turtlebot3/turtlebot3_msgs' with type 'ros.ament_cmake' and name 'turtlebot3_msgs'
[0.568s] Level 1:colcon.colcon_core.package_identification:_identify(src/turtlebot3/turtlebot3_simulations) by extensions ['ignore', 'ignore_ament_install']
[0.568s] Level 1:colcon.colcon_core.package_identification:_identify(src/turtlebot3/turtlebot3_simulations) by extension 'ignore'
[0.568s] Level 1:colcon.colcon_core.package_identification:_identify(src/turtlebot3/turtlebot3_simulations) by extension 'ignore_ament_install'
[0.568s] Level 1:colcon.colcon_core.package_identification:_identify(src/turtlebot3/turtlebot3_simulations) by extensions ['colcon_pkg']
[0.568s] Level 1:colcon.colcon_core.package_identification:_identify(src/turtlebot3/turtlebot3_simulations) by extension 'colcon_pkg'
[0.568s] Level 1:colcon.colcon_core.package_identification:_identify(src/turtlebot3/turtlebot3_simulations) by extensions ['colcon_meta']
[0.568s] Level 1:colcon.colcon_core.package_identification:_identify(src/turtlebot3/turtlebot3_simulations) by extension 'colcon_meta'
[0.568s] Level 1:colcon.colcon_core.package_identification:_identify(src/turtlebot3/turtlebot3_simulations) by extensions ['ros']
[0.568s] Level 1:colcon.colcon_core.package_identification:_identify(src/turtlebot3/turtlebot3_simulations) by extension 'ros'
[0.569s] Level 1:colcon.colcon_core.package_identification:_identify(src/turtlebot3/turtlebot3_simulations) by extensions ['cmake', 'python']
[0.569s] Level 1:colcon.colcon_core.package_identification:_identify(src/turtlebot3/turtlebot3_simulations) by extension 'cmake'
[0.569s] Level 1:colcon.colcon_core.package_identification:_identify(src/turtlebot3/turtlebot3_simulations) by extension 'python'
[0.569s] Level 1:colcon.colcon_core.package_identification:_identify(src/turtlebot3/turtlebot3_simulations) by extensions ['python_setup_py']
[0.569s] Level 1:colcon.colcon_core.package_identification:_identify(src/turtlebot3/turtlebot3_simulations) by extension 'python_setup_py'
[0.569s] Level 1:colcon.colcon_core.package_identification:_identify(src/turtlebot3/turtlebot3_simulations/turtlebot3_fake_node) by extensions ['ignore', 'ignore_ament_install']
[0.569s] Level 1:colcon.colcon_core.package_identification:_identify(src/turtlebot3/turtlebot3_simulations/turtlebot3_fake_node) by extension 'ignore'
[0.569s] Level 1:colcon.colcon_core.package_identification:_identify(src/turtlebot3/turtlebot3_simulations/turtlebot3_fake_node) by extension 'ignore_ament_install'
[0.569s] Level 1:colcon.colcon_core.package_identification:_identify(src/turtlebot3/turtlebot3_simulations/turtlebot3_fake_node) by extensions ['colcon_pkg']
[0.569s] Level 1:colcon.colcon_core.package_identification:_identify(src/turtlebot3/turtlebot3_simulations/turtlebot3_fake_node) by extension 'colcon_pkg'
[0.569s] Level 1:colcon.colcon_core.package_identification:_identify(src/turtlebot3/turtlebot3_simulations/turtlebot3_fake_node) by extensions ['colcon_meta']
[0.570s] Level 1:colcon.colcon_core.package_identification:_identify(src/turtlebot3/turtlebot3_simulations/turtlebot3_fake_node) by extension 'colcon_meta'
[0.570s] Level 1:colcon.colcon_core.package_identification:_identify(src/turtlebot3/turtlebot3_simulations/turtlebot3_fake_node) by extensions ['ros']
[0.570s] Level 1:colcon.colcon_core.package_identification:_identify(src/turtlebot3/turtlebot3_simulations/turtlebot3_fake_node) by extension 'ros'
[0.572s] DEBUG:colcon.colcon_core.package_identification:Package 'src/turtlebot3/turtlebot3_simulations/turtlebot3_fake_node' with type 'ros.ament_cmake' and name 'turtlebot3_fake_node'
[0.572s] Level 1:colcon.colcon_core.package_identification:_identify(src/turtlebot3/turtlebot3_simulations/turtlebot3_gazebo) by extensions ['ignore', 'ignore_ament_install']
[0.572s] Level 1:colcon.colcon_core.package_identification:_identify(src/turtlebot3/turtlebot3_simulations/turtlebot3_gazebo) by extension 'ignore'
[0.572s] Level 1:colcon.colcon_core.package_identification:_identify(src/turtlebot3/turtlebot3_simulations/turtlebot3_gazebo) by extension 'ignore_ament_install'
[0.572s] Level 1:colcon.colcon_core.package_identification:_identify(src/turtlebot3/turtlebot3_simulations/turtlebot3_gazebo) by extensions ['colcon_pkg']
[0.572s] Level 1:colcon.colcon_core.package_identification:_identify(src/turtlebot3/turtlebot3_simulations/turtlebot3_gazebo) by extension 'colcon_pkg'
[0.572s] Level 1:colcon.colcon_core.package_identification:_identify(src/turtlebot3/turtlebot3_simulations/turtlebot3_gazebo) by extensions ['colcon_meta']
[0.572s] Level 1:colcon.colcon_core.package_identification:_identify(src/turtlebot3/turtlebot3_simulations/turtlebot3_gazebo) by extension 'colcon_meta'
[0.572s] Level 1:colcon.colcon_core.package_identification:_identify(src/turtlebot3/turtlebot3_simulations/turtlebot3_gazebo) by extensions ['ros']
[0.573s] Level 1:colcon.colcon_core.package_identification:_identify(src/turtlebot3/turtlebot3_simulations/turtlebot3_gazebo) by extension 'ros'
[0.576s] DEBUG:colcon.colcon_core.package_identification:Package 'src/turtlebot3/turtlebot3_simulations/turtlebot3_gazebo' with type 'ros.ament_cmake' and name 'turtlebot3_gazebo'
[0.576s] Level 1:colcon.colcon_core.package_identification:_identify(src/turtlebot3/turtlebot3_simulations/turtlebot3_simulations) by extensions ['ignore', 'ignore_ament_install']
[0.576s] Level 1:colcon.colcon_core.package_identification:_identify(src/turtlebot3/turtlebot3_simulations/turtlebot3_simulations) by extension 'ignore'
[0.576s] Level 1:colcon.colcon_core.package_identification:_identify(src/turtlebot3/turtlebot3_simulations/turtlebot3_simulations) by extension 'ignore_ament_install'
[0.576s] Level 1:colcon.colcon_core.package_identification:_identify(src/turtlebot3/turtlebot3_simulations/turtlebot3_simulations) by extensions ['colcon_pkg']
[0.577s] Level 1:colcon.colcon_core.package_identification:_identify(src/turtlebot3/turtlebot3_simulations/turtlebot3_simulations) by extension 'colcon_pkg'
[0.577s] Level 1:colcon.colcon_core.package_identification:_identify(src/turtlebot3/turtlebot3_simulations/turtlebot3_simulations) by extensions ['colcon_meta']
[0.577s] Level 1:colcon.colcon_core.package_identification:_identify(src/turtlebot3/turtlebot3_simulations/turtlebot3_simulations) by extension 'colcon_meta'
[0.577s] Level 1:colcon.colcon_core.package_identification:_identify(src/turtlebot3/turtlebot3_simulations/turtlebot3_simulations) by extensions ['ros']
[0.577s] Level 1:colcon.colcon_core.package_identification:_identify(src/turtlebot3/turtlebot3_simulations/turtlebot3_simulations) by extension 'ros'
[0.578s] DEBUG:colcon.colcon_core.package_identification:Package 'src/turtlebot3/turtlebot3_simulations/turtlebot3_simulations' with type 'ros.ament_cmake' and name 'turtlebot3_simulations'
[0.578s] Level 1:colcon.colcon_core.package_identification:_identify(src/utils) by extensions ['ignore', 'ignore_ament_install']
[0.578s] Level 1:colcon.colcon_core.package_identification:_identify(src/utils) by extension 'ignore'
[0.578s] Level 1:colcon.colcon_core.package_identification:_identify(src/utils) by extension 'ignore_ament_install'
[0.578s] Level 1:colcon.colcon_core.package_identification:_identify(src/utils) by extensions ['colcon_pkg']
[0.578s] Level 1:colcon.colcon_core.package_identification:_identify(src/utils) by extension 'colcon_pkg'
[0.579s] Level 1:colcon.colcon_core.package_identification:_identify(src/utils) by extensions ['colcon_meta']
[0.579s] Level 1:colcon.colcon_core.package_identification:_identify(src/utils) by extension 'colcon_meta'
[0.579s] Level 1:colcon.colcon_core.package_identification:_identify(src/utils) by extensions ['ros']
[0.579s] Level 1:colcon.colcon_core.package_identification:_identify(src/utils) by extension 'ros'
[0.579s] Level 1:colcon.colcon_core.package_identification:_identify(src/utils) by extensions ['cmake', 'python']
[0.579s] Level 1:colcon.colcon_core.package_identification:_identify(src/utils) by extension 'cmake'
[0.579s] Level 1:colcon.colcon_core.package_identification:_identify(src/utils) by extension 'python'
[0.579s] Level 1:colcon.colcon_core.package_identification:_identify(src/utils) by extensions ['python_setup_py']
[0.579s] Level 1:colcon.colcon_core.package_identification:_identify(src/utils) by extension 'python_setup_py'
[0.579s] Level 1:colcon.colcon_core.package_identification:_identify(src/utils/DynamixelSDK) by extensions ['ignore', 'ignore_ament_install']
[0.579s] Level 1:colcon.colcon_core.package_identification:_identify(src/utils/DynamixelSDK) by extension 'ignore'
[0.580s] Level 1:colcon.colcon_core.package_identification:_identify(src/utils/DynamixelSDK) by extension 'ignore_ament_install'
[0.580s] Level 1:colcon.colcon_core.package_identification:_identify(src/utils/DynamixelSDK) by extensions ['colcon_pkg']
[0.580s] Level 1:colcon.colcon_core.package_identification:_identify(src/utils/DynamixelSDK) by extension 'colcon_pkg'
[0.580s] Level 1:colcon.colcon_core.package_identification:_identify(src/utils/DynamixelSDK) by extensions ['colcon_meta']
[0.580s] Level 1:colcon.colcon_core.package_identification:_identify(src/utils/DynamixelSDK) by extension 'colcon_meta'
[0.580s] Level 1:colcon.colcon_core.package_identification:_identify(src/utils/DynamixelSDK) by extensions ['ros']
[0.580s] Level 1:colcon.colcon_core.package_identification:_identify(src/utils/DynamixelSDK) by extension 'ros'
[0.580s] Level 1:colcon.colcon_core.package_identification:_identify(src/utils/DynamixelSDK) by extensions ['cmake', 'python']
[0.580s] Level 1:colcon.colcon_core.package_identification:_identify(src/utils/DynamixelSDK) by extension 'cmake'
[0.580s] Level 1:colcon.colcon_core.package_identification:_identify(src/utils/DynamixelSDK) by extension 'python'
[0.580s] Level 1:colcon.colcon_core.package_identification:_identify(src/utils/DynamixelSDK) by extensions ['python_setup_py']
[0.580s] Level 1:colcon.colcon_core.package_identification:_identify(src/utils/DynamixelSDK) by extension 'python_setup_py'
[0.580s] Level 1:colcon.colcon_core.package_identification:_identify(src/utils/DynamixelSDK/dynamixel_sdk) by extensions ['ignore', 'ignore_ament_install']
[0.581s] Level 1:colcon.colcon_core.package_identification:_identify(src/utils/DynamixelSDK/dynamixel_sdk) by extension 'ignore'
[0.581s] Level 1:colcon.colcon_core.package_identification:_identify(src/utils/DynamixelSDK/dynamixel_sdk) by extension 'ignore_ament_install'
[0.581s] Level 1:colcon.colcon_core.package_identification:_identify(src/utils/DynamixelSDK/dynamixel_sdk) by extensions ['colcon_pkg']
[0.581s] Level 1:colcon.colcon_core.package_identification:_identify(src/utils/DynamixelSDK/dynamixel_sdk) by extension 'colcon_pkg'
[0.581s] Level 1:colcon.colcon_core.package_identification:_identify(src/utils/DynamixelSDK/dynamixel_sdk) by extensions ['colcon_meta']
[0.581s] Level 1:colcon.colcon_core.package_identification:_identify(src/utils/DynamixelSDK/dynamixel_sdk) by extension 'colcon_meta'
[0.581s] Level 1:colcon.colcon_core.package_identification:_identify(src/utils/DynamixelSDK/dynamixel_sdk) by extensions ['ros']
[0.581s] Level 1:colcon.colcon_core.package_identification:_identify(src/utils/DynamixelSDK/dynamixel_sdk) by extension 'ros'
[0.582s] DEBUG:colcon.colcon_core.package_identification:Package 'src/utils/DynamixelSDK/dynamixel_sdk' with type 'ros.ament_cmake' and name 'dynamixel_sdk'
[0.582s] Level 1:colcon.colcon_core.package_identification:_identify(src/utils/DynamixelSDK/dynamixel_sdk_custom_interfaces) by extensions ['ignore', 'ignore_ament_install']
[0.582s] Level 1:colcon.colcon_core.package_identification:_identify(src/utils/DynamixelSDK/dynamixel_sdk_custom_interfaces) by extension 'ignore'
[0.583s] Level 1:colcon.colcon_core.package_identification:_identify(src/utils/DynamixelSDK/dynamixel_sdk_custom_interfaces) by extension 'ignore_ament_install'
[0.583s] Level 1:colcon.colcon_core.package_identification:_identify(src/utils/DynamixelSDK/dynamixel_sdk_custom_interfaces) by extensions ['colcon_pkg']
[0.583s] Level 1:colcon.colcon_core.package_identification:_identify(src/utils/DynamixelSDK/dynamixel_sdk_custom_interfaces) by extension 'colcon_pkg'
[0.583s] Level 1:colcon.colcon_core.package_identification:_identify(src/utils/DynamixelSDK/dynamixel_sdk_custom_interfaces) by extensions ['colcon_meta']
[0.583s] Level 1:colcon.colcon_core.package_identification:_identify(src/utils/DynamixelSDK/dynamixel_sdk_custom_interfaces) by extension 'colcon_meta'
[0.583s] Level 1:colcon.colcon_core.package_identification:_identify(src/utils/DynamixelSDK/dynamixel_sdk_custom_interfaces) by extensions ['ros']
[0.583s] Level 1:colcon.colcon_core.package_identification:_identify(src/utils/DynamixelSDK/dynamixel_sdk_custom_interfaces) by extension 'ros'
[0.584s] DEBUG:colcon.colcon_core.package_identification:Package 'src/utils/DynamixelSDK/dynamixel_sdk_custom_interfaces' with type 'ros.ament_cmake' and name 'dynamixel_sdk_custom_interfaces'
[0.584s] Level 1:colcon.colcon_core.package_identification:_identify(src/utils/DynamixelSDK/dynamixel_sdk_examples) by extensions ['ignore', 'ignore_ament_install']
[0.584s] Level 1:colcon.colcon_core.package_identification:_identify(src/utils/DynamixelSDK/dynamixel_sdk_examples) by extension 'ignore'
[0.584s] Level 1:colcon.colcon_core.package_identification:_identify(src/utils/DynamixelSDK/dynamixel_sdk_examples) by extension 'ignore_ament_install'
[0.585s] Level 1:colcon.colcon_core.package_identification:_identify(src/utils/DynamixelSDK/dynamixel_sdk_examples) by extensions ['colcon_pkg']
[0.585s] Level 1:colcon.colcon_core.package_identification:_identify(src/utils/DynamixelSDK/dynamixel_sdk_examples) by extension 'colcon_pkg'
[0.585s] Level 1:colcon.colcon_core.package_identification:_identify(src/utils/DynamixelSDK/dynamixel_sdk_examples) by extensions ['colcon_meta']
[0.585s] Level 1:colcon.colcon_core.package_identification:_identify(src/utils/DynamixelSDK/dynamixel_sdk_examples) by extension 'colcon_meta'
[0.585s] Level 1:colcon.colcon_core.package_identification:_identify(src/utils/DynamixelSDK/dynamixel_sdk_examples) by extensions ['ros']
[0.585s] Level 1:colcon.colcon_core.package_identification:_identify(src/utils/DynamixelSDK/dynamixel_sdk_examples) by extension 'ros'
[0.586s] DEBUG:colcon.colcon_core.package_identification:Package 'src/utils/DynamixelSDK/dynamixel_sdk_examples' with type 'ros.ament_cmake' and name 'dynamixel_sdk_examples'
[0.586s] Level 1:colcon.colcon_core.package_identification:_identify(src/utils/hls_lfcd_lds_driver) by extensions ['ignore', 'ignore_ament_install']
[0.587s] Level 1:colcon.colcon_core.package_identification:_identify(src/utils/hls_lfcd_lds_driver) by extension 'ignore'
[0.587s] Level 1:colcon.colcon_core.package_identification:_identify(src/utils/hls_lfcd_lds_driver) by extension 'ignore_ament_install'
[0.587s] Level 1:colcon.colcon_core.package_identification:_identify(src/utils/hls_lfcd_lds_driver) by extensions ['colcon_pkg']
[0.587s] Level 1:colcon.colcon_core.package_identification:_identify(src/utils/hls_lfcd_lds_driver) by extension 'colcon_pkg'
[0.587s] Level 1:colcon.colcon_core.package_identification:_identify(src/utils/hls_lfcd_lds_driver) by extensions ['colcon_meta']
[0.587s] Level 1:colcon.colcon_core.package_identification:_identify(src/utils/hls_lfcd_lds_driver) by extension 'colcon_meta'
[0.587s] Level 1:colcon.colcon_core.package_identification:_identify(src/utils/hls_lfcd_lds_driver) by extensions ['ros']
[0.587s] Level 1:colcon.colcon_core.package_identification:_identify(src/utils/hls_lfcd_lds_driver) by extension 'ros'
[0.601s] DEBUG:colcon.colcon_core.package_identification:Package 'src/utils/hls_lfcd_lds_driver' with type 'ros.ament_cmake' and name 'hls_lfcd_lds_driver'
[0.602s] Level 1:colcon.colcon_core.package_discovery:discover_packages(recursive) using defaults
[0.602s] Level 1:colcon.colcon_core.package_discovery:discover_packages(ignore) discover
[0.602s] Level 1:colcon.colcon_core.package_discovery:discover_packages(ignore) using defaults
[0.602s] Level 1:colcon.colcon_core.package_discovery:discover_packages(path) discover
[0.602s] Level 1:colcon.colcon_core.package_discovery:discover_packages(path) using defaults
[0.647s] Level 1:colcon.colcon_core.package_discovery:discover_packages(prefix_path) check parameters
[0.647s] Level 1:colcon.colcon_core.package_discovery:discover_packages(prefix_path) discover
[0.651s] DEBUG:colcon.colcon_installed_package_information.package_discovery:Found 17 installed packages in /home/hassan/ros-tuts/patrol_ws/install
[0.652s] DEBUG:colcon.colcon_installed_package_information.package_discovery:Found 1 installed packages in /home/hassan/rosbot_ws/install
[0.655s] DEBUG:colcon.colcon_installed_package_information.package_discovery:Found 363 installed packages in /opt/ros/humble
[0.659s] Level 1:colcon.colcon_core.package_discovery:discover_packages(prefix_path) using defaults
[0.740s] Level 5:colcon.colcon_core.verb:set package 'dynamixel_sdk' build argument 'cmake_args' from command line to 'None'
[0.740s] Level 5:colcon.colcon_core.verb:set package 'dynamixel_sdk' build argument 'cmake_target' from command line to 'None'
[0.740s] Level 5:colcon.colcon_core.verb:set package 'dynamixel_sdk' build argument 'cmake_target_skip_unavailable' from command line to 'False'
[0.740s] Level 5:colcon.colcon_core.verb:set package 'dynamixel_sdk' build argument 'cmake_clean_cache' from command line to 'False'
[0.740s] Level 5:colcon.colcon_core.verb:set package 'dynamixel_sdk' build argument 'cmake_clean_first' from command line to 'False'
[0.740s] Level 5:colcon.colcon_core.verb:set package 'dynamixel_sdk' build argument 'cmake_force_configure' from command line to 'False'
[0.740s] Level 5:colcon.colcon_core.verb:set package 'dynamixel_sdk' build argument 'ament_cmake_args' from command line to 'None'
[0.740s] Level 5:colcon.colcon_core.verb:set package 'dynamixel_sdk' build argument 'catkin_cmake_args' from command line to 'None'
[0.740s] Level 5:colcon.colcon_core.verb:set package 'dynamixel_sdk' build argument 'catkin_skip_building_tests' from command line to 'False'
[0.740s] DEBUG:colcon.colcon_core.verb:Building package 'dynamixel_sdk' with the following arguments: {'ament_cmake_args': None, 'build_base': '/home/hassan/ros-tuts/patrol_ws/build/dynamixel_sdk', 'catkin_cmake_args': None, 'catkin_skip_building_tests': False, 'cmake_args': None, 'cmake_clean_cache': False, 'cmake_clean_first': False, 'cmake_force_configure': False, 'cmake_target': None, 'cmake_target_skip_unavailable': False, 'install_base': '/home/hassan/ros-tuts/patrol_ws/install/dynamixel_sdk', 'merge_install': False, 'path': '/home/hassan/ros-tuts/patrol_ws/src/utils/DynamixelSDK/dynamixel_sdk', 'symlink_install': True, 'test_result_base': None}
[0.741s] Level 5:colcon.colcon_core.verb:set package 'dynamixel_sdk_custom_interfaces' build argument 'cmake_args' from command line to 'None'
[0.741s] Level 5:colcon.colcon_core.verb:set package 'dynamixel_sdk_custom_interfaces' build argument 'cmake_target' from command line to 'None'
[0.741s] Level 5:colcon.colcon_core.verb:set package 'dynamixel_sdk_custom_interfaces' build argument 'cmake_target_skip_unavailable' from command line to 'False'
[0.741s] Level 5:colcon.colcon_core.verb:set package 'dynamixel_sdk_custom_interfaces' build argument 'cmake_clean_cache' from command line to 'False'
[0.741s] Level 5:colcon.colcon_core.verb:set package 'dynamixel_sdk_custom_interfaces' build argument 'cmake_clean_first' from command line to 'False'
[0.741s] Level 5:colcon.colcon_core.verb:set package 'dynamixel_sdk_custom_interfaces' build argument 'cmake_force_configure' from command line to 'False'
[0.741s] Level 5:colcon.colcon_core.verb:set package 'dynamixel_sdk_custom_interfaces' build argument 'ament_cmake_args' from command line to 'None'
[0.741s] Level 5:colcon.colcon_core.verb:set package 'dynamixel_sdk_custom_interfaces' build argument 'catkin_cmake_args' from command line to 'None'
[0.741s] Level 5:colcon.colcon_core.verb:set package 'dynamixel_sdk_custom_interfaces' build argument 'catkin_skip_building_tests' from command line to 'False'
[0.741s] DEBUG:colcon.colcon_core.verb:Building package 'dynamixel_sdk_custom_interfaces' with the following arguments: {'ament_cmake_args': None, 'build_base': '/home/hassan/ros-tuts/patrol_ws/build/dynamixel_sdk_custom_interfaces', 'catkin_cmake_args': None, 'catkin_skip_building_tests': False, 'cmake_args': None, 'cmake_clean_cache': False, 'cmake_clean_first': False, 'cmake_force_configure': False, 'cmake_target': None, 'cmake_target_skip_unavailable': False, 'install_base': '/home/hassan/ros-tuts/patrol_ws/install/dynamixel_sdk_custom_interfaces', 'merge_install': False, 'path': '/home/hassan/ros-tuts/patrol_ws/src/utils/DynamixelSDK/dynamixel_sdk_custom_interfaces', 'symlink_install': True, 'test_result_base': None}
[0.742s] Level 5:colcon.colcon_core.verb:set package 'hls_lfcd_lds_driver' build argument 'cmake_args' from command line to 'None'
[0.742s] Level 5:colcon.colcon_core.verb:set package 'hls_lfcd_lds_driver' build argument 'cmake_target' from command line to 'None'
[0.742s] Level 5:colcon.colcon_core.verb:set package 'hls_lfcd_lds_driver' build argument 'cmake_target_skip_unavailable' from command line to 'False'
[0.742s] Level 5:colcon.colcon_core.verb:set package 'hls_lfcd_lds_driver' build argument 'cmake_clean_cache' from command line to 'False'
[0.742s] Level 5:colcon.colcon_core.verb:set package 'hls_lfcd_lds_driver' build argument 'cmake_clean_first' from command line to 'False'
[0.742s] Level 5:colcon.colcon_core.verb:set package 'hls_lfcd_lds_driver' build argument 'cmake_force_configure' from command line to 'False'
[0.742s] Level 5:colcon.colcon_core.verb:set package 'hls_lfcd_lds_driver' build argument 'ament_cmake_args' from command line to 'None'
[0.742s] Level 5:colcon.colcon_core.verb:set package 'hls_lfcd_lds_driver' build argument 'catkin_cmake_args' from command line to 'None'
[0.742s] Level 5:colcon.colcon_core.verb:set package 'hls_lfcd_lds_driver' build argument 'catkin_skip_building_tests' from command line to 'False'
[0.742s] DEBUG:colcon.colcon_core.verb:Building package 'hls_lfcd_lds_driver' with the following arguments: {'ament_cmake_args': None, 'build_base': '/home/hassan/ros-tuts/patrol_ws/build/hls_lfcd_lds_driver', 'catkin_cmake_args': None, 'catkin_skip_building_tests': False, 'cmake_args': None, 'cmake_clean_cache': False, 'cmake_clean_first': False, 'cmake_force_configure': False, 'cmake_target': None, 'cmake_target_skip_unavailable': False, 'install_base': '/home/hassan/ros-tuts/patrol_ws/install/hls_lfcd_lds_driver', 'merge_install': False, 'path': '/home/hassan/ros-tuts/patrol_ws/src/utils/hls_lfcd_lds_driver', 'symlink_install': True, 'test_result_base': None}
[0.743s] Level 5:colcon.colcon_core.verb:set package 'tb3_sim' build argument 'cmake_args' from command line to 'None'
[0.743s] Level 5:colcon.colcon_core.verb:set package 'tb3_sim' build argument 'cmake_target' from command line to 'None'
[0.743s] Level 5:colcon.colcon_core.verb:set package 'tb3_sim' build argument 'cmake_target_skip_unavailable' from command line to 'False'
[0.743s] Level 5:colcon.colcon_core.verb:set package 'tb3_sim' build argument 'cmake_clean_cache' from command line to 'False'
[0.743s] Level 5:colcon.colcon_core.verb:set package 'tb3_sim' build argument 'cmake_clean_first' from command line to 'False'
[0.743s] Level 5:colcon.colcon_core.verb:set package 'tb3_sim' build argument 'cmake_force_configure' from command line to 'False'
[0.743s] Level 5:colcon.colcon_core.verb:set package 'tb3_sim' build argument 'ament_cmake_args' from command line to 'None'
[0.743s] Level 5:colcon.colcon_core.verb:set package 'tb3_sim' build argument 'catkin_cmake_args' from command line to 'None'
[0.743s] Level 5:colcon.colcon_core.verb:set package 'tb3_sim' build argument 'catkin_skip_building_tests' from command line to 'False'
[0.743s] DEBUG:colcon.colcon_core.verb:Building package 'tb3_sim' with the following arguments: {'ament_cmake_args': None, 'build_base': '/home/hassan/ros-tuts/patrol_ws/build/tb3_sim', 'catkin_cmake_args': None, 'catkin_skip_building_tests': False, 'cmake_args': None, 'cmake_clean_cache': False, 'cmake_clean_first': False, 'cmake_force_configure': False, 'cmake_target': None, 'cmake_target_skip_unavailable': False, 'install_base': '/home/hassan/ros-tuts/patrol_ws/install/tb3_sim', 'merge_install': False, 'path': '/home/hassan/ros-tuts/patrol_ws/src/tb3_sim', 'symlink_install': True, 'test_result_base': None}
[0.744s] Level 5:colcon.colcon_core.verb:set package 'turtlebot3_cartographer' build argument 'cmake_args' from command line to 'None'
[0.744s] Level 5:colcon.colcon_core.verb:set package 'turtlebot3_cartographer' build argument 'cmake_target' from command line to 'None'
[0.744s] Level 5:colcon.colcon_core.verb:set package 'turtlebot3_cartographer' build argument 'cmake_target_skip_unavailable' from command line to 'False'
[0.744s] Level 5:colcon.colcon_core.verb:set package 'turtlebot3_cartographer' build argument 'cmake_clean_cache' from command line to 'False'
[0.744s] Level 5:colcon.colcon_core.verb:set package 'turtlebot3_cartographer' build argument 'cmake_clean_first' from command line to 'False'
[0.744s] Level 5:colcon.colcon_core.verb:set package 'turtlebot3_cartographer' build argument 'cmake_force_configure' from command line to 'False'
[0.744s] Level 5:colcon.colcon_core.verb:set package 'turtlebot3_cartographer' build argument 'ament_cmake_args' from command line to 'None'
[0.744s] Level 5:colcon.colcon_core.verb:set package 'turtlebot3_cartographer' build argument 'catkin_cmake_args' from command line to 'None'
[0.744s] Level 5:colcon.colcon_core.verb:set package 'turtlebot3_cartographer' build argument 'catkin_skip_building_tests' from command line to 'False'
[0.744s] DEBUG:colcon.colcon_core.verb:Building package 'turtlebot3_cartographer' with the following arguments: {'ament_cmake_args': None, 'build_base': '/home/hassan/ros-tuts/patrol_ws/build/turtlebot3_cartographer', 'catkin_cmake_args': None, 'catkin_skip_building_tests': False, 'cmake_args': None, 'cmake_clean_cache': False, 'cmake_clean_first': False, 'cmake_force_configure': False, 'cmake_target': None, 'cmake_target_skip_unavailable': False, 'install_base': '/home/hassan/ros-tuts/patrol_ws/install/turtlebot3_cartographer', 'merge_install': False, 'path': '/home/hassan/ros-tuts/patrol_ws/src/turtlebot3/turtlebot3/turtlebot3_cartographer', 'symlink_install': True, 'test_result_base': None}
[0.745s] Level 5:colcon.colcon_core.verb:set package 'turtlebot3_description' build argument 'cmake_args' from command line to 'None'
[0.745s] Level 5:colcon.colcon_core.verb:set package 'turtlebot3_description' build argument 'cmake_target' from command line to 'None'
[0.745s] Level 5:colcon.colcon_core.verb:set package 'turtlebot3_description' build argument 'cmake_target_skip_unavailable' from command line to 'False'
[0.745s] Level 5:colcon.colcon_core.verb:set package 'turtlebot3_description' build argument 'cmake_clean_cache' from command line to 'False'
[0.745s] Level 5:colcon.colcon_core.verb:set package 'turtlebot3_description' build argument 'cmake_clean_first' from command line to 'False'
[0.745s] Level 5:colcon.colcon_core.verb:set package 'turtlebot3_description' build argument 'cmake_force_configure' from command line to 'False'
[0.745s] Level 5:colcon.colcon_core.verb:set package 'turtlebot3_description' build argument 'ament_cmake_args' from command line to 'None'
[0.745s] Level 5:colcon.colcon_core.verb:set package 'turtlebot3_description' build argument 'catkin_cmake_args' from command line to 'None'
[0.745s] Level 5:colcon.colcon_core.verb:set package 'turtlebot3_description' build argument 'catkin_skip_building_tests' from command line to 'False'
[0.745s] DEBUG:colcon.colcon_core.verb:Building package 'turtlebot3_description' with the following arguments: {'ament_cmake_args': None, 'build_base': '/home/hassan/ros-tuts/patrol_ws/build/turtlebot3_description', 'catkin_cmake_args': None, 'catkin_skip_building_tests': False, 'cmake_args': None, 'cmake_clean_cache': False, 'cmake_clean_first': False, 'cmake_force_configure': False, 'cmake_target': None, 'cmake_target_skip_unavailable': False, 'install_base': '/home/hassan/ros-tuts/patrol_ws/install/turtlebot3_description', 'merge_install': False, 'path': '/home/hassan/ros-tuts/patrol_ws/src/turtlebot3/turtlebot3/turtlebot3_description', 'symlink_install': True, 'test_result_base': None}
[0.746s] Level 5:colcon.colcon_core.verb:set package 'turtlebot3_gazebo' build argument 'cmake_args' from command line to 'None'
[0.746s] Level 5:colcon.colcon_core.verb:set package 'turtlebot3_gazebo' build argument 'cmake_target' from command line to 'None'
[0.746s] Level 5:colcon.colcon_core.verb:set package 'turtlebot3_gazebo' build argument 'cmake_target_skip_unavailable' from command line to 'False'
[0.746s] Level 5:colcon.colcon_core.verb:set package 'turtlebot3_gazebo' build argument 'cmake_clean_cache' from command line to 'False'
[0.746s] Level 5:colcon.colcon_core.verb:set package 'turtlebot3_gazebo' build argument 'cmake_clean_first' from command line to 'False'
[0.746s] Level 5:colcon.colcon_core.verb:set package 'turtlebot3_gazebo' build argument 'cmake_force_configure' from command line to 'False'
[0.746s] Level 5:colcon.colcon_core.verb:set package 'turtlebot3_gazebo' build argument 'ament_cmake_args' from command line to 'None'
[0.746s] Level 5:colcon.colcon_core.verb:set package 'turtlebot3_gazebo' build argument 'catkin_cmake_args' from command line to 'None'
[0.746s] Level 5:colcon.colcon_core.verb:set package 'turtlebot3_gazebo' build argument 'catkin_skip_building_tests' from command line to 'False'
[0.746s] DEBUG:colcon.colcon_core.verb:Building package 'turtlebot3_gazebo' with the following arguments: {'ament_cmake_args': None, 'build_base': '/home/hassan/ros-tuts/patrol_ws/build/turtlebot3_gazebo', 'catkin_cmake_args': None, 'catkin_skip_building_tests': False, 'cmake_args': None, 'cmake_clean_cache': False, 'cmake_clean_first': False, 'cmake_force_configure': False, 'cmake_target': None, 'cmake_target_skip_unavailable': False, 'install_base': '/home/hassan/ros-tuts/patrol_ws/install/turtlebot3_gazebo', 'merge_install': False, 'path': '/home/hassan/ros-tuts/patrol_ws/src/turtlebot3/turtlebot3_simulations/turtlebot3_gazebo', 'symlink_install': True, 'test_result_base': None}
[0.747s] Level 5:colcon.colcon_core.verb:set package 'turtlebot3_msgs' build argument 'cmake_args' from command line to 'None'
[0.747s] Level 5:colcon.colcon_core.verb:set package 'turtlebot3_msgs' build argument 'cmake_target' from command line to 'None'
[0.747s] Level 5:colcon.colcon_core.verb:set package 'turtlebot3_msgs' build argument 'cmake_target_skip_unavailable' from command line to 'False'
[0.747s] Level 5:colcon.colcon_core.verb:set package 'turtlebot3_msgs' build argument 'cmake_clean_cache' from command line to 'False'
[0.747s] Level 5:colcon.colcon_core.verb:set package 'turtlebot3_msgs' build argument 'cmake_clean_first' from command line to 'False'
[0.747s] Level 5:colcon.colcon_core.verb:set package 'turtlebot3_msgs' build argument 'cmake_force_configure' from command line to 'False'
[0.747s] Level 5:colcon.colcon_core.verb:set package 'turtlebot3_msgs' build argument 'ament_cmake_args' from command line to 'None'
[0.747s] Level 5:colcon.colcon_core.verb:set package 'turtlebot3_msgs' build argument 'catkin_cmake_args' from command line to 'None'
[0.747s] Level 5:colcon.colcon_core.verb:set package 'turtlebot3_msgs' build argument 'catkin_skip_building_tests' from command line to 'False'
[0.747s] DEBUG:colcon.colcon_core.verb:Building package 'turtlebot3_msgs' with the following arguments: {'ament_cmake_args': None, 'build_base': '/home/hassan/ros-tuts/patrol_ws/build/turtlebot3_msgs', 'catkin_cmake_args': None, 'catkin_skip_building_tests': False, 'cmake_args': None, 'cmake_clean_cache': False, 'cmake_clean_first': False, 'cmake_force_configure': False, 'cmake_target': None, 'cmake_target_skip_unavailable': False, 'install_base': '/home/hassan/ros-tuts/patrol_ws/install/turtlebot3_msgs', 'merge_install': False, 'path': '/home/hassan/ros-tuts/patrol_ws/src/turtlebot3/turtlebot3_msgs', 'symlink_install': True, 'test_result_base': None}
[0.748s] Level 5:colcon.colcon_core.verb:set package 'turtlebot3_navigation2' build argument 'cmake_args' from command line to 'None'
[0.748s] Level 5:colcon.colcon_core.verb:set package 'turtlebot3_navigation2' build argument 'cmake_target' from command line to 'None'
[0.748s] Level 5:colcon.colcon_core.verb:set package 'turtlebot3_navigation2' build argument 'cmake_target_skip_unavailable' from command line to 'False'
[0.748s] Level 5:colcon.colcon_core.verb:set package 'turtlebot3_navigation2' build argument 'cmake_clean_cache' from command line to 'False'
[0.748s] Level 5:colcon.colcon_core.verb:set package 'turtlebot3_navigation2' build argument 'cmake_clean_first' from command line to 'False'
[0.748s] Level 5:colcon.colcon_core.verb:set package 'turtlebot3_navigation2' build argument 'cmake_force_configure' from command line to 'False'
[0.748s] Level 5:colcon.colcon_core.verb:set package 'turtlebot3_navigation2' build argument 'ament_cmake_args' from command line to 'None'
[0.748s] Level 5:colcon.colcon_core.verb:set package 'turtlebot3_navigation2' build argument 'catkin_cmake_args' from command line to 'None'
[0.748s] Level 5:colcon.colcon_core.verb:set package 'turtlebot3_navigation2' build argument 'catkin_skip_building_tests' from command line to 'False'
[0.748s] DEBUG:colcon.colcon_core.verb:Building package 'turtlebot3_navigation2' with the following arguments: {'ament_cmake_args': None, 'build_base': '/home/hassan/ros-tuts/patrol_ws/build/turtlebot3_navigation2', 'catkin_cmake_args': None, 'catkin_skip_building_tests': False, 'cmake_args': None, 'cmake_clean_cache': False, 'cmake_clean_first': False, 'cmake_force_configure': False, 'cmake_target': None, 'cmake_target_skip_unavailable': False, 'install_base': '/home/hassan/ros-tuts/patrol_ws/install/turtlebot3_navigation2', 'merge_install': False, 'path': '/home/hassan/ros-tuts/patrol_ws/src/turtlebot3/turtlebot3/turtlebot3_navigation2', 'symlink_install': True, 'test_result_base': None}
[0.749s] Level 5:colcon.colcon_core.verb:set package 'turtlebot3_teleop' build argument 'cmake_args' from command line to 'None'
[0.749s] Level 5:colcon.colcon_core.verb:set package 'turtlebot3_teleop' build argument 'cmake_target' from command line to 'None'
[0.749s] Level 5:colcon.colcon_core.verb:set package 'turtlebot3_teleop' build argument 'cmake_target_skip_unavailable' from command line to 'False'
[0.749s] Level 5:colcon.colcon_core.verb:set package 'turtlebot3_teleop' build argument 'cmake_clean_cache' from command line to 'False'
[0.749s] Level 5:colcon.colcon_core.verb:set package 'turtlebot3_teleop' build argument 'cmake_clean_first' from command line to 'False'
[0.749s] Level 5:colcon.colcon_core.verb:set package 'turtlebot3_teleop' build argument 'cmake_force_configure' from command line to 'False'
[0.749s] Level 5:colcon.colcon_core.verb:set package 'turtlebot3_teleop' build argument 'ament_cmake_args' from command line to 'None'
[0.749s] Level 5:colcon.colcon_core.verb:set package 'turtlebot3_teleop' build argument 'catkin_cmake_args' from command line to 'None'
[0.749s] Level 5:colcon.colcon_core.verb:set package 'turtlebot3_teleop' build argument 'catkin_skip_building_tests' from command line to 'False'
[0.749s] DEBUG:colcon.colcon_core.verb:Building package 'turtlebot3_teleop' with the following arguments: {'ament_cmake_args': None, 'build_base': '/home/hassan/ros-tuts/patrol_ws/build/turtlebot3_teleop', 'catkin_cmake_args': None, 'catkin_skip_building_tests': False, 'cmake_args': None, 'cmake_clean_cache': False, 'cmake_clean_first': False, 'cmake_force_configure': False, 'cmake_target': None, 'cmake_target_skip_unavailable': False, 'install_base': '/home/hassan/ros-tuts/patrol_ws/install/turtlebot3_teleop', 'merge_install': False, 'path': '/home/hassan/ros-tuts/patrol_ws/src/turtlebot3/turtlebot3/turtlebot3_teleop', 'symlink_install': True, 'test_result_base': None}
[0.750s] Level 5:colcon.colcon_core.verb:set package 'dynamixel_sdk_examples' build argument 'cmake_args' from command line to 'None'
[0.750s] Level 5:colcon.colcon_core.verb:set package 'dynamixel_sdk_examples' build argument 'cmake_target' from command line to 'None'
[0.750s] Level 5:colcon.colcon_core.verb:set package 'dynamixel_sdk_examples' build argument 'cmake_target_skip_unavailable' from command line to 'False'
[0.750s] Level 5:colcon.colcon_core.verb:set package 'dynamixel_sdk_examples' build argument 'cmake_clean_cache' from command line to 'False'
[0.750s] Level 5:colcon.colcon_core.verb:set package 'dynamixel_sdk_examples' build argument 'cmake_clean_first' from command line to 'False'
[0.750s] Level 5:colcon.colcon_core.verb:set package 'dynamixel_sdk_examples' build argument 'cmake_force_configure' from command line to 'False'
[0.750s] Level 5:colcon.colcon_core.verb:set package 'dynamixel_sdk_examples' build argument 'ament_cmake_args' from command line to 'None'
[0.750s] Level 5:colcon.colcon_core.verb:set package 'dynamixel_sdk_examples' build argument 'catkin_cmake_args' from command line to 'None'
[0.750s] Level 5:colcon.colcon_core.verb:set package 'dynamixel_sdk_examples' build argument 'catkin_skip_building_tests' from command line to 'False'
[0.750s] DEBUG:colcon.colcon_core.verb:Building package 'dynamixel_sdk_examples' with the following arguments: {'ament_cmake_args': None, 'build_base': '/home/hassan/ros-tuts/patrol_ws/build/dynamixel_sdk_examples', 'catkin_cmake_args': None, 'catkin_skip_building_tests': False, 'cmake_args': None, 'cmake_clean_cache': False, 'cmake_clean_first': False, 'cmake_force_configure': False, 'cmake_target': None, 'cmake_target_skip_unavailable': False, 'install_base': '/home/hassan/ros-tuts/patrol_ws/install/dynamixel_sdk_examples', 'merge_install': False, 'path': '/home/hassan/ros-tuts/patrol_ws/src/utils/DynamixelSDK/dynamixel_sdk_examples', 'symlink_install': True, 'test_result_base': None}
[0.751s] Level 5:colcon.colcon_core.verb:set package 'turtlebot3_example' build argument 'cmake_args' from command line to 'None'
[0.751s] Level 5:colcon.colcon_core.verb:set package 'turtlebot3_example' build argument 'cmake_target' from command line to 'None'
[0.751s] Level 5:colcon.colcon_core.verb:set package 'turtlebot3_example' build argument 'cmake_target_skip_unavailable' from command line to 'False'
[0.751s] Level 5:colcon.colcon_core.verb:set package 'turtlebot3_example' build argument 'cmake_clean_cache' from command line to 'False'
[0.751s] Level 5:colcon.colcon_core.verb:set package 'turtlebot3_example' build argument 'cmake_clean_first' from command line to 'False'
[0.751s] Level 5:colcon.colcon_core.verb:set package 'turtlebot3_example' build argument 'cmake_force_configure' from command line to 'False'
[0.751s] Level 5:colcon.colcon_core.verb:set package 'turtlebot3_example' build argument 'ament_cmake_args' from command line to 'None'
[0.751s] Level 5:colcon.colcon_core.verb:set package 'turtlebot3_example' build argument 'catkin_cmake_args' from command line to 'None'
[0.751s] Level 5:colcon.colcon_core.verb:set package 'turtlebot3_example' build argument 'catkin_skip_building_tests' from command line to 'False'
[0.751s] DEBUG:colcon.colcon_core.verb:Building package 'turtlebot3_example' with the following arguments: {'ament_cmake_args': None, 'build_base': '/home/hassan/ros-tuts/patrol_ws/build/turtlebot3_example', 'catkin_cmake_args': None, 'catkin_skip_building_tests': False, 'cmake_args': None, 'cmake_clean_cache': False, 'cmake_clean_first': False, 'cmake_force_configure': False, 'cmake_target': None, 'cmake_target_skip_unavailable': False, 'install_base': '/home/hassan/ros-tuts/patrol_ws/install/turtlebot3_example', 'merge_install': False, 'path': '/home/hassan/ros-tuts/patrol_ws/src/turtlebot3/turtlebot3/turtlebot3_example', 'symlink_install': True, 'test_result_base': None}
[0.752s] Level 5:colcon.colcon_core.verb:set package 'turtlebot3_fake_node' build argument 'cmake_args' from command line to 'None'
[0.752s] Level 5:colcon.colcon_core.verb:set package 'turtlebot3_fake_node' build argument 'cmake_target' from command line to 'None'
[0.752s] Level 5:colcon.colcon_core.verb:set package 'turtlebot3_fake_node' build argument 'cmake_target_skip_unavailable' from command line to 'False'
[0.752s] Level 5:colcon.colcon_core.verb:set package 'turtlebot3_fake_node' build argument 'cmake_clean_cache' from command line to 'False'
[0.752s] Level 5:colcon.colcon_core.verb:set package 'turtlebot3_fake_node' build argument 'cmake_clean_first' from command line to 'False'
[0.752s] Level 5:colcon.colcon_core.verb:set package 'turtlebot3_fake_node' build argument 'cmake_force_configure' from command line to 'False'
[0.752s] Level 5:colcon.colcon_core.verb:set package 'turtlebot3_fake_node' build argument 'ament_cmake_args' from command line to 'None'
[0.752s] Level 5:colcon.colcon_core.verb:set package 'turtlebot3_fake_node' build argument 'catkin_cmake_args' from command line to 'None'
[0.752s] Level 5:colcon.colcon_core.verb:set package 'turtlebot3_fake_node' build argument 'catkin_skip_building_tests' from command line to 'False'
[0.752s] DEBUG:colcon.colcon_core.verb:Building package 'turtlebot3_fake_node' with the following arguments: {'ament_cmake_args': None, 'build_base': '/home/hassan/ros-tuts/patrol_ws/build/turtlebot3_fake_node', 'catkin_cmake_args': None, 'catkin_skip_building_tests': False, 'cmake_args': None, 'cmake_clean_cache': False, 'cmake_clean_first': False, 'cmake_force_configure': False, 'cmake_target': None, 'cmake_target_skip_unavailable': False, 'install_base': '/home/hassan/ros-tuts/patrol_ws/install/turtlebot3_fake_node', 'merge_install': False, 'path': '/home/hassan/ros-tuts/patrol_ws/src/turtlebot3/turtlebot3_simulations/turtlebot3_fake_node', 'symlink_install': True, 'test_result_base': None}
[0.753s] Level 5:colcon.colcon_core.verb:set package 'turtlebot3_node' build argument 'cmake_args' from command line to 'None'
[0.753s] Level 5:colcon.colcon_core.verb:set package 'turtlebot3_node' build argument 'cmake_target' from command line to 'None'
[0.753s] Level 5:colcon.colcon_core.verb:set package 'turtlebot3_node' build argument 'cmake_target_skip_unavailable' from command line to 'False'
[0.753s] Level 5:colcon.colcon_core.verb:set package 'turtlebot3_node' build argument 'cmake_clean_cache' from command line to 'False'
[0.753s] Level 5:colcon.colcon_core.verb:set package 'turtlebot3_node' build argument 'cmake_clean_first' from command line to 'False'
[0.753s] Level 5:colcon.colcon_core.verb:set package 'turtlebot3_node' build argument 'cmake_force_configure' from command line to 'False'
[0.753s] Level 5:colcon.colcon_core.verb:set package 'turtlebot3_node' build argument 'ament_cmake_args' from command line to 'None'
[0.753s] Level 5:colcon.colcon_core.verb:set package 'turtlebot3_node' build argument 'catkin_cmake_args' from command line to 'None'
[0.753s] Level 5:colcon.colcon_core.verb:set package 'turtlebot3_node' build argument 'catkin_skip_building_tests' from command line to 'False'
[0.753s] DEBUG:colcon.colcon_core.verb:Building package 'turtlebot3_node' with the following arguments: {'ament_cmake_args': None, 'build_base': '/home/hassan/ros-tuts/patrol_ws/build/turtlebot3_node', 'catkin_cmake_args': None, 'catkin_skip_building_tests': False, 'cmake_args': None, 'cmake_clean_cache': False, 'cmake_clean_first': False, 'cmake_force_configure': False, 'cmake_target': None, 'cmake_target_skip_unavailable': False, 'install_base': '/home/hassan/ros-tuts/patrol_ws/install/turtlebot3_node', 'merge_install': False, 'path': '/home/hassan/ros-tuts/patrol_ws/src/turtlebot3/turtlebot3/turtlebot3_node', 'symlink_install': True, 'test_result_base': None}
[0.754s] Level 5:colcon.colcon_core.verb:set package 'turtlebot3_bringup' build argument 'cmake_args' from command line to 'None'
[0.754s] Level 5:colcon.colcon_core.verb:set package 'turtlebot3_bringup' build argument 'cmake_target' from command line to 'None'
[0.754s] Level 5:colcon.colcon_core.verb:set package 'turtlebot3_bringup' build argument 'cmake_target_skip_unavailable' from command line to 'False'
[0.754s] Level 5:colcon.colcon_core.verb:set package 'turtlebot3_bringup' build argument 'cmake_clean_cache' from command line to 'False'
[0.754s] Level 5:colcon.colcon_core.verb:set package 'turtlebot3_bringup' build argument 'cmake_clean_first' from command line to 'False'
[0.754s] Level 5:colcon.colcon_core.verb:set package 'turtlebot3_bringup' build argument 'cmake_force_configure' from command line to 'False'
[0.754s] Level 5:colcon.colcon_core.verb:set package 'turtlebot3_bringup' build argument 'ament_cmake_args' from command line to 'None'
[0.754s] Level 5:colcon.colcon_core.verb:set package 'turtlebot3_bringup' build argument 'catkin_cmake_args' from command line to 'None'
[0.754s] Level 5:colcon.colcon_core.verb:set package 'turtlebot3_bringup' build argument 'catkin_skip_building_tests' from command line to 'False'
[0.754s] DEBUG:colcon.colcon_core.verb:Building package 'turtlebot3_bringup' with the following arguments: {'ament_cmake_args': None, 'build_base': '/home/hassan/ros-tuts/patrol_ws/build/turtlebot3_bringup', 'catkin_cmake_args': None, 'catkin_skip_building_tests': False, 'cmake_args': None, 'cmake_clean_cache': False, 'cmake_clean_first': False, 'cmake_force_configure': False, 'cmake_target': None, 'cmake_target_skip_unavailable': False, 'install_base': '/home/hassan/ros-tuts/patrol_ws/install/turtlebot3_bringup', 'merge_install': False, 'path': '/home/hassan/ros-tuts/patrol_ws/src/turtlebot3/turtlebot3/turtlebot3_bringup', 'symlink_install': True, 'test_result_base': None}
[0.755s] Level 5:colcon.colcon_core.verb:set package 'turtlebot3_simulations' build argument 'cmake_args' from command line to 'None'
[0.755s] Level 5:colcon.colcon_core.verb:set package 'turtlebot3_simulations' build argument 'cmake_target' from command line to 'None'
[0.755s] Level 5:colcon.colcon_core.verb:set package 'turtlebot3_simulations' build argument 'cmake_target_skip_unavailable' from command line to 'False'
[0.755s] Level 5:colcon.colcon_core.verb:set package 'turtlebot3_simulations' build argument 'cmake_clean_cache' from command line to 'False'
[0.755s] Level 5:colcon.colcon_core.verb:set package 'turtlebot3_simulations' build argument 'cmake_clean_first' from command line to 'False'
[0.755s] Level 5:colcon.colcon_core.verb:set package 'turtlebot3_simulations' build argument 'cmake_force_configure' from command line to 'False'
[0.755s] Level 5:colcon.colcon_core.verb:set package 'turtlebot3_simulations' build argument 'ament_cmake_args' from command line to 'None'
[0.755s] Level 5:colcon.colcon_core.verb:set package 'turtlebot3_simulations' build argument 'catkin_cmake_args' from command line to 'None'
[0.755s] Level 5:colcon.colcon_core.verb:set package 'turtlebot3_simulations' build argument 'catkin_skip_building_tests' from command line to 'False'
[0.755s] DEBUG:colcon.colcon_core.verb:Building package 'turtlebot3_simulations' with the following arguments: {'ament_cmake_args': None, 'build_base': '/home/hassan/ros-tuts/patrol_ws/build/turtlebot3_simulations', 'catkin_cmake_args': None, 'catkin_skip_building_tests': False, 'cmake_args': None, 'cmake_clean_cache': False, 'cmake_clean_first': False, 'cmake_force_configure': False, 'cmake_target': None, 'cmake_target_skip_unavailable': False, 'install_base': '/home/hassan/ros-tuts/patrol_ws/install/turtlebot3_simulations', 'merge_install': False, 'path': '/home/hassan/ros-tuts/patrol_ws/src/turtlebot3/turtlebot3_simulations/turtlebot3_simulations', 'symlink_install': True, 'test_result_base': None}
[0.756s] Level 5:colcon.colcon_core.verb:set package 'turtlebot3' build argument 'cmake_args' from command line to 'None'
[0.756s] Level 5:colcon.colcon_core.verb:set package 'turtlebot3' build argument 'cmake_target' from command line to 'None'
[0.756s] Level 5:colcon.colcon_core.verb:set package 'turtlebot3' build argument 'cmake_target_skip_unavailable' from command line to 'False'
[0.756s] Level 5:colcon.colcon_core.verb:set package 'turtlebot3' build argument 'cmake_clean_cache' from command line to 'False'
[0.756s] Level 5:colcon.colcon_core.verb:set package 'turtlebot3' build argument 'cmake_clean_first' from command line to 'False'
[0.756s] Level 5:colcon.colcon_core.verb:set package 'turtlebot3' build argument 'cmake_force_configure' from command line to 'False'
[0.756s] Level 5:colcon.colcon_core.verb:set package 'turtlebot3' build argument 'ament_cmake_args' from command line to 'None'
[0.756s] Level 5:colcon.colcon_core.verb:set package 'turtlebot3' build argument 'catkin_cmake_args' from command line to 'None'
[0.756s] Level 5:colcon.colcon_core.verb:set package 'turtlebot3' build argument 'catkin_skip_building_tests' from command line to 'False'
[0.756s] DEBUG:colcon.colcon_core.verb:Building package 'turtlebot3' with the following arguments: {'ament_cmake_args': None, 'build_base': '/home/hassan/ros-tuts/patrol_ws/build/turtlebot3', 'catkin_cmake_args': None, 'catkin_skip_building_tests': False, 'cmake_args': None, 'cmake_clean_cache': False, 'cmake_clean_first': False, 'cmake_force_configure': False, 'cmake_target': None, 'cmake_target_skip_unavailable': False, 'install_base': '/home/hassan/ros-tuts/patrol_ws/install/turtlebot3', 'merge_install': False, 'path': '/home/hassan/ros-tuts/patrol_ws/src/turtlebot3/turtlebot3/turtlebot3', 'symlink_install': True, 'test_result_base': None}
[0.756s] INFO:colcon.colcon_core.executor:Executing jobs using 'parallel' executor
[0.758s] DEBUG:colcon.colcon_parallel_executor.executor.parallel:run_until_complete
[0.759s] INFO:colcon.colcon_ros.task.ament_cmake.build:Building ROS package in '/home/hassan/ros-tuts/patrol_ws/src/turtlebot3/turtlebot3_msgs' with build type 'ament_cmake'
[0.759s] INFO:colcon.colcon_cmake.task.cmake.build:Building CMake package in '/home/hassan/ros-tuts/patrol_ws/src/turtlebot3/turtlebot3_msgs'
[0.763s] INFO:colcon.colcon_core.plugin_system:Skipping extension 'colcon_core.shell.bat': Not used on non-Windows systems
[0.763s] INFO:colcon.colcon_core.shell:Skip shell extension 'powershell' for command environment: Not usable outside of PowerShell
[0.763s] DEBUG:colcon.colcon_core.shell:Skip shell extension 'dsv' for command environment
[0.771s] INFO:colcon.colcon_ros.task.ament_cmake.build:Building ROS package in '/home/hassan/ros-tuts/patrol_ws/src/utils/DynamixelSDK/dynamixel_sdk' with build type 'ament_cmake'
[0.771s] INFO:colcon.colcon_cmake.task.cmake.build:Building CMake package in '/home/hassan/ros-tuts/patrol_ws/src/utils/DynamixelSDK/dynamixel_sdk'
[0.772s] INFO:colcon.colcon_core.shell:Skip shell extension 'powershell' for command environment: Not usable outside of PowerShell
[0.772s] DEBUG:colcon.colcon_core.shell:Skip shell extension 'dsv' for command environment
[0.780s] INFO:colcon.colcon_ros.task.ament_cmake.build:Building ROS package in '/home/hassan/ros-tuts/patrol_ws/src/utils/hls_lfcd_lds_driver' with build type 'ament_cmake'
[0.780s] INFO:colcon.colcon_cmake.task.cmake.build:Building CMake package in '/home/hassan/ros-tuts/patrol_ws/src/utils/hls_lfcd_lds_driver'
[0.780s] INFO:colcon.colcon_core.shell:Skip shell extension 'powershell' for command environment: Not usable outside of PowerShell
[0.781s] DEBUG:colcon.colcon_core.shell:Skip shell extension 'dsv' for command environment
[0.790s] INFO:colcon.colcon_ros.task.ament_cmake.build:Building ROS package in '/home/hassan/ros-tuts/patrol_ws/src/turtlebot3/turtlebot3/turtlebot3_description' with build type 'ament_cmake'
[0.790s] INFO:colcon.colcon_cmake.task.cmake.build:Building CMake package in '/home/hassan/ros-tuts/patrol_ws/src/turtlebot3/turtlebot3/turtlebot3_description'
[0.791s] INFO:colcon.colcon_core.shell:Skip shell extension 'powershell' for command environment: Not usable outside of PowerShell
[0.791s] DEBUG:colcon.colcon_core.shell:Skip shell extension 'dsv' for command environment
[0.804s] INFO:colcon.colcon_ros.task.ament_cmake.build:Building ROS package in '/home/hassan/ros-tuts/patrol_ws/src/utils/DynamixelSDK/dynamixel_sdk_custom_interfaces' with build type 'ament_cmake'
[0.804s] INFO:colcon.colcon_cmake.task.cmake.build:Building CMake package in '/home/hassan/ros-tuts/patrol_ws/src/utils/DynamixelSDK/dynamixel_sdk_custom_interfaces'
[0.805s] INFO:colcon.colcon_core.shell:Skip shell extension 'powershell' for command environment: Not usable outside of PowerShell
[0.805s] DEBUG:colcon.colcon_core.shell:Skip shell extension 'dsv' for command environment
[0.814s] INFO:colcon.colcon_ros.task.ament_cmake.build:Building ROS package in '/home/hassan/ros-tuts/patrol_ws/src/turtlebot3/turtlebot3/turtlebot3_cartographer' with build type 'ament_cmake'
[0.814s] INFO:colcon.colcon_cmake.task.cmake.build:Building CMake package in '/home/hassan/ros-tuts/patrol_ws/src/turtlebot3/turtlebot3/turtlebot3_cartographer'
[0.815s] INFO:colcon.colcon_core.shell:Skip shell extension 'powershell' for command environment: Not usable outside of PowerShell
[0.815s] DEBUG:colcon.colcon_core.shell:Skip shell extension 'dsv' for command environment
[0.828s] INFO:colcon.colcon_ros.task.ament_cmake.build:Building ROS package in '/home/hassan/ros-tuts/patrol_ws/src/turtlebot3/turtlebot3_simulations/turtlebot3_gazebo' with build type 'ament_cmake'
[0.828s] INFO:colcon.colcon_cmake.task.cmake.build:Building CMake package in '/home/hassan/ros-tuts/patrol_ws/src/turtlebot3/turtlebot3_simulations/turtlebot3_gazebo'
[0.829s] INFO:colcon.colcon_core.shell:Skip shell extension 'powershell' for command environment: Not usable outside of PowerShell
[0.830s] DEBUG:colcon.colcon_core.shell:Skip shell extension 'dsv' for command environment
[0.840s] INFO:colcon.colcon_ros.task.ament_cmake.build:Building ROS package in '/home/hassan/ros-tuts/patrol_ws/src/turtlebot3/turtlebot3/turtlebot3_navigation2' with build type 'ament_cmake'
[0.840s] INFO:colcon.colcon_cmake.task.cmake.build:Building CMake package in '/home/hassan/ros-tuts/patrol_ws/src/turtlebot3/turtlebot3/turtlebot3_navigation2'
[0.841s] INFO:colcon.colcon_core.shell:Skip shell extension 'powershell' for command environment: Not usable outside of PowerShell
[0.841s] DEBUG:colcon.colcon_core.shell:Skip shell extension 'dsv' for command environment
[0.864s] DEBUG:colcon.colcon_core.event_handler.log_command:Invoking command in '/home/hassan/ros-tuts/patrol_ws/build/turtlebot3_msgs': CMAKE_PREFIX_PATH=${CMAKE_PREFIX_PATH}:/home/hassan/ros-tuts/patrol_ws/install/turtlebot3_teleop:/home/hassan/ros-tuts/patrol_ws/install/turtlebot3_example:/home/hassan/ros-tuts/patrol_ws/install/tb3_sim:/opt/ros/humble /usr/bin/cmake --build /home/hassan/ros-tuts/patrol_ws/build/turtlebot3_msgs -- -j8 -l8
[0.876s] DEBUG:colcon.colcon_core.event_handler.log_command:Invoking command in '/home/hassan/ros-tuts/patrol_ws/build/dynamixel_sdk': CMAKE_PREFIX_PATH=${CMAKE_PREFIX_PATH}:/home/hassan/ros-tuts/patrol_ws/install/turtlebot3_teleop:/home/hassan/ros-tuts/patrol_ws/install/turtlebot3_example:/home/hassan/ros-tuts/patrol_ws/install/tb3_sim:/opt/ros/humble /usr/bin/cmake --build /home/hassan/ros-tuts/patrol_ws/build/dynamixel_sdk -- -j8 -l8
[0.883s] DEBUG:colcon.colcon_core.event_handler.log_command:Invoking command in '/home/hassan/ros-tuts/patrol_ws/build/hls_lfcd_lds_driver': CMAKE_PREFIX_PATH=${CMAKE_PREFIX_PATH}:/home/hassan/ros-tuts/patrol_ws/install/turtlebot3_teleop:/home/hassan/ros-tuts/patrol_ws/install/turtlebot3_example:/home/hassan/ros-tuts/patrol_ws/install/tb3_sim:/opt/ros/humble /usr/bin/cmake --build /home/hassan/ros-tuts/patrol_ws/build/hls_lfcd_lds_driver -- -j8 -l8
[0.894s] DEBUG:colcon.colcon_core.event_handler.log_command:Invoking command in '/home/hassan/ros-tuts/patrol_ws/build/turtlebot3_description': CMAKE_PREFIX_PATH=${CMAKE_PREFIX_PATH}:/home/hassan/ros-tuts/patrol_ws/install/turtlebot3_teleop:/home/hassan/ros-tuts/patrol_ws/install/turtlebot3_example:/home/hassan/ros-tuts/patrol_ws/install/tb3_sim:/opt/ros/humble /usr/bin/cmake --build /home/hassan/ros-tuts/patrol_ws/build/turtlebot3_description -- -j8 -l8
[0.909s] DEBUG:colcon.colcon_core.event_handler.log_command:Invoking command in '/home/hassan/ros-tuts/patrol_ws/build/dynamixel_sdk_custom_interfaces': CMAKE_PREFIX_PATH=${CMAKE_PREFIX_PATH}:/home/hassan/ros-tuts/patrol_ws/install/turtlebot3_teleop:/home/hassan/ros-tuts/patrol_ws/install/turtlebot3_example:/home/hassan/ros-tuts/patrol_ws/install/tb3_sim:/opt/ros/humble /usr/bin/cmake --build /home/hassan/ros-tuts/patrol_ws/build/dynamixel_sdk_custom_interfaces -- -j8 -l8
[0.913s] DEBUG:colcon.colcon_core.event_handler.log_command:Invoking command in '/home/hassan/ros-tuts/patrol_ws/build/turtlebot3_cartographer': CMAKE_PREFIX_PATH=${CMAKE_PREFIX_PATH}:/home/hassan/ros-tuts/patrol_ws/install/turtlebot3_teleop:/home/hassan/ros-tuts/patrol_ws/install/turtlebot3_example:/home/hassan/ros-tuts/patrol_ws/install/tb3_sim:/opt/ros/humble /usr/bin/cmake --build /home/hassan/ros-tuts/patrol_ws/build/turtlebot3_cartographer -- -j8 -l8
[0.930s] DEBUG:colcon.colcon_core.event_handler.log_command:Invoking command in '/home/hassan/ros-tuts/patrol_ws/build/turtlebot3_gazebo': CMAKE_PREFIX_PATH=${CMAKE_PREFIX_PATH}:/home/hassan/ros-tuts/patrol_ws/install/turtlebot3_teleop:/home/hassan/ros-tuts/patrol_ws/install/turtlebot3_example:/home/hassan/ros-tuts/patrol_ws/install/tb3_sim:/opt/ros/humble /usr/bin/cmake --build /home/hassan/ros-tuts/patrol_ws/build/turtlebot3_gazebo -- -j8 -l8
[0.946s] DEBUG:colcon.colcon_core.event_handler.log_command:Invoking command in '/home/hassan/ros-tuts/patrol_ws/build/turtlebot3_navigation2': CMAKE_PREFIX_PATH=${CMAKE_PREFIX_PATH}:/home/hassan/ros-tuts/patrol_ws/install/turtlebot3_teleop:/home/hassan/ros-tuts/patrol_ws/install/turtlebot3_example:/home/hassan/ros-tuts/patrol_ws/install/tb3_sim:/opt/ros/humble /usr/bin/cmake --build /home/hassan/ros-tuts/patrol_ws/build/turtlebot3_navigation2 -- -j8 -l8
[1.001s] DEBUG:colcon.colcon_core.event_handler.log_command:Invoked command in '/home/hassan/ros-tuts/patrol_ws/build/turtlebot3_description' returned '0': CMAKE_PREFIX_PATH=${CMAKE_PREFIX_PATH}:/home/hassan/ros-tuts/patrol_ws/install/turtlebot3_teleop:/home/hassan/ros-tuts/patrol_ws/install/turtlebot3_example:/home/hassan/ros-tuts/patrol_ws/install/tb3_sim:/opt/ros/humble /usr/bin/cmake --build /home/hassan/ros-tuts/patrol_ws/build/turtlebot3_description -- -j8 -l8
[1.054s] DEBUG:colcon.colcon_core.event_handler.log_command:Invoked command in '/home/hassan/ros-tuts/patrol_ws/build/turtlebot3_cartographer' returned '0': CMAKE_PREFIX_PATH=${CMAKE_PREFIX_PATH}:/home/hassan/ros-tuts/patrol_ws/install/turtlebot3_teleop:/home/hassan/ros-tuts/patrol_ws/install/turtlebot3_example:/home/hassan/ros-tuts/patrol_ws/install/tb3_sim:/opt/ros/humble /usr/bin/cmake --build /home/hassan/ros-tuts/patrol_ws/build/turtlebot3_cartographer -- -j8 -l8
[1.082s] DEBUG:colcon.colcon_core.event_handler.log_command:Invoked command in '/home/hassan/ros-tuts/patrol_ws/build/turtlebot3_navigation2' returned '0': CMAKE_PREFIX_PATH=${CMAKE_PREFIX_PATH}:/home/hassan/ros-tuts/patrol_ws/install/turtlebot3_teleop:/home/hassan/ros-tuts/patrol_ws/install/turtlebot3_example:/home/hassan/ros-tuts/patrol_ws/install/tb3_sim:/opt/ros/humble /usr/bin/cmake --build /home/hassan/ros-tuts/patrol_ws/build/turtlebot3_navigation2 -- -j8 -l8
[1.199s] DEBUG:colcon.colcon_core.event_handler.log_command:Invoking command in '/home/hassan/ros-tuts/patrol_ws/build/turtlebot3_description': CMAKE_PREFIX_PATH=${CMAKE_PREFIX_PATH}:/home/hassan/ros-tuts/patrol_ws/install/turtlebot3_teleop:/home/hassan/ros-tuts/patrol_ws/install/turtlebot3_example:/home/hassan/ros-tuts/patrol_ws/install/tb3_sim:/opt/ros/humble /usr/bin/cmake --install /home/hassan/ros-tuts/patrol_ws/build/turtlebot3_description
[1.233s] DEBUG:colcon.colcon_core.event_handler.log_command:Invoking command in '/home/hassan/ros-tuts/patrol_ws/build/turtlebot3_cartographer': CMAKE_PREFIX_PATH=${CMAKE_PREFIX_PATH}:/home/hassan/ros-tuts/patrol_ws/install/turtlebot3_teleop:/home/hassan/ros-tuts/patrol_ws/install/turtlebot3_example:/home/hassan/ros-tuts/patrol_ws/install/tb3_sim:/opt/ros/humble /usr/bin/cmake --install /home/hassan/ros-tuts/patrol_ws/build/turtlebot3_cartographer
[1.248s] DEBUG:colcon.colcon_core.event_handler.log_command:Invoked command in '/home/hassan/ros-tuts/patrol_ws/build/hls_lfcd_lds_driver' returned '0': CMAKE_PREFIX_PATH=${CMAKE_PREFIX_PATH}:/home/hassan/ros-tuts/patrol_ws/install/turtlebot3_teleop:/home/hassan/ros-tuts/patrol_ws/install/turtlebot3_example:/home/hassan/ros-tuts/patrol_ws/install/tb3_sim:/opt/ros/humble /usr/bin/cmake --build /home/hassan/ros-tuts/patrol_ws/build/hls_lfcd_lds_driver -- -j8 -l8
[1.255s] DEBUG:colcon.colcon_core.event_handler.log_command:Invoked command in '/home/hassan/ros-tuts/patrol_ws/build/dynamixel_sdk' returned '0': CMAKE_PREFIX_PATH=${CMAKE_PREFIX_PATH}:/home/hassan/ros-tuts/patrol_ws/install/turtlebot3_teleop:/home/hassan/ros-tuts/patrol_ws/install/turtlebot3_example:/home/hassan/ros-tuts/patrol_ws/install/tb3_sim:/opt/ros/humble /usr/bin/cmake --build /home/hassan/ros-tuts/patrol_ws/build/dynamixel_sdk -- -j8 -l8
[1.279s] DEBUG:colcon.colcon_core.event_handler.log_command:Invoking command in '/home/hassan/ros-tuts/patrol_ws/build/turtlebot3_navigation2': CMAKE_PREFIX_PATH=${CMAKE_PREFIX_PATH}:/home/hassan/ros-tuts/patrol_ws/install/turtlebot3_teleop:/home/hassan/ros-tuts/patrol_ws/install/turtlebot3_example:/home/hassan/ros-tuts/patrol_ws/install/tb3_sim:/opt/ros/humble /usr/bin/cmake --install /home/hassan/ros-tuts/patrol_ws/build/turtlebot3_navigation2
[1.381s] Level 1:colcon.colcon_core.environment:create_environment_scripts_only(turtlebot3_description)
[1.383s] DEBUG:colcon.colcon_core.event_handler.log_command:Invoked command in '/home/hassan/ros-tuts/patrol_ws/build/turtlebot3_description' returned '0': CMAKE_PREFIX_PATH=${CMAKE_PREFIX_PATH}:/home/hassan/ros-tuts/patrol_ws/install/turtlebot3_teleop:/home/hassan/ros-tuts/patrol_ws/install/turtlebot3_example:/home/hassan/ros-tuts/patrol_ws/install/tb3_sim:/opt/ros/humble /usr/bin/cmake --install /home/hassan/ros-tuts/patrol_ws/build/turtlebot3_description
[1.396s] Level 1:colcon.colcon_core.environment:checking '/home/hassan/ros-tuts/patrol_ws/install/turtlebot3_description' for CMake module files
[1.400s] Level 1:colcon.colcon_core.environment:checking '/home/hassan/ros-tuts/patrol_ws/install/turtlebot3_description' for CMake config files
[1.402s] Level 1:colcon.colcon_core.shell:create_environment_hook('turtlebot3_description', 'cmake_prefix_path')
[1.403s] INFO:colcon.colcon_core.shell:Creating environment hook '/home/hassan/ros-tuts/patrol_ws/install/turtlebot3_description/share/turtlebot3_description/hook/cmake_prefix_path.ps1'
[1.406s] INFO:colcon.colcon_core.shell:Creating environment descriptor '/home/hassan/ros-tuts/patrol_ws/install/turtlebot3_description/share/turtlebot3_description/hook/cmake_prefix_path.dsv'
[1.408s] INFO:colcon.colcon_core.shell:Creating environment hook '/home/hassan/ros-tuts/patrol_ws/install/turtlebot3_description/share/turtlebot3_description/hook/cmake_prefix_path.sh'
[1.414s] Level 1:colcon.colcon_core.environment:checking '/home/hassan/ros-tuts/patrol_ws/install/turtlebot3_description/bin'
[1.414s] Level 1:colcon.colcon_core.environment:checking '/home/hassan/ros-tuts/patrol_ws/install/turtlebot3_description/lib/pkgconfig/turtlebot3_description.pc'
[1.419s] Level 1:colcon.colcon_core.environment:checking '/home/hassan/ros-tuts/patrol_ws/install/turtlebot3_description/lib/python3.10/site-packages'
[1.420s] Level 1:colcon.colcon_core.environment:checking '/home/hassan/ros-tuts/patrol_ws/install/turtlebot3_description/bin'
[1.421s] INFO:colcon.colcon_core.shell:Creating package script '/home/hassan/ros-tuts/patrol_ws/install/turtlebot3_description/share/turtlebot3_description/package.ps1'
[1.423s] INFO:colcon.colcon_core.shell:Creating package descriptor '/home/hassan/ros-tuts/patrol_ws/install/turtlebot3_description/share/turtlebot3_description/package.dsv'
[1.425s] INFO:colcon.colcon_core.shell:Creating package script '/home/hassan/ros-tuts/patrol_ws/install/turtlebot3_description/share/turtlebot3_description/package.sh'
[1.431s] INFO:colcon.colcon_core.shell:Creating package script '/home/hassan/ros-tuts/patrol_ws/install/turtlebot3_description/share/turtlebot3_description/package.bash'
[1.434s] INFO:colcon.colcon_core.shell:Creating package script '/home/hassan/ros-tuts/patrol_ws/install/turtlebot3_description/share/turtlebot3_description/package.zsh'
[1.436s] Level 1:colcon.colcon_core.environment:create_file_with_runtime_dependencies(/home/hassan/ros-tuts/patrol_ws/install/turtlebot3_description/share/colcon-core/packages/turtlebot3_description)
[1.446s] Level 1:colcon.colcon_core.environment:create_environment_scripts_only(turtlebot3_cartographer)
[1.448s] DEBUG:colcon.colcon_core.event_handler.log_command:Invoked command in '/home/hassan/ros-tuts/patrol_ws/build/turtlebot3_cartographer' returned '0': CMAKE_PREFIX_PATH=${CMAKE_PREFIX_PATH}:/home/hassan/ros-tuts/patrol_ws/install/turtlebot3_teleop:/home/hassan/ros-tuts/patrol_ws/install/turtlebot3_example:/home/hassan/ros-tuts/patrol_ws/install/tb3_sim:/opt/ros/humble /usr/bin/cmake --install /home/hassan/ros-tuts/patrol_ws/build/turtlebot3_cartographer
[1.449s] Level 1:colcon.colcon_core.environment:checking '/home/hassan/ros-tuts/patrol_ws/install/turtlebot3_cartographer' for CMake module files
[1.451s] Level 1:colcon.colcon_core.environment:checking '/home/hassan/ros-tuts/patrol_ws/install/turtlebot3_cartographer' for CMake config files
[1.452s] Level 1:colcon.colcon_core.shell:create_environment_hook('turtlebot3_cartographer', 'cmake_prefix_path')
[1.452s] INFO:colcon.colcon_core.shell:Creating environment hook '/home/hassan/ros-tuts/patrol_ws/install/turtlebot3_cartographer/share/turtlebot3_cartographer/hook/cmake_prefix_path.ps1'
[1.454s] INFO:colcon.colcon_core.shell:Creating environment descriptor '/home/hassan/ros-tuts/patrol_ws/install/turtlebot3_cartographer/share/turtlebot3_cartographer/hook/cmake_prefix_path.dsv'
[1.455s] INFO:colcon.colcon_core.shell:Creating environment hook '/home/hassan/ros-tuts/patrol_ws/install/turtlebot3_cartographer/share/turtlebot3_cartographer/hook/cmake_prefix_path.sh'
[1.457s] Level 1:colcon.colcon_core.environment:checking '/home/hassan/ros-tuts/patrol_ws/install/turtlebot3_cartographer/bin'
[1.457s] Level 1:colcon.colcon_core.environment:checking '/home/hassan/ros-tuts/patrol_ws/install/turtlebot3_cartographer/lib/pkgconfig/turtlebot3_cartographer.pc'
[1.458s] Level 1:colcon.colcon_core.environment:checking '/home/hassan/ros-tuts/patrol_ws/install/turtlebot3_cartographer/lib/python3.10/site-packages'
[1.458s] Level 1:colcon.colcon_core.environment:checking '/home/hassan/ros-tuts/patrol_ws/install/turtlebot3_cartographer/bin'
[1.459s] INFO:colcon.colcon_core.shell:Creating package script '/home/hassan/ros-tuts/patrol_ws/install/turtlebot3_cartographer/share/turtlebot3_cartographer/package.ps1'
[1.461s] INFO:colcon.colcon_core.shell:Creating package descriptor '/home/hassan/ros-tuts/patrol_ws/install/turtlebot3_cartographer/share/turtlebot3_cartographer/package.dsv'
[1.462s] INFO:colcon.colcon_core.shell:Creating package script '/home/hassan/ros-tuts/patrol_ws/install/turtlebot3_cartographer/share/turtlebot3_cartographer/package.sh'
[1.463s] INFO:colcon.colcon_core.shell:Creating package script '/home/hassan/ros-tuts/patrol_ws/install/turtlebot3_cartographer/share/turtlebot3_cartographer/package.bash'
[1.464s] INFO:colcon.colcon_core.shell:Creating package script '/home/hassan/ros-tuts/patrol_ws/install/turtlebot3_cartographer/share/turtlebot3_cartographer/package.zsh'
[1.465s] Level 1:colcon.colcon_core.environment:create_file_with_runtime_dependencies(/home/hassan/ros-tuts/patrol_ws/install/turtlebot3_cartographer/share/colcon-core/packages/turtlebot3_cartographer)
[1.470s] Level 1:colcon.colcon_core.environment:create_environment_scripts_only(turtlebot3_navigation2)
[1.471s] Level 1:colcon.colcon_core.environment:checking '/home/hassan/ros-tuts/patrol_ws/install/turtlebot3_navigation2' for CMake module files
[1.474s] Level 1:colcon.colcon_core.environment:checking '/home/hassan/ros-tuts/patrol_ws/install/turtlebot3_navigation2' for CMake config files
[1.474s] DEBUG:colcon.colcon_core.event_handler.log_command:Invoked command in '/home/hassan/ros-tuts/patrol_ws/build/turtlebot3_navigation2' returned '0': CMAKE_PREFIX_PATH=${CMAKE_PREFIX_PATH}:/home/hassan/ros-tuts/patrol_ws/install/turtlebot3_teleop:/home/hassan/ros-tuts/patrol_ws/install/turtlebot3_example:/home/hassan/ros-tuts/patrol_ws/install/tb3_sim:/opt/ros/humble /usr/bin/cmake --install /home/hassan/ros-tuts/patrol_ws/build/turtlebot3_navigation2
[1.478s] Level 1:colcon.colcon_core.shell:create_environment_hook('turtlebot3_navigation2', 'cmake_prefix_path')
[1.479s] INFO:colcon.colcon_core.shell:Creating environment hook '/home/hassan/ros-tuts/patrol_ws/install/turtlebot3_navigation2/share/turtlebot3_navigation2/hook/cmake_prefix_path.ps1'
[1.482s] INFO:colcon.colcon_core.shell:Creating environment descriptor '/home/hassan/ros-tuts/patrol_ws/install/turtlebot3_navigation2/share/turtlebot3_navigation2/hook/cmake_prefix_path.dsv'
[1.488s] INFO:colcon.colcon_core.shell:Creating environment hook '/home/hassan/ros-tuts/patrol_ws/install/turtlebot3_navigation2/share/turtlebot3_navigation2/hook/cmake_prefix_path.sh'
[1.493s] Level 1:colcon.colcon_core.environment:checking '/home/hassan/ros-tuts/patrol_ws/install/turtlebot3_navigation2/bin'
[1.493s] Level 1:colcon.colcon_core.environment:checking '/home/hassan/ros-tuts/patrol_ws/install/turtlebot3_navigation2/lib/pkgconfig/turtlebot3_navigation2.pc'
[1.494s] Level 1:colcon.colcon_core.environment:checking '/home/hassan/ros-tuts/patrol_ws/install/turtlebot3_navigation2/lib/python3.10/site-packages'
[1.495s] Level 1:colcon.colcon_core.environment:checking '/home/hassan/ros-tuts/patrol_ws/install/turtlebot3_navigation2/bin'
[1.495s] INFO:colcon.colcon_core.shell:Creating package script '/home/hassan/ros-tuts/patrol_ws/install/turtlebot3_navigation2/share/turtlebot3_navigation2/package.ps1'
[1.498s] INFO:colcon.colcon_core.shell:Creating package descriptor '/home/hassan/ros-tuts/patrol_ws/install/turtlebot3_navigation2/share/turtlebot3_navigation2/package.dsv'
[1.501s] INFO:colcon.colcon_core.shell:Creating package script '/home/hassan/ros-tuts/patrol_ws/install/turtlebot3_navigation2/share/turtlebot3_navigation2/package.sh'
[1.509s] INFO:colcon.colcon_core.shell:Creating package script '/home/hassan/ros-tuts/patrol_ws/install/turtlebot3_navigation2/share/turtlebot3_navigation2/package.bash'
[1.511s] INFO:colcon.colcon_core.shell:Creating package script '/home/hassan/ros-tuts/patrol_ws/install/turtlebot3_navigation2/share/turtlebot3_navigation2/package.zsh'
[1.512s] Level 1:colcon.colcon_core.environment:create_file_with_runtime_dependencies(/home/hassan/ros-tuts/patrol_ws/install/turtlebot3_navigation2/share/colcon-core/packages/turtlebot3_navigation2)
[1.520s] DEBUG:colcon.colcon_core.event_handler.log_command:Invoking command in '/home/hassan/ros-tuts/patrol_ws/build/hls_lfcd_lds_driver': CMAKE_PREFIX_PATH=${CMAKE_PREFIX_PATH}:/home/hassan/ros-tuts/patrol_ws/install/turtlebot3_teleop:/home/hassan/ros-tuts/patrol_ws/install/turtlebot3_example:/home/hassan/ros-tuts/patrol_ws/install/tb3_sim:/opt/ros/humble /usr/bin/cmake --install /home/hassan/ros-tuts/patrol_ws/build/hls_lfcd_lds_driver
[1.530s] DEBUG:colcon.colcon_core.event_handler.log_command:Invoking command in '/home/hassan/ros-tuts/patrol_ws/build/dynamixel_sdk': CMAKE_PREFIX_PATH=${CMAKE_PREFIX_PATH}:/home/hassan/ros-tuts/patrol_ws/install/turtlebot3_teleop:/home/hassan/ros-tuts/patrol_ws/install/turtlebot3_example:/home/hassan/ros-tuts/patrol_ws/install/tb3_sim:/opt/ros/humble /usr/bin/cmake --install /home/hassan/ros-tuts/patrol_ws/build/dynamixel_sdk
[1.536s] Level 1:colcon.colcon_core.environment:create_environment_scripts_only(turtlebot3_description)
[1.541s] Level 1:colcon.colcon_core.environment:checking '/home/hassan/ros-tuts/patrol_ws/install/turtlebot3_description' for CMake module files
[1.543s] Level 1:colcon.colcon_core.environment:checking '/home/hassan/ros-tuts/patrol_ws/install/turtlebot3_description' for CMake config files
[1.551s] Level 1:colcon.colcon_core.shell:create_environment_hook('turtlebot3_description', 'cmake_prefix_path')
[1.552s] INFO:colcon.colcon_core.shell:Creating environment hook '/home/hassan/ros-tuts/patrol_ws/install/turtlebot3_description/share/turtlebot3_description/hook/cmake_prefix_path.ps1'
[1.553s] INFO:colcon.colcon_core.shell:Creating environment descriptor '/home/hassan/ros-tuts/patrol_ws/install/turtlebot3_description/share/turtlebot3_description/hook/cmake_prefix_path.dsv'
[1.554s] INFO:colcon.colcon_core.shell:Creating environment hook '/home/hassan/ros-tuts/patrol_ws/install/turtlebot3_description/share/turtlebot3_description/hook/cmake_prefix_path.sh'
[1.561s] Level 1:colcon.colcon_core.environment:checking '/home/hassan/ros-tuts/patrol_ws/install/turtlebot3_description/bin'
[1.561s] Level 1:colcon.colcon_core.environment:checking '/home/hassan/ros-tuts/patrol_ws/install/turtlebot3_description/lib/pkgconfig/turtlebot3_description.pc'
[1.562s] Level 1:colcon.colcon_core.environment:checking '/home/hassan/ros-tuts/patrol_ws/install/turtlebot3_description/lib/python3.10/site-packages'
[1.562s] Level 1:colcon.colcon_core.environment:checking '/home/hassan/ros-tuts/patrol_ws/install/turtlebot3_description/bin'
[1.567s] INFO:colcon.colcon_core.shell:Creating package script '/home/hassan/ros-tuts/patrol_ws/install/turtlebot3_description/share/turtlebot3_description/package.ps1'
[1.568s] INFO:colcon.colcon_core.shell:Creating package descriptor '/home/hassan/ros-tuts/patrol_ws/install/turtlebot3_description/share/turtlebot3_description/package.dsv'
[1.570s] INFO:colcon.colcon_core.shell:Creating package script '/home/hassan/ros-tuts/patrol_ws/install/turtlebot3_description/share/turtlebot3_description/package.sh'
[1.571s] INFO:colcon.colcon_core.shell:Creating package script '/home/hassan/ros-tuts/patrol_ws/install/turtlebot3_description/share/turtlebot3_description/package.bash'
[1.574s] INFO:colcon.colcon_core.shell:Creating package script '/home/hassan/ros-tuts/patrol_ws/install/turtlebot3_description/share/turtlebot3_description/package.zsh'
[1.581s] Level 1:colcon.colcon_core.environment:create_file_with_runtime_dependencies(/home/hassan/ros-tuts/patrol_ws/install/turtlebot3_description/share/colcon-core/packages/turtlebot3_description)
[1.595s] DEBUG:colcon.colcon_core.event_handler.log_command:Invoked command in '/home/hassan/ros-tuts/patrol_ws/build/turtlebot3_gazebo' returned '0': CMAKE_PREFIX_PATH=${CMAKE_PREFIX_PATH}:/home/hassan/ros-tuts/patrol_ws/install/turtlebot3_teleop:/home/hassan/ros-tuts/patrol_ws/install/turtlebot3_example:/home/hassan/ros-tuts/patrol_ws/install/tb3_sim:/opt/ros/humble /usr/bin/cmake --build /home/hassan/ros-tuts/patrol_ws/build/turtlebot3_gazebo -- -j8 -l8
[1.596s] INFO:colcon.colcon_ros.task.ament_python.build:Building ROS package in '/home/hassan/ros-tuts/patrol_ws/src/turtlebot3/turtlebot3/turtlebot3_teleop' with build type 'ament_python'
[1.597s] Level 1:colcon.colcon_core.shell:create_environment_hook('turtlebot3_teleop', 'ament_prefix_path')
[1.597s] INFO:colcon.colcon_core.shell:Creating environment hook '/home/hassan/ros-tuts/patrol_ws/install/turtlebot3_teleop/share/turtlebot3_teleop/hook/ament_prefix_path.ps1'
[1.599s] INFO:colcon.colcon_core.shell:Creating environment descriptor '/home/hassan/ros-tuts/patrol_ws/install/turtlebot3_teleop/share/turtlebot3_teleop/hook/ament_prefix_path.dsv'
[1.602s] INFO:colcon.colcon_core.shell:Creating environment hook '/home/hassan/ros-tuts/patrol_ws/install/turtlebot3_teleop/share/turtlebot3_teleop/hook/ament_prefix_path.sh'
[1.604s] INFO:colcon.colcon_core.shell:Skip shell extension 'powershell' for command environment: Not usable outside of PowerShell
[1.604s] DEBUG:colcon.colcon_core.shell:Skip shell extension 'dsv' for command environment
[1.634s] Level 1:colcon.colcon_core.environment:create_environment_scripts_only(hls_lfcd_lds_driver)
[1.635s] Level 1:colcon.colcon_core.environment:checking '/home/hassan/ros-tuts/patrol_ws/install/hls_lfcd_lds_driver' for CMake module files
[1.635s] DEBUG:colcon.colcon_core.event_handler.log_command:Invoked command in '/home/hassan/ros-tuts/patrol_ws/build/hls_lfcd_lds_driver' returned '0': CMAKE_PREFIX_PATH=${CMAKE_PREFIX_PATH}:/home/hassan/ros-tuts/patrol_ws/install/turtlebot3_teleop:/home/hassan/ros-tuts/patrol_ws/install/turtlebot3_example:/home/hassan/ros-tuts/patrol_ws/install/tb3_sim:/opt/ros/humble /usr/bin/cmake --install /home/hassan/ros-tuts/patrol_ws/build/hls_lfcd_lds_driver
[1.639s] Level 1:colcon.colcon_core.environment:checking '/home/hassan/ros-tuts/patrol_ws/install/hls_lfcd_lds_driver' for CMake config files
[1.641s] Level 1:colcon.colcon_core.shell:create_environment_hook('hls_lfcd_lds_driver', 'cmake_prefix_path')
[1.642s] INFO:colcon.colcon_core.shell:Creating environment hook '/home/hassan/ros-tuts/patrol_ws/install/hls_lfcd_lds_driver/share/hls_lfcd_lds_driver/hook/cmake_prefix_path.ps1'
[1.643s] INFO:colcon.colcon_core.shell:Creating environment descriptor '/home/hassan/ros-tuts/patrol_ws/install/hls_lfcd_lds_driver/share/hls_lfcd_lds_driver/hook/cmake_prefix_path.dsv'
[1.644s] INFO:colcon.colcon_core.shell:Creating environment hook '/home/hassan/ros-tuts/patrol_ws/install/hls_lfcd_lds_driver/share/hls_lfcd_lds_driver/hook/cmake_prefix_path.sh'
[1.649s] Level 1:colcon.colcon_core.environment:checking '/home/hassan/ros-tuts/patrol_ws/install/hls_lfcd_lds_driver/lib'
[1.650s] Level 1:colcon.colcon_core.environment:checking '/home/hassan/ros-tuts/patrol_ws/install/hls_lfcd_lds_driver/bin'
[1.650s] Level 1:colcon.colcon_core.environment:checking '/home/hassan/ros-tuts/patrol_ws/install/hls_lfcd_lds_driver/lib/pkgconfig/hls_lfcd_lds_driver.pc'
[1.651s] Level 1:colcon.colcon_core.environment:checking '/home/hassan/ros-tuts/patrol_ws/install/hls_lfcd_lds_driver/lib/python3.10/site-packages'
[1.651s] Level 1:colcon.colcon_core.environment:checking '/home/hassan/ros-tuts/patrol_ws/install/hls_lfcd_lds_driver/bin'
[1.652s] INFO:colcon.colcon_core.shell:Creating package script '/home/hassan/ros-tuts/patrol_ws/install/hls_lfcd_lds_driver/share/hls_lfcd_lds_driver/package.ps1'
[1.654s] INFO:colcon.colcon_core.shell:Creating package descriptor '/home/hassan/ros-tuts/patrol_ws/install/hls_lfcd_lds_driver/share/hls_lfcd_lds_driver/package.dsv'
[1.657s] INFO:colcon.colcon_core.shell:Creating package script '/home/hassan/ros-tuts/patrol_ws/install/hls_lfcd_lds_driver/share/hls_lfcd_lds_driver/package.sh'
[1.659s] INFO:colcon.colcon_core.shell:Creating package script '/home/hassan/ros-tuts/patrol_ws/install/hls_lfcd_lds_driver/share/hls_lfcd_lds_driver/package.bash'
[1.661s] INFO:colcon.colcon_core.shell:Creating package script '/home/hassan/ros-tuts/patrol_ws/install/hls_lfcd_lds_driver/share/hls_lfcd_lds_driver/package.zsh'
[1.663s] Level 1:colcon.colcon_core.environment:create_file_with_runtime_dependencies(/home/hassan/ros-tuts/patrol_ws/install/hls_lfcd_lds_driver/share/colcon-core/packages/hls_lfcd_lds_driver)
[1.674s] Level 1:colcon.colcon_core.environment:create_environment_scripts_only(turtlebot3_cartographer)
[1.674s] Level 1:colcon.colcon_core.environment:checking '/home/hassan/ros-tuts/patrol_ws/install/turtlebot3_cartographer' for CMake module files
[1.676s] Level 1:colcon.colcon_core.environment:checking '/home/hassan/ros-tuts/patrol_ws/install/turtlebot3_cartographer' for CMake config files
[1.681s] Level 1:colcon.colcon_core.shell:create_environment_hook('turtlebot3_cartographer', 'cmake_prefix_path')
[1.682s] INFO:colcon.colcon_core.shell:Creating environment hook '/home/hassan/ros-tuts/patrol_ws/install/turtlebot3_cartographer/share/turtlebot3_cartographer/hook/cmake_prefix_path.ps1'
[1.686s] INFO:colcon.colcon_core.shell:Creating environment descriptor '/home/hassan/ros-tuts/patrol_ws/install/turtlebot3_cartographer/share/turtlebot3_cartographer/hook/cmake_prefix_path.dsv'
[1.690s] INFO:colcon.colcon_core.shell:Creating environment hook '/home/hassan/ros-tuts/patrol_ws/install/turtlebot3_cartographer/share/turtlebot3_cartographer/hook/cmake_prefix_path.sh'
[1.695s] Level 1:colcon.colcon_core.environment:checking '/home/hassan/ros-tuts/patrol_ws/install/turtlebot3_cartographer/bin'
[1.695s] Level 1:colcon.colcon_core.environment:checking '/home/hassan/ros-tuts/patrol_ws/install/turtlebot3_cartographer/lib/pkgconfig/turtlebot3_cartographer.pc'
[1.695s] Level 1:colcon.colcon_core.environment:checking '/home/hassan/ros-tuts/patrol_ws/install/turtlebot3_cartographer/lib/python3.10/site-packages'
[1.696s] Level 1:colcon.colcon_core.environment:checking '/home/hassan/ros-tuts/patrol_ws/install/turtlebot3_cartographer/bin'
[1.697s] INFO:colcon.colcon_core.shell:Creating package script '/home/hassan/ros-tuts/patrol_ws/install/turtlebot3_cartographer/share/turtlebot3_cartographer/package.ps1'
[1.699s] INFO:colcon.colcon_core.shell:Creating package descriptor '/home/hassan/ros-tuts/patrol_ws/install/turtlebot3_cartographer/share/turtlebot3_cartographer/package.dsv'
[1.701s] INFO:colcon.colcon_core.shell:Creating package script '/home/hassan/ros-tuts/patrol_ws/install/turtlebot3_cartographer/share/turtlebot3_cartographer/package.sh'
[1.702s] INFO:colcon.colcon_core.shell:Creating package script '/home/hassan/ros-tuts/patrol_ws/install/turtlebot3_cartographer/share/turtlebot3_cartographer/package.bash'
[1.703s] INFO:colcon.colcon_core.shell:Creating package script '/home/hassan/ros-tuts/patrol_ws/install/turtlebot3_cartographer/share/turtlebot3_cartographer/package.zsh'
[1.707s] Level 1:colcon.colcon_core.environment:create_file_with_runtime_dependencies(/home/hassan/ros-tuts/patrol_ws/install/turtlebot3_cartographer/share/colcon-core/packages/turtlebot3_cartographer)
[1.713s] INFO:colcon.colcon_ros.task.ament_python.build:Building ROS package in '/home/hassan/ros-tuts/patrol_ws/src/tb3_sim' with build type 'ament_python'
[1.714s] Level 1:colcon.colcon_core.shell:create_environment_hook('tb3_sim', 'ament_prefix_path')
[1.715s] INFO:colcon.colcon_core.shell:Creating environment hook '/home/hassan/ros-tuts/patrol_ws/install/tb3_sim/share/tb3_sim/hook/ament_prefix_path.ps1'
[1.717s] INFO:colcon.colcon_core.shell:Creating environment descriptor '/home/hassan/ros-tuts/patrol_ws/install/tb3_sim/share/tb3_sim/hook/ament_prefix_path.dsv'
[1.718s] INFO:colcon.colcon_core.shell:Creating environment hook '/home/hassan/ros-tuts/patrol_ws/install/tb3_sim/share/tb3_sim/hook/ament_prefix_path.sh'
[1.720s] INFO:colcon.colcon_core.shell:Skip shell extension 'powershell' for command environment: Not usable outside of PowerShell
[1.720s] DEBUG:colcon.colcon_core.shell:Skip shell extension 'dsv' for command environment
[1.741s] Level 1:colcon.colcon_core.environment:create_environment_scripts_only(turtlebot3_navigation2)
[1.742s] Level 1:colcon.colcon_core.environment:checking '/home/hassan/ros-tuts/patrol_ws/install/turtlebot3_navigation2' for CMake module files
[1.744s] Level 1:colcon.colcon_core.environment:checking '/home/hassan/ros-tuts/patrol_ws/install/turtlebot3_navigation2' for CMake config files
[1.745s] Level 1:colcon.colcon_core.shell:create_environment_hook('turtlebot3_navigation2', 'cmake_prefix_path')
[1.746s] INFO:colcon.colcon_core.shell:Creating environment hook '/home/hassan/ros-tuts/patrol_ws/install/turtlebot3_navigation2/share/turtlebot3_navigation2/hook/cmake_prefix_path.ps1'
[1.748s] INFO:colcon.colcon_core.shell:Creating environment descriptor '/home/hassan/ros-tuts/patrol_ws/install/turtlebot3_navigation2/share/turtlebot3_navigation2/hook/cmake_prefix_path.dsv'
[1.749s] INFO:colcon.colcon_core.shell:Creating environment hook '/home/hassan/ros-tuts/patrol_ws/install/turtlebot3_navigation2/share/turtlebot3_navigation2/hook/cmake_prefix_path.sh'
[1.751s] Level 1:colcon.colcon_core.environment:checking '/home/hassan/ros-tuts/patrol_ws/install/turtlebot3_navigation2/bin'
[1.751s] Level 1:colcon.colcon_core.environment:checking '/home/hassan/ros-tuts/patrol_ws/install/turtlebot3_navigation2/lib/pkgconfig/turtlebot3_navigation2.pc'
[1.751s] Level 1:colcon.colcon_core.environment:checking '/home/hassan/ros-tuts/patrol_ws/install/turtlebot3_navigation2/lib/python3.10/site-packages'
[1.752s] Level 1:colcon.colcon_core.environment:checking '/home/hassan/ros-tuts/patrol_ws/install/turtlebot3_navigation2/bin'
[1.753s] INFO:colcon.colcon_core.shell:Creating package script '/home/hassan/ros-tuts/patrol_ws/install/turtlebot3_navigation2/share/turtlebot3_navigation2/package.ps1'
[1.754s] INFO:colcon.colcon_core.shell:Creating package descriptor '/home/hassan/ros-tuts/patrol_ws/install/turtlebot3_navigation2/share/turtlebot3_navigation2/package.dsv'
[1.755s] INFO:colcon.colcon_core.shell:Creating package script '/home/hassan/ros-tuts/patrol_ws/install/turtlebot3_navigation2/share/turtlebot3_navigation2/package.sh'
[1.756s] INFO:colcon.colcon_core.shell:Creating package script '/home/hassan/ros-tuts/patrol_ws/install/turtlebot3_navigation2/share/turtlebot3_navigation2/package.bash'
[1.757s] INFO:colcon.colcon_core.shell:Creating package script '/home/hassan/ros-tuts/patrol_ws/install/turtlebot3_navigation2/share/turtlebot3_navigation2/package.zsh'
[1.758s] Level 1:colcon.colcon_core.environment:create_file_with_runtime_dependencies(/home/hassan/ros-tuts/patrol_ws/install/turtlebot3_navigation2/share/colcon-core/packages/turtlebot3_navigation2)
[1.760s] Level 1:colcon.colcon_core.environment:create_environment_scripts_only(dynamixel_sdk)
[1.760s] Level 1:colcon.colcon_core.environment:checking '/home/hassan/ros-tuts/patrol_ws/install/dynamixel_sdk' for CMake module files
[1.763s] DEBUG:colcon.colcon_core.event_handler.log_command:Invoked command in '/home/hassan/ros-tuts/patrol_ws/build/dynamixel_sdk' returned '0': CMAKE_PREFIX_PATH=${CMAKE_PREFIX_PATH}:/home/hassan/ros-tuts/patrol_ws/install/turtlebot3_teleop:/home/hassan/ros-tuts/patrol_ws/install/turtlebot3_example:/home/hassan/ros-tuts/patrol_ws/install/tb3_sim:/opt/ros/humble /usr/bin/cmake --install /home/hassan/ros-tuts/patrol_ws/build/dynamixel_sdk
[1.764s] Level 1:colcon.colcon_core.environment:checking '/home/hassan/ros-tuts/patrol_ws/install/dynamixel_sdk' for CMake config files
[1.765s] Level 1:colcon.colcon_core.shell:create_environment_hook('dynamixel_sdk', 'cmake_prefix_path')
[1.766s] INFO:colcon.colcon_core.shell:Creating environment hook '/home/hassan/ros-tuts/patrol_ws/install/dynamixel_sdk/share/dynamixel_sdk/hook/cmake_prefix_path.ps1'
[1.767s] INFO:colcon.colcon_core.shell:Creating environment descriptor '/home/hassan/ros-tuts/patrol_ws/install/dynamixel_sdk/share/dynamixel_sdk/hook/cmake_prefix_path.dsv'
[1.768s] INFO:colcon.colcon_core.shell:Creating environment hook '/home/hassan/ros-tuts/patrol_ws/install/dynamixel_sdk/share/dynamixel_sdk/hook/cmake_prefix_path.sh'
[1.769s] Level 1:colcon.colcon_core.environment:checking '/home/hassan/ros-tuts/patrol_ws/install/dynamixel_sdk/lib'
[1.770s] Level 1:colcon.colcon_core.shell:create_environment_hook('dynamixel_sdk', 'ld_library_path_lib')
[1.770s] INFO:colcon.colcon_core.shell:Creating environment hook '/home/hassan/ros-tuts/patrol_ws/install/dynamixel_sdk/share/dynamixel_sdk/hook/ld_library_path_lib.ps1'
[1.772s] INFO:colcon.colcon_core.shell:Creating environment descriptor '/home/hassan/ros-tuts/patrol_ws/install/dynamixel_sdk/share/dynamixel_sdk/hook/ld_library_path_lib.dsv'
[1.773s] INFO:colcon.colcon_core.shell:Creating environment hook '/home/hassan/ros-tuts/patrol_ws/install/dynamixel_sdk/share/dynamixel_sdk/hook/ld_library_path_lib.sh'
[1.774s] Level 1:colcon.colcon_core.environment:checking '/home/hassan/ros-tuts/patrol_ws/install/dynamixel_sdk/bin'
[1.774s] Level 1:colcon.colcon_core.environment:checking '/home/hassan/ros-tuts/patrol_ws/install/dynamixel_sdk/lib/pkgconfig/dynamixel_sdk.pc'
[1.775s] Level 1:colcon.colcon_core.environment:checking '/home/hassan/ros-tuts/patrol_ws/install/dynamixel_sdk/lib/python3.10/site-packages'
[1.775s] Level 1:colcon.colcon_core.environment:checking '/home/hassan/ros-tuts/patrol_ws/install/dynamixel_sdk/bin'
[1.776s] INFO:colcon.colcon_core.shell:Creating package script '/home/hassan/ros-tuts/patrol_ws/install/dynamixel_sdk/share/dynamixel_sdk/package.ps1'
[1.778s] INFO:colcon.colcon_core.shell:Creating package descriptor '/home/hassan/ros-tuts/patrol_ws/install/dynamixel_sdk/share/dynamixel_sdk/package.dsv'
[1.779s] INFO:colcon.colcon_core.shell:Creating package script '/home/hassan/ros-tuts/patrol_ws/install/dynamixel_sdk/share/dynamixel_sdk/package.sh'
[1.781s] INFO:colcon.colcon_core.shell:Creating package script '/home/hassan/ros-tuts/patrol_ws/install/dynamixel_sdk/share/dynamixel_sdk/package.bash'
[1.782s] INFO:colcon.colcon_core.shell:Creating package script '/home/hassan/ros-tuts/patrol_ws/install/dynamixel_sdk/share/dynamixel_sdk/package.zsh'
[1.782s] Level 1:colcon.colcon_core.environment:create_file_with_runtime_dependencies(/home/hassan/ros-tuts/patrol_ws/install/dynamixel_sdk/share/colcon-core/packages/dynamixel_sdk)
[2.309s] INFO:colcon.colcon_core.task.python.build:Building Python package in '/home/hassan/ros-tuts/patrol_ws/src/turtlebot3/turtlebot3/turtlebot3_teleop'
[2.310s] INFO:colcon.colcon_core.shell:Skip shell extension 'powershell' for command environment: Not usable outside of PowerShell
[2.310s] DEBUG:colcon.colcon_core.shell:Skip shell extension 'dsv' for command environment
[2.319s] Level 1:colcon.colcon_core.environment:create_environment_scripts_only(hls_lfcd_lds_driver)
[2.320s] Level 1:colcon.colcon_core.environment:checking '/home/hassan/ros-tuts/patrol_ws/install/hls_lfcd_lds_driver' for CMake module files
[2.321s] Level 1:colcon.colcon_core.environment:checking '/home/hassan/ros-tuts/patrol_ws/install/hls_lfcd_lds_driver' for CMake config files
[2.322s] Level 1:colcon.colcon_core.shell:create_environment_hook('hls_lfcd_lds_driver', 'cmake_prefix_path')
[2.322s] INFO:colcon.colcon_core.shell:Creating environment hook '/home/hassan/ros-tuts/patrol_ws/install/hls_lfcd_lds_driver/share/hls_lfcd_lds_driver/hook/cmake_prefix_path.ps1'
[2.323s] INFO:colcon.colcon_core.shell:Creating environment descriptor '/home/hassan/ros-tuts/patrol_ws/install/hls_lfcd_lds_driver/share/hls_lfcd_lds_driver/hook/cmake_prefix_path.dsv'
[2.324s] INFO:colcon.colcon_core.shell:Creating environment hook '/home/hassan/ros-tuts/patrol_ws/install/hls_lfcd_lds_driver/share/hls_lfcd_lds_driver/hook/cmake_prefix_path.sh'
[2.325s] Level 1:colcon.colcon_core.environment:checking '/home/hassan/ros-tuts/patrol_ws/install/hls_lfcd_lds_driver/lib'
[2.325s] Level 1:colcon.colcon_core.environment:checking '/home/hassan/ros-tuts/patrol_ws/install/hls_lfcd_lds_driver/bin'
[2.326s] Level 1:colcon.colcon_core.environment:checking '/home/hassan/ros-tuts/patrol_ws/install/hls_lfcd_lds_driver/lib/pkgconfig/hls_lfcd_lds_driver.pc'
[2.326s] Level 1:colcon.colcon_core.environment:checking '/home/hassan/ros-tuts/patrol_ws/install/hls_lfcd_lds_driver/lib/python3.10/site-packages'
[2.326s] Level 1:colcon.colcon_core.environment:checking '/home/hassan/ros-tuts/patrol_ws/install/hls_lfcd_lds_driver/bin'
[2.327s] INFO:colcon.colcon_core.shell:Creating package script '/home/hassan/ros-tuts/patrol_ws/install/hls_lfcd_lds_driver/share/hls_lfcd_lds_driver/package.ps1'
[2.328s] INFO:colcon.colcon_core.shell:Creating package descriptor '/home/hassan/ros-tuts/patrol_ws/install/hls_lfcd_lds_driver/share/hls_lfcd_lds_driver/package.dsv'
[2.329s] INFO:colcon.colcon_core.shell:Creating package script '/home/hassan/ros-tuts/patrol_ws/install/hls_lfcd_lds_driver/share/hls_lfcd_lds_driver/package.sh'
[2.330s] INFO:colcon.colcon_core.shell:Creating package script '/home/hassan/ros-tuts/patrol_ws/install/hls_lfcd_lds_driver/share/hls_lfcd_lds_driver/package.bash'
[2.330s] INFO:colcon.colcon_core.shell:Creating package script '/home/hassan/ros-tuts/patrol_ws/install/hls_lfcd_lds_driver/share/hls_lfcd_lds_driver/package.zsh'
[2.331s] Level 1:colcon.colcon_core.environment:create_file_with_runtime_dependencies(/home/hassan/ros-tuts/patrol_ws/install/hls_lfcd_lds_driver/share/colcon-core/packages/hls_lfcd_lds_driver)
[2.338s] DEBUG:colcon.colcon_core.event_handler.log_command:Invoking command in '/home/hassan/ros-tuts/patrol_ws/build/turtlebot3_gazebo': CMAKE_PREFIX_PATH=${CMAKE_PREFIX_PATH}:/home/hassan/ros-tuts/patrol_ws/install/turtlebot3_teleop:/home/hassan/ros-tuts/patrol_ws/install/turtlebot3_example:/home/hassan/ros-tuts/patrol_ws/install/tb3_sim:/opt/ros/humble /usr/bin/cmake --install /home/hassan/ros-tuts/patrol_ws/build/turtlebot3_gazebo
[2.820s] INFO:colcon.colcon_core.task.python.build:Building Python package in '/home/hassan/ros-tuts/patrol_ws/src/tb3_sim'
[2.821s] INFO:colcon.colcon_core.shell:Skip shell extension 'powershell' for command environment: Not usable outside of PowerShell
[2.821s] DEBUG:colcon.colcon_core.shell:Skip shell extension 'dsv' for command environment
[2.840s] Level 1:colcon.colcon_core.environment:create_environment_scripts_only(dynamixel_sdk)
[2.841s] Level 1:colcon.colcon_core.environment:checking '/home/hassan/ros-tuts/patrol_ws/install/dynamixel_sdk' for CMake module files
[2.845s] DEBUG:colcon.colcon_core.event_handler.log_command:Invoked command in '/home/hassan/ros-tuts/patrol_ws/build/dynamixel_sdk_custom_interfaces' returned '0': CMAKE_PREFIX_PATH=${CMAKE_PREFIX_PATH}:/home/hassan/ros-tuts/patrol_ws/install/turtlebot3_teleop:/home/hassan/ros-tuts/patrol_ws/install/turtlebot3_example:/home/hassan/ros-tuts/patrol_ws/install/tb3_sim:/opt/ros/humble /usr/bin/cmake --build /home/hassan/ros-tuts/patrol_ws/build/dynamixel_sdk_custom_interfaces -- -j8 -l8
[2.846s] Level 1:colcon.colcon_core.environment:checking '/home/hassan/ros-tuts/patrol_ws/install/dynamixel_sdk' for CMake config files
[2.858s] Level 1:colcon.colcon_core.shell:create_environment_hook('dynamixel_sdk', 'cmake_prefix_path')
[2.858s] DEBUG:colcon.colcon_core.event_handler.log_command:Invoked command in '/home/hassan/ros-tuts/patrol_ws/build/turtlebot3_msgs' returned '0': CMAKE_PREFIX_PATH=${CMAKE_PREFIX_PATH}:/home/hassan/ros-tuts/patrol_ws/install/turtlebot3_teleop:/home/hassan/ros-tuts/patrol_ws/install/turtlebot3_example:/home/hassan/ros-tuts/patrol_ws/install/tb3_sim:/opt/ros/humble /usr/bin/cmake --build /home/hassan/ros-tuts/patrol_ws/build/turtlebot3_msgs -- -j8 -l8
[2.859s] INFO:colcon.colcon_core.shell:Creating environment hook '/home/hassan/ros-tuts/patrol_ws/install/dynamixel_sdk/share/dynamixel_sdk/hook/cmake_prefix_path.ps1'
[2.860s] INFO:colcon.colcon_core.shell:Creating environment descriptor '/home/hassan/ros-tuts/patrol_ws/install/dynamixel_sdk/share/dynamixel_sdk/hook/cmake_prefix_path.dsv'
[2.861s] INFO:colcon.colcon_core.shell:Creating environment hook '/home/hassan/ros-tuts/patrol_ws/install/dynamixel_sdk/share/dynamixel_sdk/hook/cmake_prefix_path.sh'
[2.862s] Level 1:colcon.colcon_core.environment:checking '/home/hassan/ros-tuts/patrol_ws/install/dynamixel_sdk/lib'
[2.862s] Level 1:colcon.colcon_core.shell:create_environment_hook('dynamixel_sdk', 'ld_library_path_lib')
[2.863s] INFO:colcon.colcon_core.shell:Creating environment hook '/home/hassan/ros-tuts/patrol_ws/install/dynamixel_sdk/share/dynamixel_sdk/hook/ld_library_path_lib.ps1'
[2.864s] INFO:colcon.colcon_core.shell:Creating environment descriptor '/home/hassan/ros-tuts/patrol_ws/install/dynamixel_sdk/share/dynamixel_sdk/hook/ld_library_path_lib.dsv'
[2.864s] INFO:colcon.colcon_core.shell:Creating environment hook '/home/hassan/ros-tuts/patrol_ws/install/dynamixel_sdk/share/dynamixel_sdk/hook/ld_library_path_lib.sh'
[2.865s] Level 1:colcon.colcon_core.environment:checking '/home/hassan/ros-tuts/patrol_ws/install/dynamixel_sdk/bin'
[2.865s] Level 1:colcon.colcon_core.environment:checking '/home/hassan/ros-tuts/patrol_ws/install/dynamixel_sdk/lib/pkgconfig/dynamixel_sdk.pc'
[2.866s] Level 1:colcon.colcon_core.environment:checking '/home/hassan/ros-tuts/patrol_ws/install/dynamixel_sdk/lib/python3.10/site-packages'
[2.866s] Level 1:colcon.colcon_core.environment:checking '/home/hassan/ros-tuts/patrol_ws/install/dynamixel_sdk/bin'
[2.867s] INFO:colcon.colcon_core.shell:Creating package script '/home/hassan/ros-tuts/patrol_ws/install/dynamixel_sdk/share/dynamixel_sdk/package.ps1'
[2.868s] INFO:colcon.colcon_core.shell:Creating package descriptor '/home/hassan/ros-tuts/patrol_ws/install/dynamixel_sdk/share/dynamixel_sdk/package.dsv'
[2.869s] INFO:colcon.colcon_core.shell:Creating package script '/home/hassan/ros-tuts/patrol_ws/install/dynamixel_sdk/share/dynamixel_sdk/package.sh'
[2.870s] INFO:colcon.colcon_core.shell:Creating package script '/home/hassan/ros-tuts/patrol_ws/install/dynamixel_sdk/share/dynamixel_sdk/package.bash'
[2.871s] INFO:colcon.colcon_core.shell:Creating package script '/home/hassan/ros-tuts/patrol_ws/install/dynamixel_sdk/share/dynamixel_sdk/package.zsh'
[2.872s] Level 1:colcon.colcon_core.environment:create_file_with_runtime_dependencies(/home/hassan/ros-tuts/patrol_ws/install/dynamixel_sdk/share/colcon-core/packages/dynamixel_sdk)
[2.880s] Level 1:colcon.colcon_core.environment:create_environment_scripts_only(turtlebot3_gazebo)
[2.880s] Level 1:colcon.colcon_core.environment:checking '/home/hassan/ros-tuts/patrol_ws/install/turtlebot3_gazebo' for CMake module files
[2.882s] DEBUG:colcon.colcon_core.event_handler.log_command:Invoked command in '/home/hassan/ros-tuts/patrol_ws/build/turtlebot3_gazebo' returned '0': CMAKE_PREFIX_PATH=${CMAKE_PREFIX_PATH}:/home/hassan/ros-tuts/patrol_ws/install/turtlebot3_teleop:/home/hassan/ros-tuts/patrol_ws/install/turtlebot3_example:/home/hassan/ros-tuts/patrol_ws/install/tb3_sim:/opt/ros/humble /usr/bin/cmake --install /home/hassan/ros-tuts/patrol_ws/build/turtlebot3_gazebo
[2.883s] Level 1:colcon.colcon_core.environment:checking '/home/hassan/ros-tuts/patrol_ws/install/turtlebot3_gazebo' for CMake config files
[2.885s] Level 1:colcon.colcon_core.shell:create_environment_hook('turtlebot3_gazebo', 'cmake_prefix_path')
[2.885s] INFO:colcon.colcon_core.shell:Creating environment hook '/home/hassan/ros-tuts/patrol_ws/install/turtlebot3_gazebo/share/turtlebot3_gazebo/hook/cmake_prefix_path.ps1'
[2.887s] INFO:colcon.colcon_core.shell:Creating environment descriptor '/home/hassan/ros-tuts/patrol_ws/install/turtlebot3_gazebo/share/turtlebot3_gazebo/hook/cmake_prefix_path.dsv'
[2.888s] INFO:colcon.colcon_core.shell:Creating environment hook '/home/hassan/ros-tuts/patrol_ws/install/turtlebot3_gazebo/share/turtlebot3_gazebo/hook/cmake_prefix_path.sh'
[2.889s] Level 1:colcon.colcon_core.environment:checking '/home/hassan/ros-tuts/patrol_ws/install/turtlebot3_gazebo/lib'
[2.889s] Level 1:colcon.colcon_core.environment:checking '/home/hassan/ros-tuts/patrol_ws/install/turtlebot3_gazebo/bin'
[2.890s] Level 1:colcon.colcon_core.environment:checking '/home/hassan/ros-tuts/patrol_ws/install/turtlebot3_gazebo/lib/pkgconfig/turtlebot3_gazebo.pc'
[2.890s] Level 1:colcon.colcon_core.environment:checking '/home/hassan/ros-tuts/patrol_ws/install/turtlebot3_gazebo/lib/python3.10/site-packages'
[2.891s] Level 1:colcon.colcon_core.environment:checking '/home/hassan/ros-tuts/patrol_ws/install/turtlebot3_gazebo/bin'
[2.892s] INFO:colcon.colcon_core.shell:Creating package script '/home/hassan/ros-tuts/patrol_ws/install/turtlebot3_gazebo/share/turtlebot3_gazebo/package.ps1'
[2.893s] INFO:colcon.colcon_core.shell:Creating package descriptor '/home/hassan/ros-tuts/patrol_ws/install/turtlebot3_gazebo/share/turtlebot3_gazebo/package.dsv'
[2.894s] INFO:colcon.colcon_core.shell:Creating package script '/home/hassan/ros-tuts/patrol_ws/install/turtlebot3_gazebo/share/turtlebot3_gazebo/package.sh'
[2.895s] INFO:colcon.colcon_core.shell:Creating package script '/home/hassan/ros-tuts/patrol_ws/install/turtlebot3_gazebo/share/turtlebot3_gazebo/package.bash'
[2.896s] INFO:colcon.colcon_core.shell:Creating package script '/home/hassan/ros-tuts/patrol_ws/install/turtlebot3_gazebo/share/turtlebot3_gazebo/package.zsh'
[2.897s] Level 1:colcon.colcon_core.environment:create_file_with_runtime_dependencies(/home/hassan/ros-tuts/patrol_ws/install/turtlebot3_gazebo/share/colcon-core/packages/turtlebot3_gazebo)
[2.983s] Level 1:colcon.colcon_core.environment:create_environment_scripts_only(turtlebot3_gazebo)
[2.984s] Level 1:colcon.colcon_core.environment:checking '/home/hassan/ros-tuts/patrol_ws/install/turtlebot3_gazebo' for CMake module files
[2.986s] Level 1:colcon.colcon_core.environment:checking '/home/hassan/ros-tuts/patrol_ws/install/turtlebot3_gazebo' for CMake config files
[2.987s] Level 1:colcon.colcon_core.shell:create_environment_hook('turtlebot3_gazebo', 'cmake_prefix_path')
[2.988s] INFO:colcon.colcon_core.shell:Creating environment hook '/home/hassan/ros-tuts/patrol_ws/install/turtlebot3_gazebo/share/turtlebot3_gazebo/hook/cmake_prefix_path.ps1'
[2.989s] INFO:colcon.colcon_core.shell:Creating environment descriptor '/home/hassan/ros-tuts/patrol_ws/install/turtlebot3_gazebo/share/turtlebot3_gazebo/hook/cmake_prefix_path.dsv'
[2.989s] INFO:colcon.colcon_core.shell:Creating environment hook '/home/hassan/ros-tuts/patrol_ws/install/turtlebot3_gazebo/share/turtlebot3_gazebo/hook/cmake_prefix_path.sh'
[2.990s] Level 1:colcon.colcon_core.environment:checking '/home/hassan/ros-tuts/patrol_ws/install/turtlebot3_gazebo/lib'
[2.991s] Level 1:colcon.colcon_core.environment:checking '/home/hassan/ros-tuts/patrol_ws/install/turtlebot3_gazebo/bin'
[2.991s] Level 1:colcon.colcon_core.environment:checking '/home/hassan/ros-tuts/patrol_ws/install/turtlebot3_gazebo/lib/pkgconfig/turtlebot3_gazebo.pc'
[2.991s] Level 1:colcon.colcon_core.environment:checking '/home/hassan/ros-tuts/patrol_ws/install/turtlebot3_gazebo/lib/python3.10/site-packages'
[2.992s] Level 1:colcon.colcon_core.environment:checking '/home/hassan/ros-tuts/patrol_ws/install/turtlebot3_gazebo/bin'
[2.993s] INFO:colcon.colcon_core.shell:Creating package script '/home/hassan/ros-tuts/patrol_ws/install/turtlebot3_gazebo/share/turtlebot3_gazebo/package.ps1'
[2.994s] INFO:colcon.colcon_core.shell:Creating package descriptor '/home/hassan/ros-tuts/patrol_ws/install/turtlebot3_gazebo/share/turtlebot3_gazebo/package.dsv'
[2.996s] INFO:colcon.colcon_core.shell:Creating package script '/home/hassan/ros-tuts/patrol_ws/install/turtlebot3_gazebo/share/turtlebot3_gazebo/package.sh'
[2.997s] INFO:colcon.colcon_core.shell:Creating package script '/home/hassan/ros-tuts/patrol_ws/install/turtlebot3_gazebo/share/turtlebot3_gazebo/package.bash'
[2.998s] INFO:colcon.colcon_core.shell:Creating package script '/home/hassan/ros-tuts/patrol_ws/install/turtlebot3_gazebo/share/turtlebot3_gazebo/package.zsh'
[2.999s] Level 1:colcon.colcon_core.environment:create_file_with_runtime_dependencies(/home/hassan/ros-tuts/patrol_ws/install/turtlebot3_gazebo/share/colcon-core/packages/turtlebot3_gazebo)
[3.026s] DEBUG:colcon.colcon_core.event_handler.log_command:Invoking command in '/home/hassan/ros-tuts/patrol_ws/build/dynamixel_sdk_custom_interfaces': CMAKE_PREFIX_PATH=${CMAKE_PREFIX_PATH}:/home/hassan/ros-tuts/patrol_ws/install/turtlebot3_teleop:/home/hassan/ros-tuts/patrol_ws/install/turtlebot3_example:/home/hassan/ros-tuts/patrol_ws/install/tb3_sim:/opt/ros/humble /usr/bin/cmake --install /home/hassan/ros-tuts/patrol_ws/build/dynamixel_sdk_custom_interfaces
[3.196s] DEBUG:colcon.colcon_core.event_handler.log_command:Invoking command in '/home/hassan/ros-tuts/patrol_ws/build/turtlebot3_msgs': CMAKE_PREFIX_PATH=${CMAKE_PREFIX_PATH}:/home/hassan/ros-tuts/patrol_ws/install/turtlebot3_teleop:/home/hassan/ros-tuts/patrol_ws/install/turtlebot3_example:/home/hassan/ros-tuts/patrol_ws/install/tb3_sim:/opt/ros/humble /usr/bin/cmake --install /home/hassan/ros-tuts/patrol_ws/build/turtlebot3_msgs
[3.208s] Level 1:colcon.colcon_core.environment:create_environment_scripts_only(dynamixel_sdk_custom_interfaces)
[3.208s] Level 1:colcon.colcon_core.environment:checking '/home/hassan/ros-tuts/patrol_ws/install/dynamixel_sdk_custom_interfaces' for CMake module files
[3.209s] DEBUG:colcon.colcon_core.event_handler.log_command:Invoked command in '/home/hassan/ros-tuts/patrol_ws/build/dynamixel_sdk_custom_interfaces' returned '0': CMAKE_PREFIX_PATH=${CMAKE_PREFIX_PATH}:/home/hassan/ros-tuts/patrol_ws/install/turtlebot3_teleop:/home/hassan/ros-tuts/patrol_ws/install/turtlebot3_example:/home/hassan/ros-tuts/patrol_ws/install/tb3_sim:/opt/ros/humble /usr/bin/cmake --install /home/hassan/ros-tuts/patrol_ws/build/dynamixel_sdk_custom_interfaces
[3.210s] Level 1:colcon.colcon_core.environment:checking '/home/hassan/ros-tuts/patrol_ws/install/dynamixel_sdk_custom_interfaces' for CMake config files
[3.213s] Level 1:colcon.colcon_core.shell:create_environment_hook('dynamixel_sdk_custom_interfaces', 'cmake_prefix_path')
[3.214s] INFO:colcon.colcon_core.shell:Creating environment hook '/home/hassan/ros-tuts/patrol_ws/install/dynamixel_sdk_custom_interfaces/share/dynamixel_sdk_custom_interfaces/hook/cmake_prefix_path.ps1'
[3.215s] INFO:colcon.colcon_core.shell:Creating environment descriptor '/home/hassan/ros-tuts/patrol_ws/install/dynamixel_sdk_custom_interfaces/share/dynamixel_sdk_custom_interfaces/hook/cmake_prefix_path.dsv'
[3.216s] INFO:colcon.colcon_core.shell:Creating environment hook '/home/hassan/ros-tuts/patrol_ws/install/dynamixel_sdk_custom_interfaces/share/dynamixel_sdk_custom_interfaces/hook/cmake_prefix_path.sh'
[3.218s] Level 1:colcon.colcon_core.environment:checking '/home/hassan/ros-tuts/patrol_ws/install/dynamixel_sdk_custom_interfaces/lib'
[3.219s] Level 1:colcon.colcon_core.shell:create_environment_hook('dynamixel_sdk_custom_interfaces', 'ld_library_path_lib')
[3.219s] INFO:colcon.colcon_core.shell:Creating environment hook '/home/hassan/ros-tuts/patrol_ws/install/dynamixel_sdk_custom_interfaces/share/dynamixel_sdk_custom_interfaces/hook/ld_library_path_lib.ps1'
[3.220s] INFO:colcon.colcon_core.shell:Creating environment descriptor '/home/hassan/ros-tuts/patrol_ws/install/dynamixel_sdk_custom_interfaces/share/dynamixel_sdk_custom_interfaces/hook/ld_library_path_lib.dsv'
[3.225s] INFO:colcon.colcon_core.shell:Creating environment hook '/home/hassan/ros-tuts/patrol_ws/install/dynamixel_sdk_custom_interfaces/share/dynamixel_sdk_custom_interfaces/hook/ld_library_path_lib.sh'
[3.227s] Level 1:colcon.colcon_core.environment:checking '/home/hassan/ros-tuts/patrol_ws/install/dynamixel_sdk_custom_interfaces/bin'
[3.228s] Level 1:colcon.colcon_core.environment:checking '/home/hassan/ros-tuts/patrol_ws/install/dynamixel_sdk_custom_interfaces/lib/pkgconfig/dynamixel_sdk_custom_interfaces.pc'
[3.228s] Level 1:colcon.colcon_core.environment:checking '/home/hassan/ros-tuts/patrol_ws/install/dynamixel_sdk_custom_interfaces/lib/python3.10/site-packages'
[3.230s] Level 1:colcon.colcon_core.environment:checking '/home/hassan/ros-tuts/patrol_ws/install/dynamixel_sdk_custom_interfaces/bin'
[3.232s] INFO:colcon.colcon_core.shell:Creating package script '/home/hassan/ros-tuts/patrol_ws/install/dynamixel_sdk_custom_interfaces/share/dynamixel_sdk_custom_interfaces/package.ps1'
[3.236s] INFO:colcon.colcon_core.shell:Creating package descriptor '/home/hassan/ros-tuts/patrol_ws/install/dynamixel_sdk_custom_interfaces/share/dynamixel_sdk_custom_interfaces/package.dsv'
[3.237s] INFO:colcon.colcon_core.shell:Creating package script '/home/hassan/ros-tuts/patrol_ws/install/dynamixel_sdk_custom_interfaces/share/dynamixel_sdk_custom_interfaces/package.sh'
[3.241s] INFO:colcon.colcon_core.shell:Creating package script '/home/hassan/ros-tuts/patrol_ws/install/dynamixel_sdk_custom_interfaces/share/dynamixel_sdk_custom_interfaces/package.bash'
[3.244s] INFO:colcon.colcon_core.shell:Creating package script '/home/hassan/ros-tuts/patrol_ws/install/dynamixel_sdk_custom_interfaces/share/dynamixel_sdk_custom_interfaces/package.zsh'
[3.246s] Level 1:colcon.colcon_core.environment:create_file_with_runtime_dependencies(/home/hassan/ros-tuts/patrol_ws/install/dynamixel_sdk_custom_interfaces/share/colcon-core/packages/dynamixel_sdk_custom_interfaces)
[3.378s] Level 1:colcon.colcon_core.environment:create_environment_scripts_only(turtlebot3_msgs)
[3.378s] Level 1:colcon.colcon_core.environment:checking '/home/hassan/ros-tuts/patrol_ws/install/turtlebot3_msgs' for CMake module files
[3.379s] DEBUG:colcon.colcon_core.event_handler.log_command:Invoked command in '/home/hassan/ros-tuts/patrol_ws/build/turtlebot3_msgs' returned '0': CMAKE_PREFIX_PATH=${CMAKE_PREFIX_PATH}:/home/hassan/ros-tuts/patrol_ws/install/turtlebot3_teleop:/home/hassan/ros-tuts/patrol_ws/install/turtlebot3_example:/home/hassan/ros-tuts/patrol_ws/install/tb3_sim:/opt/ros/humble /usr/bin/cmake --install /home/hassan/ros-tuts/patrol_ws/build/turtlebot3_msgs
[3.380s] Level 1:colcon.colcon_core.environment:checking '/home/hassan/ros-tuts/patrol_ws/install/turtlebot3_msgs' for CMake config files
[3.382s] Level 1:colcon.colcon_core.shell:create_environment_hook('turtlebot3_msgs', 'cmake_prefix_path')
[3.383s] INFO:colcon.colcon_core.shell:Creating environment hook '/home/hassan/ros-tuts/patrol_ws/install/turtlebot3_msgs/share/turtlebot3_msgs/hook/cmake_prefix_path.ps1'
[3.384s] INFO:colcon.colcon_core.shell:Creating environment descriptor '/home/hassan/ros-tuts/patrol_ws/install/turtlebot3_msgs/share/turtlebot3_msgs/hook/cmake_prefix_path.dsv'
[3.384s] INFO:colcon.colcon_core.shell:Creating environment hook '/home/hassan/ros-tuts/patrol_ws/install/turtlebot3_msgs/share/turtlebot3_msgs/hook/cmake_prefix_path.sh'
[3.385s] Level 1:colcon.colcon_core.environment:checking '/home/hassan/ros-tuts/patrol_ws/install/turtlebot3_msgs/lib'
[3.386s] Level 1:colcon.colcon_core.shell:create_environment_hook('turtlebot3_msgs', 'ld_library_path_lib')
[3.387s] INFO:colcon.colcon_core.shell:Creating environment hook '/home/hassan/ros-tuts/patrol_ws/install/turtlebot3_msgs/share/turtlebot3_msgs/hook/ld_library_path_lib.ps1'
[3.388s] INFO:colcon.colcon_core.shell:Creating environment descriptor '/home/hassan/ros-tuts/patrol_ws/install/turtlebot3_msgs/share/turtlebot3_msgs/hook/ld_library_path_lib.dsv'
[3.388s] INFO:colcon.colcon_core.shell:Creating environment hook '/home/hassan/ros-tuts/patrol_ws/install/turtlebot3_msgs/share/turtlebot3_msgs/hook/ld_library_path_lib.sh'
[3.389s] Level 1:colcon.colcon_core.environment:checking '/home/hassan/ros-tuts/patrol_ws/install/turtlebot3_msgs/bin'
[3.389s] Level 1:colcon.colcon_core.environment:checking '/home/hassan/ros-tuts/patrol_ws/install/turtlebot3_msgs/lib/pkgconfig/turtlebot3_msgs.pc'
[3.390s] Level 1:colcon.colcon_core.environment:checking '/home/hassan/ros-tuts/patrol_ws/install/turtlebot3_msgs/lib/python3.10/site-packages'
[3.390s] Level 1:colcon.colcon_core.environment:checking '/home/hassan/ros-tuts/patrol_ws/install/turtlebot3_msgs/bin'
[3.390s] INFO:colcon.colcon_core.shell:Creating package script '/home/hassan/ros-tuts/patrol_ws/install/turtlebot3_msgs/share/turtlebot3_msgs/package.ps1'
[3.391s] INFO:colcon.colcon_core.shell:Creating package descriptor '/home/hassan/ros-tuts/patrol_ws/install/turtlebot3_msgs/share/turtlebot3_msgs/package.dsv'
[3.392s] INFO:colcon.colcon_core.shell:Creating package script '/home/hassan/ros-tuts/patrol_ws/install/turtlebot3_msgs/share/turtlebot3_msgs/package.sh'
[3.393s] INFO:colcon.colcon_core.shell:Creating package script '/home/hassan/ros-tuts/patrol_ws/install/turtlebot3_msgs/share/turtlebot3_msgs/package.bash'
[3.393s] INFO:colcon.colcon_core.shell:Creating package script '/home/hassan/ros-tuts/patrol_ws/install/turtlebot3_msgs/share/turtlebot3_msgs/package.zsh'
[3.394s] Level 1:colcon.colcon_core.environment:create_file_with_runtime_dependencies(/home/hassan/ros-tuts/patrol_ws/install/turtlebot3_msgs/share/colcon-core/packages/turtlebot3_msgs)
[3.412s] Level 1:colcon.colcon_core.environment:create_environment_scripts_only(dynamixel_sdk_custom_interfaces)
[3.412s] Level 1:colcon.colcon_core.environment:checking '/home/hassan/ros-tuts/patrol_ws/install/dynamixel_sdk_custom_interfaces' for CMake module files
[3.414s] Level 1:colcon.colcon_core.environment:checking '/home/hassan/ros-tuts/patrol_ws/install/dynamixel_sdk_custom_interfaces' for CMake config files
[3.417s] Level 1:colcon.colcon_core.shell:create_environment_hook('dynamixel_sdk_custom_interfaces', 'cmake_prefix_path')
[3.418s] INFO:colcon.colcon_core.shell:Creating environment hook '/home/hassan/ros-tuts/patrol_ws/install/dynamixel_sdk_custom_interfaces/share/dynamixel_sdk_custom_interfaces/hook/cmake_prefix_path.ps1'
[3.419s] INFO:colcon.colcon_core.shell:Creating environment descriptor '/home/hassan/ros-tuts/patrol_ws/install/dynamixel_sdk_custom_interfaces/share/dynamixel_sdk_custom_interfaces/hook/cmake_prefix_path.dsv'
[3.420s] INFO:colcon.colcon_core.shell:Creating environment hook '/home/hassan/ros-tuts/patrol_ws/install/dynamixel_sdk_custom_interfaces/share/dynamixel_sdk_custom_interfaces/hook/cmake_prefix_path.sh'
[3.421s] Level 1:colcon.colcon_core.environment:checking '/home/hassan/ros-tuts/patrol_ws/install/dynamixel_sdk_custom_interfaces/lib'
[3.422s] Level 1:colcon.colcon_core.shell:create_environment_hook('dynamixel_sdk_custom_interfaces', 'ld_library_path_lib')
[3.422s] INFO:colcon.colcon_core.shell:Creating environment hook '/home/hassan/ros-tuts/patrol_ws/install/dynamixel_sdk_custom_interfaces/share/dynamixel_sdk_custom_interfaces/hook/ld_library_path_lib.ps1'
[3.423s] INFO:colcon.colcon_core.shell:Creating environment descriptor '/home/hassan/ros-tuts/patrol_ws/install/dynamixel_sdk_custom_interfaces/share/dynamixel_sdk_custom_interfaces/hook/ld_library_path_lib.dsv'
[3.424s] INFO:colcon.colcon_core.shell:Creating environment hook '/home/hassan/ros-tuts/patrol_ws/install/dynamixel_sdk_custom_interfaces/share/dynamixel_sdk_custom_interfaces/hook/ld_library_path_lib.sh'
[3.426s] Level 1:colcon.colcon_core.environment:checking '/home/hassan/ros-tuts/patrol_ws/install/dynamixel_sdk_custom_interfaces/bin'
[3.426s] Level 1:colcon.colcon_core.environment:checking '/home/hassan/ros-tuts/patrol_ws/install/dynamixel_sdk_custom_interfaces/lib/pkgconfig/dynamixel_sdk_custom_interfaces.pc'
[3.426s] Level 1:colcon.colcon_core.environment:checking '/home/hassan/ros-tuts/patrol_ws/install/dynamixel_sdk_custom_interfaces/lib/python3.10/site-packages'
[3.427s] Level 1:colcon.colcon_core.environment:checking '/home/hassan/ros-tuts/patrol_ws/install/dynamixel_sdk_custom_interfaces/bin'
[3.427s] INFO:colcon.colcon_core.shell:Creating package script '/home/hassan/ros-tuts/patrol_ws/install/dynamixel_sdk_custom_interfaces/share/dynamixel_sdk_custom_interfaces/package.ps1'
[3.428s] INFO:colcon.colcon_core.shell:Creating package descriptor '/home/hassan/ros-tuts/patrol_ws/install/dynamixel_sdk_custom_interfaces/share/dynamixel_sdk_custom_interfaces/package.dsv'
[3.429s] INFO:colcon.colcon_core.shell:Creating package script '/home/hassan/ros-tuts/patrol_ws/install/dynamixel_sdk_custom_interfaces/share/dynamixel_sdk_custom_interfaces/package.sh'
[3.430s] INFO:colcon.colcon_core.shell:Creating package script '/home/hassan/ros-tuts/patrol_ws/install/dynamixel_sdk_custom_interfaces/share/dynamixel_sdk_custom_interfaces/package.bash'
[3.431s] INFO:colcon.colcon_core.shell:Creating package script '/home/hassan/ros-tuts/patrol_ws/install/dynamixel_sdk_custom_interfaces/share/dynamixel_sdk_custom_interfaces/package.zsh'
[3.432s] Level 1:colcon.colcon_core.environment:create_file_with_runtime_dependencies(/home/hassan/ros-tuts/patrol_ws/install/dynamixel_sdk_custom_interfaces/share/colcon-core/packages/dynamixel_sdk_custom_interfaces)
[3.432s] INFO:colcon.colcon_ros.task.ament_cmake.build:Building ROS package in '/home/hassan/ros-tuts/patrol_ws/src/utils/DynamixelSDK/dynamixel_sdk_examples' with build type 'ament_cmake'
[3.433s] INFO:colcon.colcon_cmake.task.cmake.build:Building CMake package in '/home/hassan/ros-tuts/patrol_ws/src/utils/DynamixelSDK/dynamixel_sdk_examples'
[3.433s] INFO:colcon.colcon_core.shell:Skip shell extension 'powershell' for command environment: Not usable outside of PowerShell
[3.434s] DEBUG:colcon.colcon_core.shell:Skip shell extension 'dsv' for command environment
[3.464s] DEBUG:colcon.colcon_core.event_handler.log_command:Invoking command in '/home/hassan/ros-tuts/patrol_ws/build/dynamixel_sdk_examples': CMAKE_PREFIX_PATH=/home/hassan/ros-tuts/patrol_ws/install/dynamixel_sdk_custom_interfaces:/home/hassan/ros-tuts/patrol_ws/install/dynamixel_sdk:/home/hassan/ros-tuts/patrol_ws/install/turtlebot3:/home/hassan/ros-tuts/patrol_ws/install/turtlebot3_simulations:/home/hassan/ros-tuts/patrol_ws/install/turtlebot3_bringup:/home/hassan/ros-tuts/patrol_ws/install/turtlebot3_node:/home/hassan/ros-tuts/patrol_ws/install/turtlebot3_navigation2:/home/hassan/ros-tuts/patrol_ws/install/turtlebot3_fake_node:/home/hassan/ros-tuts/patrol_ws/install/turtlebot3_msgs:/home/hassan/ros-tuts/patrol_ws/install/turtlebot3_gazebo:/home/hassan/ros-tuts/patrol_ws/install/turtlebot3_description:/home/hassan/ros-tuts/patrol_ws/install/turtlebot3_cartographer:/home/hassan/ros-tuts/patrol_ws/install/hls_lfcd_lds_driver:/home/hassan/ros-tuts/patrol_ws/install/dynamixel_sdk_examples:/home/hassan/rosbot_ws/install/ros_bot:/home/hassan/ros-tuts/patrol_ws/install/turtlebot3_teleop:/home/hassan/ros-tuts/patrol_ws/install/turtlebot3_example:/home/hassan/ros-tuts/patrol_ws/install/tb3_sim:/opt/ros/humble LD_LIBRARY_PATH=/home/hassan/ros-tuts/patrol_ws/install/dynamixel_sdk_custom_interfaces/lib:/home/hassan/ros-tuts/patrol_ws/install/dynamixel_sdk/lib:/home/hassan/ros-tuts/patrol_ws/install/turtlebot3_msgs/lib:/usr/lib/x86_64-linux-gnu/gazebo-11/plugins:/opt/ros/humble/opt/rviz_ogre_vendor/lib:/opt/ros/humble/lib/x86_64-linux-gnu:/opt/ros/humble/lib /usr/bin/cmake --build /home/hassan/ros-tuts/patrol_ws/build/dynamixel_sdk_examples -- -j8 -l8
[3.609s] DEBUG:colcon.colcon_core.event_handler.log_command:Invoked command in '/home/hassan/ros-tuts/patrol_ws/build/dynamixel_sdk_examples' returned '0': CMAKE_PREFIX_PATH=/home/hassan/ros-tuts/patrol_ws/install/dynamixel_sdk_custom_interfaces:/home/hassan/ros-tuts/patrol_ws/install/dynamixel_sdk:/home/hassan/ros-tuts/patrol_ws/install/turtlebot3:/home/hassan/ros-tuts/patrol_ws/install/turtlebot3_simulations:/home/hassan/ros-tuts/patrol_ws/install/turtlebot3_bringup:/home/hassan/ros-tuts/patrol_ws/install/turtlebot3_node:/home/hassan/ros-tuts/patrol_ws/install/turtlebot3_navigation2:/home/hassan/ros-tuts/patrol_ws/install/turtlebot3_fake_node:/home/hassan/ros-tuts/patrol_ws/install/turtlebot3_msgs:/home/hassan/ros-tuts/patrol_ws/install/turtlebot3_gazebo:/home/hassan/ros-tuts/patrol_ws/install/turtlebot3_description:/home/hassan/ros-tuts/patrol_ws/install/turtlebot3_cartographer:/home/hassan/ros-tuts/patrol_ws/install/hls_lfcd_lds_driver:/home/hassan/ros-tuts/patrol_ws/install/dynamixel_sdk_examples:/home/hassan/rosbot_ws/install/ros_bot:/home/hassan/ros-tuts/patrol_ws/install/turtlebot3_teleop:/home/hassan/ros-tuts/patrol_ws/install/turtlebot3_example:/home/hassan/ros-tuts/patrol_ws/install/tb3_sim:/opt/ros/humble LD_LIBRARY_PATH=/home/hassan/ros-tuts/patrol_ws/install/dynamixel_sdk_custom_interfaces/lib:/home/hassan/ros-tuts/patrol_ws/install/dynamixel_sdk/lib:/home/hassan/ros-tuts/patrol_ws/install/turtlebot3_msgs/lib:/usr/lib/x86_64-linux-gnu/gazebo-11/plugins:/opt/ros/humble/opt/rviz_ogre_vendor/lib:/opt/ros/humble/lib/x86_64-linux-gnu:/opt/ros/humble/lib /usr/bin/cmake --build /home/hassan/ros-tuts/patrol_ws/build/dynamixel_sdk_examples -- -j8 -l8
[3.668s] DEBUG:colcon.colcon_core.event_handler.log_command:Invoking command in '/home/hassan/ros-tuts/patrol_ws/build/dynamixel_sdk_examples': CMAKE_PREFIX_PATH=/home/hassan/ros-tuts/patrol_ws/install/dynamixel_sdk_custom_interfaces:/home/hassan/ros-tuts/patrol_ws/install/dynamixel_sdk:/home/hassan/ros-tuts/patrol_ws/install/turtlebot3:/home/hassan/ros-tuts/patrol_ws/install/turtlebot3_simulations:/home/hassan/ros-tuts/patrol_ws/install/turtlebot3_bringup:/home/hassan/ros-tuts/patrol_ws/install/turtlebot3_node:/home/hassan/ros-tuts/patrol_ws/install/turtlebot3_navigation2:/home/hassan/ros-tuts/patrol_ws/install/turtlebot3_fake_node:/home/hassan/ros-tuts/patrol_ws/install/turtlebot3_msgs:/home/hassan/ros-tuts/patrol_ws/install/turtlebot3_gazebo:/home/hassan/ros-tuts/patrol_ws/install/turtlebot3_description:/home/hassan/ros-tuts/patrol_ws/install/turtlebot3_cartographer:/home/hassan/ros-tuts/patrol_ws/install/hls_lfcd_lds_driver:/home/hassan/ros-tuts/patrol_ws/install/dynamixel_sdk_examples:/home/hassan/rosbot_ws/install/ros_bot:/home/hassan/ros-tuts/patrol_ws/install/turtlebot3_teleop:/home/hassan/ros-tuts/patrol_ws/install/turtlebot3_example:/home/hassan/ros-tuts/patrol_ws/install/tb3_sim:/opt/ros/humble LD_LIBRARY_PATH=/home/hassan/ros-tuts/patrol_ws/install/dynamixel_sdk_custom_interfaces/lib:/home/hassan/ros-tuts/patrol_ws/install/dynamixel_sdk/lib:/home/hassan/ros-tuts/patrol_ws/install/turtlebot3_msgs/lib:/usr/lib/x86_64-linux-gnu/gazebo-11/plugins:/opt/ros/humble/opt/rviz_ogre_vendor/lib:/opt/ros/humble/lib/x86_64-linux-gnu:/opt/ros/humble/lib /usr/bin/cmake --install /home/hassan/ros-tuts/patrol_ws/build/dynamixel_sdk_examples
[3.707s] Level 1:colcon.colcon_core.environment:create_environment_scripts_only(dynamixel_sdk_examples)
[3.708s] Level 1:colcon.colcon_core.environment:checking '/home/hassan/ros-tuts/patrol_ws/install/dynamixel_sdk_examples' for CMake module files
[3.709s] DEBUG:colcon.colcon_core.event_handler.log_command:Invoked command in '/home/hassan/ros-tuts/patrol_ws/build/dynamixel_sdk_examples' returned '0': CMAKE_PREFIX_PATH=/home/hassan/ros-tuts/patrol_ws/install/dynamixel_sdk_custom_interfaces:/home/hassan/ros-tuts/patrol_ws/install/dynamixel_sdk:/home/hassan/ros-tuts/patrol_ws/install/turtlebot3:/home/hassan/ros-tuts/patrol_ws/install/turtlebot3_simulations:/home/hassan/ros-tuts/patrol_ws/install/turtlebot3_bringup:/home/hassan/ros-tuts/patrol_ws/install/turtlebot3_node:/home/hassan/ros-tuts/patrol_ws/install/turtlebot3_navigation2:/home/hassan/ros-tuts/patrol_ws/install/turtlebot3_fake_node:/home/hassan/ros-tuts/patrol_ws/install/turtlebot3_msgs:/home/hassan/ros-tuts/patrol_ws/install/turtlebot3_gazebo:/home/hassan/ros-tuts/patrol_ws/install/turtlebot3_description:/home/hassan/ros-tuts/patrol_ws/install/turtlebot3_cartographer:/home/hassan/ros-tuts/patrol_ws/install/hls_lfcd_lds_driver:/home/hassan/ros-tuts/patrol_ws/install/dynamixel_sdk_examples:/home/hassan/rosbot_ws/install/ros_bot:/home/hassan/ros-tuts/patrol_ws/install/turtlebot3_teleop:/home/hassan/ros-tuts/patrol_ws/install/turtlebot3_example:/home/hassan/ros-tuts/patrol_ws/install/tb3_sim:/opt/ros/humble LD_LIBRARY_PATH=/home/hassan/ros-tuts/patrol_ws/install/dynamixel_sdk_custom_interfaces/lib:/home/hassan/ros-tuts/patrol_ws/install/dynamixel_sdk/lib:/home/hassan/ros-tuts/patrol_ws/install/turtlebot3_msgs/lib:/usr/lib/x86_64-linux-gnu/gazebo-11/plugins:/opt/ros/humble/opt/rviz_ogre_vendor/lib:/opt/ros/humble/lib/x86_64-linux-gnu:/opt/ros/humble/lib /usr/bin/cmake --install /home/hassan/ros-tuts/patrol_ws/build/dynamixel_sdk_examples
[3.710s] Level 1:colcon.colcon_core.environment:checking '/home/hassan/ros-tuts/patrol_ws/install/dynamixel_sdk_examples' for CMake config files
[3.711s] Level 1:colcon.colcon_core.shell:create_environment_hook('dynamixel_sdk_examples', 'cmake_prefix_path')
[3.711s] INFO:colcon.colcon_core.shell:Creating environment hook '/home/hassan/ros-tuts/patrol_ws/install/dynamixel_sdk_examples/share/dynamixel_sdk_examples/hook/cmake_prefix_path.ps1'
[3.712s] INFO:colcon.colcon_core.shell:Creating environment descriptor '/home/hassan/ros-tuts/patrol_ws/install/dynamixel_sdk_examples/share/dynamixel_sdk_examples/hook/cmake_prefix_path.dsv'
[3.713s] INFO:colcon.colcon_core.shell:Creating environment hook '/home/hassan/ros-tuts/patrol_ws/install/dynamixel_sdk_examples/share/dynamixel_sdk_examples/hook/cmake_prefix_path.sh'
[3.714s] Level 1:colcon.colcon_core.environment:checking '/home/hassan/ros-tuts/patrol_ws/install/dynamixel_sdk_examples/lib'
[3.714s] Level 1:colcon.colcon_core.environment:checking '/home/hassan/ros-tuts/patrol_ws/install/dynamixel_sdk_examples/bin'
[3.714s] Level 1:colcon.colcon_core.environment:checking '/home/hassan/ros-tuts/patrol_ws/install/dynamixel_sdk_examples/lib/pkgconfig/dynamixel_sdk_examples.pc'
[3.715s] Level 1:colcon.colcon_core.environment:checking '/home/hassan/ros-tuts/patrol_ws/install/dynamixel_sdk_examples/lib/python3.10/site-packages'
[3.715s] Level 1:colcon.colcon_core.environment:checking '/home/hassan/ros-tuts/patrol_ws/install/dynamixel_sdk_examples/bin'
[3.716s] INFO:colcon.colcon_core.shell:Creating package script '/home/hassan/ros-tuts/patrol_ws/install/dynamixel_sdk_examples/share/dynamixel_sdk_examples/package.ps1'
[3.717s] INFO:colcon.colcon_core.shell:Creating package descriptor '/home/hassan/ros-tuts/patrol_ws/install/dynamixel_sdk_examples/share/dynamixel_sdk_examples/package.dsv'
[3.718s] INFO:colcon.colcon_core.shell:Creating package script '/home/hassan/ros-tuts/patrol_ws/install/dynamixel_sdk_examples/share/dynamixel_sdk_examples/package.sh'
[3.719s] INFO:colcon.colcon_core.shell:Creating package script '/home/hassan/ros-tuts/patrol_ws/install/dynamixel_sdk_examples/share/dynamixel_sdk_examples/package.bash'
[3.719s] INFO:colcon.colcon_core.shell:Creating package script '/home/hassan/ros-tuts/patrol_ws/install/dynamixel_sdk_examples/share/dynamixel_sdk_examples/package.zsh'
[3.720s] Level 1:colcon.colcon_core.environment:create_file_with_runtime_dependencies(/home/hassan/ros-tuts/patrol_ws/install/dynamixel_sdk_examples/share/colcon-core/packages/dynamixel_sdk_examples)
[3.724s] Level 1:colcon.colcon_core.environment:create_environment_scripts_only(turtlebot3_msgs)
[3.725s] Level 1:colcon.colcon_core.environment:checking '/home/hassan/ros-tuts/patrol_ws/install/turtlebot3_msgs' for CMake module files
[3.727s] Level 1:colcon.colcon_core.environment:checking '/home/hassan/ros-tuts/patrol_ws/install/turtlebot3_msgs' for CMake config files
[3.729s] Level 1:colcon.colcon_core.shell:create_environment_hook('turtlebot3_msgs', 'cmake_prefix_path')
[3.730s] INFO:colcon.colcon_core.shell:Creating environment hook '/home/hassan/ros-tuts/patrol_ws/install/turtlebot3_msgs/share/turtlebot3_msgs/hook/cmake_prefix_path.ps1'
[3.730s] INFO:colcon.colcon_core.shell:Creating environment descriptor '/home/hassan/ros-tuts/patrol_ws/install/turtlebot3_msgs/share/turtlebot3_msgs/hook/cmake_prefix_path.dsv'
[3.731s] INFO:colcon.colcon_core.shell:Creating environment hook '/home/hassan/ros-tuts/patrol_ws/install/turtlebot3_msgs/share/turtlebot3_msgs/hook/cmake_prefix_path.sh'
[3.732s] Level 1:colcon.colcon_core.environment:checking '/home/hassan/ros-tuts/patrol_ws/install/turtlebot3_msgs/lib'
[3.732s] Level 1:colcon.colcon_core.shell:create_environment_hook('turtlebot3_msgs', 'ld_library_path_lib')
[3.733s] INFO:colcon.colcon_core.shell:Creating environment hook '/home/hassan/ros-tuts/patrol_ws/install/turtlebot3_msgs/share/turtlebot3_msgs/hook/ld_library_path_lib.ps1'
[3.734s] INFO:colcon.colcon_core.shell:Creating environment descriptor '/home/hassan/ros-tuts/patrol_ws/install/turtlebot3_msgs/share/turtlebot3_msgs/hook/ld_library_path_lib.dsv'
[3.734s] INFO:colcon.colcon_core.shell:Creating environment hook '/home/hassan/ros-tuts/patrol_ws/install/turtlebot3_msgs/share/turtlebot3_msgs/hook/ld_library_path_lib.sh'
[3.735s] Level 1:colcon.colcon_core.environment:checking '/home/hassan/ros-tuts/patrol_ws/install/turtlebot3_msgs/bin'
[3.735s] Level 1:colcon.colcon_core.environment:checking '/home/hassan/ros-tuts/patrol_ws/install/turtlebot3_msgs/lib/pkgconfig/turtlebot3_msgs.pc'
[3.736s] Level 1:colcon.colcon_core.environment:checking '/home/hassan/ros-tuts/patrol_ws/install/turtlebot3_msgs/lib/python3.10/site-packages'
[3.737s] Level 1:colcon.colcon_core.environment:checking '/home/hassan/ros-tuts/patrol_ws/install/turtlebot3_msgs/bin'
[3.738s] INFO:colcon.colcon_core.shell:Creating package script '/home/hassan/ros-tuts/patrol_ws/install/turtlebot3_msgs/share/turtlebot3_msgs/package.ps1'
[3.739s] INFO:colcon.colcon_core.shell:Creating package descriptor '/home/hassan/ros-tuts/patrol_ws/install/turtlebot3_msgs/share/turtlebot3_msgs/package.dsv'
[3.741s] INFO:colcon.colcon_core.shell:Creating package script '/home/hassan/ros-tuts/patrol_ws/install/turtlebot3_msgs/share/turtlebot3_msgs/package.sh'
[3.742s] INFO:colcon.colcon_core.shell:Creating package script '/home/hassan/ros-tuts/patrol_ws/install/turtlebot3_msgs/share/turtlebot3_msgs/package.bash'
[3.743s] INFO:colcon.colcon_core.shell:Creating package script '/home/hassan/ros-tuts/patrol_ws/install/turtlebot3_msgs/share/turtlebot3_msgs/package.zsh'
[3.744s] Level 1:colcon.colcon_core.environment:create_file_with_runtime_dependencies(/home/hassan/ros-tuts/patrol_ws/install/turtlebot3_msgs/share/colcon-core/packages/turtlebot3_msgs)
[3.745s] INFO:colcon.colcon_ros.task.ament_cmake.build:Building ROS package in '/home/hassan/ros-tuts/patrol_ws/src/turtlebot3/turtlebot3/turtlebot3_node' with build type 'ament_cmake'
[3.745s] INFO:colcon.colcon_cmake.task.cmake.build:Building CMake package in '/home/hassan/ros-tuts/patrol_ws/src/turtlebot3/turtlebot3/turtlebot3_node'
[3.746s] INFO:colcon.colcon_core.shell:Skip shell extension 'powershell' for command environment: Not usable outside of PowerShell
[3.746s] DEBUG:colcon.colcon_core.shell:Skip shell extension 'dsv' for command environment
[3.757s] INFO:colcon.colcon_ros.task.ament_python.build:Building ROS package in '/home/hassan/ros-tuts/patrol_ws/src/turtlebot3/turtlebot3/turtlebot3_example' with build type 'ament_python'
[3.757s] Level 1:colcon.colcon_core.shell:create_environment_hook('turtlebot3_example', 'ament_prefix_path')
[3.758s] INFO:colcon.colcon_core.shell:Creating environment hook '/home/hassan/ros-tuts/patrol_ws/install/turtlebot3_example/share/turtlebot3_example/hook/ament_prefix_path.ps1'
[3.759s] INFO:colcon.colcon_core.shell:Creating environment descriptor '/home/hassan/ros-tuts/patrol_ws/install/turtlebot3_example/share/turtlebot3_example/hook/ament_prefix_path.dsv'
[3.760s] INFO:colcon.colcon_core.shell:Creating environment hook '/home/hassan/ros-tuts/patrol_ws/install/turtlebot3_example/share/turtlebot3_example/hook/ament_prefix_path.sh'
[3.762s] INFO:colcon.colcon_core.shell:Skip shell extension 'powershell' for command environment: Not usable outside of PowerShell
[3.762s] DEBUG:colcon.colcon_core.shell:Skip shell extension 'dsv' for command environment
[3.773s] INFO:colcon.colcon_ros.task.ament_cmake.build:Building ROS package in '/home/hassan/ros-tuts/patrol_ws/src/turtlebot3/turtlebot3_simulations/turtlebot3_fake_node' with build type 'ament_cmake'
[3.774s] INFO:colcon.colcon_cmake.task.cmake.build:Building CMake package in '/home/hassan/ros-tuts/patrol_ws/src/turtlebot3/turtlebot3_simulations/turtlebot3_fake_node'
[3.775s] INFO:colcon.colcon_core.shell:Skip shell extension 'powershell' for command environment: Not usable outside of PowerShell
[3.775s] DEBUG:colcon.colcon_core.shell:Skip shell extension 'dsv' for command environment
[3.788s] Level 1:colcon.colcon_core.environment:create_environment_scripts_only(dynamixel_sdk_examples)
[3.789s] Level 1:colcon.colcon_core.environment:checking '/home/hassan/ros-tuts/patrol_ws/install/dynamixel_sdk_examples' for CMake module files
[3.791s] DEBUG:colcon.colcon_core.event_handler.log_command:Invoking command in '/home/hassan/ros-tuts/patrol_ws/build/turtlebot3_teleop': PYTHONPATH=/home/hassan/ros-tuts/patrol_ws/build/turtlebot3_teleop/prefix_override:/usr/lib/python3/dist-packages/colcon_core/task/python/colcon_distutils_commands:/home/hassan/ros-tuts/patrol_ws/install/turtlebot3_teleop/lib/python3.10/site-packages:${PYTHONPATH} /usr/bin/python3 -W ignore:setup.py install is deprecated setup.py develop --editable --build-directory /home/hassan/ros-tuts/patrol_ws/build/turtlebot3_teleop/build --no-deps symlink_data
[3.792s] Level 1:colcon.colcon_core.environment:checking '/home/hassan/ros-tuts/patrol_ws/install/dynamixel_sdk_examples' for CMake config files
[3.793s] Level 1:colcon.colcon_core.shell:create_environment_hook('dynamixel_sdk_examples', 'cmake_prefix_path')
[3.794s] INFO:colcon.colcon_core.shell:Creating environment hook '/home/hassan/ros-tuts/patrol_ws/install/dynamixel_sdk_examples/share/dynamixel_sdk_examples/hook/cmake_prefix_path.ps1'
[3.796s] INFO:colcon.colcon_core.shell:Creating environment descriptor '/home/hassan/ros-tuts/patrol_ws/install/dynamixel_sdk_examples/share/dynamixel_sdk_examples/hook/cmake_prefix_path.dsv'
[3.797s] INFO:colcon.colcon_core.shell:Creating environment hook '/home/hassan/ros-tuts/patrol_ws/install/dynamixel_sdk_examples/share/dynamixel_sdk_examples/hook/cmake_prefix_path.sh'
[3.799s] Level 1:colcon.colcon_core.environment:checking '/home/hassan/ros-tuts/patrol_ws/install/dynamixel_sdk_examples/lib'
[3.799s] Level 1:colcon.colcon_core.environment:checking '/home/hassan/ros-tuts/patrol_ws/install/dynamixel_sdk_examples/bin'
[3.799s] Level 1:colcon.colcon_core.environment:checking '/home/hassan/ros-tuts/patrol_ws/install/dynamixel_sdk_examples/lib/pkgconfig/dynamixel_sdk_examples.pc'
[3.800s] Level 1:colcon.colcon_core.environment:checking '/home/hassan/ros-tuts/patrol_ws/install/dynamixel_sdk_examples/lib/python3.10/site-packages'
[3.800s] Level 1:colcon.colcon_core.environment:checking '/home/hassan/ros-tuts/patrol_ws/install/dynamixel_sdk_examples/bin'
[3.801s] INFO:colcon.colcon_core.shell:Creating package script '/home/hassan/ros-tuts/patrol_ws/install/dynamixel_sdk_examples/share/dynamixel_sdk_examples/package.ps1'
[3.802s] INFO:colcon.colcon_core.shell:Creating package descriptor '/home/hassan/ros-tuts/patrol_ws/install/dynamixel_sdk_examples/share/dynamixel_sdk_examples/package.dsv'
[3.804s] INFO:colcon.colcon_core.shell:Creating package script '/home/hassan/ros-tuts/patrol_ws/install/dynamixel_sdk_examples/share/dynamixel_sdk_examples/package.sh'
[3.805s] INFO:colcon.colcon_core.shell:Creating package script '/home/hassan/ros-tuts/patrol_ws/install/dynamixel_sdk_examples/share/dynamixel_sdk_examples/package.bash'
[3.807s] INFO:colcon.colcon_core.shell:Creating package script '/home/hassan/ros-tuts/patrol_ws/install/dynamixel_sdk_examples/share/dynamixel_sdk_examples/package.zsh'
[3.808s] Level 1:colcon.colcon_core.environment:create_file_with_runtime_dependencies(/home/hassan/ros-tuts/patrol_ws/install/dynamixel_sdk_examples/share/colcon-core/packages/dynamixel_sdk_examples)
[3.823s] DEBUG:colcon.colcon_core.event_handler.log_command:Invoking command in '/home/hassan/ros-tuts/patrol_ws/build/turtlebot3_node': CMAKE_PREFIX_PATH=/home/hassan/ros-tuts/patrol_ws/install/turtlebot3_msgs:/home/hassan/ros-tuts/patrol_ws/install/dynamixel_sdk:/home/hassan/ros-tuts/patrol_ws/install/turtlebot3:/home/hassan/ros-tuts/patrol_ws/install/turtlebot3_simulations:/home/hassan/ros-tuts/patrol_ws/install/turtlebot3_bringup:/home/hassan/ros-tuts/patrol_ws/install/turtlebot3_node:/home/hassan/ros-tuts/patrol_ws/install/turtlebot3_navigation2:/home/hassan/ros-tuts/patrol_ws/install/turtlebot3_fake_node:/home/hassan/ros-tuts/patrol_ws/install/turtlebot3_gazebo:/home/hassan/ros-tuts/patrol_ws/install/turtlebot3_description:/home/hassan/ros-tuts/patrol_ws/install/turtlebot3_cartographer:/home/hassan/ros-tuts/patrol_ws/install/hls_lfcd_lds_driver:/home/hassan/ros-tuts/patrol_ws/install/dynamixel_sdk_examples:/home/hassan/ros-tuts/patrol_ws/install/dynamixel_sdk_custom_interfaces:/home/hassan/rosbot_ws/install/ros_bot:/home/hassan/ros-tuts/patrol_ws/install/turtlebot3_teleop:/home/hassan/ros-tuts/patrol_ws/install/turtlebot3_example:/home/hassan/ros-tuts/patrol_ws/install/tb3_sim:/opt/ros/humble LD_LIBRARY_PATH=/home/hassan/ros-tuts/patrol_ws/install/turtlebot3_msgs/lib:/home/hassan/ros-tuts/patrol_ws/install/dynamixel_sdk/lib:/home/hassan/ros-tuts/patrol_ws/install/dynamixel_sdk_custom_interfaces/lib:/usr/lib/x86_64-linux-gnu/gazebo-11/plugins:/opt/ros/humble/opt/rviz_ogre_vendor/lib:/opt/ros/humble/lib/x86_64-linux-gnu:/opt/ros/humble/lib /usr/bin/cmake --build /home/hassan/ros-tuts/patrol_ws/build/turtlebot3_node -- -j8 -l8
[4.338s] INFO:colcon.colcon_core.task.python.build:Building Python package in '/home/hassan/ros-tuts/patrol_ws/src/turtlebot3/turtlebot3/turtlebot3_example'
[4.339s] INFO:colcon.colcon_core.shell:Skip shell extension 'powershell' for command environment: Not usable outside of PowerShell
[4.339s] DEBUG:colcon.colcon_core.shell:Skip shell extension 'dsv' for command environment
[4.359s] DEBUG:colcon.colcon_core.event_handler.log_command:Invoking command in '/home/hassan/ros-tuts/patrol_ws/build/turtlebot3_fake_node': CMAKE_PREFIX_PATH=/home/hassan/ros-tuts/patrol_ws/install/turtlebot3_msgs:/home/hassan/ros-tuts/patrol_ws/install/turtlebot3:/home/hassan/ros-tuts/patrol_ws/install/turtlebot3_simulations:/home/hassan/ros-tuts/patrol_ws/install/turtlebot3_bringup:/home/hassan/ros-tuts/patrol_ws/install/turtlebot3_node:/home/hassan/ros-tuts/patrol_ws/install/turtlebot3_navigation2:/home/hassan/ros-tuts/patrol_ws/install/turtlebot3_fake_node:/home/hassan/ros-tuts/patrol_ws/install/turtlebot3_gazebo:/home/hassan/ros-tuts/patrol_ws/install/turtlebot3_description:/home/hassan/ros-tuts/patrol_ws/install/turtlebot3_cartographer:/home/hassan/ros-tuts/patrol_ws/install/hls_lfcd_lds_driver:/home/hassan/ros-tuts/patrol_ws/install/dynamixel_sdk_examples:/home/hassan/ros-tuts/patrol_ws/install/dynamixel_sdk_custom_interfaces:/home/hassan/ros-tuts/patrol_ws/install/dynamixel_sdk:/home/hassan/rosbot_ws/install/ros_bot:/home/hassan/ros-tuts/patrol_ws/install/turtlebot3_teleop:/home/hassan/ros-tuts/patrol_ws/install/turtlebot3_example:/home/hassan/ros-tuts/patrol_ws/install/tb3_sim:/opt/ros/humble /usr/bin/cmake --build /home/hassan/ros-tuts/patrol_ws/build/turtlebot3_fake_node -- -j8 -l8
[4.366s] DEBUG:colcon.colcon_core.event_handler.log_command:Invoking command in '/home/hassan/ros-tuts/patrol_ws/build/tb3_sim': PYTHONPATH=/home/hassan/ros-tuts/patrol_ws/build/tb3_sim/prefix_override:/usr/lib/python3/dist-packages/colcon_core/task/python/colcon_distutils_commands:/home/hassan/ros-tuts/patrol_ws/install/tb3_sim/lib/python3.10/site-packages:${PYTHONPATH} /usr/bin/python3 -W ignore:setup.py install is deprecated setup.py develop --editable --build-directory /home/hassan/ros-tuts/patrol_ws/build/tb3_sim/build --no-deps symlink_data
[4.367s] DEBUG:colcon.colcon_core.event_handler.log_command:Invoked command in '/home/hassan/ros-tuts/patrol_ws/build/turtlebot3_node' returned '0': CMAKE_PREFIX_PATH=/home/hassan/ros-tuts/patrol_ws/install/turtlebot3_msgs:/home/hassan/ros-tuts/patrol_ws/install/dynamixel_sdk:/home/hassan/ros-tuts/patrol_ws/install/turtlebot3:/home/hassan/ros-tuts/patrol_ws/install/turtlebot3_simulations:/home/hassan/ros-tuts/patrol_ws/install/turtlebot3_bringup:/home/hassan/ros-tuts/patrol_ws/install/turtlebot3_node:/home/hassan/ros-tuts/patrol_ws/install/turtlebot3_navigation2:/home/hassan/ros-tuts/patrol_ws/install/turtlebot3_fake_node:/home/hassan/ros-tuts/patrol_ws/install/turtlebot3_gazebo:/home/hassan/ros-tuts/patrol_ws/install/turtlebot3_description:/home/hassan/ros-tuts/patrol_ws/install/turtlebot3_cartographer:/home/hassan/ros-tuts/patrol_ws/install/hls_lfcd_lds_driver:/home/hassan/ros-tuts/patrol_ws/install/dynamixel_sdk_examples:/home/hassan/ros-tuts/patrol_ws/install/dynamixel_sdk_custom_interfaces:/home/hassan/rosbot_ws/install/ros_bot:/home/hassan/ros-tuts/patrol_ws/install/turtlebot3_teleop:/home/hassan/ros-tuts/patrol_ws/install/turtlebot3_example:/home/hassan/ros-tuts/patrol_ws/install/tb3_sim:/opt/ros/humble LD_LIBRARY_PATH=/home/hassan/ros-tuts/patrol_ws/install/turtlebot3_msgs/lib:/home/hassan/ros-tuts/patrol_ws/install/dynamixel_sdk/lib:/home/hassan/ros-tuts/patrol_ws/install/dynamixel_sdk_custom_interfaces/lib:/usr/lib/x86_64-linux-gnu/gazebo-11/plugins:/opt/ros/humble/opt/rviz_ogre_vendor/lib:/opt/ros/humble/lib/x86_64-linux-gnu:/opt/ros/humble/lib /usr/bin/cmake --build /home/hassan/ros-tuts/patrol_ws/build/turtlebot3_node -- -j8 -l8
[4.470s] DEBUG:colcon.colcon_core.event_handler.log_command:Invoking command in '/home/hassan/ros-tuts/patrol_ws/build/turtlebot3_node': CMAKE_PREFIX_PATH=/home/hassan/ros-tuts/patrol_ws/install/turtlebot3_msgs:/home/hassan/ros-tuts/patrol_ws/install/dynamixel_sdk:/home/hassan/ros-tuts/patrol_ws/install/turtlebot3:/home/hassan/ros-tuts/patrol_ws/install/turtlebot3_simulations:/home/hassan/ros-tuts/patrol_ws/install/turtlebot3_bringup:/home/hassan/ros-tuts/patrol_ws/install/turtlebot3_node:/home/hassan/ros-tuts/patrol_ws/install/turtlebot3_navigation2:/home/hassan/ros-tuts/patrol_ws/install/turtlebot3_fake_node:/home/hassan/ros-tuts/patrol_ws/install/turtlebot3_gazebo:/home/hassan/ros-tuts/patrol_ws/install/turtlebot3_description:/home/hassan/ros-tuts/patrol_ws/install/turtlebot3_cartographer:/home/hassan/ros-tuts/patrol_ws/install/hls_lfcd_lds_driver:/home/hassan/ros-tuts/patrol_ws/install/dynamixel_sdk_examples:/home/hassan/ros-tuts/patrol_ws/install/dynamixel_sdk_custom_interfaces:/home/hassan/rosbot_ws/install/ros_bot:/home/hassan/ros-tuts/patrol_ws/install/turtlebot3_teleop:/home/hassan/ros-tuts/patrol_ws/install/turtlebot3_example:/home/hassan/ros-tuts/patrol_ws/install/tb3_sim:/opt/ros/humble LD_LIBRARY_PATH=/home/hassan/ros-tuts/patrol_ws/install/turtlebot3_msgs/lib:/home/hassan/ros-tuts/patrol_ws/install/dynamixel_sdk/lib:/home/hassan/ros-tuts/patrol_ws/install/dynamixel_sdk_custom_interfaces/lib:/usr/lib/x86_64-linux-gnu/gazebo-11/plugins:/opt/ros/humble/opt/rviz_ogre_vendor/lib:/opt/ros/humble/lib/x86_64-linux-gnu:/opt/ros/humble/lib /usr/bin/cmake --install /home/hassan/ros-tuts/patrol_ws/build/turtlebot3_node
[4.496s] DEBUG:colcon.colcon_core.event_handler.log_command:Invoked command in '/home/hassan/ros-tuts/patrol_ws/build/turtlebot3_fake_node' returned '0': CMAKE_PREFIX_PATH=/home/hassan/ros-tuts/patrol_ws/install/turtlebot3_msgs:/home/hassan/ros-tuts/patrol_ws/install/turtlebot3:/home/hassan/ros-tuts/patrol_ws/install/turtlebot3_simulations:/home/hassan/ros-tuts/patrol_ws/install/turtlebot3_bringup:/home/hassan/ros-tuts/patrol_ws/install/turtlebot3_node:/home/hassan/ros-tuts/patrol_ws/install/turtlebot3_navigation2:/home/hassan/ros-tuts/patrol_ws/install/turtlebot3_fake_node:/home/hassan/ros-tuts/patrol_ws/install/turtlebot3_gazebo:/home/hassan/ros-tuts/patrol_ws/install/turtlebot3_description:/home/hassan/ros-tuts/patrol_ws/install/turtlebot3_cartographer:/home/hassan/ros-tuts/patrol_ws/install/hls_lfcd_lds_driver:/home/hassan/ros-tuts/patrol_ws/install/dynamixel_sdk_examples:/home/hassan/ros-tuts/patrol_ws/install/dynamixel_sdk_custom_interfaces:/home/hassan/ros-tuts/patrol_ws/install/dynamixel_sdk:/home/hassan/rosbot_ws/install/ros_bot:/home/hassan/ros-tuts/patrol_ws/install/turtlebot3_teleop:/home/hassan/ros-tuts/patrol_ws/install/turtlebot3_example:/home/hassan/ros-tuts/patrol_ws/install/tb3_sim:/opt/ros/humble /usr/bin/cmake --build /home/hassan/ros-tuts/patrol_ws/build/turtlebot3_fake_node -- -j8 -l8
[4.512s] Level 1:colcon.colcon_core.environment:create_environment_scripts_only(turtlebot3_node)
[4.512s] Level 1:colcon.colcon_core.environment:checking '/home/hassan/ros-tuts/patrol_ws/install/turtlebot3_node' for CMake module files
[4.513s] DEBUG:colcon.colcon_core.event_handler.log_command:Invoked command in '/home/hassan/ros-tuts/patrol_ws/build/turtlebot3_node' returned '0': CMAKE_PREFIX_PATH=/home/hassan/ros-tuts/patrol_ws/install/turtlebot3_msgs:/home/hassan/ros-tuts/patrol_ws/install/dynamixel_sdk:/home/hassan/ros-tuts/patrol_ws/install/turtlebot3:/home/hassan/ros-tuts/patrol_ws/install/turtlebot3_simulations:/home/hassan/ros-tuts/patrol_ws/install/turtlebot3_bringup:/home/hassan/ros-tuts/patrol_ws/install/turtlebot3_node:/home/hassan/ros-tuts/patrol_ws/install/turtlebot3_navigation2:/home/hassan/ros-tuts/patrol_ws/install/turtlebot3_fake_node:/home/hassan/ros-tuts/patrol_ws/install/turtlebot3_gazebo:/home/hassan/ros-tuts/patrol_ws/install/turtlebot3_description:/home/hassan/ros-tuts/patrol_ws/install/turtlebot3_cartographer:/home/hassan/ros-tuts/patrol_ws/install/hls_lfcd_lds_driver:/home/hassan/ros-tuts/patrol_ws/install/dynamixel_sdk_examples:/home/hassan/ros-tuts/patrol_ws/install/dynamixel_sdk_custom_interfaces:/home/hassan/rosbot_ws/install/ros_bot:/home/hassan/ros-tuts/patrol_ws/install/turtlebot3_teleop:/home/hassan/ros-tuts/patrol_ws/install/turtlebot3_example:/home/hassan/ros-tuts/patrol_ws/install/tb3_sim:/opt/ros/humble LD_LIBRARY_PATH=/home/hassan/ros-tuts/patrol_ws/install/turtlebot3_msgs/lib:/home/hassan/ros-tuts/patrol_ws/install/dynamixel_sdk/lib:/home/hassan/ros-tuts/patrol_ws/install/dynamixel_sdk_custom_interfaces/lib:/usr/lib/x86_64-linux-gnu/gazebo-11/plugins:/opt/ros/humble/opt/rviz_ogre_vendor/lib:/opt/ros/humble/lib/x86_64-linux-gnu:/opt/ros/humble/lib /usr/bin/cmake --install /home/hassan/ros-tuts/patrol_ws/build/turtlebot3_node
[4.514s] Level 1:colcon.colcon_core.environment:checking '/home/hassan/ros-tuts/patrol_ws/install/turtlebot3_node' for CMake config files
[4.515s] Level 1:colcon.colcon_core.shell:create_environment_hook('turtlebot3_node', 'cmake_prefix_path')
[4.516s] INFO:colcon.colcon_core.shell:Creating environment hook '/home/hassan/ros-tuts/patrol_ws/install/turtlebot3_node/share/turtlebot3_node/hook/cmake_prefix_path.ps1'
[4.517s] INFO:colcon.colcon_core.shell:Creating environment descriptor '/home/hassan/ros-tuts/patrol_ws/install/turtlebot3_node/share/turtlebot3_node/hook/cmake_prefix_path.dsv'
[4.518s] INFO:colcon.colcon_core.shell:Creating environment hook '/home/hassan/ros-tuts/patrol_ws/install/turtlebot3_node/share/turtlebot3_node/hook/cmake_prefix_path.sh'
[4.520s] Level 1:colcon.colcon_core.environment:checking '/home/hassan/ros-tuts/patrol_ws/install/turtlebot3_node/lib'
[4.520s] Level 1:colcon.colcon_core.environment:checking '/home/hassan/ros-tuts/patrol_ws/install/turtlebot3_node/bin'
[4.520s] Level 1:colcon.colcon_core.environment:checking '/home/hassan/ros-tuts/patrol_ws/install/turtlebot3_node/lib/pkgconfig/turtlebot3_node.pc'
[4.521s] Level 1:colcon.colcon_core.environment:checking '/home/hassan/ros-tuts/patrol_ws/install/turtlebot3_node/lib/python3.10/site-packages'
[4.522s] Level 1:colcon.colcon_core.environment:checking '/home/hassan/ros-tuts/patrol_ws/install/turtlebot3_node/bin'
[4.523s] INFO:colcon.colcon_core.shell:Creating package script '/home/hassan/ros-tuts/patrol_ws/install/turtlebot3_node/share/turtlebot3_node/package.ps1'
[4.524s] INFO:colcon.colcon_core.shell:Creating package descriptor '/home/hassan/ros-tuts/patrol_ws/install/turtlebot3_node/share/turtlebot3_node/package.dsv'
[4.525s] INFO:colcon.colcon_core.shell:Creating package script '/home/hassan/ros-tuts/patrol_ws/install/turtlebot3_node/share/turtlebot3_node/package.sh'
[4.526s] INFO:colcon.colcon_core.shell:Creating package script '/home/hassan/ros-tuts/patrol_ws/install/turtlebot3_node/share/turtlebot3_node/package.bash'
[4.527s] INFO:colcon.colcon_core.shell:Creating package script '/home/hassan/ros-tuts/patrol_ws/install/turtlebot3_node/share/turtlebot3_node/package.zsh'
[4.528s] Level 1:colcon.colcon_core.environment:create_file_with_runtime_dependencies(/home/hassan/ros-tuts/patrol_ws/install/turtlebot3_node/share/colcon-core/packages/turtlebot3_node)
[4.555s] DEBUG:colcon.colcon_core.event_handler.log_command:Invoking command in '/home/hassan/ros-tuts/patrol_ws/build/turtlebot3_fake_node': CMAKE_PREFIX_PATH=/home/hassan/ros-tuts/patrol_ws/install/turtlebot3_msgs:/home/hassan/ros-tuts/patrol_ws/install/turtlebot3:/home/hassan/ros-tuts/patrol_ws/install/turtlebot3_simulations:/home/hassan/ros-tuts/patrol_ws/install/turtlebot3_bringup:/home/hassan/ros-tuts/patrol_ws/install/turtlebot3_node:/home/hassan/ros-tuts/patrol_ws/install/turtlebot3_navigation2:/home/hassan/ros-tuts/patrol_ws/install/turtlebot3_fake_node:/home/hassan/ros-tuts/patrol_ws/install/turtlebot3_gazebo:/home/hassan/ros-tuts/patrol_ws/install/turtlebot3_description:/home/hassan/ros-tuts/patrol_ws/install/turtlebot3_cartographer:/home/hassan/ros-tuts/patrol_ws/install/hls_lfcd_lds_driver:/home/hassan/ros-tuts/patrol_ws/install/dynamixel_sdk_examples:/home/hassan/ros-tuts/patrol_ws/install/dynamixel_sdk_custom_interfaces:/home/hassan/ros-tuts/patrol_ws/install/dynamixel_sdk:/home/hassan/rosbot_ws/install/ros_bot:/home/hassan/ros-tuts/patrol_ws/install/turtlebot3_teleop:/home/hassan/ros-tuts/patrol_ws/install/turtlebot3_example:/home/hassan/ros-tuts/patrol_ws/install/tb3_sim:/opt/ros/humble /usr/bin/cmake --install /home/hassan/ros-tuts/patrol_ws/build/turtlebot3_fake_node
[4.601s] Level 1:colcon.colcon_core.environment:create_environment_scripts_only(turtlebot3_fake_node)
[4.602s] Level 1:colcon.colcon_core.environment:checking '/home/hassan/ros-tuts/patrol_ws/install/turtlebot3_fake_node' for CMake module files
[4.604s] Level 1:colcon.colcon_core.environment:checking '/home/hassan/ros-tuts/patrol_ws/install/turtlebot3_fake_node' for CMake config files
[4.602s] DEBUG:colcon.colcon_core.event_handler.log_command:Invoked command in '/home/hassan/ros-tuts/patrol_ws/build/turtlebot3_fake_node' returned '0': CMAKE_PREFIX_PATH=/home/hassan/ros-tuts/patrol_ws/install/turtlebot3_msgs:/home/hassan/ros-tuts/patrol_ws/install/turtlebot3:/home/hassan/ros-tuts/patrol_ws/install/turtlebot3_simulations:/home/hassan/ros-tuts/patrol_ws/install/turtlebot3_bringup:/home/hassan/ros-tuts/patrol_ws/install/turtlebot3_node:/home/hassan/ros-tuts/patrol_ws/install/turtlebot3_navigation2:/home/hassan/ros-tuts/patrol_ws/install/turtlebot3_fake_node:/home/hassan/ros-tuts/patrol_ws/install/turtlebot3_gazebo:/home/hassan/ros-tuts/patrol_ws/install/turtlebot3_description:/home/hassan/ros-tuts/patrol_ws/install/turtlebot3_cartographer:/home/hassan/ros-tuts/patrol_ws/install/hls_lfcd_lds_driver:/home/hassan/ros-tuts/patrol_ws/install/dynamixel_sdk_examples:/home/hassan/ros-tuts/patrol_ws/install/dynamixel_sdk_custom_interfaces:/home/hassan/ros-tuts/patrol_ws/install/dynamixel_sdk:/home/hassan/rosbot_ws/install/ros_bot:/home/hassan/ros-tuts/patrol_ws/install/turtlebot3_teleop:/home/hassan/ros-tuts/patrol_ws/install/turtlebot3_example:/home/hassan/ros-tuts/patrol_ws/install/tb3_sim:/opt/ros/humble /usr/bin/cmake --install /home/hassan/ros-tuts/patrol_ws/build/turtlebot3_fake_node
[4.605s] Level 1:colcon.colcon_core.shell:create_environment_hook('turtlebot3_fake_node', 'cmake_prefix_path')
[4.606s] INFO:colcon.colcon_core.shell:Creating environment hook '/home/hassan/ros-tuts/patrol_ws/install/turtlebot3_fake_node/share/turtlebot3_fake_node/hook/cmake_prefix_path.ps1'
[4.607s] INFO:colcon.colcon_core.shell:Creating environment descriptor '/home/hassan/ros-tuts/patrol_ws/install/turtlebot3_fake_node/share/turtlebot3_fake_node/hook/cmake_prefix_path.dsv'
[4.608s] INFO:colcon.colcon_core.shell:Creating environment hook '/home/hassan/ros-tuts/patrol_ws/install/turtlebot3_fake_node/share/turtlebot3_fake_node/hook/cmake_prefix_path.sh'
[4.609s] Level 1:colcon.colcon_core.environment:checking '/home/hassan/ros-tuts/patrol_ws/install/turtlebot3_fake_node/lib'
[4.610s] Level 1:colcon.colcon_core.environment:checking '/home/hassan/ros-tuts/patrol_ws/install/turtlebot3_fake_node/bin'
[4.610s] Level 1:colcon.colcon_core.environment:checking '/home/hassan/ros-tuts/patrol_ws/install/turtlebot3_fake_node/lib/pkgconfig/turtlebot3_fake_node.pc'
[4.610s] Level 1:colcon.colcon_core.environment:checking '/home/hassan/ros-tuts/patrol_ws/install/turtlebot3_fake_node/lib/python3.10/site-packages'
[4.611s] Level 1:colcon.colcon_core.environment:checking '/home/hassan/ros-tuts/patrol_ws/install/turtlebot3_fake_node/bin'
[4.611s] INFO:colcon.colcon_core.shell:Creating package script '/home/hassan/ros-tuts/patrol_ws/install/turtlebot3_fake_node/share/turtlebot3_fake_node/package.ps1'
[4.612s] INFO:colcon.colcon_core.shell:Creating package descriptor '/home/hassan/ros-tuts/patrol_ws/install/turtlebot3_fake_node/share/turtlebot3_fake_node/package.dsv'
[4.613s] INFO:colcon.colcon_core.shell:Creating package script '/home/hassan/ros-tuts/patrol_ws/install/turtlebot3_fake_node/share/turtlebot3_fake_node/package.sh'
[4.614s] INFO:colcon.colcon_core.shell:Creating package script '/home/hassan/ros-tuts/patrol_ws/install/turtlebot3_fake_node/share/turtlebot3_fake_node/package.bash'
[4.615s] INFO:colcon.colcon_core.shell:Creating package script '/home/hassan/ros-tuts/patrol_ws/install/turtlebot3_fake_node/share/turtlebot3_fake_node/package.zsh'
[4.616s] Level 1:colcon.colcon_core.environment:create_file_with_runtime_dependencies(/home/hassan/ros-tuts/patrol_ws/install/turtlebot3_fake_node/share/colcon-core/packages/turtlebot3_fake_node)
[4.643s] Level 1:colcon.colcon_core.environment:create_environment_scripts_only(turtlebot3_node)
[4.644s] Level 1:colcon.colcon_core.environment:checking '/home/hassan/ros-tuts/patrol_ws/install/turtlebot3_node' for CMake module files
[4.644s] Level 1:colcon.colcon_core.environment:checking '/home/hassan/ros-tuts/patrol_ws/install/turtlebot3_node' for CMake config files
[4.645s] Level 1:colcon.colcon_core.shell:create_environment_hook('turtlebot3_node', 'cmake_prefix_path')
[4.646s] INFO:colcon.colcon_core.shell:Creating environment hook '/home/hassan/ros-tuts/patrol_ws/install/turtlebot3_node/share/turtlebot3_node/hook/cmake_prefix_path.ps1'
[4.647s] INFO:colcon.colcon_core.shell:Creating environment descriptor '/home/hassan/ros-tuts/patrol_ws/install/turtlebot3_node/share/turtlebot3_node/hook/cmake_prefix_path.dsv'
[4.648s] INFO:colcon.colcon_core.shell:Creating environment hook '/home/hassan/ros-tuts/patrol_ws/install/turtlebot3_node/share/turtlebot3_node/hook/cmake_prefix_path.sh'
[4.649s] Level 1:colcon.colcon_core.environment:checking '/home/hassan/ros-tuts/patrol_ws/install/turtlebot3_node/lib'
[4.649s] Level 1:colcon.colcon_core.environment:checking '/home/hassan/ros-tuts/patrol_ws/install/turtlebot3_node/bin'
[4.649s] Level 1:colcon.colcon_core.environment:checking '/home/hassan/ros-tuts/patrol_ws/install/turtlebot3_node/lib/pkgconfig/turtlebot3_node.pc'
[4.650s] Level 1:colcon.colcon_core.environment:checking '/home/hassan/ros-tuts/patrol_ws/install/turtlebot3_node/lib/python3.10/site-packages'
[4.650s] Level 1:colcon.colcon_core.environment:checking '/home/hassan/ros-tuts/patrol_ws/install/turtlebot3_node/bin'
[4.651s] INFO:colcon.colcon_core.shell:Creating package script '/home/hassan/ros-tuts/patrol_ws/install/turtlebot3_node/share/turtlebot3_node/package.ps1'
[4.653s] INFO:colcon.colcon_core.shell:Creating package descriptor '/home/hassan/ros-tuts/patrol_ws/install/turtlebot3_node/share/turtlebot3_node/package.dsv'
[4.654s] INFO:colcon.colcon_core.shell:Creating package script '/home/hassan/ros-tuts/patrol_ws/install/turtlebot3_node/share/turtlebot3_node/package.sh'
[4.655s] INFO:colcon.colcon_core.shell:Creating package script '/home/hassan/ros-tuts/patrol_ws/install/turtlebot3_node/share/turtlebot3_node/package.bash'
[4.656s] INFO:colcon.colcon_core.shell:Creating package script '/home/hassan/ros-tuts/patrol_ws/install/turtlebot3_node/share/turtlebot3_node/package.zsh'
[4.657s] Level 1:colcon.colcon_core.environment:create_file_with_runtime_dependencies(/home/hassan/ros-tuts/patrol_ws/install/turtlebot3_node/share/colcon-core/packages/turtlebot3_node)
[4.658s] INFO:colcon.colcon_ros.task.ament_cmake.build:Building ROS package in '/home/hassan/ros-tuts/patrol_ws/src/turtlebot3/turtlebot3/turtlebot3_bringup' with build type 'ament_cmake'
[4.659s] INFO:colcon.colcon_cmake.task.cmake.build:Building CMake package in '/home/hassan/ros-tuts/patrol_ws/src/turtlebot3/turtlebot3/turtlebot3_bringup'
[4.660s] INFO:colcon.colcon_core.shell:Skip shell extension 'powershell' for command environment: Not usable outside of PowerShell
[4.660s] DEBUG:colcon.colcon_core.shell:Skip shell extension 'dsv' for command environment
[4.672s] Level 1:colcon.colcon_core.environment:create_environment_scripts_only(turtlebot3_fake_node)
[4.672s] Level 1:colcon.colcon_core.environment:checking '/home/hassan/ros-tuts/patrol_ws/install/turtlebot3_fake_node' for CMake module files
[4.673s] Level 1:colcon.colcon_core.environment:checking '/home/hassan/ros-tuts/patrol_ws/install/turtlebot3_fake_node' for CMake config files
[4.674s] Level 1:colcon.colcon_core.shell:create_environment_hook('turtlebot3_fake_node', 'cmake_prefix_path')
[4.675s] INFO:colcon.colcon_core.shell:Creating environment hook '/home/hassan/ros-tuts/patrol_ws/install/turtlebot3_fake_node/share/turtlebot3_fake_node/hook/cmake_prefix_path.ps1'
[4.676s] INFO:colcon.colcon_core.shell:Creating environment descriptor '/home/hassan/ros-tuts/patrol_ws/install/turtlebot3_fake_node/share/turtlebot3_fake_node/hook/cmake_prefix_path.dsv'
[4.677s] INFO:colcon.colcon_core.shell:Creating environment hook '/home/hassan/ros-tuts/patrol_ws/install/turtlebot3_fake_node/share/turtlebot3_fake_node/hook/cmake_prefix_path.sh'
[4.678s] Level 1:colcon.colcon_core.environment:checking '/home/hassan/ros-tuts/patrol_ws/install/turtlebot3_fake_node/lib'
[4.678s] Level 1:colcon.colcon_core.environment:checking '/home/hassan/ros-tuts/patrol_ws/install/turtlebot3_fake_node/bin'
[4.679s] Level 1:colcon.colcon_core.environment:checking '/home/hassan/ros-tuts/patrol_ws/install/turtlebot3_fake_node/lib/pkgconfig/turtlebot3_fake_node.pc'
[4.679s] Level 1:colcon.colcon_core.environment:checking '/home/hassan/ros-tuts/patrol_ws/install/turtlebot3_fake_node/lib/python3.10/site-packages'
[4.680s] Level 1:colcon.colcon_core.environment:checking '/home/hassan/ros-tuts/patrol_ws/install/turtlebot3_fake_node/bin'
[4.680s] INFO:colcon.colcon_core.shell:Creating package script '/home/hassan/ros-tuts/patrol_ws/install/turtlebot3_fake_node/share/turtlebot3_fake_node/package.ps1'
[4.682s] INFO:colcon.colcon_core.shell:Creating package descriptor '/home/hassan/ros-tuts/patrol_ws/install/turtlebot3_fake_node/share/turtlebot3_fake_node/package.dsv'
[4.683s] INFO:colcon.colcon_core.shell:Creating package script '/home/hassan/ros-tuts/patrol_ws/install/turtlebot3_fake_node/share/turtlebot3_fake_node/package.sh'
[4.684s] INFO:colcon.colcon_core.shell:Creating package script '/home/hassan/ros-tuts/patrol_ws/install/turtlebot3_fake_node/share/turtlebot3_fake_node/package.bash'
[4.685s] INFO:colcon.colcon_core.shell:Creating package script '/home/hassan/ros-tuts/patrol_ws/install/turtlebot3_fake_node/share/turtlebot3_fake_node/package.zsh'
[4.686s] Level 1:colcon.colcon_core.environment:create_file_with_runtime_dependencies(/home/hassan/ros-tuts/patrol_ws/install/turtlebot3_fake_node/share/colcon-core/packages/turtlebot3_fake_node)
[4.687s] INFO:colcon.colcon_ros.task.ament_cmake.build:Building ROS package in '/home/hassan/ros-tuts/patrol_ws/src/turtlebot3/turtlebot3_simulations/turtlebot3_simulations' with build type 'ament_cmake'
[4.687s] INFO:colcon.colcon_cmake.task.cmake.build:Building CMake package in '/home/hassan/ros-tuts/patrol_ws/src/turtlebot3/turtlebot3_simulations/turtlebot3_simulations'
[4.687s] INFO:colcon.colcon_core.shell:Skip shell extension 'powershell' for command environment: Not usable outside of PowerShell
[4.688s] DEBUG:colcon.colcon_core.shell:Skip shell extension 'dsv' for command environment
[4.706s] DEBUG:colcon.colcon_core.event_handler.log_command:Invoking command in '/home/hassan/ros-tuts/patrol_ws/build/turtlebot3_bringup': CMAKE_PREFIX_PATH=/home/hassan/ros-tuts/patrol_ws/install/turtlebot3_node:/home/hassan/ros-tuts/patrol_ws/install/turtlebot3_msgs:/home/hassan/ros-tuts/patrol_ws/install/turtlebot3_description:/home/hassan/ros-tuts/patrol_ws/install/hls_lfcd_lds_driver:/home/hassan/ros-tuts/patrol_ws/install/dynamixel_sdk:/home/hassan/ros-tuts/patrol_ws/install/turtlebot3:/home/hassan/ros-tuts/patrol_ws/install/turtlebot3_simulations:/home/hassan/ros-tuts/patrol_ws/install/turtlebot3_bringup:/home/hassan/ros-tuts/patrol_ws/install/turtlebot3_navigation2:/home/hassan/ros-tuts/patrol_ws/install/turtlebot3_fake_node:/home/hassan/ros-tuts/patrol_ws/install/turtlebot3_gazebo:/home/hassan/ros-tuts/patrol_ws/install/turtlebot3_cartographer:/home/hassan/ros-tuts/patrol_ws/install/dynamixel_sdk_examples:/home/hassan/ros-tuts/patrol_ws/install/dynamixel_sdk_custom_interfaces:/home/hassan/rosbot_ws/install/ros_bot:/home/hassan/ros-tuts/patrol_ws/install/turtlebot3_teleop:/home/hassan/ros-tuts/patrol_ws/install/turtlebot3_example:/home/hassan/ros-tuts/patrol_ws/install/tb3_sim:/opt/ros/humble LD_LIBRARY_PATH=/home/hassan/ros-tuts/patrol_ws/install/turtlebot3_msgs/lib:/home/hassan/ros-tuts/patrol_ws/install/dynamixel_sdk/lib:/home/hassan/ros-tuts/patrol_ws/install/dynamixel_sdk_custom_interfaces/lib:/usr/lib/x86_64-linux-gnu/gazebo-11/plugins:/opt/ros/humble/opt/rviz_ogre_vendor/lib:/opt/ros/humble/lib/x86_64-linux-gnu:/opt/ros/humble/lib /usr/bin/cmake --build /home/hassan/ros-tuts/patrol_ws/build/turtlebot3_bringup -- -j8 -l8
[4.720s] DEBUG:colcon.colcon_core.event_handler.log_command:Invoking command in '/home/hassan/ros-tuts/patrol_ws/build/turtlebot3_simulations': CMAKE_PREFIX_PATH=/home/hassan/ros-tuts/patrol_ws/install/turtlebot3_fake_node:/home/hassan/ros-tuts/patrol_ws/install/turtlebot3_msgs:/home/hassan/ros-tuts/patrol_ws/install/turtlebot3_gazebo:/home/hassan/ros-tuts/patrol_ws/install/turtlebot3:/home/hassan/ros-tuts/patrol_ws/install/turtlebot3_simulations:/home/hassan/ros-tuts/patrol_ws/install/turtlebot3_bringup:/home/hassan/ros-tuts/patrol_ws/install/turtlebot3_node:/home/hassan/ros-tuts/patrol_ws/install/turtlebot3_navigation2:/home/hassan/ros-tuts/patrol_ws/install/turtlebot3_description:/home/hassan/ros-tuts/patrol_ws/install/turtlebot3_cartographer:/home/hassan/ros-tuts/patrol_ws/install/hls_lfcd_lds_driver:/home/hassan/ros-tuts/patrol_ws/install/dynamixel_sdk_examples:/home/hassan/ros-tuts/patrol_ws/install/dynamixel_sdk_custom_interfaces:/home/hassan/ros-tuts/patrol_ws/install/dynamixel_sdk:/home/hassan/rosbot_ws/install/ros_bot:/home/hassan/ros-tuts/patrol_ws/install/turtlebot3_teleop:/home/hassan/ros-tuts/patrol_ws/install/turtlebot3_example:/home/hassan/ros-tuts/patrol_ws/install/tb3_sim:/opt/ros/humble /usr/bin/cmake --build /home/hassan/ros-tuts/patrol_ws/build/turtlebot3_simulations -- -j8 -l8
[4.779s] DEBUG:colcon.colcon_core.event_handler.log_command:Invoked command in '/home/hassan/ros-tuts/patrol_ws/build/turtlebot3_bringup' returned '0': CMAKE_PREFIX_PATH=/home/hassan/ros-tuts/patrol_ws/install/turtlebot3_node:/home/hassan/ros-tuts/patrol_ws/install/turtlebot3_msgs:/home/hassan/ros-tuts/patrol_ws/install/turtlebot3_description:/home/hassan/ros-tuts/patrol_ws/install/hls_lfcd_lds_driver:/home/hassan/ros-tuts/patrol_ws/install/dynamixel_sdk:/home/hassan/ros-tuts/patrol_ws/install/turtlebot3:/home/hassan/ros-tuts/patrol_ws/install/turtlebot3_simulations:/home/hassan/ros-tuts/patrol_ws/install/turtlebot3_bringup:/home/hassan/ros-tuts/patrol_ws/install/turtlebot3_navigation2:/home/hassan/ros-tuts/patrol_ws/install/turtlebot3_fake_node:/home/hassan/ros-tuts/patrol_ws/install/turtlebot3_gazebo:/home/hassan/ros-tuts/patrol_ws/install/turtlebot3_cartographer:/home/hassan/ros-tuts/patrol_ws/install/dynamixel_sdk_examples:/home/hassan/ros-tuts/patrol_ws/install/dynamixel_sdk_custom_interfaces:/home/hassan/rosbot_ws/install/ros_bot:/home/hassan/ros-tuts/patrol_ws/install/turtlebot3_teleop:/home/hassan/ros-tuts/patrol_ws/install/turtlebot3_example:/home/hassan/ros-tuts/patrol_ws/install/tb3_sim:/opt/ros/humble LD_LIBRARY_PATH=/home/hassan/ros-tuts/patrol_ws/install/turtlebot3_msgs/lib:/home/hassan/ros-tuts/patrol_ws/install/dynamixel_sdk/lib:/home/hassan/ros-tuts/patrol_ws/install/dynamixel_sdk_custom_interfaces/lib:/usr/lib/x86_64-linux-gnu/gazebo-11/plugins:/opt/ros/humble/opt/rviz_ogre_vendor/lib:/opt/ros/humble/lib/x86_64-linux-gnu:/opt/ros/humble/lib /usr/bin/cmake --build /home/hassan/ros-tuts/patrol_ws/build/turtlebot3_bringup -- -j8 -l8
[4.794s] DEBUG:colcon.colcon_core.event_handler.log_command:Invoked command in '/home/hassan/ros-tuts/patrol_ws/build/turtlebot3_simulations' returned '0': CMAKE_PREFIX_PATH=/home/hassan/ros-tuts/patrol_ws/install/turtlebot3_fake_node:/home/hassan/ros-tuts/patrol_ws/install/turtlebot3_msgs:/home/hassan/ros-tuts/patrol_ws/install/turtlebot3_gazebo:/home/hassan/ros-tuts/patrol_ws/install/turtlebot3:/home/hassan/ros-tuts/patrol_ws/install/turtlebot3_simulations:/home/hassan/ros-tuts/patrol_ws/install/turtlebot3_bringup:/home/hassan/ros-tuts/patrol_ws/install/turtlebot3_node:/home/hassan/ros-tuts/patrol_ws/install/turtlebot3_navigation2:/home/hassan/ros-tuts/patrol_ws/install/turtlebot3_description:/home/hassan/ros-tuts/patrol_ws/install/turtlebot3_cartographer:/home/hassan/ros-tuts/patrol_ws/install/hls_lfcd_lds_driver:/home/hassan/ros-tuts/patrol_ws/install/dynamixel_sdk_examples:/home/hassan/ros-tuts/patrol_ws/install/dynamixel_sdk_custom_interfaces:/home/hassan/ros-tuts/patrol_ws/install/dynamixel_sdk:/home/hassan/rosbot_ws/install/ros_bot:/home/hassan/ros-tuts/patrol_ws/install/turtlebot3_teleop:/home/hassan/ros-tuts/patrol_ws/install/turtlebot3_example:/home/hassan/ros-tuts/patrol_ws/install/tb3_sim:/opt/ros/humble /usr/bin/cmake --build /home/hassan/ros-tuts/patrol_ws/build/turtlebot3_simulations -- -j8 -l8
[4.797s] Level 1:colcon.colcon_core.shell:create_environment_hook('turtlebot3_teleop', 'pythonpath_develop')
[4.798s] INFO:colcon.colcon_core.shell:Creating environment hook '/home/hassan/ros-tuts/patrol_ws/build/turtlebot3_teleop/share/turtlebot3_teleop/hook/pythonpath_develop.ps1'
[4.799s] DEBUG:colcon.colcon_core.event_handler.log_command:Invoked command in '/home/hassan/ros-tuts/patrol_ws/build/turtlebot3_teleop' returned '0': PYTHONPATH=/home/hassan/ros-tuts/patrol_ws/build/turtlebot3_teleop/prefix_override:/usr/lib/python3/dist-packages/colcon_core/task/python/colcon_distutils_commands:/home/hassan/ros-tuts/patrol_ws/install/turtlebot3_teleop/lib/python3.10/site-packages:${PYTHONPATH} /usr/bin/python3 -W ignore:setup.py install is deprecated setup.py develop --editable --build-directory /home/hassan/ros-tuts/patrol_ws/build/turtlebot3_teleop/build --no-deps symlink_data
[4.800s] INFO:colcon.colcon_core.shell:Creating environment descriptor '/home/hassan/ros-tuts/patrol_ws/build/turtlebot3_teleop/share/turtlebot3_teleop/hook/pythonpath_develop.dsv'
[4.801s] INFO:colcon.colcon_core.shell:Creating environment hook '/home/hassan/ros-tuts/patrol_ws/build/turtlebot3_teleop/share/turtlebot3_teleop/hook/pythonpath_develop.sh'
[4.803s] Level 1:colcon.colcon_core.environment:checking '/home/hassan/ros-tuts/patrol_ws/install/turtlebot3_teleop' for CMake module files
[4.804s] Level 1:colcon.colcon_core.environment:checking '/home/hassan/ros-tuts/patrol_ws/install/turtlebot3_teleop' for CMake config files
[4.805s] Level 1:colcon.colcon_core.environment:checking '/home/hassan/ros-tuts/patrol_ws/install/turtlebot3_teleop/lib'
[4.806s] Level 1:colcon.colcon_core.environment:checking '/home/hassan/ros-tuts/patrol_ws/install/turtlebot3_teleop/bin'
[4.806s] Level 1:colcon.colcon_core.environment:checking '/home/hassan/ros-tuts/patrol_ws/install/turtlebot3_teleop/lib/pkgconfig/turtlebot3_teleop.pc'
[4.807s] Level 1:colcon.colcon_core.environment:checking '/home/hassan/ros-tuts/patrol_ws/install/turtlebot3_teleop/lib/python3.10/site-packages'
[4.807s] Level 1:colcon.colcon_core.shell:create_environment_hook('turtlebot3_teleop', 'pythonpath')
[4.807s] INFO:colcon.colcon_core.shell:Creating environment hook '/home/hassan/ros-tuts/patrol_ws/install/turtlebot3_teleop/share/turtlebot3_teleop/hook/pythonpath.ps1'
[4.809s] INFO:colcon.colcon_core.shell:Creating environment descriptor '/home/hassan/ros-tuts/patrol_ws/install/turtlebot3_teleop/share/turtlebot3_teleop/hook/pythonpath.dsv'
[4.810s] INFO:colcon.colcon_core.shell:Creating environment hook '/home/hassan/ros-tuts/patrol_ws/install/turtlebot3_teleop/share/turtlebot3_teleop/hook/pythonpath.sh'
[4.811s] Level 1:colcon.colcon_core.environment:checking '/home/hassan/ros-tuts/patrol_ws/install/turtlebot3_teleop/bin'
[4.812s] Level 1:colcon.colcon_core.environment:create_environment_scripts_only(turtlebot3_teleop)
[4.813s] INFO:colcon.colcon_core.shell:Creating package script '/home/hassan/ros-tuts/patrol_ws/install/turtlebot3_teleop/share/turtlebot3_teleop/package.ps1'
[4.814s] INFO:colcon.colcon_core.shell:Creating package descriptor '/home/hassan/ros-tuts/patrol_ws/install/turtlebot3_teleop/share/turtlebot3_teleop/package.dsv'
[4.815s] INFO:colcon.colcon_core.shell:Creating package script '/home/hassan/ros-tuts/patrol_ws/install/turtlebot3_teleop/share/turtlebot3_teleop/package.sh'
[4.816s] INFO:colcon.colcon_core.shell:Creating package script '/home/hassan/ros-tuts/patrol_ws/install/turtlebot3_teleop/share/turtlebot3_teleop/package.bash'
[4.817s] INFO:colcon.colcon_core.shell:Creating package script '/home/hassan/ros-tuts/patrol_ws/install/turtlebot3_teleop/share/turtlebot3_teleop/package.zsh'
[4.818s] Level 1:colcon.colcon_core.environment:create_file_with_runtime_dependencies(/home/hassan/ros-tuts/patrol_ws/install/turtlebot3_teleop/share/colcon-core/packages/turtlebot3_teleop)
[4.831s] DEBUG:colcon.colcon_core.event_handler.log_command:Invoking command in '/home/hassan/ros-tuts/patrol_ws/build/turtlebot3_bringup': CMAKE_PREFIX_PATH=/home/hassan/ros-tuts/patrol_ws/install/turtlebot3_node:/home/hassan/ros-tuts/patrol_ws/install/turtlebot3_msgs:/home/hassan/ros-tuts/patrol_ws/install/turtlebot3_description:/home/hassan/ros-tuts/patrol_ws/install/hls_lfcd_lds_driver:/home/hassan/ros-tuts/patrol_ws/install/dynamixel_sdk:/home/hassan/ros-tuts/patrol_ws/install/turtlebot3:/home/hassan/ros-tuts/patrol_ws/install/turtlebot3_simulations:/home/hassan/ros-tuts/patrol_ws/install/turtlebot3_bringup:/home/hassan/ros-tuts/patrol_ws/install/turtlebot3_navigation2:/home/hassan/ros-tuts/patrol_ws/install/turtlebot3_fake_node:/home/hassan/ros-tuts/patrol_ws/install/turtlebot3_gazebo:/home/hassan/ros-tuts/patrol_ws/install/turtlebot3_cartographer:/home/hassan/ros-tuts/patrol_ws/install/dynamixel_sdk_examples:/home/hassan/ros-tuts/patrol_ws/install/dynamixel_sdk_custom_interfaces:/home/hassan/rosbot_ws/install/ros_bot:/home/hassan/ros-tuts/patrol_ws/install/turtlebot3_teleop:/home/hassan/ros-tuts/patrol_ws/install/turtlebot3_example:/home/hassan/ros-tuts/patrol_ws/install/tb3_sim:/opt/ros/humble LD_LIBRARY_PATH=/home/hassan/ros-tuts/patrol_ws/install/turtlebot3_msgs/lib:/home/hassan/ros-tuts/patrol_ws/install/dynamixel_sdk/lib:/home/hassan/ros-tuts/patrol_ws/install/dynamixel_sdk_custom_interfaces/lib:/usr/lib/x86_64-linux-gnu/gazebo-11/plugins:/opt/ros/humble/opt/rviz_ogre_vendor/lib:/opt/ros/humble/lib/x86_64-linux-gnu:/opt/ros/humble/lib /usr/bin/cmake --install /home/hassan/ros-tuts/patrol_ws/build/turtlebot3_bringup
[4.845s] DEBUG:colcon.colcon_core.event_handler.log_command:Invoking command in '/home/hassan/ros-tuts/patrol_ws/build/turtlebot3_simulations': CMAKE_PREFIX_PATH=/home/hassan/ros-tuts/patrol_ws/install/turtlebot3_fake_node:/home/hassan/ros-tuts/patrol_ws/install/turtlebot3_msgs:/home/hassan/ros-tuts/patrol_ws/install/turtlebot3_gazebo:/home/hassan/ros-tuts/patrol_ws/install/turtlebot3:/home/hassan/ros-tuts/patrol_ws/install/turtlebot3_simulations:/home/hassan/ros-tuts/patrol_ws/install/turtlebot3_bringup:/home/hassan/ros-tuts/patrol_ws/install/turtlebot3_node:/home/hassan/ros-tuts/patrol_ws/install/turtlebot3_navigation2:/home/hassan/ros-tuts/patrol_ws/install/turtlebot3_description:/home/hassan/ros-tuts/patrol_ws/install/turtlebot3_cartographer:/home/hassan/ros-tuts/patrol_ws/install/hls_lfcd_lds_driver:/home/hassan/ros-tuts/patrol_ws/install/dynamixel_sdk_examples:/home/hassan/ros-tuts/patrol_ws/install/dynamixel_sdk_custom_interfaces:/home/hassan/ros-tuts/patrol_ws/install/dynamixel_sdk:/home/hassan/rosbot_ws/install/ros_bot:/home/hassan/ros-tuts/patrol_ws/install/turtlebot3_teleop:/home/hassan/ros-tuts/patrol_ws/install/turtlebot3_example:/home/hassan/ros-tuts/patrol_ws/install/tb3_sim:/opt/ros/humble /usr/bin/cmake --install /home/hassan/ros-tuts/patrol_ws/build/turtlebot3_simulations
[4.883s] Level 1:colcon.colcon_core.environment:create_environment_scripts_only(turtlebot3_bringup)
[4.884s] Level 1:colcon.colcon_core.environment:checking '/home/hassan/ros-tuts/patrol_ws/install/turtlebot3_bringup' for CMake module files
[4.885s] DEBUG:colcon.colcon_core.event_handler.log_command:Invoked command in '/home/hassan/ros-tuts/patrol_ws/build/turtlebot3_bringup' returned '0': CMAKE_PREFIX_PATH=/home/hassan/ros-tuts/patrol_ws/install/turtlebot3_node:/home/hassan/ros-tuts/patrol_ws/install/turtlebot3_msgs:/home/hassan/ros-tuts/patrol_ws/install/turtlebot3_description:/home/hassan/ros-tuts/patrol_ws/install/hls_lfcd_lds_driver:/home/hassan/ros-tuts/patrol_ws/install/dynamixel_sdk:/home/hassan/ros-tuts/patrol_ws/install/turtlebot3:/home/hassan/ros-tuts/patrol_ws/install/turtlebot3_simulations:/home/hassan/ros-tuts/patrol_ws/install/turtlebot3_bringup:/home/hassan/ros-tuts/patrol_ws/install/turtlebot3_navigation2:/home/hassan/ros-tuts/patrol_ws/install/turtlebot3_fake_node:/home/hassan/ros-tuts/patrol_ws/install/turtlebot3_gazebo:/home/hassan/ros-tuts/patrol_ws/install/turtlebot3_cartographer:/home/hassan/ros-tuts/patrol_ws/install/dynamixel_sdk_examples:/home/hassan/ros-tuts/patrol_ws/install/dynamixel_sdk_custom_interfaces:/home/hassan/rosbot_ws/install/ros_bot:/home/hassan/ros-tuts/patrol_ws/install/turtlebot3_teleop:/home/hassan/ros-tuts/patrol_ws/install/turtlebot3_example:/home/hassan/ros-tuts/patrol_ws/install/tb3_sim:/opt/ros/humble LD_LIBRARY_PATH=/home/hassan/ros-tuts/patrol_ws/install/turtlebot3_msgs/lib:/home/hassan/ros-tuts/patrol_ws/install/dynamixel_sdk/lib:/home/hassan/ros-tuts/patrol_ws/install/dynamixel_sdk_custom_interfaces/lib:/usr/lib/x86_64-linux-gnu/gazebo-11/plugins:/opt/ros/humble/opt/rviz_ogre_vendor/lib:/opt/ros/humble/lib/x86_64-linux-gnu:/opt/ros/humble/lib /usr/bin/cmake --install /home/hassan/ros-tuts/patrol_ws/build/turtlebot3_bringup
[4.886s] Level 1:colcon.colcon_core.environment:checking '/home/hassan/ros-tuts/patrol_ws/install/turtlebot3_bringup' for CMake config files
[4.886s] Level 1:colcon.colcon_core.shell:create_environment_hook('turtlebot3_bringup', 'cmake_prefix_path')
[4.887s] INFO:colcon.colcon_core.shell:Creating environment hook '/home/hassan/ros-tuts/patrol_ws/install/turtlebot3_bringup/share/turtlebot3_bringup/hook/cmake_prefix_path.ps1'
[4.888s] INFO:colcon.colcon_core.shell:Creating environment descriptor '/home/hassan/ros-tuts/patrol_ws/install/turtlebot3_bringup/share/turtlebot3_bringup/hook/cmake_prefix_path.dsv'
[4.889s] INFO:colcon.colcon_core.shell:Creating environment hook '/home/hassan/ros-tuts/patrol_ws/install/turtlebot3_bringup/share/turtlebot3_bringup/hook/cmake_prefix_path.sh'
[4.890s] Level 1:colcon.colcon_core.environment:checking '/home/hassan/ros-tuts/patrol_ws/install/turtlebot3_bringup/bin'
[4.891s] Level 1:colcon.colcon_core.environment:checking '/home/hassan/ros-tuts/patrol_ws/install/turtlebot3_bringup/lib/pkgconfig/turtlebot3_bringup.pc'
[4.891s] Level 1:colcon.colcon_core.environment:checking '/home/hassan/ros-tuts/patrol_ws/install/turtlebot3_bringup/lib/python3.10/site-packages'
[4.892s] Level 1:colcon.colcon_core.environment:checking '/home/hassan/ros-tuts/patrol_ws/install/turtlebot3_bringup/bin'
[4.892s] INFO:colcon.colcon_core.shell:Creating package script '/home/hassan/ros-tuts/patrol_ws/install/turtlebot3_bringup/share/turtlebot3_bringup/package.ps1'
[4.893s] INFO:colcon.colcon_core.shell:Creating package descriptor '/home/hassan/ros-tuts/patrol_ws/install/turtlebot3_bringup/share/turtlebot3_bringup/package.dsv'
[4.895s] INFO:colcon.colcon_core.shell:Creating package script '/home/hassan/ros-tuts/patrol_ws/install/turtlebot3_bringup/share/turtlebot3_bringup/package.sh'
[4.895s] INFO:colcon.colcon_core.shell:Creating package script '/home/hassan/ros-tuts/patrol_ws/install/turtlebot3_bringup/share/turtlebot3_bringup/package.bash'
[4.896s] INFO:colcon.colcon_core.shell:Creating package script '/home/hassan/ros-tuts/patrol_ws/install/turtlebot3_bringup/share/turtlebot3_bringup/package.zsh'
[4.897s] Level 1:colcon.colcon_core.environment:create_file_with_runtime_dependencies(/home/hassan/ros-tuts/patrol_ws/install/turtlebot3_bringup/share/colcon-core/packages/turtlebot3_bringup)
[4.900s] Level 1:colcon.colcon_core.environment:create_environment_scripts_only(turtlebot3_simulations)
[4.901s] Level 1:colcon.colcon_core.environment:checking '/home/hassan/ros-tuts/patrol_ws/install/turtlebot3_simulations' for CMake module files
[4.902s] DEBUG:colcon.colcon_core.event_handler.log_command:Invoked command in '/home/hassan/ros-tuts/patrol_ws/build/turtlebot3_simulations' returned '0': CMAKE_PREFIX_PATH=/home/hassan/ros-tuts/patrol_ws/install/turtlebot3_fake_node:/home/hassan/ros-tuts/patrol_ws/install/turtlebot3_msgs:/home/hassan/ros-tuts/patrol_ws/install/turtlebot3_gazebo:/home/hassan/ros-tuts/patrol_ws/install/turtlebot3:/home/hassan/ros-tuts/patrol_ws/install/turtlebot3_simulations:/home/hassan/ros-tuts/patrol_ws/install/turtlebot3_bringup:/home/hassan/ros-tuts/patrol_ws/install/turtlebot3_node:/home/hassan/ros-tuts/patrol_ws/install/turtlebot3_navigation2:/home/hassan/ros-tuts/patrol_ws/install/turtlebot3_description:/home/hassan/ros-tuts/patrol_ws/install/turtlebot3_cartographer:/home/hassan/ros-tuts/patrol_ws/install/hls_lfcd_lds_driver:/home/hassan/ros-tuts/patrol_ws/install/dynamixel_sdk_examples:/home/hassan/ros-tuts/patrol_ws/install/dynamixel_sdk_custom_interfaces:/home/hassan/ros-tuts/patrol_ws/install/dynamixel_sdk:/home/hassan/rosbot_ws/install/ros_bot:/home/hassan/ros-tuts/patrol_ws/install/turtlebot3_teleop:/home/hassan/ros-tuts/patrol_ws/install/turtlebot3_example:/home/hassan/ros-tuts/patrol_ws/install/tb3_sim:/opt/ros/humble /usr/bin/cmake --install /home/hassan/ros-tuts/patrol_ws/build/turtlebot3_simulations
[4.903s] Level 1:colcon.colcon_core.environment:checking '/home/hassan/ros-tuts/patrol_ws/install/turtlebot3_simulations' for CMake config files
[4.904s] Level 1:colcon.colcon_core.shell:create_environment_hook('turtlebot3_simulations', 'cmake_prefix_path')
[4.904s] INFO:colcon.colcon_core.shell:Creating environment hook '/home/hassan/ros-tuts/patrol_ws/install/turtlebot3_simulations/share/turtlebot3_simulations/hook/cmake_prefix_path.ps1'
[4.905s] INFO:colcon.colcon_core.shell:Creating environment descriptor '/home/hassan/ros-tuts/patrol_ws/install/turtlebot3_simulations/share/turtlebot3_simulations/hook/cmake_prefix_path.dsv'
[4.906s] INFO:colcon.colcon_core.shell:Creating environment hook '/home/hassan/ros-tuts/patrol_ws/install/turtlebot3_simulations/share/turtlebot3_simulations/hook/cmake_prefix_path.sh'
[4.907s] Level 1:colcon.colcon_core.environment:checking '/home/hassan/ros-tuts/patrol_ws/install/turtlebot3_simulations/bin'
[4.907s] Level 1:colcon.colcon_core.environment:checking '/home/hassan/ros-tuts/patrol_ws/install/turtlebot3_simulations/lib/pkgconfig/turtlebot3_simulations.pc'
[4.908s] Level 1:colcon.colcon_core.environment:checking '/home/hassan/ros-tuts/patrol_ws/install/turtlebot3_simulations/lib/python3.10/site-packages'
[4.909s] Level 1:colcon.colcon_core.environment:checking '/home/hassan/ros-tuts/patrol_ws/install/turtlebot3_simulations/bin'
[4.909s] INFO:colcon.colcon_core.shell:Creating package script '/home/hassan/ros-tuts/patrol_ws/install/turtlebot3_simulations/share/turtlebot3_simulations/package.ps1'
[4.910s] INFO:colcon.colcon_core.shell:Creating package descriptor '/home/hassan/ros-tuts/patrol_ws/install/turtlebot3_simulations/share/turtlebot3_simulations/package.dsv'
[4.911s] INFO:colcon.colcon_core.shell:Creating package script '/home/hassan/ros-tuts/patrol_ws/install/turtlebot3_simulations/share/turtlebot3_simulations/package.sh'
[4.912s] INFO:colcon.colcon_core.shell:Creating package script '/home/hassan/ros-tuts/patrol_ws/install/turtlebot3_simulations/share/turtlebot3_simulations/package.bash'
[4.913s] INFO:colcon.colcon_core.shell:Creating package script '/home/hassan/ros-tuts/patrol_ws/install/turtlebot3_simulations/share/turtlebot3_simulations/package.zsh'
[4.914s] Level 1:colcon.colcon_core.environment:create_file_with_runtime_dependencies(/home/hassan/ros-tuts/patrol_ws/install/turtlebot3_simulations/share/colcon-core/packages/turtlebot3_simulations)
[4.942s] Level 1:colcon.colcon_core.environment:create_environment_scripts_only(turtlebot3_bringup)
[4.943s] Level 1:colcon.colcon_core.environment:checking '/home/hassan/ros-tuts/patrol_ws/install/turtlebot3_bringup' for CMake module files
[4.944s] Level 1:colcon.colcon_core.environment:checking '/home/hassan/ros-tuts/patrol_ws/install/turtlebot3_bringup' for CMake config files
[4.944s] Level 1:colcon.colcon_core.shell:create_environment_hook('turtlebot3_bringup', 'cmake_prefix_path')
[4.945s] INFO:colcon.colcon_core.shell:Creating environment hook '/home/hassan/ros-tuts/patrol_ws/install/turtlebot3_bringup/share/turtlebot3_bringup/hook/cmake_prefix_path.ps1'
[4.946s] INFO:colcon.colcon_core.shell:Creating environment descriptor '/home/hassan/ros-tuts/patrol_ws/install/turtlebot3_bringup/share/turtlebot3_bringup/hook/cmake_prefix_path.dsv'
[4.947s] INFO:colcon.colcon_core.shell:Creating environment hook '/home/hassan/ros-tuts/patrol_ws/install/turtlebot3_bringup/share/turtlebot3_bringup/hook/cmake_prefix_path.sh'
[4.948s] Level 1:colcon.colcon_core.environment:checking '/home/hassan/ros-tuts/patrol_ws/install/turtlebot3_bringup/bin'
[4.948s] Level 1:colcon.colcon_core.environment:checking '/home/hassan/ros-tuts/patrol_ws/install/turtlebot3_bringup/lib/pkgconfig/turtlebot3_bringup.pc'
[4.948s] Level 1:colcon.colcon_core.environment:checking '/home/hassan/ros-tuts/patrol_ws/install/turtlebot3_bringup/lib/python3.10/site-packages'
[4.949s] Level 1:colcon.colcon_core.environment:checking '/home/hassan/ros-tuts/patrol_ws/install/turtlebot3_bringup/bin'
[4.949s] INFO:colcon.colcon_core.shell:Creating package script '/home/hassan/ros-tuts/patrol_ws/install/turtlebot3_bringup/share/turtlebot3_bringup/package.ps1'
[4.951s] INFO:colcon.colcon_core.shell:Creating package descriptor '/home/hassan/ros-tuts/patrol_ws/install/turtlebot3_bringup/share/turtlebot3_bringup/package.dsv'
[4.952s] INFO:colcon.colcon_core.shell:Creating package script '/home/hassan/ros-tuts/patrol_ws/install/turtlebot3_bringup/share/turtlebot3_bringup/package.sh'
[4.953s] INFO:colcon.colcon_core.shell:Creating package script '/home/hassan/ros-tuts/patrol_ws/install/turtlebot3_bringup/share/turtlebot3_bringup/package.bash'
[4.954s] INFO:colcon.colcon_core.shell:Creating package script '/home/hassan/ros-tuts/patrol_ws/install/turtlebot3_bringup/share/turtlebot3_bringup/package.zsh'
[4.955s] Level 1:colcon.colcon_core.environment:create_file_with_runtime_dependencies(/home/hassan/ros-tuts/patrol_ws/install/turtlebot3_bringup/share/colcon-core/packages/turtlebot3_bringup)
[4.957s] Level 1:colcon.colcon_core.environment:create_environment_scripts_only(turtlebot3_simulations)
[4.958s] Level 1:colcon.colcon_core.environment:checking '/home/hassan/ros-tuts/patrol_ws/install/turtlebot3_simulations' for CMake module files
[4.959s] Level 1:colcon.colcon_core.environment:checking '/home/hassan/ros-tuts/patrol_ws/install/turtlebot3_simulations' for CMake config files
[4.959s] Level 1:colcon.colcon_core.shell:create_environment_hook('turtlebot3_simulations', 'cmake_prefix_path')
[4.960s] INFO:colcon.colcon_core.shell:Creating environment hook '/home/hassan/ros-tuts/patrol_ws/install/turtlebot3_simulations/share/turtlebot3_simulations/hook/cmake_prefix_path.ps1'
[4.961s] INFO:colcon.colcon_core.shell:Creating environment descriptor '/home/hassan/ros-tuts/patrol_ws/install/turtlebot3_simulations/share/turtlebot3_simulations/hook/cmake_prefix_path.dsv'
[4.961s] INFO:colcon.colcon_core.shell:Creating environment hook '/home/hassan/ros-tuts/patrol_ws/install/turtlebot3_simulations/share/turtlebot3_simulations/hook/cmake_prefix_path.sh'
[4.963s] Level 1:colcon.colcon_core.environment:checking '/home/hassan/ros-tuts/patrol_ws/install/turtlebot3_simulations/bin'
[4.963s] Level 1:colcon.colcon_core.environment:checking '/home/hassan/ros-tuts/patrol_ws/install/turtlebot3_simulations/lib/pkgconfig/turtlebot3_simulations.pc'
[4.964s] Level 1:colcon.colcon_core.environment:checking '/home/hassan/ros-tuts/patrol_ws/install/turtlebot3_simulations/lib/python3.10/site-packages'
[4.964s] Level 1:colcon.colcon_core.environment:checking '/home/hassan/ros-tuts/patrol_ws/install/turtlebot3_simulations/bin'
[4.965s] INFO:colcon.colcon_core.shell:Creating package script '/home/hassan/ros-tuts/patrol_ws/install/turtlebot3_simulations/share/turtlebot3_simulations/package.ps1'
[4.966s] INFO:colcon.colcon_core.shell:Creating package descriptor '/home/hassan/ros-tuts/patrol_ws/install/turtlebot3_simulations/share/turtlebot3_simulations/package.dsv'
[4.967s] INFO:colcon.colcon_core.shell:Creating package script '/home/hassan/ros-tuts/patrol_ws/install/turtlebot3_simulations/share/turtlebot3_simulations/package.sh'
[4.968s] INFO:colcon.colcon_core.shell:Creating package script '/home/hassan/ros-tuts/patrol_ws/install/turtlebot3_simulations/share/turtlebot3_simulations/package.bash'
[4.969s] INFO:colcon.colcon_core.shell:Creating package script '/home/hassan/ros-tuts/patrol_ws/install/turtlebot3_simulations/share/turtlebot3_simulations/package.zsh'
[4.970s] Level 1:colcon.colcon_core.environment:create_file_with_runtime_dependencies(/home/hassan/ros-tuts/patrol_ws/install/turtlebot3_simulations/share/colcon-core/packages/turtlebot3_simulations)
[5.315s] DEBUG:colcon.colcon_core.event_handler.log_command:Invoking command in '/home/hassan/ros-tuts/patrol_ws/build/turtlebot3_example': CMAKE_PREFIX_PATH=/home/hassan/ros-tuts/patrol_ws/install/turtlebot3_msgs:/home/hassan/ros-tuts/patrol_ws/install/turtlebot3:/home/hassan/ros-tuts/patrol_ws/install/turtlebot3_simulations:/home/hassan/ros-tuts/patrol_ws/install/turtlebot3_bringup:/home/hassan/ros-tuts/patrol_ws/install/turtlebot3_node:/home/hassan/ros-tuts/patrol_ws/install/turtlebot3_navigation2:/home/hassan/ros-tuts/patrol_ws/install/turtlebot3_fake_node:/home/hassan/ros-tuts/patrol_ws/install/turtlebot3_gazebo:/home/hassan/ros-tuts/patrol_ws/install/turtlebot3_description:/home/hassan/ros-tuts/patrol_ws/install/turtlebot3_cartographer:/home/hassan/ros-tuts/patrol_ws/install/hls_lfcd_lds_driver:/home/hassan/ros-tuts/patrol_ws/install/dynamixel_sdk_examples:/home/hassan/ros-tuts/patrol_ws/install/dynamixel_sdk_custom_interfaces:/home/hassan/ros-tuts/patrol_ws/install/dynamixel_sdk:/home/hassan/rosbot_ws/install/ros_bot PYTHONPATH=/home/hassan/ros-tuts/patrol_ws/build/turtlebot3_example/prefix_override:/usr/lib/python3/dist-packages/colcon_core/task/python/colcon_distutils_commands:/home/hassan/ros-tuts/patrol_ws/install/turtlebot3_example/lib/python3.10/site-packages:${PYTHONPATH} /usr/bin/python3 -W ignore:setup.py install is deprecated setup.py develop --editable --build-directory /home/hassan/ros-tuts/patrol_ws/build/turtlebot3_example/build --no-deps symlink_data
[5.512s] Level 1:colcon.colcon_core.shell:create_environment_hook('tb3_sim', 'pythonpath_develop')
[5.513s] INFO:colcon.colcon_core.shell:Creating environment hook '/home/hassan/ros-tuts/patrol_ws/build/tb3_sim/share/tb3_sim/hook/pythonpath_develop.ps1'
[5.514s] DEBUG:colcon.colcon_core.event_handler.log_command:Invoked command in '/home/hassan/ros-tuts/patrol_ws/build/tb3_sim' returned '0': PYTHONPATH=/home/hassan/ros-tuts/patrol_ws/build/tb3_sim/prefix_override:/usr/lib/python3/dist-packages/colcon_core/task/python/colcon_distutils_commands:/home/hassan/ros-tuts/patrol_ws/install/tb3_sim/lib/python3.10/site-packages:${PYTHONPATH} /usr/bin/python3 -W ignore:setup.py install is deprecated setup.py develop --editable --build-directory /home/hassan/ros-tuts/patrol_ws/build/tb3_sim/build --no-deps symlink_data
[5.515s] INFO:colcon.colcon_core.shell:Creating environment descriptor '/home/hassan/ros-tuts/patrol_ws/build/tb3_sim/share/tb3_sim/hook/pythonpath_develop.dsv'
[5.515s] INFO:colcon.colcon_core.shell:Creating environment hook '/home/hassan/ros-tuts/patrol_ws/build/tb3_sim/share/tb3_sim/hook/pythonpath_develop.sh'
[5.517s] Level 1:colcon.colcon_core.environment:checking '/home/hassan/ros-tuts/patrol_ws/install/tb3_sim' for CMake module files
[5.517s] Level 1:colcon.colcon_core.environment:checking '/home/hassan/ros-tuts/patrol_ws/install/tb3_sim' for CMake config files
[5.518s] Level 1:colcon.colcon_core.environment:checking '/home/hassan/ros-tuts/patrol_ws/install/tb3_sim/lib'
[5.518s] Level 1:colcon.colcon_core.environment:checking '/home/hassan/ros-tuts/patrol_ws/install/tb3_sim/bin'
[5.519s] Level 1:colcon.colcon_core.environment:checking '/home/hassan/ros-tuts/patrol_ws/install/tb3_sim/lib/pkgconfig/tb3_sim.pc'
[5.519s] Level 1:colcon.colcon_core.environment:checking '/home/hassan/ros-tuts/patrol_ws/install/tb3_sim/lib/python3.10/site-packages'
[5.519s] Level 1:colcon.colcon_core.shell:create_environment_hook('tb3_sim', 'pythonpath')
[5.520s] INFO:colcon.colcon_core.shell:Creating environment hook '/home/hassan/ros-tuts/patrol_ws/install/tb3_sim/share/tb3_sim/hook/pythonpath.ps1'
[5.521s] INFO:colcon.colcon_core.shell:Creating environment descriptor '/home/hassan/ros-tuts/patrol_ws/install/tb3_sim/share/tb3_sim/hook/pythonpath.dsv'
[5.522s] INFO:colcon.colcon_core.shell:Creating environment hook '/home/hassan/ros-tuts/patrol_ws/install/tb3_sim/share/tb3_sim/hook/pythonpath.sh'
[5.523s] Level 1:colcon.colcon_core.environment:checking '/home/hassan/ros-tuts/patrol_ws/install/tb3_sim/bin'
[5.523s] Level 1:colcon.colcon_core.environment:create_environment_scripts_only(tb3_sim)
[5.524s] INFO:colcon.colcon_core.shell:Creating package script '/home/hassan/ros-tuts/patrol_ws/install/tb3_sim/share/tb3_sim/package.ps1'
[5.525s] INFO:colcon.colcon_core.shell:Creating package descriptor '/home/hassan/ros-tuts/patrol_ws/install/tb3_sim/share/tb3_sim/package.dsv'
[5.527s] INFO:colcon.colcon_core.shell:Creating package script '/home/hassan/ros-tuts/patrol_ws/install/tb3_sim/share/tb3_sim/package.sh'
[5.529s] INFO:colcon.colcon_core.shell:Creating package script '/home/hassan/ros-tuts/patrol_ws/install/tb3_sim/share/tb3_sim/package.bash'
[5.530s] INFO:colcon.colcon_core.shell:Creating package script '/home/hassan/ros-tuts/patrol_ws/install/tb3_sim/share/tb3_sim/package.zsh'
[5.530s] Level 1:colcon.colcon_core.environment:create_file_with_runtime_dependencies(/home/hassan/ros-tuts/patrol_ws/install/tb3_sim/share/colcon-core/packages/tb3_sim)
[6.193s] Level 1:colcon.colcon_core.shell:create_environment_hook('turtlebot3_example', 'pythonpath_develop')
[6.194s] INFO:colcon.colcon_core.shell:Creating environment hook '/home/hassan/ros-tuts/patrol_ws/build/turtlebot3_example/share/turtlebot3_example/hook/pythonpath_develop.ps1'
[6.195s] DEBUG:colcon.colcon_core.event_handler.log_command:Invoked command in '/home/hassan/ros-tuts/patrol_ws/build/turtlebot3_example' returned '0': CMAKE_PREFIX_PATH=/home/hassan/ros-tuts/patrol_ws/install/turtlebot3_msgs:/home/hassan/ros-tuts/patrol_ws/install/turtlebot3:/home/hassan/ros-tuts/patrol_ws/install/turtlebot3_simulations:/home/hassan/ros-tuts/patrol_ws/install/turtlebot3_bringup:/home/hassan/ros-tuts/patrol_ws/install/turtlebot3_node:/home/hassan/ros-tuts/patrol_ws/install/turtlebot3_navigation2:/home/hassan/ros-tuts/patrol_ws/install/turtlebot3_fake_node:/home/hassan/ros-tuts/patrol_ws/install/turtlebot3_gazebo:/home/hassan/ros-tuts/patrol_ws/install/turtlebot3_description:/home/hassan/ros-tuts/patrol_ws/install/turtlebot3_cartographer:/home/hassan/ros-tuts/patrol_ws/install/hls_lfcd_lds_driver:/home/hassan/ros-tuts/patrol_ws/install/dynamixel_sdk_examples:/home/hassan/ros-tuts/patrol_ws/install/dynamixel_sdk_custom_interfaces:/home/hassan/ros-tuts/patrol_ws/install/dynamixel_sdk:/home/hassan/rosbot_ws/install/ros_bot PYTHONPATH=/home/hassan/ros-tuts/patrol_ws/build/turtlebot3_example/prefix_override:/usr/lib/python3/dist-packages/colcon_core/task/python/colcon_distutils_commands:/home/hassan/ros-tuts/patrol_ws/install/turtlebot3_example/lib/python3.10/site-packages:${PYTHONPATH} /usr/bin/python3 -W ignore:setup.py install is deprecated setup.py develop --editable --build-directory /home/hassan/ros-tuts/patrol_ws/build/turtlebot3_example/build --no-deps symlink_data
[6.195s] INFO:colcon.colcon_core.shell:Creating environment descriptor '/home/hassan/ros-tuts/patrol_ws/build/turtlebot3_example/share/turtlebot3_example/hook/pythonpath_develop.dsv'
[6.196s] INFO:colcon.colcon_core.shell:Creating environment hook '/home/hassan/ros-tuts/patrol_ws/build/turtlebot3_example/share/turtlebot3_example/hook/pythonpath_develop.sh'
[6.197s] Level 1:colcon.colcon_core.environment:checking '/home/hassan/ros-tuts/patrol_ws/install/turtlebot3_example' for CMake module files
[6.198s] Level 1:colcon.colcon_core.environment:checking '/home/hassan/ros-tuts/patrol_ws/install/turtlebot3_example' for CMake config files
[6.199s] Level 1:colcon.colcon_core.environment:checking '/home/hassan/ros-tuts/patrol_ws/install/turtlebot3_example/lib'
[6.199s] Level 1:colcon.colcon_core.environment:checking '/home/hassan/ros-tuts/patrol_ws/install/turtlebot3_example/bin'
[6.199s] Level 1:colcon.colcon_core.environment:checking '/home/hassan/ros-tuts/patrol_ws/install/turtlebot3_example/lib/pkgconfig/turtlebot3_example.pc'
[6.199s] Level 1:colcon.colcon_core.environment:checking '/home/hassan/ros-tuts/patrol_ws/install/turtlebot3_example/lib/python3.10/site-packages'
[6.199s] Level 1:colcon.colcon_core.shell:create_environment_hook('turtlebot3_example', 'pythonpath')
[6.200s] INFO:colcon.colcon_core.shell:Creating environment hook '/home/hassan/ros-tuts/patrol_ws/install/turtlebot3_example/share/turtlebot3_example/hook/pythonpath.ps1'
[6.201s] INFO:colcon.colcon_core.shell:Creating environment descriptor '/home/hassan/ros-tuts/patrol_ws/install/turtlebot3_example/share/turtlebot3_example/hook/pythonpath.dsv'
[6.201s] INFO:colcon.colcon_core.shell:Creating environment hook '/home/hassan/ros-tuts/patrol_ws/install/turtlebot3_example/share/turtlebot3_example/hook/pythonpath.sh'
[6.203s] Level 1:colcon.colcon_core.environment:checking '/home/hassan/ros-tuts/patrol_ws/install/turtlebot3_example/bin'
[6.203s] Level 1:colcon.colcon_core.environment:create_environment_scripts_only(turtlebot3_example)
[6.204s] INFO:colcon.colcon_core.shell:Creating package script '/home/hassan/ros-tuts/patrol_ws/install/turtlebot3_example/share/turtlebot3_example/package.ps1'
[6.205s] INFO:colcon.colcon_core.shell:Creating package descriptor '/home/hassan/ros-tuts/patrol_ws/install/turtlebot3_example/share/turtlebot3_example/package.dsv'
[6.206s] INFO:colcon.colcon_core.shell:Creating package script '/home/hassan/ros-tuts/patrol_ws/install/turtlebot3_example/share/turtlebot3_example/package.sh'
[6.206s] INFO:colcon.colcon_core.shell:Creating package script '/home/hassan/ros-tuts/patrol_ws/install/turtlebot3_example/share/turtlebot3_example/package.bash'
[6.207s] INFO:colcon.colcon_core.shell:Creating package script '/home/hassan/ros-tuts/patrol_ws/install/turtlebot3_example/share/turtlebot3_example/package.zsh'
[6.208s] Level 1:colcon.colcon_core.environment:create_file_with_runtime_dependencies(/home/hassan/ros-tuts/patrol_ws/install/turtlebot3_example/share/colcon-core/packages/turtlebot3_example)
[6.208s] INFO:colcon.colcon_ros.task.ament_cmake.build:Building ROS package in '/home/hassan/ros-tuts/patrol_ws/src/turtlebot3/turtlebot3/turtlebot3' with build type 'ament_cmake'
[6.208s] INFO:colcon.colcon_cmake.task.cmake.build:Building CMake package in '/home/hassan/ros-tuts/patrol_ws/src/turtlebot3/turtlebot3/turtlebot3'
[6.209s] INFO:colcon.colcon_core.shell:Skip shell extension 'powershell' for command environment: Not usable outside of PowerShell
[6.209s] DEBUG:colcon.colcon_core.shell:Skip shell extension 'dsv' for command environment
[6.251s] DEBUG:colcon.colcon_core.event_handler.log_command:Invoking command in '/home/hassan/ros-tuts/patrol_ws/build/turtlebot3': AMENT_PREFIX_PATH=/home/hassan/ros-tuts/patrol_ws/install/turtlebot3_example:/home/hassan/ros-tuts/patrol_ws/install/turtlebot3_teleop:/home/hassan/ros-tuts/patrol_ws/install/turtlebot3:/home/hassan/ros-tuts/patrol_ws/install/turtlebot3_simulations:/home/hassan/ros-tuts/patrol_ws/install/turtlebot3_bringup:/home/hassan/ros-tuts/patrol_ws/install/turtlebot3_node:/home/hassan/ros-tuts/patrol_ws/install/turtlebot3_navigation2:/home/hassan/ros-tuts/patrol_ws/install/turtlebot3_fake_node:/home/hassan/ros-tuts/patrol_ws/install/turtlebot3_msgs:/home/hassan/ros-tuts/patrol_ws/install/turtlebot3_gazebo:/home/hassan/ros-tuts/patrol_ws/install/turtlebot3_description:/home/hassan/ros-tuts/patrol_ws/install/turtlebot3_cartographer:/home/hassan/ros-tuts/patrol_ws/install/tb3_sim:/home/hassan/ros-tuts/patrol_ws/install/hls_lfcd_lds_driver:/home/hassan/ros-tuts/patrol_ws/install/dynamixel_sdk_examples:/home/hassan/ros-tuts/patrol_ws/install/dynamixel_sdk_custom_interfaces:/home/hassan/ros-tuts/patrol_ws/install/dynamixel_sdk:/home/hassan/rosbot_ws/install/ros_bot:/opt/ros/humble CMAKE_PREFIX_PATH=/home/hassan/ros-tuts/patrol_ws/install/turtlebot3_bringup:/home/hassan/ros-tuts/patrol_ws/install/turtlebot3_node:/home/hassan/ros-tuts/patrol_ws/install/turtlebot3_navigation2:/home/hassan/ros-tuts/patrol_ws/install/turtlebot3_msgs:/home/hassan/ros-tuts/patrol_ws/install/turtlebot3_description:/home/hassan/ros-tuts/patrol_ws/install/turtlebot3_cartographer:/home/hassan/ros-tuts/patrol_ws/install/hls_lfcd_lds_driver:/home/hassan/ros-tuts/patrol_ws/install/dynamixel_sdk:/home/hassan/ros-tuts/patrol_ws/install/turtlebot3:/home/hassan/ros-tuts/patrol_ws/install/turtlebot3_simulations:/home/hassan/ros-tuts/patrol_ws/install/turtlebot3_fake_node:/home/hassan/ros-tuts/patrol_ws/install/turtlebot3_gazebo:/home/hassan/ros-tuts/patrol_ws/install/dynamixel_sdk_examples:/home/hassan/ros-tuts/patrol_ws/install/dynamixel_sdk_custom_interfaces:/home/hassan/rosbot_ws/install/ros_bot:/home/hassan/ros-tuts/patrol_ws/install/turtlebot3_teleop:/home/hassan/ros-tuts/patrol_ws/install/turtlebot3_example:/home/hassan/ros-tuts/patrol_ws/install/tb3_sim:/opt/ros/humble LD_LIBRARY_PATH=/home/hassan/ros-tuts/patrol_ws/install/turtlebot3_msgs/lib:/home/hassan/ros-tuts/patrol_ws/install/dynamixel_sdk/lib:/home/hassan/ros-tuts/patrol_ws/install/dynamixel_sdk_custom_interfaces/lib:/usr/lib/x86_64-linux-gnu/gazebo-11/plugins:/opt/ros/humble/opt/rviz_ogre_vendor/lib:/opt/ros/humble/lib/x86_64-linux-gnu:/opt/ros/humble/lib PYTHONPATH=/home/hassan/ros-tuts/patrol_ws/build/turtlebot3_example:/home/hassan/ros-tuts/patrol_ws/install/turtlebot3_example/lib/python3.10/site-packages:/home/hassan/ros-tuts/patrol_ws/build/turtlebot3_teleop:/home/hassan/ros-tuts/patrol_ws/install/turtlebot3_teleop/lib/python3.10/site-packages:/home/hassan/ros-tuts/patrol_ws/build/tb3_sim:/home/hassan/ros-tuts/patrol_ws/install/turtlebot3_msgs/local/lib/python3.10/dist-packages:/home/hassan/ros-tuts/patrol_ws/install/tb3_sim/lib/python3.10/site-packages:/home/hassan/ros-tuts/patrol_ws/install/dynamixel_sdk_custom_interfaces/local/lib/python3.10/dist-packages:/opt/ros/humble/lib/python3.10/site-packages:/opt/ros/humble/local/lib/python3.10/dist-packages /usr/bin/cmake --build /home/hassan/ros-tuts/patrol_ws/build/turtlebot3 -- -j8 -l8
[6.315s] DEBUG:colcon.colcon_core.event_handler.log_command:Invoked command in '/home/hassan/ros-tuts/patrol_ws/build/turtlebot3' returned '0': AMENT_PREFIX_PATH=/home/hassan/ros-tuts/patrol_ws/install/turtlebot3_example:/home/hassan/ros-tuts/patrol_ws/install/turtlebot3_teleop:/home/hassan/ros-tuts/patrol_ws/install/turtlebot3:/home/hassan/ros-tuts/patrol_ws/install/turtlebot3_simulations:/home/hassan/ros-tuts/patrol_ws/install/turtlebot3_bringup:/home/hassan/ros-tuts/patrol_ws/install/turtlebot3_node:/home/hassan/ros-tuts/patrol_ws/install/turtlebot3_navigation2:/home/hassan/ros-tuts/patrol_ws/install/turtlebot3_fake_node:/home/hassan/ros-tuts/patrol_ws/install/turtlebot3_msgs:/home/hassan/ros-tuts/patrol_ws/install/turtlebot3_gazebo:/home/hassan/ros-tuts/patrol_ws/install/turtlebot3_description:/home/hassan/ros-tuts/patrol_ws/install/turtlebot3_cartographer:/home/hassan/ros-tuts/patrol_ws/install/tb3_sim:/home/hassan/ros-tuts/patrol_ws/install/hls_lfcd_lds_driver:/home/hassan/ros-tuts/patrol_ws/install/dynamixel_sdk_examples:/home/hassan/ros-tuts/patrol_ws/install/dynamixel_sdk_custom_interfaces:/home/hassan/ros-tuts/patrol_ws/install/dynamixel_sdk:/home/hassan/rosbot_ws/install/ros_bot:/opt/ros/humble CMAKE_PREFIX_PATH=/home/hassan/ros-tuts/patrol_ws/install/turtlebot3_bringup:/home/hassan/ros-tuts/patrol_ws/install/turtlebot3_node:/home/hassan/ros-tuts/patrol_ws/install/turtlebot3_navigation2:/home/hassan/ros-tuts/patrol_ws/install/turtlebot3_msgs:/home/hassan/ros-tuts/patrol_ws/install/turtlebot3_description:/home/hassan/ros-tuts/patrol_ws/install/turtlebot3_cartographer:/home/hassan/ros-tuts/patrol_ws/install/hls_lfcd_lds_driver:/home/hassan/ros-tuts/patrol_ws/install/dynamixel_sdk:/home/hassan/ros-tuts/patrol_ws/install/turtlebot3:/home/hassan/ros-tuts/patrol_ws/install/turtlebot3_simulations:/home/hassan/ros-tuts/patrol_ws/install/turtlebot3_fake_node:/home/hassan/ros-tuts/patrol_ws/install/turtlebot3_gazebo:/home/hassan/ros-tuts/patrol_ws/install/dynamixel_sdk_examples:/home/hassan/ros-tuts/patrol_ws/install/dynamixel_sdk_custom_interfaces:/home/hassan/rosbot_ws/install/ros_bot:/home/hassan/ros-tuts/patrol_ws/install/turtlebot3_teleop:/home/hassan/ros-tuts/patrol_ws/install/turtlebot3_example:/home/hassan/ros-tuts/patrol_ws/install/tb3_sim:/opt/ros/humble LD_LIBRARY_PATH=/home/hassan/ros-tuts/patrol_ws/install/turtlebot3_msgs/lib:/home/hassan/ros-tuts/patrol_ws/install/dynamixel_sdk/lib:/home/hassan/ros-tuts/patrol_ws/install/dynamixel_sdk_custom_interfaces/lib:/usr/lib/x86_64-linux-gnu/gazebo-11/plugins:/opt/ros/humble/opt/rviz_ogre_vendor/lib:/opt/ros/humble/lib/x86_64-linux-gnu:/opt/ros/humble/lib PYTHONPATH=/home/hassan/ros-tuts/patrol_ws/build/turtlebot3_example:/home/hassan/ros-tuts/patrol_ws/install/turtlebot3_example/lib/python3.10/site-packages:/home/hassan/ros-tuts/patrol_ws/build/turtlebot3_teleop:/home/hassan/ros-tuts/patrol_ws/install/turtlebot3_teleop/lib/python3.10/site-packages:/home/hassan/ros-tuts/patrol_ws/build/tb3_sim:/home/hassan/ros-tuts/patrol_ws/install/turtlebot3_msgs/local/lib/python3.10/dist-packages:/home/hassan/ros-tuts/patrol_ws/install/tb3_sim/lib/python3.10/site-packages:/home/hassan/ros-tuts/patrol_ws/install/dynamixel_sdk_custom_interfaces/local/lib/python3.10/dist-packages:/opt/ros/humble/lib/python3.10/site-packages:/opt/ros/humble/local/lib/python3.10/dist-packages /usr/bin/cmake --build /home/hassan/ros-tuts/patrol_ws/build/turtlebot3 -- -j8 -l8
[6.359s] DEBUG:colcon.colcon_core.event_handler.log_command:Invoking command in '/home/hassan/ros-tuts/patrol_ws/build/turtlebot3': AMENT_PREFIX_PATH=/home/hassan/ros-tuts/patrol_ws/install/turtlebot3_example:/home/hassan/ros-tuts/patrol_ws/install/turtlebot3_teleop:/home/hassan/ros-tuts/patrol_ws/install/turtlebot3:/home/hassan/ros-tuts/patrol_ws/install/turtlebot3_simulations:/home/hassan/ros-tuts/patrol_ws/install/turtlebot3_bringup:/home/hassan/ros-tuts/patrol_ws/install/turtlebot3_node:/home/hassan/ros-tuts/patrol_ws/install/turtlebot3_navigation2:/home/hassan/ros-tuts/patrol_ws/install/turtlebot3_fake_node:/home/hassan/ros-tuts/patrol_ws/install/turtlebot3_msgs:/home/hassan/ros-tuts/patrol_ws/install/turtlebot3_gazebo:/home/hassan/ros-tuts/patrol_ws/install/turtlebot3_description:/home/hassan/ros-tuts/patrol_ws/install/turtlebot3_cartographer:/home/hassan/ros-tuts/patrol_ws/install/tb3_sim:/home/hassan/ros-tuts/patrol_ws/install/hls_lfcd_lds_driver:/home/hassan/ros-tuts/patrol_ws/install/dynamixel_sdk_examples:/home/hassan/ros-tuts/patrol_ws/install/dynamixel_sdk_custom_interfaces:/home/hassan/ros-tuts/patrol_ws/install/dynamixel_sdk:/home/hassan/rosbot_ws/install/ros_bot:/opt/ros/humble CMAKE_PREFIX_PATH=/home/hassan/ros-tuts/patrol_ws/install/turtlebot3_bringup:/home/hassan/ros-tuts/patrol_ws/install/turtlebot3_node:/home/hassan/ros-tuts/patrol_ws/install/turtlebot3_navigation2:/home/hassan/ros-tuts/patrol_ws/install/turtlebot3_msgs:/home/hassan/ros-tuts/patrol_ws/install/turtlebot3_description:/home/hassan/ros-tuts/patrol_ws/install/turtlebot3_cartographer:/home/hassan/ros-tuts/patrol_ws/install/hls_lfcd_lds_driver:/home/hassan/ros-tuts/patrol_ws/install/dynamixel_sdk:/home/hassan/ros-tuts/patrol_ws/install/turtlebot3:/home/hassan/ros-tuts/patrol_ws/install/turtlebot3_simulations:/home/hassan/ros-tuts/patrol_ws/install/turtlebot3_fake_node:/home/hassan/ros-tuts/patrol_ws/install/turtlebot3_gazebo:/home/hassan/ros-tuts/patrol_ws/install/dynamixel_sdk_examples:/home/hassan/ros-tuts/patrol_ws/install/dynamixel_sdk_custom_interfaces:/home/hassan/rosbot_ws/install/ros_bot:/home/hassan/ros-tuts/patrol_ws/install/turtlebot3_teleop:/home/hassan/ros-tuts/patrol_ws/install/turtlebot3_example:/home/hassan/ros-tuts/patrol_ws/install/tb3_sim:/opt/ros/humble LD_LIBRARY_PATH=/home/hassan/ros-tuts/patrol_ws/install/turtlebot3_msgs/lib:/home/hassan/ros-tuts/patrol_ws/install/dynamixel_sdk/lib:/home/hassan/ros-tuts/patrol_ws/install/dynamixel_sdk_custom_interfaces/lib:/usr/lib/x86_64-linux-gnu/gazebo-11/plugins:/opt/ros/humble/opt/rviz_ogre_vendor/lib:/opt/ros/humble/lib/x86_64-linux-gnu:/opt/ros/humble/lib PYTHONPATH=/home/hassan/ros-tuts/patrol_ws/build/turtlebot3_example:/home/hassan/ros-tuts/patrol_ws/install/turtlebot3_example/lib/python3.10/site-packages:/home/hassan/ros-tuts/patrol_ws/build/turtlebot3_teleop:/home/hassan/ros-tuts/patrol_ws/install/turtlebot3_teleop/lib/python3.10/site-packages:/home/hassan/ros-tuts/patrol_ws/build/tb3_sim:/home/hassan/ros-tuts/patrol_ws/install/turtlebot3_msgs/local/lib/python3.10/dist-packages:/home/hassan/ros-tuts/patrol_ws/install/tb3_sim/lib/python3.10/site-packages:/home/hassan/ros-tuts/patrol_ws/install/dynamixel_sdk_custom_interfaces/local/lib/python3.10/dist-packages:/opt/ros/humble/lib/python3.10/site-packages:/opt/ros/humble/local/lib/python3.10/dist-packages /usr/bin/cmake --install /home/hassan/ros-tuts/patrol_ws/build/turtlebot3
[6.396s] Level 1:colcon.colcon_core.environment:create_environment_scripts_only(turtlebot3)
[6.396s] Level 1:colcon.colcon_core.environment:checking '/home/hassan/ros-tuts/patrol_ws/install/turtlebot3' for CMake module files
[6.397s] DEBUG:colcon.colcon_core.event_handler.log_command:Invoked command in '/home/hassan/ros-tuts/patrol_ws/build/turtlebot3' returned '0': AMENT_PREFIX_PATH=/home/hassan/ros-tuts/patrol_ws/install/turtlebot3_example:/home/hassan/ros-tuts/patrol_ws/install/turtlebot3_teleop:/home/hassan/ros-tuts/patrol_ws/install/turtlebot3:/home/hassan/ros-tuts/patrol_ws/install/turtlebot3_simulations:/home/hassan/ros-tuts/patrol_ws/install/turtlebot3_bringup:/home/hassan/ros-tuts/patrol_ws/install/turtlebot3_node:/home/hassan/ros-tuts/patrol_ws/install/turtlebot3_navigation2:/home/hassan/ros-tuts/patrol_ws/install/turtlebot3_fake_node:/home/hassan/ros-tuts/patrol_ws/install/turtlebot3_msgs:/home/hassan/ros-tuts/patrol_ws/install/turtlebot3_gazebo:/home/hassan/ros-tuts/patrol_ws/install/turtlebot3_description:/home/hassan/ros-tuts/patrol_ws/install/turtlebot3_cartographer:/home/hassan/ros-tuts/patrol_ws/install/tb3_sim:/home/hassan/ros-tuts/patrol_ws/install/hls_lfcd_lds_driver:/home/hassan/ros-tuts/patrol_ws/install/dynamixel_sdk_examples:/home/hassan/ros-tuts/patrol_ws/install/dynamixel_sdk_custom_interfaces:/home/hassan/ros-tuts/patrol_ws/install/dynamixel_sdk:/home/hassan/rosbot_ws/install/ros_bot:/opt/ros/humble CMAKE_PREFIX_PATH=/home/hassan/ros-tuts/patrol_ws/install/turtlebot3_bringup:/home/hassan/ros-tuts/patrol_ws/install/turtlebot3_node:/home/hassan/ros-tuts/patrol_ws/install/turtlebot3_navigation2:/home/hassan/ros-tuts/patrol_ws/install/turtlebot3_msgs:/home/hassan/ros-tuts/patrol_ws/install/turtlebot3_description:/home/hassan/ros-tuts/patrol_ws/install/turtlebot3_cartographer:/home/hassan/ros-tuts/patrol_ws/install/hls_lfcd_lds_driver:/home/hassan/ros-tuts/patrol_ws/install/dynamixel_sdk:/home/hassan/ros-tuts/patrol_ws/install/turtlebot3:/home/hassan/ros-tuts/patrol_ws/install/turtlebot3_simulations:/home/hassan/ros-tuts/patrol_ws/install/turtlebot3_fake_node:/home/hassan/ros-tuts/patrol_ws/install/turtlebot3_gazebo:/home/hassan/ros-tuts/patrol_ws/install/dynamixel_sdk_examples:/home/hassan/ros-tuts/patrol_ws/install/dynamixel_sdk_custom_interfaces:/home/hassan/rosbot_ws/install/ros_bot:/home/hassan/ros-tuts/patrol_ws/install/turtlebot3_teleop:/home/hassan/ros-tuts/patrol_ws/install/turtlebot3_example:/home/hassan/ros-tuts/patrol_ws/install/tb3_sim:/opt/ros/humble LD_LIBRARY_PATH=/home/hassan/ros-tuts/patrol_ws/install/turtlebot3_msgs/lib:/home/hassan/ros-tuts/patrol_ws/install/dynamixel_sdk/lib:/home/hassan/ros-tuts/patrol_ws/install/dynamixel_sdk_custom_interfaces/lib:/usr/lib/x86_64-linux-gnu/gazebo-11/plugins:/opt/ros/humble/opt/rviz_ogre_vendor/lib:/opt/ros/humble/lib/x86_64-linux-gnu:/opt/ros/humble/lib PYTHONPATH=/home/hassan/ros-tuts/patrol_ws/build/turtlebot3_example:/home/hassan/ros-tuts/patrol_ws/install/turtlebot3_example/lib/python3.10/site-packages:/home/hassan/ros-tuts/patrol_ws/build/turtlebot3_teleop:/home/hassan/ros-tuts/patrol_ws/install/turtlebot3_teleop/lib/python3.10/site-packages:/home/hassan/ros-tuts/patrol_ws/build/tb3_sim:/home/hassan/ros-tuts/patrol_ws/install/turtlebot3_msgs/local/lib/python3.10/dist-packages:/home/hassan/ros-tuts/patrol_ws/install/tb3_sim/lib/python3.10/site-packages:/home/hassan/ros-tuts/patrol_ws/install/dynamixel_sdk_custom_interfaces/local/lib/python3.10/dist-packages:/opt/ros/humble/lib/python3.10/site-packages:/opt/ros/humble/local/lib/python3.10/dist-packages /usr/bin/cmake --install /home/hassan/ros-tuts/patrol_ws/build/turtlebot3
[6.398s] Level 1:colcon.colcon_core.environment:checking '/home/hassan/ros-tuts/patrol_ws/install/turtlebot3' for CMake config files
[6.398s] Level 1:colcon.colcon_core.shell:create_environment_hook('turtlebot3', 'cmake_prefix_path')
[6.399s] INFO:colcon.colcon_core.shell:Creating environment hook '/home/hassan/ros-tuts/patrol_ws/install/turtlebot3/share/turtlebot3/hook/cmake_prefix_path.ps1'
[6.400s] INFO:colcon.colcon_core.shell:Creating environment descriptor '/home/hassan/ros-tuts/patrol_ws/install/turtlebot3/share/turtlebot3/hook/cmake_prefix_path.dsv'
[6.400s] INFO:colcon.colcon_core.shell:Creating environment hook '/home/hassan/ros-tuts/patrol_ws/install/turtlebot3/share/turtlebot3/hook/cmake_prefix_path.sh'
[6.401s] Level 1:colcon.colcon_core.environment:checking '/home/hassan/ros-tuts/patrol_ws/install/turtlebot3/bin'
[6.401s] Level 1:colcon.colcon_core.environment:checking '/home/hassan/ros-tuts/patrol_ws/install/turtlebot3/lib/pkgconfig/turtlebot3.pc'
[6.401s] Level 1:colcon.colcon_core.environment:checking '/home/hassan/ros-tuts/patrol_ws/install/turtlebot3/lib/python3.10/site-packages'
[6.402s] Level 1:colcon.colcon_core.environment:checking '/home/hassan/ros-tuts/patrol_ws/install/turtlebot3/bin'
[6.403s] INFO:colcon.colcon_core.shell:Creating package script '/home/hassan/ros-tuts/patrol_ws/install/turtlebot3/share/turtlebot3/package.ps1'
[6.403s] INFO:colcon.colcon_core.shell:Creating package descriptor '/home/hassan/ros-tuts/patrol_ws/install/turtlebot3/share/turtlebot3/package.dsv'
[6.404s] INFO:colcon.colcon_core.shell:Creating package script '/home/hassan/ros-tuts/patrol_ws/install/turtlebot3/share/turtlebot3/package.sh'
[6.405s] INFO:colcon.colcon_core.shell:Creating package script '/home/hassan/ros-tuts/patrol_ws/install/turtlebot3/share/turtlebot3/package.bash'
[6.405s] INFO:colcon.colcon_core.shell:Creating package script '/home/hassan/ros-tuts/patrol_ws/install/turtlebot3/share/turtlebot3/package.zsh'
[6.406s] Level 1:colcon.colcon_core.environment:create_file_with_runtime_dependencies(/home/hassan/ros-tuts/patrol_ws/install/turtlebot3/share/colcon-core/packages/turtlebot3)
[6.444s] Level 1:colcon.colcon_core.environment:create_environment_scripts_only(turtlebot3)
[6.445s] Level 1:colcon.colcon_core.environment:checking '/home/hassan/ros-tuts/patrol_ws/install/turtlebot3' for CMake module files
[6.446s] Level 1:colcon.colcon_core.environment:checking '/home/hassan/ros-tuts/patrol_ws/install/turtlebot3' for CMake config files
[6.446s] Level 1:colcon.colcon_core.shell:create_environment_hook('turtlebot3', 'cmake_prefix_path')
[6.447s] INFO:colcon.colcon_core.shell:Creating environment hook '/home/hassan/ros-tuts/patrol_ws/install/turtlebot3/share/turtlebot3/hook/cmake_prefix_path.ps1'
[6.448s] INFO:colcon.colcon_core.shell:Creating environment descriptor '/home/hassan/ros-tuts/patrol_ws/install/turtlebot3/share/turtlebot3/hook/cmake_prefix_path.dsv'
[6.448s] INFO:colcon.colcon_core.shell:Creating environment hook '/home/hassan/ros-tuts/patrol_ws/install/turtlebot3/share/turtlebot3/hook/cmake_prefix_path.sh'
[6.449s] Level 1:colcon.colcon_core.environment:checking '/home/hassan/ros-tuts/patrol_ws/install/turtlebot3/bin'
[6.449s] Level 1:colcon.colcon_core.environment:checking '/home/hassan/ros-tuts/patrol_ws/install/turtlebot3/lib/pkgconfig/turtlebot3.pc'
[6.450s] Level 1:colcon.colcon_core.environment:checking '/home/hassan/ros-tuts/patrol_ws/install/turtlebot3/lib/python3.10/site-packages'
[6.450s] Level 1:colcon.colcon_core.environment:checking '/home/hassan/ros-tuts/patrol_ws/install/turtlebot3/bin'
[6.451s] INFO:colcon.colcon_core.shell:Creating package script '/home/hassan/ros-tuts/patrol_ws/install/turtlebot3/share/turtlebot3/package.ps1'
[6.452s] INFO:colcon.colcon_core.shell:Creating package descriptor '/home/hassan/ros-tuts/patrol_ws/install/turtlebot3/share/turtlebot3/package.dsv'
[6.453s] INFO:colcon.colcon_core.shell:Creating package script '/home/hassan/ros-tuts/patrol_ws/install/turtlebot3/share/turtlebot3/package.sh'
[6.453s] INFO:colcon.colcon_core.shell:Creating package script '/home/hassan/ros-tuts/patrol_ws/install/turtlebot3/share/turtlebot3/package.bash'
[6.454s] INFO:colcon.colcon_core.shell:Creating package script '/home/hassan/ros-tuts/patrol_ws/install/turtlebot3/share/turtlebot3/package.zsh'
[6.455s] Level 1:colcon.colcon_core.environment:create_file_with_runtime_dependencies(/home/hassan/ros-tuts/patrol_ws/install/turtlebot3/share/colcon-core/packages/turtlebot3)
[6.456s] DEBUG:colcon.colcon_parallel_executor.executor.parallel:closing loop
[6.456s] DEBUG:colcon.colcon_parallel_executor.executor.parallel:loop closed
[6.457s] DEBUG:colcon.colcon_parallel_executor.executor.parallel:run_until_complete finished with '0'
[6.457s] DEBUG:colcon.colcon_core.event_reactor:joining thread
[6.471s] INFO:colcon.colcon_core.plugin_system:Skipping extension 'colcon_notification.desktop_notification.terminal_notifier': Not used on non-Darwin systems
[6.471s] INFO:colcon.colcon_core.plugin_system:Skipping extension 'colcon_notification.desktop_notification.win32': Not used on non-Windows systems
[6.472s] INFO:colcon.colcon_notification.desktop_notification:Sending desktop notification using 'notify2'
[6.492s] DEBUG:colcon.colcon_core.event_reactor:joined thread
[6.493s] INFO:colcon.colcon_core.shell:Creating prefix script '/home/hassan/ros-tuts/patrol_ws/install/local_setup.ps1'
[6.496s] INFO:colcon.colcon_core.shell:Creating prefix util module '/home/hassan/ros-tuts/patrol_ws/install/_local_setup_util_ps1.py'
[6.501s] INFO:colcon.colcon_core.shell:Creating prefix chain script '/home/hassan/ros-tuts/patrol_ws/install/setup.ps1'
[6.504s] INFO:colcon.colcon_core.shell:Creating prefix script '/home/hassan/ros-tuts/patrol_ws/install/local_setup.sh'
[6.505s] INFO:colcon.colcon_core.shell:Creating prefix util module '/home/hassan/ros-tuts/patrol_ws/install/_local_setup_util_sh.py'
[6.507s] INFO:colcon.colcon_core.shell:Creating prefix chain script '/home/hassan/ros-tuts/patrol_ws/install/setup.sh'
[6.511s] INFO:colcon.colcon_core.shell:Creating prefix script '/home/hassan/ros-tuts/patrol_ws/install/local_setup.bash'
[6.511s] INFO:colcon.colcon_core.shell:Creating prefix chain script '/home/hassan/ros-tuts/patrol_ws/install/setup.bash'
[6.514s] INFO:colcon.colcon_core.shell:Creating prefix script '/home/hassan/ros-tuts/patrol_ws/install/local_setup.zsh'
[6.515s] INFO:colcon.colcon_core.shell:Creating prefix chain script '/home/hassan/ros-tuts/patrol_ws/install/setup.zsh'
