[0.208s] DEBUG:colcon:Command line arguments: ['/usr/bin/colcon', 'build', '--symlink-install']
[0.208s] DEBUG:colcon:Parsed command line arguments: Namespace(log_base=None, log_level=None, verb_name='build', build_base='build', install_base='install', merge_install=False, symlink_install=True, test_result_base=None, continue_on_error=False, executor='parallel', parallel_workers=8, event_handlers=None, ignore_user_meta=False, metas=['./colcon.meta'], base_paths=['.'], packages_ignore=None, packages_ignore_regex=None, paths=None, packages_up_to=None, packages_up_to_regex=None, packages_above=None, packages_above_and_dependencies=None, packages_above_depth=None, packages_select_by_dep=None, packages_skip_by_dep=None, packages_skip_up_to=None, packages_select_build_failed=False, packages_skip_build_finished=False, packages_select_test_failures=False, packages_skip_test_passed=False, packages_select=None, packages_skip=None, packages_select_regex=None, packages_skip_regex=None, packages_start=None, packages_end=None, allow_overriding=[], cmake_args=None, cmake_target=None, cmake_target_skip_unavailable=False, cmake_clean_cache=False, cmake_clean_first=False, cmake_force_configure=False, ament_cmake_args=None, catkin_cmake_args=None, catkin_skip_building_tests=False, mixin_files=None, mixin=None, verb_parser=<colcon_mixin.mixin.mixin_argument.MixinArgumentDecorator object at 0x7d3b9922f400>, verb_extension=<colcon_core.verb.build.BuildVerb object at 0x7d3b99337b50>, main=<bound method BuildVerb.main of <colcon_core.verb.build.BuildVerb object at 0x7d3b99337b50>>, mixin_verb=('build',))
[0.522s] Level 1:colcon.colcon_core.package_discovery:discover_packages(colcon_meta) check parameters
[0.522s] Level 1:colcon.colcon_core.package_discovery:discover_packages(recursive) check parameters
[0.522s] Level 1:colcon.colcon_core.package_discovery:discover_packages(ignore) check parameters
[0.522s] Level 1:colcon.colcon_core.package_discovery:discover_packages(path) check parameters
[0.522s] Level 1:colcon.colcon_core.package_discovery:discover_packages(colcon_meta) discover
[0.522s] Level 1:colcon.colcon_core.package_discovery:discover_packages(recursive) discover
[0.523s] INFO:colcon.colcon_core.package_discovery:Crawling recursively for packages in '/home/hassan/ros-tuts/patrol_ws'
[0.523s] Level 1:colcon.colcon_core.package_identification:_identify(.) by extensions ['ignore', 'ignore_ament_install']
[0.523s] Level 1:colcon.colcon_core.package_identification:_identify(.) by extension 'ignore'
[0.523s] Level 1:colcon.colcon_core.package_identification:_identify(.) by extension 'ignore_ament_install'
[0.523s] Level 1:colcon.colcon_core.package_identification:_identify(.) by extensions ['colcon_pkg']
[0.523s] Level 1:colcon.colcon_core.package_identification:_identify(.) by extension 'colcon_pkg'
[0.524s] Level 1:colcon.colcon_core.package_identification:_identify(.) by extensions ['colcon_meta']
[0.524s] Level 1:colcon.colcon_core.package_identification:_identify(.) by extension 'colcon_meta'
[0.524s] Level 1:colcon.colcon_core.package_identification:_identify(.) by extensions ['ros']
[0.524s] Level 1:colcon.colcon_core.package_identification:_identify(.) by extension 'ros'
[0.544s] Level 1:colcon.colcon_core.package_identification:_identify(.) by extensions ['cmake', 'python']
[0.544s] Level 1:colcon.colcon_core.package_identification:_identify(.) by extension 'cmake'
[0.545s] Level 1:colcon.colcon_core.package_identification:_identify(.) by extension 'python'
[0.545s] Level 1:colcon.colcon_core.package_identification:_identify(.) by extensions ['python_setup_py']
[0.545s] Level 1:colcon.colcon_core.package_identification:_identify(.) by extension 'python_setup_py'
[0.545s] Level 1:colcon.colcon_core.package_identification:_identify(build) by extensions ['ignore', 'ignore_ament_install']
[0.545s] Level 1:colcon.colcon_core.package_identification:_identify(build) by extension 'ignore'
[0.545s] Level 1:colcon.colcon_core.package_identification:_identify(build) ignored
[0.545s] Level 1:colcon.colcon_core.package_identification:_identify(install) by extensions ['ignore', 'ignore_ament_install']
[0.546s] Level 1:colcon.colcon_core.package_identification:_identify(install) by extension 'ignore'
[0.546s] Level 1:colcon.colcon_core.package_identification:_identify(install) ignored
[0.546s] Level 1:colcon.colcon_core.package_identification:_identify(log) by extensions ['ignore', 'ignore_ament_install']
[0.546s] Level 1:colcon.colcon_core.package_identification:_identify(log) by extension 'ignore'
[0.546s] Level 1:colcon.colcon_core.package_identification:_identify(log) ignored
[0.546s] Level 1:colcon.colcon_core.package_identification:_identify(src) by extensions ['ignore', 'ignore_ament_install']
[0.546s] Level 1:colcon.colcon_core.package_identification:_identify(src) by extension 'ignore'
[0.546s] Level 1:colcon.colcon_core.package_identification:_identify(src) by extension 'ignore_ament_install'
[0.546s] Level 1:colcon.colcon_core.package_identification:_identify(src) by extensions ['colcon_pkg']
[0.547s] Level 1:colcon.colcon_core.package_identification:_identify(src) by extension 'colcon_pkg'
[0.547s] Level 1:colcon.colcon_core.package_identification:_identify(src) by extensions ['colcon_meta']
[0.547s] Level 1:colcon.colcon_core.package_identification:_identify(src) by extension 'colcon_meta'
[0.547s] Level 1:colcon.colcon_core.package_identification:_identify(src) by extensions ['ros']
[0.547s] Level 1:colcon.colcon_core.package_identification:_identify(src) by extension 'ros'
[0.547s] Level 1:colcon.colcon_core.package_identification:_identify(src) by extensions ['cmake', 'python']
[0.547s] Level 1:colcon.colcon_core.package_identification:_identify(src) by extension 'cmake'
[0.547s] Level 1:colcon.colcon_core.package_identification:_identify(src) by extension 'python'
[0.547s] Level 1:colcon.colcon_core.package_identification:_identify(src) by extensions ['python_setup_py']
[0.547s] Level 1:colcon.colcon_core.package_identification:_identify(src) by extension 'python_setup_py'
[0.547s] Level 1:colcon.colcon_core.package_identification:_identify(src/tb3_sim) by extensions ['ignore', 'ignore_ament_install']
[0.548s] Level 1:colcon.colcon_core.package_identification:_identify(src/tb3_sim) by extension 'ignore'
[0.548s] Level 1:colcon.colcon_core.package_identification:_identify(src/tb3_sim) by extension 'ignore_ament_install'
[0.548s] Level 1:colcon.colcon_core.package_identification:_identify(src/tb3_sim) by extensions ['colcon_pkg']
[0.548s] Level 1:colcon.colcon_core.package_identification:_identify(src/tb3_sim) by extension 'colcon_pkg'
[0.548s] Level 1:colcon.colcon_core.package_identification:_identify(src/tb3_sim) by extensions ['colcon_meta']
[0.548s] Level 1:colcon.colcon_core.package_identification:_identify(src/tb3_sim) by extension 'colcon_meta'
[0.548s] Level 1:colcon.colcon_core.package_identification:_identify(src/tb3_sim) by extensions ['ros']
[0.548s] Level 1:colcon.colcon_core.package_identification:_identify(src/tb3_sim) by extension 'ros'
[0.553s] DEBUG:colcon.colcon_core.package_identification:Package 'src/tb3_sim' with type 'ros.ament_python' and name 'tb3_sim'
[0.553s] Level 1:colcon.colcon_core.package_identification:_identify(src/turtlebot3) by extensions ['ignore', 'ignore_ament_install']
[0.553s] Level 1:colcon.colcon_core.package_identification:_identify(src/turtlebot3) by extension 'ignore'
[0.554s] Level 1:colcon.colcon_core.package_identification:_identify(src/turtlebot3) by extension 'ignore_ament_install'
[0.554s] Level 1:colcon.colcon_core.package_identification:_identify(src/turtlebot3) by extensions ['colcon_pkg']
[0.554s] Level 1:colcon.colcon_core.package_identification:_identify(src/turtlebot3) by extension 'colcon_pkg'
[0.554s] Level 1:colcon.colcon_core.package_identification:_identify(src/turtlebot3) by extensions ['colcon_meta']
[0.554s] Level 1:colcon.colcon_core.package_identification:_identify(src/turtlebot3) by extension 'colcon_meta'
[0.554s] Level 1:colcon.colcon_core.package_identification:_identify(src/turtlebot3) by extensions ['ros']
[0.554s] Level 1:colcon.colcon_core.package_identification:_identify(src/turtlebot3) by extension 'ros'
[0.554s] Level 1:colcon.colcon_core.package_identification:_identify(src/turtlebot3) by extensions ['cmake', 'python']
[0.554s] Level 1:colcon.colcon_core.package_identification:_identify(src/turtlebot3) by extension 'cmake'
[0.554s] Level 1:colcon.colcon_core.package_identification:_identify(src/turtlebot3) by extension 'python'
[0.555s] Level 1:colcon.colcon_core.package_identification:_identify(src/turtlebot3) by extensions ['python_setup_py']
[0.555s] Level 1:colcon.colcon_core.package_identification:_identify(src/turtlebot3) by extension 'python_setup_py'
[0.555s] Level 1:colcon.colcon_core.package_identification:_identify(src/turtlebot3/turtlebot3) by extensions ['ignore', 'ignore_ament_install']
[0.555s] Level 1:colcon.colcon_core.package_identification:_identify(src/turtlebot3/turtlebot3) by extension 'ignore'
[0.555s] Level 1:colcon.colcon_core.package_identification:_identify(src/turtlebot3/turtlebot3) by extension 'ignore_ament_install'
[0.555s] Level 1:colcon.colcon_core.package_identification:_identify(src/turtlebot3/turtlebot3) by extensions ['colcon_pkg']
[0.555s] Level 1:colcon.colcon_core.package_identification:_identify(src/turtlebot3/turtlebot3) by extension 'colcon_pkg'
[0.555s] Level 1:colcon.colcon_core.package_identification:_identify(src/turtlebot3/turtlebot3) by extensions ['colcon_meta']
[0.555s] Level 1:colcon.colcon_core.package_identification:_identify(src/turtlebot3/turtlebot3) by extension 'colcon_meta'
[0.555s] Level 1:colcon.colcon_core.package_identification:_identify(src/turtlebot3/turtlebot3) by extensions ['ros']
[0.555s] Level 1:colcon.colcon_core.package_identification:_identify(src/turtlebot3/turtlebot3) by extension 'ros'
[0.556s] Level 1:colcon.colcon_core.package_identification:_identify(src/turtlebot3/turtlebot3) by extensions ['cmake', 'python']
[0.556s] Level 1:colcon.colcon_core.package_identification:_identify(src/turtlebot3/turtlebot3) by extension 'cmake'
[0.556s] Level 1:colcon.colcon_core.package_identification:_identify(src/turtlebot3/turtlebot3) by extension 'python'
[0.556s] Level 1:colcon.colcon_core.package_identification:_identify(src/turtlebot3/turtlebot3) by extensions ['python_setup_py']
[0.556s] Level 1:colcon.colcon_core.package_identification:_identify(src/turtlebot3/turtlebot3) by extension 'python_setup_py'
[0.556s] Level 1:colcon.colcon_core.package_identification:_identify(src/turtlebot3/turtlebot3/turtlebot3) by extensions ['ignore', 'ignore_ament_install']
[0.556s] Level 1:colcon.colcon_core.package_identification:_identify(src/turtlebot3/turtlebot3/turtlebot3) by extension 'ignore'
[0.556s] Level 1:colcon.colcon_core.package_identification:_identify(src/turtlebot3/turtlebot3/turtlebot3) by extension 'ignore_ament_install'
[0.556s] Level 1:colcon.colcon_core.package_identification:_identify(src/turtlebot3/turtlebot3/turtlebot3) by extensions ['colcon_pkg']
[0.556s] Level 1:colcon.colcon_core.package_identification:_identify(src/turtlebot3/turtlebot3/turtlebot3) by extension 'colcon_pkg'
[0.557s] Level 1:colcon.colcon_core.package_identification:_identify(src/turtlebot3/turtlebot3/turtlebot3) by extensions ['colcon_meta']
[0.557s] Level 1:colcon.colcon_core.package_identification:_identify(src/turtlebot3/turtlebot3/turtlebot3) by extension 'colcon_meta'
[0.557s] Level 1:colcon.colcon_core.package_identification:_identify(src/turtlebot3/turtlebot3/turtlebot3) by extensions ['ros']
[0.557s] Level 1:colcon.colcon_core.package_identification:_identify(src/turtlebot3/turtlebot3/turtlebot3) by extension 'ros'
[0.558s] DEBUG:colcon.colcon_core.package_identification:Package 'src/turtlebot3/turtlebot3/turtlebot3' with type 'ros.ament_cmake' and name 'turtlebot3'
[0.558s] Level 1:colcon.colcon_core.package_identification:_identify(src/turtlebot3/turtlebot3/turtlebot3_bringup) by extensions ['ignore', 'ignore_ament_install']
[0.558s] Level 1:colcon.colcon_core.package_identification:_identify(src/turtlebot3/turtlebot3/turtlebot3_bringup) by extension 'ignore'
[0.558s] Level 1:colcon.colcon_core.package_identification:_identify(src/turtlebot3/turtlebot3/turtlebot3_bringup) by extension 'ignore_ament_install'
[0.559s] Level 1:colcon.colcon_core.package_identification:_identify(src/turtlebot3/turtlebot3/turtlebot3_bringup) by extensions ['colcon_pkg']
[0.559s] Level 1:colcon.colcon_core.package_identification:_identify(src/turtlebot3/turtlebot3/turtlebot3_bringup) by extension 'colcon_pkg'
[0.559s] Level 1:colcon.colcon_core.package_identification:_identify(src/turtlebot3/turtlebot3/turtlebot3_bringup) by extensions ['colcon_meta']
[0.559s] Level 1:colcon.colcon_core.package_identification:_identify(src/turtlebot3/turtlebot3/turtlebot3_bringup) by extension 'colcon_meta'
[0.559s] Level 1:colcon.colcon_core.package_identification:_identify(src/turtlebot3/turtlebot3/turtlebot3_bringup) by extensions ['ros']
[0.559s] Level 1:colcon.colcon_core.package_identification:_identify(src/turtlebot3/turtlebot3/turtlebot3_bringup) by extension 'ros'
[0.560s] DEBUG:colcon.colcon_core.package_identification:Package 'src/turtlebot3/turtlebot3/turtlebot3_bringup' with type 'ros.ament_cmake' and name 'turtlebot3_bringup'
[0.560s] Level 1:colcon.colcon_core.package_identification:_identify(src/turtlebot3/turtlebot3/turtlebot3_cartographer) by extensions ['ignore', 'ignore_ament_install']
[0.561s] Level 1:colcon.colcon_core.package_identification:_identify(src/turtlebot3/turtlebot3/turtlebot3_cartographer) by extension 'ignore'
[0.561s] Level 1:colcon.colcon_core.package_identification:_identify(src/turtlebot3/turtlebot3/turtlebot3_cartographer) by extension 'ignore_ament_install'
[0.561s] Level 1:colcon.colcon_core.package_identification:_identify(src/turtlebot3/turtlebot3/turtlebot3_cartographer) by extensions ['colcon_pkg']
[0.561s] Level 1:colcon.colcon_core.package_identification:_identify(src/turtlebot3/turtlebot3/turtlebot3_cartographer) by extension 'colcon_pkg'
[0.561s] Level 1:colcon.colcon_core.package_identification:_identify(src/turtlebot3/turtlebot3/turtlebot3_cartographer) by extensions ['colcon_meta']
[0.561s] Level 1:colcon.colcon_core.package_identification:_identify(src/turtlebot3/turtlebot3/turtlebot3_cartographer) by extension 'colcon_meta'
[0.561s] Level 1:colcon.colcon_core.package_identification:_identify(src/turtlebot3/turtlebot3/turtlebot3_cartographer) by extensions ['ros']
[0.561s] Level 1:colcon.colcon_core.package_identification:_identify(src/turtlebot3/turtlebot3/turtlebot3_cartographer) by extension 'ros'
[0.562s] DEBUG:colcon.colcon_core.package_identification:Package 'src/turtlebot3/turtlebot3/turtlebot3_cartographer' with type 'ros.ament_cmake' and name 'turtlebot3_cartographer'
[0.562s] Level 1:colcon.colcon_core.package_identification:_identify(src/turtlebot3/turtlebot3/turtlebot3_description) by extensions ['ignore', 'ignore_ament_install']
[0.562s] Level 1:colcon.colcon_core.package_identification:_identify(src/turtlebot3/turtlebot3/turtlebot3_description) by extension 'ignore'
[0.562s] Level 1:colcon.colcon_core.package_identification:_identify(src/turtlebot3/turtlebot3/turtlebot3_description) by extension 'ignore_ament_install'
[0.563s] Level 1:colcon.colcon_core.package_identification:_identify(src/turtlebot3/turtlebot3/turtlebot3_description) by extensions ['colcon_pkg']
[0.563s] Level 1:colcon.colcon_core.package_identification:_identify(src/turtlebot3/turtlebot3/turtlebot3_description) by extension 'colcon_pkg'
[0.563s] Level 1:colcon.colcon_core.package_identification:_identify(src/turtlebot3/turtlebot3/turtlebot3_description) by extensions ['colcon_meta']
[0.563s] Level 1:colcon.colcon_core.package_identification:_identify(src/turtlebot3/turtlebot3/turtlebot3_description) by extension 'colcon_meta'
[0.563s] Level 1:colcon.colcon_core.package_identification:_identify(src/turtlebot3/turtlebot3/turtlebot3_description) by extensions ['ros']
[0.563s] Level 1:colcon.colcon_core.package_identification:_identify(src/turtlebot3/turtlebot3/turtlebot3_description) by extension 'ros'
[0.564s] DEBUG:colcon.colcon_core.package_identification:Package 'src/turtlebot3/turtlebot3/turtlebot3_description' with type 'ros.ament_cmake' and name 'turtlebot3_description'
[0.564s] Level 1:colcon.colcon_core.package_identification:_identify(src/turtlebot3/turtlebot3/turtlebot3_example) by extensions ['ignore', 'ignore_ament_install']
[0.564s] Level 1:colcon.colcon_core.package_identification:_identify(src/turtlebot3/turtlebot3/turtlebot3_example) by extension 'ignore'
[0.565s] Level 1:colcon.colcon_core.package_identification:_identify(src/turtlebot3/turtlebot3/turtlebot3_example) by extension 'ignore_ament_install'
[0.565s] Level 1:colcon.colcon_core.package_identification:_identify(src/turtlebot3/turtlebot3/turtlebot3_example) by extensions ['colcon_pkg']
[0.565s] Level 1:colcon.colcon_core.package_identification:_identify(src/turtlebot3/turtlebot3/turtlebot3_example) by extension 'colcon_pkg'
[0.565s] Level 1:colcon.colcon_core.package_identification:_identify(src/turtlebot3/turtlebot3/turtlebot3_example) by extensions ['colcon_meta']
[0.565s] Level 1:colcon.colcon_core.package_identification:_identify(src/turtlebot3/turtlebot3/turtlebot3_example) by extension 'colcon_meta'
[0.565s] Level 1:colcon.colcon_core.package_identification:_identify(src/turtlebot3/turtlebot3/turtlebot3_example) by extensions ['ros']
[0.565s] Level 1:colcon.colcon_core.package_identification:_identify(src/turtlebot3/turtlebot3/turtlebot3_example) by extension 'ros'
[0.567s] DEBUG:colcon.colcon_core.package_identification:Package 'src/turtlebot3/turtlebot3/turtlebot3_example' with type 'ros.ament_python' and name 'turtlebot3_example'
[0.567s] Level 1:colcon.colcon_core.package_identification:_identify(src/turtlebot3/turtlebot3/turtlebot3_navigation2) by extensions ['ignore', 'ignore_ament_install']
[0.567s] Level 1:colcon.colcon_core.package_identification:_identify(src/turtlebot3/turtlebot3/turtlebot3_navigation2) by extension 'ignore'
[0.568s] Level 1:colcon.colcon_core.package_identification:_identify(src/turtlebot3/turtlebot3/turtlebot3_navigation2) by extension 'ignore_ament_install'
[0.568s] Level 1:colcon.colcon_core.package_identification:_identify(src/turtlebot3/turtlebot3/turtlebot3_navigation2) by extensions ['colcon_pkg']
[0.568s] Level 1:colcon.colcon_core.package_identification:_identify(src/turtlebot3/turtlebot3/turtlebot3_navigation2) by extension 'colcon_pkg'
[0.568s] Level 1:colcon.colcon_core.package_identification:_identify(src/turtlebot3/turtlebot3/turtlebot3_navigation2) by extensions ['colcon_meta']
[0.568s] Level 1:colcon.colcon_core.package_identification:_identify(src/turtlebot3/turtlebot3/turtlebot3_navigation2) by extension 'colcon_meta'
[0.568s] Level 1:colcon.colcon_core.package_identification:_identify(src/turtlebot3/turtlebot3/turtlebot3_navigation2) by extensions ['ros']
[0.568s] Level 1:colcon.colcon_core.package_identification:_identify(src/turtlebot3/turtlebot3/turtlebot3_navigation2) by extension 'ros'
[0.569s] DEBUG:colcon.colcon_core.package_identification:Package 'src/turtlebot3/turtlebot3/turtlebot3_navigation2' with type 'ros.ament_cmake' and name 'turtlebot3_navigation2'
[0.569s] Level 1:colcon.colcon_core.package_identification:_identify(src/turtlebot3/turtlebot3/turtlebot3_node) by extensions ['ignore', 'ignore_ament_install']
[0.569s] Level 1:colcon.colcon_core.package_identification:_identify(src/turtlebot3/turtlebot3/turtlebot3_node) by extension 'ignore'
[0.570s] Level 1:colcon.colcon_core.package_identification:_identify(src/turtlebot3/turtlebot3/turtlebot3_node) by extension 'ignore_ament_install'
[0.570s] Level 1:colcon.colcon_core.package_identification:_identify(src/turtlebot3/turtlebot3/turtlebot3_node) by extensions ['colcon_pkg']
[0.570s] Level 1:colcon.colcon_core.package_identification:_identify(src/turtlebot3/turtlebot3/turtlebot3_node) by extension 'colcon_pkg'
[0.570s] Level 1:colcon.colcon_core.package_identification:_identify(src/turtlebot3/turtlebot3/turtlebot3_node) by extensions ['colcon_meta']
[0.570s] Level 1:colcon.colcon_core.package_identification:_identify(src/turtlebot3/turtlebot3/turtlebot3_node) by extension 'colcon_meta'
[0.570s] Level 1:colcon.colcon_core.package_identification:_identify(src/turtlebot3/turtlebot3/turtlebot3_node) by extensions ['ros']
[0.570s] Level 1:colcon.colcon_core.package_identification:_identify(src/turtlebot3/turtlebot3/turtlebot3_node) by extension 'ros'
[0.573s] DEBUG:colcon.colcon_core.package_identification:Package 'src/turtlebot3/turtlebot3/turtlebot3_node' with type 'ros.ament_cmake' and name 'turtlebot3_node'
[0.573s] Level 1:colcon.colcon_core.package_identification:_identify(src/turtlebot3/turtlebot3/turtlebot3_teleop) by extensions ['ignore', 'ignore_ament_install']
[0.573s] Level 1:colcon.colcon_core.package_identification:_identify(src/turtlebot3/turtlebot3/turtlebot3_teleop) by extension 'ignore'
[0.573s] Level 1:colcon.colcon_core.package_identification:_identify(src/turtlebot3/turtlebot3/turtlebot3_teleop) by extension 'ignore_ament_install'
[0.573s] Level 1:colcon.colcon_core.package_identification:_identify(src/turtlebot3/turtlebot3/turtlebot3_teleop) by extensions ['colcon_pkg']
[0.573s] Level 1:colcon.colcon_core.package_identification:_identify(src/turtlebot3/turtlebot3/turtlebot3_teleop) by extension 'colcon_pkg'
[0.574s] Level 1:colcon.colcon_core.package_identification:_identify(src/turtlebot3/turtlebot3/turtlebot3_teleop) by extensions ['colcon_meta']
[0.574s] Level 1:colcon.colcon_core.package_identification:_identify(src/turtlebot3/turtlebot3/turtlebot3_teleop) by extension 'colcon_meta'
[0.574s] Level 1:colcon.colcon_core.package_identification:_identify(src/turtlebot3/turtlebot3/turtlebot3_teleop) by extensions ['ros']
[0.574s] Level 1:colcon.colcon_core.package_identification:_identify(src/turtlebot3/turtlebot3/turtlebot3_teleop) by extension 'ros'
[0.575s] DEBUG:colcon.colcon_core.package_identification:Package 'src/turtlebot3/turtlebot3/turtlebot3_teleop' with type 'ros.ament_python' and name 'turtlebot3_teleop'
[0.575s] Level 1:colcon.colcon_core.package_identification:_identify(src/turtlebot3/turtlebot3_msgs) by extensions ['ignore', 'ignore_ament_install']
[0.575s] Level 1:colcon.colcon_core.package_identification:_identify(src/turtlebot3/turtlebot3_msgs) by extension 'ignore'
[0.575s] Level 1:colcon.colcon_core.package_identification:_identify(src/turtlebot3/turtlebot3_msgs) by extension 'ignore_ament_install'
[0.575s] Level 1:colcon.colcon_core.package_identification:_identify(src/turtlebot3/turtlebot3_msgs) by extensions ['colcon_pkg']
[0.575s] Level 1:colcon.colcon_core.package_identification:_identify(src/turtlebot3/turtlebot3_msgs) by extension 'colcon_pkg'
[0.575s] Level 1:colcon.colcon_core.package_identification:_identify(src/turtlebot3/turtlebot3_msgs) by extensions ['colcon_meta']
[0.575s] Level 1:colcon.colcon_core.package_identification:_identify(src/turtlebot3/turtlebot3_msgs) by extension 'colcon_meta'
[0.576s] Level 1:colcon.colcon_core.package_identification:_identify(src/turtlebot3/turtlebot3_msgs) by extensions ['ros']
[0.576s] Level 1:colcon.colcon_core.package_identification:_identify(src/turtlebot3/turtlebot3_msgs) by extension 'ros'
[0.577s] DEBUG:colcon.colcon_core.package_identification:Package 'src/turtlebot3/turtlebot3_msgs' with type 'ros.ament_cmake' and name 'turtlebot3_msgs'
[0.577s] Level 1:colcon.colcon_core.package_identification:_identify(src/turtlebot3/turtlebot3_simulations) by extensions ['ignore', 'ignore_ament_install']
[0.577s] Level 1:colcon.colcon_core.package_identification:_identify(src/turtlebot3/turtlebot3_simulations) by extension 'ignore'
[0.577s] Level 1:colcon.colcon_core.package_identification:_identify(src/turtlebot3/turtlebot3_simulations) by extension 'ignore_ament_install'
[0.577s] Level 1:colcon.colcon_core.package_identification:_identify(src/turtlebot3/turtlebot3_simulations) by extensions ['colcon_pkg']
[0.577s] Level 1:colcon.colcon_core.package_identification:_identify(src/turtlebot3/turtlebot3_simulations) by extension 'colcon_pkg'
[0.577s] Level 1:colcon.colcon_core.package_identification:_identify(src/turtlebot3/turtlebot3_simulations) by extensions ['colcon_meta']
[0.578s] Level 1:colcon.colcon_core.package_identification:_identify(src/turtlebot3/turtlebot3_simulations) by extension 'colcon_meta'
[0.578s] Level 1:colcon.colcon_core.package_identification:_identify(src/turtlebot3/turtlebot3_simulations) by extensions ['ros']
[0.578s] Level 1:colcon.colcon_core.package_identification:_identify(src/turtlebot3/turtlebot3_simulations) by extension 'ros'
[0.578s] Level 1:colcon.colcon_core.package_identification:_identify(src/turtlebot3/turtlebot3_simulations) by extensions ['cmake', 'python']
[0.578s] Level 1:colcon.colcon_core.package_identification:_identify(src/turtlebot3/turtlebot3_simulations) by extension 'cmake'
[0.578s] Level 1:colcon.colcon_core.package_identification:_identify(src/turtlebot3/turtlebot3_simulations) by extension 'python'
[0.578s] Level 1:colcon.colcon_core.package_identification:_identify(src/turtlebot3/turtlebot3_simulations) by extensions ['python_setup_py']
[0.578s] Level 1:colcon.colcon_core.package_identification:_identify(src/turtlebot3/turtlebot3_simulations) by extension 'python_setup_py'
[0.578s] Level 1:colcon.colcon_core.package_identification:_identify(src/turtlebot3/turtlebot3_simulations/turtlebot3_fake_node) by extensions ['ignore', 'ignore_ament_install']
[0.578s] Level 1:colcon.colcon_core.package_identification:_identify(src/turtlebot3/turtlebot3_simulations/turtlebot3_fake_node) by extension 'ignore'
[0.579s] Level 1:colcon.colcon_core.package_identification:_identify(src/turtlebot3/turtlebot3_simulations/turtlebot3_fake_node) by extension 'ignore_ament_install'
[0.579s] Level 1:colcon.colcon_core.package_identification:_identify(src/turtlebot3/turtlebot3_simulations/turtlebot3_fake_node) by extensions ['colcon_pkg']
[0.579s] Level 1:colcon.colcon_core.package_identification:_identify(src/turtlebot3/turtlebot3_simulations/turtlebot3_fake_node) by extension 'colcon_pkg'
[0.579s] Level 1:colcon.colcon_core.package_identification:_identify(src/turtlebot3/turtlebot3_simulations/turtlebot3_fake_node) by extensions ['colcon_meta']
[0.579s] Level 1:colcon.colcon_core.package_identification:_identify(src/turtlebot3/turtlebot3_simulations/turtlebot3_fake_node) by extension 'colcon_meta'
[0.579s] Level 1:colcon.colcon_core.package_identification:_identify(src/turtlebot3/turtlebot3_simulations/turtlebot3_fake_node) by extensions ['ros']
[0.579s] Level 1:colcon.colcon_core.package_identification:_identify(src/turtlebot3/turtlebot3_simulations/turtlebot3_fake_node) by extension 'ros'
[0.581s] DEBUG:colcon.colcon_core.package_identification:Package 'src/turtlebot3/turtlebot3_simulations/turtlebot3_fake_node' with type 'ros.ament_cmake' and name 'turtlebot3_fake_node'
[0.581s] Level 1:colcon.colcon_core.package_identification:_identify(src/turtlebot3/turtlebot3_simulations/turtlebot3_gazebo) by extensions ['ignore', 'ignore_ament_install']
[0.581s] Level 1:colcon.colcon_core.package_identification:_identify(src/turtlebot3/turtlebot3_simulations/turtlebot3_gazebo) by extension 'ignore'
[0.581s] Level 1:colcon.colcon_core.package_identification:_identify(src/turtlebot3/turtlebot3_simulations/turtlebot3_gazebo) by extension 'ignore_ament_install'
[0.581s] Level 1:colcon.colcon_core.package_identification:_identify(src/turtlebot3/turtlebot3_simulations/turtlebot3_gazebo) by extensions ['colcon_pkg']
[0.581s] Level 1:colcon.colcon_core.package_identification:_identify(src/turtlebot3/turtlebot3_simulations/turtlebot3_gazebo) by extension 'colcon_pkg'
[0.582s] Level 1:colcon.colcon_core.package_identification:_identify(src/turtlebot3/turtlebot3_simulations/turtlebot3_gazebo) by extensions ['colcon_meta']
[0.582s] Level 1:colcon.colcon_core.package_identification:_identify(src/turtlebot3/turtlebot3_simulations/turtlebot3_gazebo) by extension 'colcon_meta'
[0.582s] Level 1:colcon.colcon_core.package_identification:_identify(src/turtlebot3/turtlebot3_simulations/turtlebot3_gazebo) by extensions ['ros']
[0.582s] Level 1:colcon.colcon_core.package_identification:_identify(src/turtlebot3/turtlebot3_simulations/turtlebot3_gazebo) by extension 'ros'
[0.585s] DEBUG:colcon.colcon_core.package_identification:Package 'src/turtlebot3/turtlebot3_simulations/turtlebot3_gazebo' with type 'ros.ament_cmake' and name 'turtlebot3_gazebo'
[0.586s] Level 1:colcon.colcon_core.package_identification:_identify(src/turtlebot3/turtlebot3_simulations/turtlebot3_simulations) by extensions ['ignore', 'ignore_ament_install']
[0.586s] Level 1:colcon.colcon_core.package_identification:_identify(src/turtlebot3/turtlebot3_simulations/turtlebot3_simulations) by extension 'ignore'
[0.586s] Level 1:colcon.colcon_core.package_identification:_identify(src/turtlebot3/turtlebot3_simulations/turtlebot3_simulations) by extension 'ignore_ament_install'
[0.586s] Level 1:colcon.colcon_core.package_identification:_identify(src/turtlebot3/turtlebot3_simulations/turtlebot3_simulations) by extensions ['colcon_pkg']
[0.586s] Level 1:colcon.colcon_core.package_identification:_identify(src/turtlebot3/turtlebot3_simulations/turtlebot3_simulations) by extension 'colcon_pkg'
[0.586s] Level 1:colcon.colcon_core.package_identification:_identify(src/turtlebot3/turtlebot3_simulations/turtlebot3_simulations) by extensions ['colcon_meta']
[0.586s] Level 1:colcon.colcon_core.package_identification:_identify(src/turtlebot3/turtlebot3_simulations/turtlebot3_simulations) by extension 'colcon_meta'
[0.586s] Level 1:colcon.colcon_core.package_identification:_identify(src/turtlebot3/turtlebot3_simulations/turtlebot3_simulations) by extensions ['ros']
[0.586s] Level 1:colcon.colcon_core.package_identification:_identify(src/turtlebot3/turtlebot3_simulations/turtlebot3_simulations) by extension 'ros'
[0.587s] DEBUG:colcon.colcon_core.package_identification:Package 'src/turtlebot3/turtlebot3_simulations/turtlebot3_simulations' with type 'ros.ament_cmake' and name 'turtlebot3_simulations'
[0.588s] Level 1:colcon.colcon_core.package_identification:_identify(src/utils) by extensions ['ignore', 'ignore_ament_install']
[0.588s] Level 1:colcon.colcon_core.package_identification:_identify(src/utils) by extension 'ignore'
[0.588s] Level 1:colcon.colcon_core.package_identification:_identify(src/utils) by extension 'ignore_ament_install'
[0.588s] Level 1:colcon.colcon_core.package_identification:_identify(src/utils) by extensions ['colcon_pkg']
[0.588s] Level 1:colcon.colcon_core.package_identification:_identify(src/utils) by extension 'colcon_pkg'
[0.588s] Level 1:colcon.colcon_core.package_identification:_identify(src/utils) by extensions ['colcon_meta']
[0.588s] Level 1:colcon.colcon_core.package_identification:_identify(src/utils) by extension 'colcon_meta'
[0.588s] Level 1:colcon.colcon_core.package_identification:_identify(src/utils) by extensions ['ros']
[0.588s] Level 1:colcon.colcon_core.package_identification:_identify(src/utils) by extension 'ros'
[0.588s] Level 1:colcon.colcon_core.package_identification:_identify(src/utils) by extensions ['cmake', 'python']
[0.588s] Level 1:colcon.colcon_core.package_identification:_identify(src/utils) by extension 'cmake'
[0.589s] Level 1:colcon.colcon_core.package_identification:_identify(src/utils) by extension 'python'
[0.589s] Level 1:colcon.colcon_core.package_identification:_identify(src/utils) by extensions ['python_setup_py']
[0.589s] Level 1:colcon.colcon_core.package_identification:_identify(src/utils) by extension 'python_setup_py'
[0.589s] Level 1:colcon.colcon_core.package_identification:_identify(src/utils/DynamixelSDK) by extensions ['ignore', 'ignore_ament_install']
[0.589s] Level 1:colcon.colcon_core.package_identification:_identify(src/utils/DynamixelSDK) by extension 'ignore'
[0.589s] Level 1:colcon.colcon_core.package_identification:_identify(src/utils/DynamixelSDK) by extension 'ignore_ament_install'
[0.589s] Level 1:colcon.colcon_core.package_identification:_identify(src/utils/DynamixelSDK) by extensions ['colcon_pkg']
[0.589s] Level 1:colcon.colcon_core.package_identification:_identify(src/utils/DynamixelSDK) by extension 'colcon_pkg'
[0.590s] Level 1:colcon.colcon_core.package_identification:_identify(src/utils/DynamixelSDK) by extensions ['colcon_meta']
[0.590s] Level 1:colcon.colcon_core.package_identification:_identify(src/utils/DynamixelSDK) by extension 'colcon_meta'
[0.590s] Level 1:colcon.colcon_core.package_identification:_identify(src/utils/DynamixelSDK) by extensions ['ros']
[0.590s] Level 1:colcon.colcon_core.package_identification:_identify(src/utils/DynamixelSDK) by extension 'ros'
[0.590s] Level 1:colcon.colcon_core.package_identification:_identify(src/utils/DynamixelSDK) by extensions ['cmake', 'python']
[0.590s] Level 1:colcon.colcon_core.package_identification:_identify(src/utils/DynamixelSDK) by extension 'cmake'
[0.590s] Level 1:colcon.colcon_core.package_identification:_identify(src/utils/DynamixelSDK) by extension 'python'
[0.590s] Level 1:colcon.colcon_core.package_identification:_identify(src/utils/DynamixelSDK) by extensions ['python_setup_py']
[0.590s] Level 1:colcon.colcon_core.package_identification:_identify(src/utils/DynamixelSDK) by extension 'python_setup_py'
[0.590s] Level 1:colcon.colcon_core.package_identification:_identify(src/utils/DynamixelSDK/dynamixel_sdk) by extensions ['ignore', 'ignore_ament_install']
[0.591s] Level 1:colcon.colcon_core.package_identification:_identify(src/utils/DynamixelSDK/dynamixel_sdk) by extension 'ignore'
[0.591s] Level 1:colcon.colcon_core.package_identification:_identify(src/utils/DynamixelSDK/dynamixel_sdk) by extension 'ignore_ament_install'
[0.591s] Level 1:colcon.colcon_core.package_identification:_identify(src/utils/DynamixelSDK/dynamixel_sdk) by extensions ['colcon_pkg']
[0.591s] Level 1:colcon.colcon_core.package_identification:_identify(src/utils/DynamixelSDK/dynamixel_sdk) by extension 'colcon_pkg'
[0.591s] Level 1:colcon.colcon_core.package_identification:_identify(src/utils/DynamixelSDK/dynamixel_sdk) by extensions ['colcon_meta']
[0.591s] Level 1:colcon.colcon_core.package_identification:_identify(src/utils/DynamixelSDK/dynamixel_sdk) by extension 'colcon_meta'
[0.591s] Level 1:colcon.colcon_core.package_identification:_identify(src/utils/DynamixelSDK/dynamixel_sdk) by extensions ['ros']
[0.591s] Level 1:colcon.colcon_core.package_identification:_identify(src/utils/DynamixelSDK/dynamixel_sdk) by extension 'ros'
[0.592s] DEBUG:colcon.colcon_core.package_identification:Package 'src/utils/DynamixelSDK/dynamixel_sdk' with type 'ros.ament_cmake' and name 'dynamixel_sdk'
[0.592s] Level 1:colcon.colcon_core.package_identification:_identify(src/utils/DynamixelSDK/dynamixel_sdk_custom_interfaces) by extensions ['ignore', 'ignore_ament_install']
[0.592s] Level 1:colcon.colcon_core.package_identification:_identify(src/utils/DynamixelSDK/dynamixel_sdk_custom_interfaces) by extension 'ignore'
[0.593s] Level 1:colcon.colcon_core.package_identification:_identify(src/utils/DynamixelSDK/dynamixel_sdk_custom_interfaces) by extension 'ignore_ament_install'
[0.593s] Level 1:colcon.colcon_core.package_identification:_identify(src/utils/DynamixelSDK/dynamixel_sdk_custom_interfaces) by extensions ['colcon_pkg']
[0.593s] Level 1:colcon.colcon_core.package_identification:_identify(src/utils/DynamixelSDK/dynamixel_sdk_custom_interfaces) by extension 'colcon_pkg'
[0.593s] Level 1:colcon.colcon_core.package_identification:_identify(src/utils/DynamixelSDK/dynamixel_sdk_custom_interfaces) by extensions ['colcon_meta']
[0.593s] Level 1:colcon.colcon_core.package_identification:_identify(src/utils/DynamixelSDK/dynamixel_sdk_custom_interfaces) by extension 'colcon_meta'
[0.593s] Level 1:colcon.colcon_core.package_identification:_identify(src/utils/DynamixelSDK/dynamixel_sdk_custom_interfaces) by extensions ['ros']
[0.593s] Level 1:colcon.colcon_core.package_identification:_identify(src/utils/DynamixelSDK/dynamixel_sdk_custom_interfaces) by extension 'ros'
[0.594s] DEBUG:colcon.colcon_core.package_identification:Package 'src/utils/DynamixelSDK/dynamixel_sdk_custom_interfaces' with type 'ros.ament_cmake' and name 'dynamixel_sdk_custom_interfaces'
[0.594s] Level 1:colcon.colcon_core.package_identification:_identify(src/utils/DynamixelSDK/dynamixel_sdk_examples) by extensions ['ignore', 'ignore_ament_install']
[0.594s] Level 1:colcon.colcon_core.package_identification:_identify(src/utils/DynamixelSDK/dynamixel_sdk_examples) by extension 'ignore'
[0.594s] Level 1:colcon.colcon_core.package_identification:_identify(src/utils/DynamixelSDK/dynamixel_sdk_examples) by extension 'ignore_ament_install'
[0.595s] Level 1:colcon.colcon_core.package_identification:_identify(src/utils/DynamixelSDK/dynamixel_sdk_examples) by extensions ['colcon_pkg']
[0.595s] Level 1:colcon.colcon_core.package_identification:_identify(src/utils/DynamixelSDK/dynamixel_sdk_examples) by extension 'colcon_pkg'
[0.595s] Level 1:colcon.colcon_core.package_identification:_identify(src/utils/DynamixelSDK/dynamixel_sdk_examples) by extensions ['colcon_meta']
[0.595s] Level 1:colcon.colcon_core.package_identification:_identify(src/utils/DynamixelSDK/dynamixel_sdk_examples) by extension 'colcon_meta'
[0.595s] Level 1:colcon.colcon_core.package_identification:_identify(src/utils/DynamixelSDK/dynamixel_sdk_examples) by extensions ['ros']
[0.595s] Level 1:colcon.colcon_core.package_identification:_identify(src/utils/DynamixelSDK/dynamixel_sdk_examples) by extension 'ros'
[0.596s] DEBUG:colcon.colcon_core.package_identification:Package 'src/utils/DynamixelSDK/dynamixel_sdk_examples' with type 'ros.ament_cmake' and name 'dynamixel_sdk_examples'
[0.596s] Level 1:colcon.colcon_core.package_identification:_identify(src/utils/hls_lfcd_lds_driver) by extensions ['ignore', 'ignore_ament_install']
[0.596s] Level 1:colcon.colcon_core.package_identification:_identify(src/utils/hls_lfcd_lds_driver) by extension 'ignore'
[0.597s] Level 1:colcon.colcon_core.package_identification:_identify(src/utils/hls_lfcd_lds_driver) by extension 'ignore_ament_install'
[0.597s] Level 1:colcon.colcon_core.package_identification:_identify(src/utils/hls_lfcd_lds_driver) by extensions ['colcon_pkg']
[0.597s] Level 1:colcon.colcon_core.package_identification:_identify(src/utils/hls_lfcd_lds_driver) by extension 'colcon_pkg'
[0.597s] Level 1:colcon.colcon_core.package_identification:_identify(src/utils/hls_lfcd_lds_driver) by extensions ['colcon_meta']
[0.597s] Level 1:colcon.colcon_core.package_identification:_identify(src/utils/hls_lfcd_lds_driver) by extension 'colcon_meta'
[0.597s] Level 1:colcon.colcon_core.package_identification:_identify(src/utils/hls_lfcd_lds_driver) by extensions ['ros']
[0.597s] Level 1:colcon.colcon_core.package_identification:_identify(src/utils/hls_lfcd_lds_driver) by extension 'ros'
[0.612s] DEBUG:colcon.colcon_core.package_identification:Package 'src/utils/hls_lfcd_lds_driver' with type 'ros.ament_cmake' and name 'hls_lfcd_lds_driver'
[0.612s] Level 1:colcon.colcon_core.package_discovery:discover_packages(recursive) using defaults
[0.612s] Level 1:colcon.colcon_core.package_discovery:discover_packages(ignore) discover
[0.613s] Level 1:colcon.colcon_core.package_discovery:discover_packages(ignore) using defaults
[0.613s] Level 1:colcon.colcon_core.package_discovery:discover_packages(path) discover
[0.613s] Level 1:colcon.colcon_core.package_discovery:discover_packages(path) using defaults
[0.660s] Level 1:colcon.colcon_core.package_discovery:discover_packages(prefix_path) check parameters
[0.660s] Level 1:colcon.colcon_core.package_discovery:discover_packages(prefix_path) discover
[0.665s] DEBUG:colcon.colcon_installed_package_information.package_discovery:Found 17 installed packages in /home/hassan/ros-tuts/patrol_ws/install
[0.666s] DEBUG:colcon.colcon_installed_package_information.package_discovery:Found 1 installed packages in /home/hassan/rosbot_ws/install
[0.669s] DEBUG:colcon.colcon_installed_package_information.package_discovery:Found 363 installed packages in /opt/ros/humble
[0.674s] Level 1:colcon.colcon_core.package_discovery:discover_packages(prefix_path) using defaults
[0.756s] Level 5:colcon.colcon_core.verb:set package 'dynamixel_sdk' build argument 'cmake_args' from command line to 'None'
[0.756s] Level 5:colcon.colcon_core.verb:set package 'dynamixel_sdk' build argument 'cmake_target' from command line to 'None'
[0.757s] Level 5:colcon.colcon_core.verb:set package 'dynamixel_sdk' build argument 'cmake_target_skip_unavailable' from command line to 'False'
[0.757s] Level 5:colcon.colcon_core.verb:set package 'dynamixel_sdk' build argument 'cmake_clean_cache' from command line to 'False'
[0.757s] Level 5:colcon.colcon_core.verb:set package 'dynamixel_sdk' build argument 'cmake_clean_first' from command line to 'False'
[0.757s] Level 5:colcon.colcon_core.verb:set package 'dynamixel_sdk' build argument 'cmake_force_configure' from command line to 'False'
[0.757s] Level 5:colcon.colcon_core.verb:set package 'dynamixel_sdk' build argument 'ament_cmake_args' from command line to 'None'
[0.757s] Level 5:colcon.colcon_core.verb:set package 'dynamixel_sdk' build argument 'catkin_cmake_args' from command line to 'None'
[0.757s] Level 5:colcon.colcon_core.verb:set package 'dynamixel_sdk' build argument 'catkin_skip_building_tests' from command line to 'False'
[0.757s] DEBUG:colcon.colcon_core.verb:Building package 'dynamixel_sdk' with the following arguments: {'ament_cmake_args': None, 'build_base': '/home/hassan/ros-tuts/patrol_ws/build/dynamixel_sdk', 'catkin_cmake_args': None, 'catkin_skip_building_tests': False, 'cmake_args': None, 'cmake_clean_cache': False, 'cmake_clean_first': False, 'cmake_force_configure': False, 'cmake_target': None, 'cmake_target_skip_unavailable': False, 'install_base': '/home/hassan/ros-tuts/patrol_ws/install/dynamixel_sdk', 'merge_install': False, 'path': '/home/hassan/ros-tuts/patrol_ws/src/utils/DynamixelSDK/dynamixel_sdk', 'symlink_install': True, 'test_result_base': None}
[0.758s] Level 5:colcon.colcon_core.verb:set package 'dynamixel_sdk_custom_interfaces' build argument 'cmake_args' from command line to 'None'
[0.758s] Level 5:colcon.colcon_core.verb:set package 'dynamixel_sdk_custom_interfaces' build argument 'cmake_target' from command line to 'None'
[0.758s] Level 5:colcon.colcon_core.verb:set package 'dynamixel_sdk_custom_interfaces' build argument 'cmake_target_skip_unavailable' from command line to 'False'
[0.758s] Level 5:colcon.colcon_core.verb:set package 'dynamixel_sdk_custom_interfaces' build argument 'cmake_clean_cache' from command line to 'False'
[0.758s] Level 5:colcon.colcon_core.verb:set package 'dynamixel_sdk_custom_interfaces' build argument 'cmake_clean_first' from command line to 'False'
[0.758s] Level 5:colcon.colcon_core.verb:set package 'dynamixel_sdk_custom_interfaces' build argument 'cmake_force_configure' from command line to 'False'
[0.758s] Level 5:colcon.colcon_core.verb:set package 'dynamixel_sdk_custom_interfaces' build argument 'ament_cmake_args' from command line to 'None'
[0.758s] Level 5:colcon.colcon_core.verb:set package 'dynamixel_sdk_custom_interfaces' build argument 'catkin_cmake_args' from command line to 'None'
[0.758s] Level 5:colcon.colcon_core.verb:set package 'dynamixel_sdk_custom_interfaces' build argument 'catkin_skip_building_tests' from command line to 'False'
[0.758s] DEBUG:colcon.colcon_core.verb:Building package 'dynamixel_sdk_custom_interfaces' with the following arguments: {'ament_cmake_args': None, 'build_base': '/home/hassan/ros-tuts/patrol_ws/build/dynamixel_sdk_custom_interfaces', 'catkin_cmake_args': None, 'catkin_skip_building_tests': False, 'cmake_args': None, 'cmake_clean_cache': False, 'cmake_clean_first': False, 'cmake_force_configure': False, 'cmake_target': None, 'cmake_target_skip_unavailable': False, 'install_base': '/home/hassan/ros-tuts/patrol_ws/install/dynamixel_sdk_custom_interfaces', 'merge_install': False, 'path': '/home/hassan/ros-tuts/patrol_ws/src/utils/DynamixelSDK/dynamixel_sdk_custom_interfaces', 'symlink_install': True, 'test_result_base': None}
[0.759s] Level 5:colcon.colcon_core.verb:set package 'hls_lfcd_lds_driver' build argument 'cmake_args' from command line to 'None'
[0.759s] Level 5:colcon.colcon_core.verb:set package 'hls_lfcd_lds_driver' build argument 'cmake_target' from command line to 'None'
[0.759s] Level 5:colcon.colcon_core.verb:set package 'hls_lfcd_lds_driver' build argument 'cmake_target_skip_unavailable' from command line to 'False'
[0.759s] Level 5:colcon.colcon_core.verb:set package 'hls_lfcd_lds_driver' build argument 'cmake_clean_cache' from command line to 'False'
[0.759s] Level 5:colcon.colcon_core.verb:set package 'hls_lfcd_lds_driver' build argument 'cmake_clean_first' from command line to 'False'
[0.759s] Level 5:colcon.colcon_core.verb:set package 'hls_lfcd_lds_driver' build argument 'cmake_force_configure' from command line to 'False'
[0.759s] Level 5:colcon.colcon_core.verb:set package 'hls_lfcd_lds_driver' build argument 'ament_cmake_args' from command line to 'None'
[0.759s] Level 5:colcon.colcon_core.verb:set package 'hls_lfcd_lds_driver' build argument 'catkin_cmake_args' from command line to 'None'
[0.759s] Level 5:colcon.colcon_core.verb:set package 'hls_lfcd_lds_driver' build argument 'catkin_skip_building_tests' from command line to 'False'
[0.759s] DEBUG:colcon.colcon_core.verb:Building package 'hls_lfcd_lds_driver' with the following arguments: {'ament_cmake_args': None, 'build_base': '/home/hassan/ros-tuts/patrol_ws/build/hls_lfcd_lds_driver', 'catkin_cmake_args': None, 'catkin_skip_building_tests': False, 'cmake_args': None, 'cmake_clean_cache': False, 'cmake_clean_first': False, 'cmake_force_configure': False, 'cmake_target': None, 'cmake_target_skip_unavailable': False, 'install_base': '/home/hassan/ros-tuts/patrol_ws/install/hls_lfcd_lds_driver', 'merge_install': False, 'path': '/home/hassan/ros-tuts/patrol_ws/src/utils/hls_lfcd_lds_driver', 'symlink_install': True, 'test_result_base': None}
[0.760s] Level 5:colcon.colcon_core.verb:set package 'tb3_sim' build argument 'cmake_args' from command line to 'None'
[0.760s] Level 5:colcon.colcon_core.verb:set package 'tb3_sim' build argument 'cmake_target' from command line to 'None'
[0.760s] Level 5:colcon.colcon_core.verb:set package 'tb3_sim' build argument 'cmake_target_skip_unavailable' from command line to 'False'
[0.760s] Level 5:colcon.colcon_core.verb:set package 'tb3_sim' build argument 'cmake_clean_cache' from command line to 'False'
[0.760s] Level 5:colcon.colcon_core.verb:set package 'tb3_sim' build argument 'cmake_clean_first' from command line to 'False'
[0.760s] Level 5:colcon.colcon_core.verb:set package 'tb3_sim' build argument 'cmake_force_configure' from command line to 'False'
[0.760s] Level 5:colcon.colcon_core.verb:set package 'tb3_sim' build argument 'ament_cmake_args' from command line to 'None'
[0.760s] Level 5:colcon.colcon_core.verb:set package 'tb3_sim' build argument 'catkin_cmake_args' from command line to 'None'
[0.760s] Level 5:colcon.colcon_core.verb:set package 'tb3_sim' build argument 'catkin_skip_building_tests' from command line to 'False'
[0.760s] DEBUG:colcon.colcon_core.verb:Building package 'tb3_sim' with the following arguments: {'ament_cmake_args': None, 'build_base': '/home/hassan/ros-tuts/patrol_ws/build/tb3_sim', 'catkin_cmake_args': None, 'catkin_skip_building_tests': False, 'cmake_args': None, 'cmake_clean_cache': False, 'cmake_clean_first': False, 'cmake_force_configure': False, 'cmake_target': None, 'cmake_target_skip_unavailable': False, 'install_base': '/home/hassan/ros-tuts/patrol_ws/install/tb3_sim', 'merge_install': False, 'path': '/home/hassan/ros-tuts/patrol_ws/src/tb3_sim', 'symlink_install': True, 'test_result_base': None}
[0.761s] Level 5:colcon.colcon_core.verb:set package 'turtlebot3_cartographer' build argument 'cmake_args' from command line to 'None'
[0.761s] Level 5:colcon.colcon_core.verb:set package 'turtlebot3_cartographer' build argument 'cmake_target' from command line to 'None'
[0.761s] Level 5:colcon.colcon_core.verb:set package 'turtlebot3_cartographer' build argument 'cmake_target_skip_unavailable' from command line to 'False'
[0.761s] Level 5:colcon.colcon_core.verb:set package 'turtlebot3_cartographer' build argument 'cmake_clean_cache' from command line to 'False'
[0.761s] Level 5:colcon.colcon_core.verb:set package 'turtlebot3_cartographer' build argument 'cmake_clean_first' from command line to 'False'
[0.761s] Level 5:colcon.colcon_core.verb:set package 'turtlebot3_cartographer' build argument 'cmake_force_configure' from command line to 'False'
[0.761s] Level 5:colcon.colcon_core.verb:set package 'turtlebot3_cartographer' build argument 'ament_cmake_args' from command line to 'None'
[0.761s] Level 5:colcon.colcon_core.verb:set package 'turtlebot3_cartographer' build argument 'catkin_cmake_args' from command line to 'None'
[0.761s] Level 5:colcon.colcon_core.verb:set package 'turtlebot3_cartographer' build argument 'catkin_skip_building_tests' from command line to 'False'
[0.761s] DEBUG:colcon.colcon_core.verb:Building package 'turtlebot3_cartographer' with the following arguments: {'ament_cmake_args': None, 'build_base': '/home/hassan/ros-tuts/patrol_ws/build/turtlebot3_cartographer', 'catkin_cmake_args': None, 'catkin_skip_building_tests': False, 'cmake_args': None, 'cmake_clean_cache': False, 'cmake_clean_first': False, 'cmake_force_configure': False, 'cmake_target': None, 'cmake_target_skip_unavailable': False, 'install_base': '/home/hassan/ros-tuts/patrol_ws/install/turtlebot3_cartographer', 'merge_install': False, 'path': '/home/hassan/ros-tuts/patrol_ws/src/turtlebot3/turtlebot3/turtlebot3_cartographer', 'symlink_install': True, 'test_result_base': None}
[0.762s] Level 5:colcon.colcon_core.verb:set package 'turtlebot3_description' build argument 'cmake_args' from command line to 'None'
[0.762s] Level 5:colcon.colcon_core.verb:set package 'turtlebot3_description' build argument 'cmake_target' from command line to 'None'
[0.762s] Level 5:colcon.colcon_core.verb:set package 'turtlebot3_description' build argument 'cmake_target_skip_unavailable' from command line to 'False'
[0.762s] Level 5:colcon.colcon_core.verb:set package 'turtlebot3_description' build argument 'cmake_clean_cache' from command line to 'False'
[0.762s] Level 5:colcon.colcon_core.verb:set package 'turtlebot3_description' build argument 'cmake_clean_first' from command line to 'False'
[0.762s] Level 5:colcon.colcon_core.verb:set package 'turtlebot3_description' build argument 'cmake_force_configure' from command line to 'False'
[0.762s] Level 5:colcon.colcon_core.verb:set package 'turtlebot3_description' build argument 'ament_cmake_args' from command line to 'None'
[0.762s] Level 5:colcon.colcon_core.verb:set package 'turtlebot3_description' build argument 'catkin_cmake_args' from command line to 'None'
[0.762s] Level 5:colcon.colcon_core.verb:set package 'turtlebot3_description' build argument 'catkin_skip_building_tests' from command line to 'False'
[0.762s] DEBUG:colcon.colcon_core.verb:Building package 'turtlebot3_description' with the following arguments: {'ament_cmake_args': None, 'build_base': '/home/hassan/ros-tuts/patrol_ws/build/turtlebot3_description', 'catkin_cmake_args': None, 'catkin_skip_building_tests': False, 'cmake_args': None, 'cmake_clean_cache': False, 'cmake_clean_first': False, 'cmake_force_configure': False, 'cmake_target': None, 'cmake_target_skip_unavailable': False, 'install_base': '/home/hassan/ros-tuts/patrol_ws/install/turtlebot3_description', 'merge_install': False, 'path': '/home/hassan/ros-tuts/patrol_ws/src/turtlebot3/turtlebot3/turtlebot3_description', 'symlink_install': True, 'test_result_base': None}
[0.763s] Level 5:colcon.colcon_core.verb:set package 'turtlebot3_gazebo' build argument 'cmake_args' from command line to 'None'
[0.763s] Level 5:colcon.colcon_core.verb:set package 'turtlebot3_gazebo' build argument 'cmake_target' from command line to 'None'
[0.763s] Level 5:colcon.colcon_core.verb:set package 'turtlebot3_gazebo' build argument 'cmake_target_skip_unavailable' from command line to 'False'
[0.763s] Level 5:colcon.colcon_core.verb:set package 'turtlebot3_gazebo' build argument 'cmake_clean_cache' from command line to 'False'
[0.763s] Level 5:colcon.colcon_core.verb:set package 'turtlebot3_gazebo' build argument 'cmake_clean_first' from command line to 'False'
[0.763s] Level 5:colcon.colcon_core.verb:set package 'turtlebot3_gazebo' build argument 'cmake_force_configure' from command line to 'False'
[0.763s] Level 5:colcon.colcon_core.verb:set package 'turtlebot3_gazebo' build argument 'ament_cmake_args' from command line to 'None'
[0.763s] Level 5:colcon.colcon_core.verb:set package 'turtlebot3_gazebo' build argument 'catkin_cmake_args' from command line to 'None'
[0.763s] Level 5:colcon.colcon_core.verb:set package 'turtlebot3_gazebo' build argument 'catkin_skip_building_tests' from command line to 'False'
[0.763s] DEBUG:colcon.colcon_core.verb:Building package 'turtlebot3_gazebo' with the following arguments: {'ament_cmake_args': None, 'build_base': '/home/hassan/ros-tuts/patrol_ws/build/turtlebot3_gazebo', 'catkin_cmake_args': None, 'catkin_skip_building_tests': False, 'cmake_args': None, 'cmake_clean_cache': False, 'cmake_clean_first': False, 'cmake_force_configure': False, 'cmake_target': None, 'cmake_target_skip_unavailable': False, 'install_base': '/home/hassan/ros-tuts/patrol_ws/install/turtlebot3_gazebo', 'merge_install': False, 'path': '/home/hassan/ros-tuts/patrol_ws/src/turtlebot3/turtlebot3_simulations/turtlebot3_gazebo', 'symlink_install': True, 'test_result_base': None}
[0.764s] Level 5:colcon.colcon_core.verb:set package 'turtlebot3_msgs' build argument 'cmake_args' from command line to 'None'
[0.764s] Level 5:colcon.colcon_core.verb:set package 'turtlebot3_msgs' build argument 'cmake_target' from command line to 'None'
[0.764s] Level 5:colcon.colcon_core.verb:set package 'turtlebot3_msgs' build argument 'cmake_target_skip_unavailable' from command line to 'False'
[0.764s] Level 5:colcon.colcon_core.verb:set package 'turtlebot3_msgs' build argument 'cmake_clean_cache' from command line to 'False'
[0.764s] Level 5:colcon.colcon_core.verb:set package 'turtlebot3_msgs' build argument 'cmake_clean_first' from command line to 'False'
[0.764s] Level 5:colcon.colcon_core.verb:set package 'turtlebot3_msgs' build argument 'cmake_force_configure' from command line to 'False'
[0.764s] Level 5:colcon.colcon_core.verb:set package 'turtlebot3_msgs' build argument 'ament_cmake_args' from command line to 'None'
[0.764s] Level 5:colcon.colcon_core.verb:set package 'turtlebot3_msgs' build argument 'catkin_cmake_args' from command line to 'None'
[0.764s] Level 5:colcon.colcon_core.verb:set package 'turtlebot3_msgs' build argument 'catkin_skip_building_tests' from command line to 'False'
[0.764s] DEBUG:colcon.colcon_core.verb:Building package 'turtlebot3_msgs' with the following arguments: {'ament_cmake_args': None, 'build_base': '/home/hassan/ros-tuts/patrol_ws/build/turtlebot3_msgs', 'catkin_cmake_args': None, 'catkin_skip_building_tests': False, 'cmake_args': None, 'cmake_clean_cache': False, 'cmake_clean_first': False, 'cmake_force_configure': False, 'cmake_target': None, 'cmake_target_skip_unavailable': False, 'install_base': '/home/hassan/ros-tuts/patrol_ws/install/turtlebot3_msgs', 'merge_install': False, 'path': '/home/hassan/ros-tuts/patrol_ws/src/turtlebot3/turtlebot3_msgs', 'symlink_install': True, 'test_result_base': None}
[0.765s] Level 5:colcon.colcon_core.verb:set package 'turtlebot3_navigation2' build argument 'cmake_args' from command line to 'None'
[0.765s] Level 5:colcon.colcon_core.verb:set package 'turtlebot3_navigation2' build argument 'cmake_target' from command line to 'None'
[0.765s] Level 5:colcon.colcon_core.verb:set package 'turtlebot3_navigation2' build argument 'cmake_target_skip_unavailable' from command line to 'False'
[0.765s] Level 5:colcon.colcon_core.verb:set package 'turtlebot3_navigation2' build argument 'cmake_clean_cache' from command line to 'False'
[0.765s] Level 5:colcon.colcon_core.verb:set package 'turtlebot3_navigation2' build argument 'cmake_clean_first' from command line to 'False'
[0.765s] Level 5:colcon.colcon_core.verb:set package 'turtlebot3_navigation2' build argument 'cmake_force_configure' from command line to 'False'
[0.765s] Level 5:colcon.colcon_core.verb:set package 'turtlebot3_navigation2' build argument 'ament_cmake_args' from command line to 'None'
[0.765s] Level 5:colcon.colcon_core.verb:set package 'turtlebot3_navigation2' build argument 'catkin_cmake_args' from command line to 'None'
[0.765s] Level 5:colcon.colcon_core.verb:set package 'turtlebot3_navigation2' build argument 'catkin_skip_building_tests' from command line to 'False'
[0.765s] DEBUG:colcon.colcon_core.verb:Building package 'turtlebot3_navigation2' with the following arguments: {'ament_cmake_args': None, 'build_base': '/home/hassan/ros-tuts/patrol_ws/build/turtlebot3_navigation2', 'catkin_cmake_args': None, 'catkin_skip_building_tests': False, 'cmake_args': None, 'cmake_clean_cache': False, 'cmake_clean_first': False, 'cmake_force_configure': False, 'cmake_target': None, 'cmake_target_skip_unavailable': False, 'install_base': '/home/hassan/ros-tuts/patrol_ws/install/turtlebot3_navigation2', 'merge_install': False, 'path': '/home/hassan/ros-tuts/patrol_ws/src/turtlebot3/turtlebot3/turtlebot3_navigation2', 'symlink_install': True, 'test_result_base': None}
[0.766s] Level 5:colcon.colcon_core.verb:set package 'turtlebot3_teleop' build argument 'cmake_args' from command line to 'None'
[0.766s] Level 5:colcon.colcon_core.verb:set package 'turtlebot3_teleop' build argument 'cmake_target' from command line to 'None'
[0.766s] Level 5:colcon.colcon_core.verb:set package 'turtlebot3_teleop' build argument 'cmake_target_skip_unavailable' from command line to 'False'
[0.766s] Level 5:colcon.colcon_core.verb:set package 'turtlebot3_teleop' build argument 'cmake_clean_cache' from command line to 'False'
[0.766s] Level 5:colcon.colcon_core.verb:set package 'turtlebot3_teleop' build argument 'cmake_clean_first' from command line to 'False'
[0.766s] Level 5:colcon.colcon_core.verb:set package 'turtlebot3_teleop' build argument 'cmake_force_configure' from command line to 'False'
[0.766s] Level 5:colcon.colcon_core.verb:set package 'turtlebot3_teleop' build argument 'ament_cmake_args' from command line to 'None'
[0.766s] Level 5:colcon.colcon_core.verb:set package 'turtlebot3_teleop' build argument 'catkin_cmake_args' from command line to 'None'
[0.766s] Level 5:colcon.colcon_core.verb:set package 'turtlebot3_teleop' build argument 'catkin_skip_building_tests' from command line to 'False'
[0.766s] DEBUG:colcon.colcon_core.verb:Building package 'turtlebot3_teleop' with the following arguments: {'ament_cmake_args': None, 'build_base': '/home/hassan/ros-tuts/patrol_ws/build/turtlebot3_teleop', 'catkin_cmake_args': None, 'catkin_skip_building_tests': False, 'cmake_args': None, 'cmake_clean_cache': False, 'cmake_clean_first': False, 'cmake_force_configure': False, 'cmake_target': None, 'cmake_target_skip_unavailable': False, 'install_base': '/home/hassan/ros-tuts/patrol_ws/install/turtlebot3_teleop', 'merge_install': False, 'path': '/home/hassan/ros-tuts/patrol_ws/src/turtlebot3/turtlebot3/turtlebot3_teleop', 'symlink_install': True, 'test_result_base': None}
[0.767s] Level 5:colcon.colcon_core.verb:set package 'dynamixel_sdk_examples' build argument 'cmake_args' from command line to 'None'
[0.767s] Level 5:colcon.colcon_core.verb:set package 'dynamixel_sdk_examples' build argument 'cmake_target' from command line to 'None'
[0.767s] Level 5:colcon.colcon_core.verb:set package 'dynamixel_sdk_examples' build argument 'cmake_target_skip_unavailable' from command line to 'False'
[0.767s] Level 5:colcon.colcon_core.verb:set package 'dynamixel_sdk_examples' build argument 'cmake_clean_cache' from command line to 'False'
[0.767s] Level 5:colcon.colcon_core.verb:set package 'dynamixel_sdk_examples' build argument 'cmake_clean_first' from command line to 'False'
[0.767s] Level 5:colcon.colcon_core.verb:set package 'dynamixel_sdk_examples' build argument 'cmake_force_configure' from command line to 'False'
[0.767s] Level 5:colcon.colcon_core.verb:set package 'dynamixel_sdk_examples' build argument 'ament_cmake_args' from command line to 'None'
[0.767s] Level 5:colcon.colcon_core.verb:set package 'dynamixel_sdk_examples' build argument 'catkin_cmake_args' from command line to 'None'
[0.767s] Level 5:colcon.colcon_core.verb:set package 'dynamixel_sdk_examples' build argument 'catkin_skip_building_tests' from command line to 'False'
[0.767s] DEBUG:colcon.colcon_core.verb:Building package 'dynamixel_sdk_examples' with the following arguments: {'ament_cmake_args': None, 'build_base': '/home/hassan/ros-tuts/patrol_ws/build/dynamixel_sdk_examples', 'catkin_cmake_args': None, 'catkin_skip_building_tests': False, 'cmake_args': None, 'cmake_clean_cache': False, 'cmake_clean_first': False, 'cmake_force_configure': False, 'cmake_target': None, 'cmake_target_skip_unavailable': False, 'install_base': '/home/hassan/ros-tuts/patrol_ws/install/dynamixel_sdk_examples', 'merge_install': False, 'path': '/home/hassan/ros-tuts/patrol_ws/src/utils/DynamixelSDK/dynamixel_sdk_examples', 'symlink_install': True, 'test_result_base': None}
[0.768s] Level 5:colcon.colcon_core.verb:set package 'turtlebot3_example' build argument 'cmake_args' from command line to 'None'
[0.768s] Level 5:colcon.colcon_core.verb:set package 'turtlebot3_example' build argument 'cmake_target' from command line to 'None'
[0.768s] Level 5:colcon.colcon_core.verb:set package 'turtlebot3_example' build argument 'cmake_target_skip_unavailable' from command line to 'False'
[0.768s] Level 5:colcon.colcon_core.verb:set package 'turtlebot3_example' build argument 'cmake_clean_cache' from command line to 'False'
[0.768s] Level 5:colcon.colcon_core.verb:set package 'turtlebot3_example' build argument 'cmake_clean_first' from command line to 'False'
[0.768s] Level 5:colcon.colcon_core.verb:set package 'turtlebot3_example' build argument 'cmake_force_configure' from command line to 'False'
[0.768s] Level 5:colcon.colcon_core.verb:set package 'turtlebot3_example' build argument 'ament_cmake_args' from command line to 'None'
[0.768s] Level 5:colcon.colcon_core.verb:set package 'turtlebot3_example' build argument 'catkin_cmake_args' from command line to 'None'
[0.768s] Level 5:colcon.colcon_core.verb:set package 'turtlebot3_example' build argument 'catkin_skip_building_tests' from command line to 'False'
[0.768s] DEBUG:colcon.colcon_core.verb:Building package 'turtlebot3_example' with the following arguments: {'ament_cmake_args': None, 'build_base': '/home/hassan/ros-tuts/patrol_ws/build/turtlebot3_example', 'catkin_cmake_args': None, 'catkin_skip_building_tests': False, 'cmake_args': None, 'cmake_clean_cache': False, 'cmake_clean_first': False, 'cmake_force_configure': False, 'cmake_target': None, 'cmake_target_skip_unavailable': False, 'install_base': '/home/hassan/ros-tuts/patrol_ws/install/turtlebot3_example', 'merge_install': False, 'path': '/home/hassan/ros-tuts/patrol_ws/src/turtlebot3/turtlebot3/turtlebot3_example', 'symlink_install': True, 'test_result_base': None}
[0.769s] Level 5:colcon.colcon_core.verb:set package 'turtlebot3_fake_node' build argument 'cmake_args' from command line to 'None'
[0.769s] Level 5:colcon.colcon_core.verb:set package 'turtlebot3_fake_node' build argument 'cmake_target' from command line to 'None'
[0.769s] Level 5:colcon.colcon_core.verb:set package 'turtlebot3_fake_node' build argument 'cmake_target_skip_unavailable' from command line to 'False'
[0.769s] Level 5:colcon.colcon_core.verb:set package 'turtlebot3_fake_node' build argument 'cmake_clean_cache' from command line to 'False'
[0.769s] Level 5:colcon.colcon_core.verb:set package 'turtlebot3_fake_node' build argument 'cmake_clean_first' from command line to 'False'
[0.769s] Level 5:colcon.colcon_core.verb:set package 'turtlebot3_fake_node' build argument 'cmake_force_configure' from command line to 'False'
[0.769s] Level 5:colcon.colcon_core.verb:set package 'turtlebot3_fake_node' build argument 'ament_cmake_args' from command line to 'None'
[0.769s] Level 5:colcon.colcon_core.verb:set package 'turtlebot3_fake_node' build argument 'catkin_cmake_args' from command line to 'None'
[0.769s] Level 5:colcon.colcon_core.verb:set package 'turtlebot3_fake_node' build argument 'catkin_skip_building_tests' from command line to 'False'
[0.769s] DEBUG:colcon.colcon_core.verb:Building package 'turtlebot3_fake_node' with the following arguments: {'ament_cmake_args': None, 'build_base': '/home/hassan/ros-tuts/patrol_ws/build/turtlebot3_fake_node', 'catkin_cmake_args': None, 'catkin_skip_building_tests': False, 'cmake_args': None, 'cmake_clean_cache': False, 'cmake_clean_first': False, 'cmake_force_configure': False, 'cmake_target': None, 'cmake_target_skip_unavailable': False, 'install_base': '/home/hassan/ros-tuts/patrol_ws/install/turtlebot3_fake_node', 'merge_install': False, 'path': '/home/hassan/ros-tuts/patrol_ws/src/turtlebot3/turtlebot3_simulations/turtlebot3_fake_node', 'symlink_install': True, 'test_result_base': None}
[0.770s] Level 5:colcon.colcon_core.verb:set package 'turtlebot3_node' build argument 'cmake_args' from command line to 'None'
[0.770s] Level 5:colcon.colcon_core.verb:set package 'turtlebot3_node' build argument 'cmake_target' from command line to 'None'
[0.770s] Level 5:colcon.colcon_core.verb:set package 'turtlebot3_node' build argument 'cmake_target_skip_unavailable' from command line to 'False'
[0.770s] Level 5:colcon.colcon_core.verb:set package 'turtlebot3_node' build argument 'cmake_clean_cache' from command line to 'False'
[0.770s] Level 5:colcon.colcon_core.verb:set package 'turtlebot3_node' build argument 'cmake_clean_first' from command line to 'False'
[0.770s] Level 5:colcon.colcon_core.verb:set package 'turtlebot3_node' build argument 'cmake_force_configure' from command line to 'False'
[0.770s] Level 5:colcon.colcon_core.verb:set package 'turtlebot3_node' build argument 'ament_cmake_args' from command line to 'None'
[0.770s] Level 5:colcon.colcon_core.verb:set package 'turtlebot3_node' build argument 'catkin_cmake_args' from command line to 'None'
[0.770s] Level 5:colcon.colcon_core.verb:set package 'turtlebot3_node' build argument 'catkin_skip_building_tests' from command line to 'False'
[0.770s] DEBUG:colcon.colcon_core.verb:Building package 'turtlebot3_node' with the following arguments: {'ament_cmake_args': None, 'build_base': '/home/hassan/ros-tuts/patrol_ws/build/turtlebot3_node', 'catkin_cmake_args': None, 'catkin_skip_building_tests': False, 'cmake_args': None, 'cmake_clean_cache': False, 'cmake_clean_first': False, 'cmake_force_configure': False, 'cmake_target': None, 'cmake_target_skip_unavailable': False, 'install_base': '/home/hassan/ros-tuts/patrol_ws/install/turtlebot3_node', 'merge_install': False, 'path': '/home/hassan/ros-tuts/patrol_ws/src/turtlebot3/turtlebot3/turtlebot3_node', 'symlink_install': True, 'test_result_base': None}
[0.771s] Level 5:colcon.colcon_core.verb:set package 'turtlebot3_bringup' build argument 'cmake_args' from command line to 'None'
[0.771s] Level 5:colcon.colcon_core.verb:set package 'turtlebot3_bringup' build argument 'cmake_target' from command line to 'None'
[0.771s] Level 5:colcon.colcon_core.verb:set package 'turtlebot3_bringup' build argument 'cmake_target_skip_unavailable' from command line to 'False'
[0.771s] Level 5:colcon.colcon_core.verb:set package 'turtlebot3_bringup' build argument 'cmake_clean_cache' from command line to 'False'
[0.771s] Level 5:colcon.colcon_core.verb:set package 'turtlebot3_bringup' build argument 'cmake_clean_first' from command line to 'False'
[0.771s] Level 5:colcon.colcon_core.verb:set package 'turtlebot3_bringup' build argument 'cmake_force_configure' from command line to 'False'
[0.771s] Level 5:colcon.colcon_core.verb:set package 'turtlebot3_bringup' build argument 'ament_cmake_args' from command line to 'None'
[0.771s] Level 5:colcon.colcon_core.verb:set package 'turtlebot3_bringup' build argument 'catkin_cmake_args' from command line to 'None'
[0.771s] Level 5:colcon.colcon_core.verb:set package 'turtlebot3_bringup' build argument 'catkin_skip_building_tests' from command line to 'False'
[0.771s] DEBUG:colcon.colcon_core.verb:Building package 'turtlebot3_bringup' with the following arguments: {'ament_cmake_args': None, 'build_base': '/home/hassan/ros-tuts/patrol_ws/build/turtlebot3_bringup', 'catkin_cmake_args': None, 'catkin_skip_building_tests': False, 'cmake_args': None, 'cmake_clean_cache': False, 'cmake_clean_first': False, 'cmake_force_configure': False, 'cmake_target': None, 'cmake_target_skip_unavailable': False, 'install_base': '/home/hassan/ros-tuts/patrol_ws/install/turtlebot3_bringup', 'merge_install': False, 'path': '/home/hassan/ros-tuts/patrol_ws/src/turtlebot3/turtlebot3/turtlebot3_bringup', 'symlink_install': True, 'test_result_base': None}
[0.772s] Level 5:colcon.colcon_core.verb:set package 'turtlebot3_simulations' build argument 'cmake_args' from command line to 'None'
[0.772s] Level 5:colcon.colcon_core.verb:set package 'turtlebot3_simulations' build argument 'cmake_target' from command line to 'None'
[0.772s] Level 5:colcon.colcon_core.verb:set package 'turtlebot3_simulations' build argument 'cmake_target_skip_unavailable' from command line to 'False'
[0.772s] Level 5:colcon.colcon_core.verb:set package 'turtlebot3_simulations' build argument 'cmake_clean_cache' from command line to 'False'
[0.772s] Level 5:colcon.colcon_core.verb:set package 'turtlebot3_simulations' build argument 'cmake_clean_first' from command line to 'False'
[0.772s] Level 5:colcon.colcon_core.verb:set package 'turtlebot3_simulations' build argument 'cmake_force_configure' from command line to 'False'
[0.772s] Level 5:colcon.colcon_core.verb:set package 'turtlebot3_simulations' build argument 'ament_cmake_args' from command line to 'None'
[0.772s] Level 5:colcon.colcon_core.verb:set package 'turtlebot3_simulations' build argument 'catkin_cmake_args' from command line to 'None'
[0.772s] Level 5:colcon.colcon_core.verb:set package 'turtlebot3_simulations' build argument 'catkin_skip_building_tests' from command line to 'False'
[0.772s] DEBUG:colcon.colcon_core.verb:Building package 'turtlebot3_simulations' with the following arguments: {'ament_cmake_args': None, 'build_base': '/home/hassan/ros-tuts/patrol_ws/build/turtlebot3_simulations', 'catkin_cmake_args': None, 'catkin_skip_building_tests': False, 'cmake_args': None, 'cmake_clean_cache': False, 'cmake_clean_first': False, 'cmake_force_configure': False, 'cmake_target': None, 'cmake_target_skip_unavailable': False, 'install_base': '/home/hassan/ros-tuts/patrol_ws/install/turtlebot3_simulations', 'merge_install': False, 'path': '/home/hassan/ros-tuts/patrol_ws/src/turtlebot3/turtlebot3_simulations/turtlebot3_simulations', 'symlink_install': True, 'test_result_base': None}
[0.773s] Level 5:colcon.colcon_core.verb:set package 'turtlebot3' build argument 'cmake_args' from command line to 'None'
[0.773s] Level 5:colcon.colcon_core.verb:set package 'turtlebot3' build argument 'cmake_target' from command line to 'None'
[0.773s] Level 5:colcon.colcon_core.verb:set package 'turtlebot3' build argument 'cmake_target_skip_unavailable' from command line to 'False'
[0.773s] Level 5:colcon.colcon_core.verb:set package 'turtlebot3' build argument 'cmake_clean_cache' from command line to 'False'
[0.773s] Level 5:colcon.colcon_core.verb:set package 'turtlebot3' build argument 'cmake_clean_first' from command line to 'False'
[0.773s] Level 5:colcon.colcon_core.verb:set package 'turtlebot3' build argument 'cmake_force_configure' from command line to 'False'
[0.773s] Level 5:colcon.colcon_core.verb:set package 'turtlebot3' build argument 'ament_cmake_args' from command line to 'None'
[0.773s] Level 5:colcon.colcon_core.verb:set package 'turtlebot3' build argument 'catkin_cmake_args' from command line to 'None'
[0.773s] Level 5:colcon.colcon_core.verb:set package 'turtlebot3' build argument 'catkin_skip_building_tests' from command line to 'False'
[0.773s] DEBUG:colcon.colcon_core.verb:Building package 'turtlebot3' with the following arguments: {'ament_cmake_args': None, 'build_base': '/home/hassan/ros-tuts/patrol_ws/build/turtlebot3', 'catkin_cmake_args': None, 'catkin_skip_building_tests': False, 'cmake_args': None, 'cmake_clean_cache': False, 'cmake_clean_first': False, 'cmake_force_configure': False, 'cmake_target': None, 'cmake_target_skip_unavailable': False, 'install_base': '/home/hassan/ros-tuts/patrol_ws/install/turtlebot3', 'merge_install': False, 'path': '/home/hassan/ros-tuts/patrol_ws/src/turtlebot3/turtlebot3/turtlebot3', 'symlink_install': True, 'test_result_base': None}
[0.773s] INFO:colcon.colcon_core.executor:Executing jobs using 'parallel' executor
[0.775s] DEBUG:colcon.colcon_parallel_executor.executor.parallel:run_until_complete
[0.776s] INFO:colcon.colcon_ros.task.ament_cmake.build:Building ROS package in '/home/hassan/ros-tuts/patrol_ws/src/turtlebot3/turtlebot3_msgs' with build type 'ament_cmake'
[0.776s] INFO:colcon.colcon_cmake.task.cmake.build:Building CMake package in '/home/hassan/ros-tuts/patrol_ws/src/turtlebot3/turtlebot3_msgs'
[0.780s] INFO:colcon.colcon_core.plugin_system:Skipping extension 'colcon_core.shell.bat': Not used on non-Windows systems
[0.781s] INFO:colcon.colcon_core.shell:Skip shell extension 'powershell' for command environment: Not usable outside of PowerShell
[0.781s] DEBUG:colcon.colcon_core.shell:Skip shell extension 'dsv' for command environment
[0.790s] INFO:colcon.colcon_ros.task.ament_cmake.build:Building ROS package in '/home/hassan/ros-tuts/patrol_ws/src/utils/DynamixelSDK/dynamixel_sdk' with build type 'ament_cmake'
[0.791s] INFO:colcon.colcon_cmake.task.cmake.build:Building CMake package in '/home/hassan/ros-tuts/patrol_ws/src/utils/DynamixelSDK/dynamixel_sdk'
[0.792s] INFO:colcon.colcon_core.shell:Skip shell extension 'powershell' for command environment: Not usable outside of PowerShell
[0.792s] DEBUG:colcon.colcon_core.shell:Skip shell extension 'dsv' for command environment
[0.801s] INFO:colcon.colcon_ros.task.ament_cmake.build:Building ROS package in '/home/hassan/ros-tuts/patrol_ws/src/utils/hls_lfcd_lds_driver' with build type 'ament_cmake'
[0.802s] INFO:colcon.colcon_cmake.task.cmake.build:Building CMake package in '/home/hassan/ros-tuts/patrol_ws/src/utils/hls_lfcd_lds_driver'
[0.805s] INFO:colcon.colcon_core.shell:Skip shell extension 'powershell' for command environment: Not usable outside of PowerShell
[0.805s] DEBUG:colcon.colcon_core.shell:Skip shell extension 'dsv' for command environment
[0.814s] INFO:colcon.colcon_ros.task.ament_cmake.build:Building ROS package in '/home/hassan/ros-tuts/patrol_ws/src/turtlebot3/turtlebot3/turtlebot3_description' with build type 'ament_cmake'
[0.814s] INFO:colcon.colcon_cmake.task.cmake.build:Building CMake package in '/home/hassan/ros-tuts/patrol_ws/src/turtlebot3/turtlebot3/turtlebot3_description'
[0.815s] INFO:colcon.colcon_core.shell:Skip shell extension 'powershell' for command environment: Not usable outside of PowerShell
[0.815s] DEBUG:colcon.colcon_core.shell:Skip shell extension 'dsv' for command environment
[0.828s] INFO:colcon.colcon_ros.task.ament_cmake.build:Building ROS package in '/home/hassan/ros-tuts/patrol_ws/src/utils/DynamixelSDK/dynamixel_sdk_custom_interfaces' with build type 'ament_cmake'
[0.828s] INFO:colcon.colcon_cmake.task.cmake.build:Building CMake package in '/home/hassan/ros-tuts/patrol_ws/src/utils/DynamixelSDK/dynamixel_sdk_custom_interfaces'
[0.829s] INFO:colcon.colcon_core.shell:Skip shell extension 'powershell' for command environment: Not usable outside of PowerShell
[0.829s] DEBUG:colcon.colcon_core.shell:Skip shell extension 'dsv' for command environment
[0.839s] INFO:colcon.colcon_ros.task.ament_cmake.build:Building ROS package in '/home/hassan/ros-tuts/patrol_ws/src/turtlebot3/turtlebot3/turtlebot3_cartographer' with build type 'ament_cmake'
[0.840s] INFO:colcon.colcon_cmake.task.cmake.build:Building CMake package in '/home/hassan/ros-tuts/patrol_ws/src/turtlebot3/turtlebot3/turtlebot3_cartographer'
[0.841s] INFO:colcon.colcon_core.shell:Skip shell extension 'powershell' for command environment: Not usable outside of PowerShell
[0.841s] DEBUG:colcon.colcon_core.shell:Skip shell extension 'dsv' for command environment
[0.852s] INFO:colcon.colcon_ros.task.ament_cmake.build:Building ROS package in '/home/hassan/ros-tuts/patrol_ws/src/turtlebot3/turtlebot3_simulations/turtlebot3_gazebo' with build type 'ament_cmake'
[0.853s] INFO:colcon.colcon_cmake.task.cmake.build:Building CMake package in '/home/hassan/ros-tuts/patrol_ws/src/turtlebot3/turtlebot3_simulations/turtlebot3_gazebo'
[0.853s] INFO:colcon.colcon_core.shell:Skip shell extension 'powershell' for command environment: Not usable outside of PowerShell
[0.854s] DEBUG:colcon.colcon_core.shell:Skip shell extension 'dsv' for command environment
[0.863s] INFO:colcon.colcon_ros.task.ament_cmake.build:Building ROS package in '/home/hassan/ros-tuts/patrol_ws/src/turtlebot3/turtlebot3/turtlebot3_navigation2' with build type 'ament_cmake'
[0.864s] INFO:colcon.colcon_cmake.task.cmake.build:Building CMake package in '/home/hassan/ros-tuts/patrol_ws/src/turtlebot3/turtlebot3/turtlebot3_navigation2'
[0.865s] INFO:colcon.colcon_core.shell:Skip shell extension 'powershell' for command environment: Not usable outside of PowerShell
[0.865s] DEBUG:colcon.colcon_core.shell:Skip shell extension 'dsv' for command environment
[0.889s] DEBUG:colcon.colcon_core.event_handler.log_command:Invoking command in '/home/hassan/ros-tuts/patrol_ws/build/turtlebot3_msgs': CMAKE_PREFIX_PATH=${CMAKE_PREFIX_PATH}:/home/hassan/ros-tuts/patrol_ws/install/turtlebot3_teleop:/home/hassan/ros-tuts/patrol_ws/install/turtlebot3_example:/home/hassan/ros-tuts/patrol_ws/install/tb3_sim:/opt/ros/humble /usr/bin/cmake --build /home/hassan/ros-tuts/patrol_ws/build/turtlebot3_msgs -- -j8 -l8
[0.897s] DEBUG:colcon.colcon_core.event_handler.log_command:Invoking command in '/home/hassan/ros-tuts/patrol_ws/build/dynamixel_sdk': CMAKE_PREFIX_PATH=${CMAKE_PREFIX_PATH}:/home/hassan/ros-tuts/patrol_ws/install/turtlebot3_teleop:/home/hassan/ros-tuts/patrol_ws/install/turtlebot3_example:/home/hassan/ros-tuts/patrol_ws/install/tb3_sim:/opt/ros/humble /usr/bin/cmake --build /home/hassan/ros-tuts/patrol_ws/build/dynamixel_sdk -- -j8 -l8
[0.904s] DEBUG:colcon.colcon_core.event_handler.log_command:Invoking command in '/home/hassan/ros-tuts/patrol_ws/build/hls_lfcd_lds_driver': CMAKE_PREFIX_PATH=${CMAKE_PREFIX_PATH}:/home/hassan/ros-tuts/patrol_ws/install/turtlebot3_teleop:/home/hassan/ros-tuts/patrol_ws/install/turtlebot3_example:/home/hassan/ros-tuts/patrol_ws/install/tb3_sim:/opt/ros/humble /usr/bin/cmake --build /home/hassan/ros-tuts/patrol_ws/build/hls_lfcd_lds_driver -- -j8 -l8
[0.907s] DEBUG:colcon.colcon_core.event_handler.log_command:Invoking command in '/home/hassan/ros-tuts/patrol_ws/build/turtlebot3_description': CMAKE_PREFIX_PATH=${CMAKE_PREFIX_PATH}:/home/hassan/ros-tuts/patrol_ws/install/turtlebot3_teleop:/home/hassan/ros-tuts/patrol_ws/install/turtlebot3_example:/home/hassan/ros-tuts/patrol_ws/install/tb3_sim:/opt/ros/humble /usr/bin/cmake --build /home/hassan/ros-tuts/patrol_ws/build/turtlebot3_description -- -j8 -l8
[0.924s] DEBUG:colcon.colcon_core.event_handler.log_command:Invoking command in '/home/hassan/ros-tuts/patrol_ws/build/dynamixel_sdk_custom_interfaces': CMAKE_PREFIX_PATH=${CMAKE_PREFIX_PATH}:/home/hassan/ros-tuts/patrol_ws/install/turtlebot3_teleop:/home/hassan/ros-tuts/patrol_ws/install/turtlebot3_example:/home/hassan/ros-tuts/patrol_ws/install/tb3_sim:/opt/ros/humble /usr/bin/cmake --build /home/hassan/ros-tuts/patrol_ws/build/dynamixel_sdk_custom_interfaces -- -j8 -l8
[0.935s] DEBUG:colcon.colcon_core.event_handler.log_command:Invoking command in '/home/hassan/ros-tuts/patrol_ws/build/turtlebot3_cartographer': CMAKE_PREFIX_PATH=${CMAKE_PREFIX_PATH}:/home/hassan/ros-tuts/patrol_ws/install/turtlebot3_teleop:/home/hassan/ros-tuts/patrol_ws/install/turtlebot3_example:/home/hassan/ros-tuts/patrol_ws/install/tb3_sim:/opt/ros/humble /usr/bin/cmake --build /home/hassan/ros-tuts/patrol_ws/build/turtlebot3_cartographer -- -j8 -l8
[0.953s] DEBUG:colcon.colcon_core.event_handler.log_command:Invoking command in '/home/hassan/ros-tuts/patrol_ws/build/turtlebot3_gazebo': CMAKE_PREFIX_PATH=${CMAKE_PREFIX_PATH}:/home/hassan/ros-tuts/patrol_ws/install/turtlebot3_teleop:/home/hassan/ros-tuts/patrol_ws/install/turtlebot3_example:/home/hassan/ros-tuts/patrol_ws/install/tb3_sim:/opt/ros/humble /usr/bin/cmake --build /home/hassan/ros-tuts/patrol_ws/build/turtlebot3_gazebo -- -j8 -l8
[0.972s] DEBUG:colcon.colcon_core.event_handler.log_command:Invoking command in '/home/hassan/ros-tuts/patrol_ws/build/turtlebot3_navigation2': CMAKE_PREFIX_PATH=${CMAKE_PREFIX_PATH}:/home/hassan/ros-tuts/patrol_ws/install/turtlebot3_teleop:/home/hassan/ros-tuts/patrol_ws/install/turtlebot3_example:/home/hassan/ros-tuts/patrol_ws/install/tb3_sim:/opt/ros/humble /usr/bin/cmake --build /home/hassan/ros-tuts/patrol_ws/build/turtlebot3_navigation2 -- -j8 -l8
[1.046s] DEBUG:colcon.colcon_core.event_handler.log_command:Invoked command in '/home/hassan/ros-tuts/patrol_ws/build/turtlebot3_description' returned '0': CMAKE_PREFIX_PATH=${CMAKE_PREFIX_PATH}:/home/hassan/ros-tuts/patrol_ws/install/turtlebot3_teleop:/home/hassan/ros-tuts/patrol_ws/install/turtlebot3_example:/home/hassan/ros-tuts/patrol_ws/install/tb3_sim:/opt/ros/humble /usr/bin/cmake --build /home/hassan/ros-tuts/patrol_ws/build/turtlebot3_description -- -j8 -l8
[1.093s] DEBUG:colcon.colcon_core.event_handler.log_command:Invoked command in '/home/hassan/ros-tuts/patrol_ws/build/turtlebot3_cartographer' returned '0': CMAKE_PREFIX_PATH=${CMAKE_PREFIX_PATH}:/home/hassan/ros-tuts/patrol_ws/install/turtlebot3_teleop:/home/hassan/ros-tuts/patrol_ws/install/turtlebot3_example:/home/hassan/ros-tuts/patrol_ws/install/tb3_sim:/opt/ros/humble /usr/bin/cmake --build /home/hassan/ros-tuts/patrol_ws/build/turtlebot3_cartographer -- -j8 -l8
[1.137s] DEBUG:colcon.colcon_core.event_handler.log_command:Invoked command in '/home/hassan/ros-tuts/patrol_ws/build/turtlebot3_navigation2' returned '0': CMAKE_PREFIX_PATH=${CMAKE_PREFIX_PATH}:/home/hassan/ros-tuts/patrol_ws/install/turtlebot3_teleop:/home/hassan/ros-tuts/patrol_ws/install/turtlebot3_example:/home/hassan/ros-tuts/patrol_ws/install/tb3_sim:/opt/ros/humble /usr/bin/cmake --build /home/hassan/ros-tuts/patrol_ws/build/turtlebot3_navigation2 -- -j8 -l8
[1.147s] DEBUG:colcon.colcon_core.event_handler.log_command:Invoked command in '/home/hassan/ros-tuts/patrol_ws/build/dynamixel_sdk' returned '0': CMAKE_PREFIX_PATH=${CMAKE_PREFIX_PATH}:/home/hassan/ros-tuts/patrol_ws/install/turtlebot3_teleop:/home/hassan/ros-tuts/patrol_ws/install/turtlebot3_example:/home/hassan/ros-tuts/patrol_ws/install/tb3_sim:/opt/ros/humble /usr/bin/cmake --build /home/hassan/ros-tuts/patrol_ws/build/dynamixel_sdk -- -j8 -l8
[1.304s] DEBUG:colcon.colcon_core.event_handler.log_command:Invoking command in '/home/hassan/ros-tuts/patrol_ws/build/turtlebot3_description': CMAKE_PREFIX_PATH=${CMAKE_PREFIX_PATH}:/home/hassan/ros-tuts/patrol_ws/install/turtlebot3_teleop:/home/hassan/ros-tuts/patrol_ws/install/turtlebot3_example:/home/hassan/ros-tuts/patrol_ws/install/tb3_sim:/opt/ros/humble /usr/bin/cmake --install /home/hassan/ros-tuts/patrol_ws/build/turtlebot3_description
[1.335s] DEBUG:colcon.colcon_core.event_handler.log_command:Invoking command in '/home/hassan/ros-tuts/patrol_ws/build/turtlebot3_navigation2': CMAKE_PREFIX_PATH=${CMAKE_PREFIX_PATH}:/home/hassan/ros-tuts/patrol_ws/install/turtlebot3_teleop:/home/hassan/ros-tuts/patrol_ws/install/turtlebot3_example:/home/hassan/ros-tuts/patrol_ws/install/tb3_sim:/opt/ros/humble /usr/bin/cmake --install /home/hassan/ros-tuts/patrol_ws/build/turtlebot3_navigation2
[1.343s] DEBUG:colcon.colcon_core.event_handler.log_command:Invoked command in '/home/hassan/ros-tuts/patrol_ws/build/hls_lfcd_lds_driver' returned '0': CMAKE_PREFIX_PATH=${CMAKE_PREFIX_PATH}:/home/hassan/ros-tuts/patrol_ws/install/turtlebot3_teleop:/home/hassan/ros-tuts/patrol_ws/install/turtlebot3_example:/home/hassan/ros-tuts/patrol_ws/install/tb3_sim:/opt/ros/humble /usr/bin/cmake --build /home/hassan/ros-tuts/patrol_ws/build/hls_lfcd_lds_driver -- -j8 -l8
[1.364s] DEBUG:colcon.colcon_core.event_handler.log_command:Invoking command in '/home/hassan/ros-tuts/patrol_ws/build/turtlebot3_cartographer': CMAKE_PREFIX_PATH=${CMAKE_PREFIX_PATH}:/home/hassan/ros-tuts/patrol_ws/install/turtlebot3_teleop:/home/hassan/ros-tuts/patrol_ws/install/turtlebot3_example:/home/hassan/ros-tuts/patrol_ws/install/tb3_sim:/opt/ros/humble /usr/bin/cmake --install /home/hassan/ros-tuts/patrol_ws/build/turtlebot3_cartographer
[1.397s] Level 1:colcon.colcon_core.environment:create_environment_scripts_only(turtlebot3_description)
[1.403s] DEBUG:colcon.colcon_core.event_handler.log_command:Invoked command in '/home/hassan/ros-tuts/patrol_ws/build/turtlebot3_description' returned '0': CMAKE_PREFIX_PATH=${CMAKE_PREFIX_PATH}:/home/hassan/ros-tuts/patrol_ws/install/turtlebot3_teleop:/home/hassan/ros-tuts/patrol_ws/install/turtlebot3_example:/home/hassan/ros-tuts/patrol_ws/install/tb3_sim:/opt/ros/humble /usr/bin/cmake --install /home/hassan/ros-tuts/patrol_ws/build/turtlebot3_description
[1.410s] Level 1:colcon.colcon_core.environment:checking '/home/hassan/ros-tuts/patrol_ws/install/turtlebot3_description' for CMake module files
[1.416s] Level 1:colcon.colcon_core.environment:checking '/home/hassan/ros-tuts/patrol_ws/install/turtlebot3_description' for CMake config files
[1.417s] Level 1:colcon.colcon_core.shell:create_environment_hook('turtlebot3_description', 'cmake_prefix_path')
[1.418s] INFO:colcon.colcon_core.shell:Creating environment hook '/home/hassan/ros-tuts/patrol_ws/install/turtlebot3_description/share/turtlebot3_description/hook/cmake_prefix_path.ps1'
[1.426s] INFO:colcon.colcon_core.shell:Creating environment descriptor '/home/hassan/ros-tuts/patrol_ws/install/turtlebot3_description/share/turtlebot3_description/hook/cmake_prefix_path.dsv'
[1.432s] INFO:colcon.colcon_core.shell:Creating environment hook '/home/hassan/ros-tuts/patrol_ws/install/turtlebot3_description/share/turtlebot3_description/hook/cmake_prefix_path.sh'
[1.437s] Level 1:colcon.colcon_core.environment:checking '/home/hassan/ros-tuts/patrol_ws/install/turtlebot3_description/bin'
[1.437s] Level 1:colcon.colcon_core.environment:checking '/home/hassan/ros-tuts/patrol_ws/install/turtlebot3_description/lib/pkgconfig/turtlebot3_description.pc'
[1.438s] Level 1:colcon.colcon_core.environment:checking '/home/hassan/ros-tuts/patrol_ws/install/turtlebot3_description/lib/python3.10/site-packages'
[1.438s] Level 1:colcon.colcon_core.environment:checking '/home/hassan/ros-tuts/patrol_ws/install/turtlebot3_description/bin'
[1.439s] INFO:colcon.colcon_core.shell:Creating package script '/home/hassan/ros-tuts/patrol_ws/install/turtlebot3_description/share/turtlebot3_description/package.ps1'
[1.442s] INFO:colcon.colcon_core.shell:Creating package descriptor '/home/hassan/ros-tuts/patrol_ws/install/turtlebot3_description/share/turtlebot3_description/package.dsv'
[1.444s] INFO:colcon.colcon_core.shell:Creating package script '/home/hassan/ros-tuts/patrol_ws/install/turtlebot3_description/share/turtlebot3_description/package.sh'
[1.447s] INFO:colcon.colcon_core.shell:Creating package script '/home/hassan/ros-tuts/patrol_ws/install/turtlebot3_description/share/turtlebot3_description/package.bash'
[1.449s] INFO:colcon.colcon_core.shell:Creating package script '/home/hassan/ros-tuts/patrol_ws/install/turtlebot3_description/share/turtlebot3_description/package.zsh'
[1.453s] Level 1:colcon.colcon_core.environment:create_file_with_runtime_dependencies(/home/hassan/ros-tuts/patrol_ws/install/turtlebot3_description/share/colcon-core/packages/turtlebot3_description)
[1.464s] Level 1:colcon.colcon_core.environment:create_environment_scripts_only(turtlebot3_navigation2)
[1.465s] DEBUG:colcon.colcon_core.event_handler.log_command:Invoked command in '/home/hassan/ros-tuts/patrol_ws/build/turtlebot3_navigation2' returned '0': CMAKE_PREFIX_PATH=${CMAKE_PREFIX_PATH}:/home/hassan/ros-tuts/patrol_ws/install/turtlebot3_teleop:/home/hassan/ros-tuts/patrol_ws/install/turtlebot3_example:/home/hassan/ros-tuts/patrol_ws/install/tb3_sim:/opt/ros/humble /usr/bin/cmake --install /home/hassan/ros-tuts/patrol_ws/build/turtlebot3_navigation2
[1.466s] Level 1:colcon.colcon_core.environment:checking '/home/hassan/ros-tuts/patrol_ws/install/turtlebot3_navigation2' for CMake module files
[1.469s] Level 1:colcon.colcon_core.environment:checking '/home/hassan/ros-tuts/patrol_ws/install/turtlebot3_navigation2' for CMake config files
[1.472s] Level 1:colcon.colcon_core.shell:create_environment_hook('turtlebot3_navigation2', 'cmake_prefix_path')
[1.473s] INFO:colcon.colcon_core.shell:Creating environment hook '/home/hassan/ros-tuts/patrol_ws/install/turtlebot3_navigation2/share/turtlebot3_navigation2/hook/cmake_prefix_path.ps1'
[1.474s] INFO:colcon.colcon_core.shell:Creating environment descriptor '/home/hassan/ros-tuts/patrol_ws/install/turtlebot3_navigation2/share/turtlebot3_navigation2/hook/cmake_prefix_path.dsv'
[1.475s] INFO:colcon.colcon_core.shell:Creating environment hook '/home/hassan/ros-tuts/patrol_ws/install/turtlebot3_navigation2/share/turtlebot3_navigation2/hook/cmake_prefix_path.sh'
[1.477s] Level 1:colcon.colcon_core.environment:checking '/home/hassan/ros-tuts/patrol_ws/install/turtlebot3_navigation2/bin'
[1.477s] Level 1:colcon.colcon_core.environment:checking '/home/hassan/ros-tuts/patrol_ws/install/turtlebot3_navigation2/lib/pkgconfig/turtlebot3_navigation2.pc'
[1.478s] Level 1:colcon.colcon_core.environment:checking '/home/hassan/ros-tuts/patrol_ws/install/turtlebot3_navigation2/lib/python3.10/site-packages'
[1.479s] Level 1:colcon.colcon_core.environment:checking '/home/hassan/ros-tuts/patrol_ws/install/turtlebot3_navigation2/bin'
[1.480s] INFO:colcon.colcon_core.shell:Creating package script '/home/hassan/ros-tuts/patrol_ws/install/turtlebot3_navigation2/share/turtlebot3_navigation2/package.ps1'
[1.482s] INFO:colcon.colcon_core.shell:Creating package descriptor '/home/hassan/ros-tuts/patrol_ws/install/turtlebot3_navigation2/share/turtlebot3_navigation2/package.dsv'
[1.484s] INFO:colcon.colcon_core.shell:Creating package script '/home/hassan/ros-tuts/patrol_ws/install/turtlebot3_navigation2/share/turtlebot3_navigation2/package.sh'
[1.485s] INFO:colcon.colcon_core.shell:Creating package script '/home/hassan/ros-tuts/patrol_ws/install/turtlebot3_navigation2/share/turtlebot3_navigation2/package.bash'
[1.486s] INFO:colcon.colcon_core.shell:Creating package script '/home/hassan/ros-tuts/patrol_ws/install/turtlebot3_navigation2/share/turtlebot3_navigation2/package.zsh'
[1.487s] Level 1:colcon.colcon_core.environment:create_file_with_runtime_dependencies(/home/hassan/ros-tuts/patrol_ws/install/turtlebot3_navigation2/share/colcon-core/packages/turtlebot3_navigation2)
[1.495s] DEBUG:colcon.colcon_core.event_handler.log_command:Invoking command in '/home/hassan/ros-tuts/patrol_ws/build/dynamixel_sdk': CMAKE_PREFIX_PATH=${CMAKE_PREFIX_PATH}:/home/hassan/ros-tuts/patrol_ws/install/turtlebot3_teleop:/home/hassan/ros-tuts/patrol_ws/install/turtlebot3_example:/home/hassan/ros-tuts/patrol_ws/install/tb3_sim:/opt/ros/humble /usr/bin/cmake --install /home/hassan/ros-tuts/patrol_ws/build/dynamixel_sdk
[1.503s] DEBUG:colcon.colcon_core.event_handler.log_command:Invoked command in '/home/hassan/ros-tuts/patrol_ws/build/turtlebot3_gazebo' returned '0': CMAKE_PREFIX_PATH=${CMAKE_PREFIX_PATH}:/home/hassan/ros-tuts/patrol_ws/install/turtlebot3_teleop:/home/hassan/ros-tuts/patrol_ws/install/turtlebot3_example:/home/hassan/ros-tuts/patrol_ws/install/tb3_sim:/opt/ros/humble /usr/bin/cmake --build /home/hassan/ros-tuts/patrol_ws/build/turtlebot3_gazebo -- -j8 -l8
[1.508s] Level 1:colcon.colcon_core.environment:create_environment_scripts_only(turtlebot3_cartographer)
[1.508s] Level 1:colcon.colcon_core.environment:checking '/home/hassan/ros-tuts/patrol_ws/install/turtlebot3_cartographer' for CMake module files
[1.511s] DEBUG:colcon.colcon_core.event_handler.log_command:Invoked command in '/home/hassan/ros-tuts/patrol_ws/build/turtlebot3_cartographer' returned '0': CMAKE_PREFIX_PATH=${CMAKE_PREFIX_PATH}:/home/hassan/ros-tuts/patrol_ws/install/turtlebot3_teleop:/home/hassan/ros-tuts/patrol_ws/install/turtlebot3_example:/home/hassan/ros-tuts/patrol_ws/install/tb3_sim:/opt/ros/humble /usr/bin/cmake --install /home/hassan/ros-tuts/patrol_ws/build/turtlebot3_cartographer
[1.514s] Level 1:colcon.colcon_core.environment:checking '/home/hassan/ros-tuts/patrol_ws/install/turtlebot3_cartographer' for CMake config files
[1.516s] Level 1:colcon.colcon_core.shell:create_environment_hook('turtlebot3_cartographer', 'cmake_prefix_path')
[1.519s] INFO:colcon.colcon_core.shell:Creating environment hook '/home/hassan/ros-tuts/patrol_ws/install/turtlebot3_cartographer/share/turtlebot3_cartographer/hook/cmake_prefix_path.ps1'
[1.521s] INFO:colcon.colcon_core.shell:Creating environment descriptor '/home/hassan/ros-tuts/patrol_ws/install/turtlebot3_cartographer/share/turtlebot3_cartographer/hook/cmake_prefix_path.dsv'
[1.524s] INFO:colcon.colcon_core.shell:Creating environment hook '/home/hassan/ros-tuts/patrol_ws/install/turtlebot3_cartographer/share/turtlebot3_cartographer/hook/cmake_prefix_path.sh'
[1.526s] Level 1:colcon.colcon_core.environment:checking '/home/hassan/ros-tuts/patrol_ws/install/turtlebot3_cartographer/bin'
[1.526s] Level 1:colcon.colcon_core.environment:checking '/home/hassan/ros-tuts/patrol_ws/install/turtlebot3_cartographer/lib/pkgconfig/turtlebot3_cartographer.pc'
[1.527s] Level 1:colcon.colcon_core.environment:checking '/home/hassan/ros-tuts/patrol_ws/install/turtlebot3_cartographer/lib/python3.10/site-packages'
[1.528s] Level 1:colcon.colcon_core.environment:checking '/home/hassan/ros-tuts/patrol_ws/install/turtlebot3_cartographer/bin'
[1.529s] INFO:colcon.colcon_core.shell:Creating package script '/home/hassan/ros-tuts/patrol_ws/install/turtlebot3_cartographer/share/turtlebot3_cartographer/package.ps1'
[1.532s] INFO:colcon.colcon_core.shell:Creating package descriptor '/home/hassan/ros-tuts/patrol_ws/install/turtlebot3_cartographer/share/turtlebot3_cartographer/package.dsv'
[1.533s] INFO:colcon.colcon_core.shell:Creating package script '/home/hassan/ros-tuts/patrol_ws/install/turtlebot3_cartographer/share/turtlebot3_cartographer/package.sh'
[1.534s] INFO:colcon.colcon_core.shell:Creating package script '/home/hassan/ros-tuts/patrol_ws/install/turtlebot3_cartographer/share/turtlebot3_cartographer/package.bash'
[1.538s] INFO:colcon.colcon_core.shell:Creating package script '/home/hassan/ros-tuts/patrol_ws/install/turtlebot3_cartographer/share/turtlebot3_cartographer/package.zsh'
[1.539s] Level 1:colcon.colcon_core.environment:create_file_with_runtime_dependencies(/home/hassan/ros-tuts/patrol_ws/install/turtlebot3_cartographer/share/colcon-core/packages/turtlebot3_cartographer)
[1.556s] DEBUG:colcon.colcon_core.event_handler.log_command:Invoking command in '/home/hassan/ros-tuts/patrol_ws/build/hls_lfcd_lds_driver': CMAKE_PREFIX_PATH=${CMAKE_PREFIX_PATH}:/home/hassan/ros-tuts/patrol_ws/install/turtlebot3_teleop:/home/hassan/ros-tuts/patrol_ws/install/turtlebot3_example:/home/hassan/ros-tuts/patrol_ws/install/tb3_sim:/opt/ros/humble /usr/bin/cmake --install /home/hassan/ros-tuts/patrol_ws/build/hls_lfcd_lds_driver
[1.567s] Level 1:colcon.colcon_core.environment:create_environment_scripts_only(dynamixel_sdk)
[1.568s] Level 1:colcon.colcon_core.environment:checking '/home/hassan/ros-tuts/patrol_ws/install/dynamixel_sdk' for CMake module files
[1.570s] Level 1:colcon.colcon_core.environment:checking '/home/hassan/ros-tuts/patrol_ws/install/dynamixel_sdk' for CMake config files
[1.574s] DEBUG:colcon.colcon_core.event_handler.log_command:Invoked command in '/home/hassan/ros-tuts/patrol_ws/build/dynamixel_sdk' returned '0': CMAKE_PREFIX_PATH=${CMAKE_PREFIX_PATH}:/home/hassan/ros-tuts/patrol_ws/install/turtlebot3_teleop:/home/hassan/ros-tuts/patrol_ws/install/turtlebot3_example:/home/hassan/ros-tuts/patrol_ws/install/tb3_sim:/opt/ros/humble /usr/bin/cmake --install /home/hassan/ros-tuts/patrol_ws/build/dynamixel_sdk
[1.574s] Level 1:colcon.colcon_core.shell:create_environment_hook('dynamixel_sdk', 'cmake_prefix_path')
[1.575s] INFO:colcon.colcon_core.shell:Creating environment hook '/home/hassan/ros-tuts/patrol_ws/install/dynamixel_sdk/share/dynamixel_sdk/hook/cmake_prefix_path.ps1'
[1.579s] INFO:colcon.colcon_core.shell:Creating environment descriptor '/home/hassan/ros-tuts/patrol_ws/install/dynamixel_sdk/share/dynamixel_sdk/hook/cmake_prefix_path.dsv'
[1.580s] INFO:colcon.colcon_core.shell:Creating environment hook '/home/hassan/ros-tuts/patrol_ws/install/dynamixel_sdk/share/dynamixel_sdk/hook/cmake_prefix_path.sh'
[1.586s] Level 1:colcon.colcon_core.environment:checking '/home/hassan/ros-tuts/patrol_ws/install/dynamixel_sdk/lib'
[1.587s] Level 1:colcon.colcon_core.shell:create_environment_hook('dynamixel_sdk', 'ld_library_path_lib')
[1.588s] INFO:colcon.colcon_core.shell:Creating environment hook '/home/hassan/ros-tuts/patrol_ws/install/dynamixel_sdk/share/dynamixel_sdk/hook/ld_library_path_lib.ps1'
[1.591s] INFO:colcon.colcon_core.shell:Creating environment descriptor '/home/hassan/ros-tuts/patrol_ws/install/dynamixel_sdk/share/dynamixel_sdk/hook/ld_library_path_lib.dsv'
[1.592s] INFO:colcon.colcon_core.shell:Creating environment hook '/home/hassan/ros-tuts/patrol_ws/install/dynamixel_sdk/share/dynamixel_sdk/hook/ld_library_path_lib.sh'
[1.595s] Level 1:colcon.colcon_core.environment:checking '/home/hassan/ros-tuts/patrol_ws/install/dynamixel_sdk/bin'
[1.595s] Level 1:colcon.colcon_core.environment:checking '/home/hassan/ros-tuts/patrol_ws/install/dynamixel_sdk/lib/pkgconfig/dynamixel_sdk.pc'
[1.596s] Level 1:colcon.colcon_core.environment:checking '/home/hassan/ros-tuts/patrol_ws/install/dynamixel_sdk/lib/python3.10/site-packages'
[1.597s] Level 1:colcon.colcon_core.environment:checking '/home/hassan/ros-tuts/patrol_ws/install/dynamixel_sdk/bin'
[1.598s] INFO:colcon.colcon_core.shell:Creating package script '/home/hassan/ros-tuts/patrol_ws/install/dynamixel_sdk/share/dynamixel_sdk/package.ps1'
[1.600s] INFO:colcon.colcon_core.shell:Creating package descriptor '/home/hassan/ros-tuts/patrol_ws/install/dynamixel_sdk/share/dynamixel_sdk/package.dsv'
[1.601s] INFO:colcon.colcon_core.shell:Creating package script '/home/hassan/ros-tuts/patrol_ws/install/dynamixel_sdk/share/dynamixel_sdk/package.sh'
[1.602s] INFO:colcon.colcon_core.shell:Creating package script '/home/hassan/ros-tuts/patrol_ws/install/dynamixel_sdk/share/dynamixel_sdk/package.bash'
[1.604s] INFO:colcon.colcon_core.shell:Creating package script '/home/hassan/ros-tuts/patrol_ws/install/dynamixel_sdk/share/dynamixel_sdk/package.zsh'
[1.605s] Level 1:colcon.colcon_core.environment:create_file_with_runtime_dependencies(/home/hassan/ros-tuts/patrol_ws/install/dynamixel_sdk/share/colcon-core/packages/dynamixel_sdk)
[1.622s] Level 1:colcon.colcon_core.environment:create_environment_scripts_only(turtlebot3_description)
[1.623s] Level 1:colcon.colcon_core.environment:checking '/home/hassan/ros-tuts/patrol_ws/install/turtlebot3_description' for CMake module files
[1.625s] Level 1:colcon.colcon_core.environment:checking '/home/hassan/ros-tuts/patrol_ws/install/turtlebot3_description' for CMake config files
[1.626s] Level 1:colcon.colcon_core.shell:create_environment_hook('turtlebot3_description', 'cmake_prefix_path')
[1.627s] INFO:colcon.colcon_core.shell:Creating environment hook '/home/hassan/ros-tuts/patrol_ws/install/turtlebot3_description/share/turtlebot3_description/hook/cmake_prefix_path.ps1'
[1.628s] INFO:colcon.colcon_core.shell:Creating environment descriptor '/home/hassan/ros-tuts/patrol_ws/install/turtlebot3_description/share/turtlebot3_description/hook/cmake_prefix_path.dsv'
[1.630s] INFO:colcon.colcon_core.shell:Creating environment hook '/home/hassan/ros-tuts/patrol_ws/install/turtlebot3_description/share/turtlebot3_description/hook/cmake_prefix_path.sh'
[1.632s] Level 1:colcon.colcon_core.environment:checking '/home/hassan/ros-tuts/patrol_ws/install/turtlebot3_description/bin'
[1.632s] Level 1:colcon.colcon_core.environment:checking '/home/hassan/ros-tuts/patrol_ws/install/turtlebot3_description/lib/pkgconfig/turtlebot3_description.pc'
[1.633s] Level 1:colcon.colcon_core.environment:checking '/home/hassan/ros-tuts/patrol_ws/install/turtlebot3_description/lib/python3.10/site-packages'
[1.644s] Level 1:colcon.colcon_core.environment:checking '/home/hassan/ros-tuts/patrol_ws/install/turtlebot3_description/bin'
[1.646s] INFO:colcon.colcon_core.shell:Creating package script '/home/hassan/ros-tuts/patrol_ws/install/turtlebot3_description/share/turtlebot3_description/package.ps1'
[1.654s] INFO:colcon.colcon_core.shell:Creating package descriptor '/home/hassan/ros-tuts/patrol_ws/install/turtlebot3_description/share/turtlebot3_description/package.dsv'
[1.656s] INFO:colcon.colcon_core.shell:Creating package script '/home/hassan/ros-tuts/patrol_ws/install/turtlebot3_description/share/turtlebot3_description/package.sh'
[1.657s] INFO:colcon.colcon_core.shell:Creating package script '/home/hassan/ros-tuts/patrol_ws/install/turtlebot3_description/share/turtlebot3_description/package.bash'
[1.658s] INFO:colcon.colcon_core.shell:Creating package script '/home/hassan/ros-tuts/patrol_ws/install/turtlebot3_description/share/turtlebot3_description/package.zsh'
[1.659s] Level 1:colcon.colcon_core.environment:create_file_with_runtime_dependencies(/home/hassan/ros-tuts/patrol_ws/install/turtlebot3_description/share/colcon-core/packages/turtlebot3_description)
[1.661s] INFO:colcon.colcon_ros.task.ament_python.build:Building ROS package in '/home/hassan/ros-tuts/patrol_ws/src/turtlebot3/turtlebot3/turtlebot3_teleop' with build type 'ament_python'
[1.662s] Level 1:colcon.colcon_core.shell:create_environment_hook('turtlebot3_teleop', 'ament_prefix_path')
[1.663s] INFO:colcon.colcon_core.shell:Creating environment hook '/home/hassan/ros-tuts/patrol_ws/install/turtlebot3_teleop/share/turtlebot3_teleop/hook/ament_prefix_path.ps1'
[1.664s] INFO:colcon.colcon_core.shell:Creating environment descriptor '/home/hassan/ros-tuts/patrol_ws/install/turtlebot3_teleop/share/turtlebot3_teleop/hook/ament_prefix_path.dsv'
[1.665s] INFO:colcon.colcon_core.shell:Creating environment hook '/home/hassan/ros-tuts/patrol_ws/install/turtlebot3_teleop/share/turtlebot3_teleop/hook/ament_prefix_path.sh'
[1.667s] INFO:colcon.colcon_core.shell:Skip shell extension 'powershell' for command environment: Not usable outside of PowerShell
[1.667s] DEBUG:colcon.colcon_core.shell:Skip shell extension 'dsv' for command environment
[1.690s] Level 1:colcon.colcon_core.environment:create_environment_scripts_only(turtlebot3_navigation2)
[1.690s] Level 1:colcon.colcon_core.environment:checking '/home/hassan/ros-tuts/patrol_ws/install/turtlebot3_navigation2' for CMake module files
[1.692s] Level 1:colcon.colcon_core.environment:checking '/home/hassan/ros-tuts/patrol_ws/install/turtlebot3_navigation2' for CMake config files
[1.693s] Level 1:colcon.colcon_core.shell:create_environment_hook('turtlebot3_navigation2', 'cmake_prefix_path')
[1.694s] INFO:colcon.colcon_core.shell:Creating environment hook '/home/hassan/ros-tuts/patrol_ws/install/turtlebot3_navigation2/share/turtlebot3_navigation2/hook/cmake_prefix_path.ps1'
[1.695s] INFO:colcon.colcon_core.shell:Creating environment descriptor '/home/hassan/ros-tuts/patrol_ws/install/turtlebot3_navigation2/share/turtlebot3_navigation2/hook/cmake_prefix_path.dsv'
[1.696s] INFO:colcon.colcon_core.shell:Creating environment hook '/home/hassan/ros-tuts/patrol_ws/install/turtlebot3_navigation2/share/turtlebot3_navigation2/hook/cmake_prefix_path.sh'
[1.697s] Level 1:colcon.colcon_core.environment:checking '/home/hassan/ros-tuts/patrol_ws/install/turtlebot3_navigation2/bin'
[1.698s] Level 1:colcon.colcon_core.environment:checking '/home/hassan/ros-tuts/patrol_ws/install/turtlebot3_navigation2/lib/pkgconfig/turtlebot3_navigation2.pc'
[1.698s] Level 1:colcon.colcon_core.environment:checking '/home/hassan/ros-tuts/patrol_ws/install/turtlebot3_navigation2/lib/python3.10/site-packages'
[1.699s] Level 1:colcon.colcon_core.environment:checking '/home/hassan/ros-tuts/patrol_ws/install/turtlebot3_navigation2/bin'
[1.700s] INFO:colcon.colcon_core.shell:Creating package script '/home/hassan/ros-tuts/patrol_ws/install/turtlebot3_navigation2/share/turtlebot3_navigation2/package.ps1'
[1.701s] INFO:colcon.colcon_core.shell:Creating package descriptor '/home/hassan/ros-tuts/patrol_ws/install/turtlebot3_navigation2/share/turtlebot3_navigation2/package.dsv'
[1.702s] INFO:colcon.colcon_core.shell:Creating package script '/home/hassan/ros-tuts/patrol_ws/install/turtlebot3_navigation2/share/turtlebot3_navigation2/package.sh'
[1.703s] INFO:colcon.colcon_core.shell:Creating package script '/home/hassan/ros-tuts/patrol_ws/install/turtlebot3_navigation2/share/turtlebot3_navigation2/package.bash'
[1.704s] INFO:colcon.colcon_core.shell:Creating package script '/home/hassan/ros-tuts/patrol_ws/install/turtlebot3_navigation2/share/turtlebot3_navigation2/package.zsh'
[1.707s] Level 1:colcon.colcon_core.environment:create_file_with_runtime_dependencies(/home/hassan/ros-tuts/patrol_ws/install/turtlebot3_navigation2/share/colcon-core/packages/turtlebot3_navigation2)
[1.708s] Level 1:colcon.colcon_core.environment:create_environment_scripts_only(hls_lfcd_lds_driver)
[1.710s] DEBUG:colcon.colcon_core.event_handler.log_command:Invoked command in '/home/hassan/ros-tuts/patrol_ws/build/hls_lfcd_lds_driver' returned '0': CMAKE_PREFIX_PATH=${CMAKE_PREFIX_PATH}:/home/hassan/ros-tuts/patrol_ws/install/turtlebot3_teleop:/home/hassan/ros-tuts/patrol_ws/install/turtlebot3_example:/home/hassan/ros-tuts/patrol_ws/install/tb3_sim:/opt/ros/humble /usr/bin/cmake --install /home/hassan/ros-tuts/patrol_ws/build/hls_lfcd_lds_driver
[1.711s] Level 1:colcon.colcon_core.environment:checking '/home/hassan/ros-tuts/patrol_ws/install/hls_lfcd_lds_driver' for CMake module files
[1.712s] Level 1:colcon.colcon_core.environment:checking '/home/hassan/ros-tuts/patrol_ws/install/hls_lfcd_lds_driver' for CMake config files
[1.713s] Level 1:colcon.colcon_core.shell:create_environment_hook('hls_lfcd_lds_driver', 'cmake_prefix_path')
[1.714s] INFO:colcon.colcon_core.shell:Creating environment hook '/home/hassan/ros-tuts/patrol_ws/install/hls_lfcd_lds_driver/share/hls_lfcd_lds_driver/hook/cmake_prefix_path.ps1'
[1.719s] INFO:colcon.colcon_core.shell:Creating environment descriptor '/home/hassan/ros-tuts/patrol_ws/install/hls_lfcd_lds_driver/share/hls_lfcd_lds_driver/hook/cmake_prefix_path.dsv'
[1.720s] INFO:colcon.colcon_core.shell:Creating environment hook '/home/hassan/ros-tuts/patrol_ws/install/hls_lfcd_lds_driver/share/hls_lfcd_lds_driver/hook/cmake_prefix_path.sh'
[1.722s] Level 1:colcon.colcon_core.environment:checking '/home/hassan/ros-tuts/patrol_ws/install/hls_lfcd_lds_driver/lib'
[1.722s] Level 1:colcon.colcon_core.environment:checking '/home/hassan/ros-tuts/patrol_ws/install/hls_lfcd_lds_driver/bin'
[1.723s] Level 1:colcon.colcon_core.environment:checking '/home/hassan/ros-tuts/patrol_ws/install/hls_lfcd_lds_driver/lib/pkgconfig/hls_lfcd_lds_driver.pc'
[1.723s] Level 1:colcon.colcon_core.environment:checking '/home/hassan/ros-tuts/patrol_ws/install/hls_lfcd_lds_driver/lib/python3.10/site-packages'
[1.724s] Level 1:colcon.colcon_core.environment:checking '/home/hassan/ros-tuts/patrol_ws/install/hls_lfcd_lds_driver/bin'
[1.725s] INFO:colcon.colcon_core.shell:Creating package script '/home/hassan/ros-tuts/patrol_ws/install/hls_lfcd_lds_driver/share/hls_lfcd_lds_driver/package.ps1'
[1.726s] INFO:colcon.colcon_core.shell:Creating package descriptor '/home/hassan/ros-tuts/patrol_ws/install/hls_lfcd_lds_driver/share/hls_lfcd_lds_driver/package.dsv'
[1.727s] INFO:colcon.colcon_core.shell:Creating package script '/home/hassan/ros-tuts/patrol_ws/install/hls_lfcd_lds_driver/share/hls_lfcd_lds_driver/package.sh'
[1.728s] INFO:colcon.colcon_core.shell:Creating package script '/home/hassan/ros-tuts/patrol_ws/install/hls_lfcd_lds_driver/share/hls_lfcd_lds_driver/package.bash'
[1.730s] INFO:colcon.colcon_core.shell:Creating package script '/home/hassan/ros-tuts/patrol_ws/install/hls_lfcd_lds_driver/share/hls_lfcd_lds_driver/package.zsh'
[1.731s] Level 1:colcon.colcon_core.environment:create_file_with_runtime_dependencies(/home/hassan/ros-tuts/patrol_ws/install/hls_lfcd_lds_driver/share/colcon-core/packages/hls_lfcd_lds_driver)
[1.737s] INFO:colcon.colcon_ros.task.ament_python.build:Building ROS package in '/home/hassan/ros-tuts/patrol_ws/src/tb3_sim' with build type 'ament_python'
[1.737s] Level 1:colcon.colcon_core.shell:create_environment_hook('tb3_sim', 'ament_prefix_path')
[1.738s] INFO:colcon.colcon_core.shell:Creating environment hook '/home/hassan/ros-tuts/patrol_ws/install/tb3_sim/share/tb3_sim/hook/ament_prefix_path.ps1'
[1.739s] INFO:colcon.colcon_core.shell:Creating environment descriptor '/home/hassan/ros-tuts/patrol_ws/install/tb3_sim/share/tb3_sim/hook/ament_prefix_path.dsv'
[1.741s] INFO:colcon.colcon_core.shell:Creating environment hook '/home/hassan/ros-tuts/patrol_ws/install/tb3_sim/share/tb3_sim/hook/ament_prefix_path.sh'
[1.743s] INFO:colcon.colcon_core.shell:Skip shell extension 'powershell' for command environment: Not usable outside of PowerShell
[1.743s] DEBUG:colcon.colcon_core.shell:Skip shell extension 'dsv' for command environment
[1.760s] Level 1:colcon.colcon_core.environment:create_environment_scripts_only(turtlebot3_cartographer)
[1.761s] Level 1:colcon.colcon_core.environment:checking '/home/hassan/ros-tuts/patrol_ws/install/turtlebot3_cartographer' for CMake module files
[1.763s] Level 1:colcon.colcon_core.environment:checking '/home/hassan/ros-tuts/patrol_ws/install/turtlebot3_cartographer' for CMake config files
[1.764s] Level 1:colcon.colcon_core.shell:create_environment_hook('turtlebot3_cartographer', 'cmake_prefix_path')
[1.764s] INFO:colcon.colcon_core.shell:Creating environment hook '/home/hassan/ros-tuts/patrol_ws/install/turtlebot3_cartographer/share/turtlebot3_cartographer/hook/cmake_prefix_path.ps1'
[1.766s] INFO:colcon.colcon_core.shell:Creating environment descriptor '/home/hassan/ros-tuts/patrol_ws/install/turtlebot3_cartographer/share/turtlebot3_cartographer/hook/cmake_prefix_path.dsv'
[1.767s] INFO:colcon.colcon_core.shell:Creating environment hook '/home/hassan/ros-tuts/patrol_ws/install/turtlebot3_cartographer/share/turtlebot3_cartographer/hook/cmake_prefix_path.sh'
[1.769s] Level 1:colcon.colcon_core.environment:checking '/home/hassan/ros-tuts/patrol_ws/install/turtlebot3_cartographer/bin'
[1.769s] Level 1:colcon.colcon_core.environment:checking '/home/hassan/ros-tuts/patrol_ws/install/turtlebot3_cartographer/lib/pkgconfig/turtlebot3_cartographer.pc'
[1.769s] Level 1:colcon.colcon_core.environment:checking '/home/hassan/ros-tuts/patrol_ws/install/turtlebot3_cartographer/lib/python3.10/site-packages'
[1.770s] Level 1:colcon.colcon_core.environment:checking '/home/hassan/ros-tuts/patrol_ws/install/turtlebot3_cartographer/bin'
[1.771s] INFO:colcon.colcon_core.shell:Creating package script '/home/hassan/ros-tuts/patrol_ws/install/turtlebot3_cartographer/share/turtlebot3_cartographer/package.ps1'
[1.773s] INFO:colcon.colcon_core.shell:Creating package descriptor '/home/hassan/ros-tuts/patrol_ws/install/turtlebot3_cartographer/share/turtlebot3_cartographer/package.dsv'
[1.774s] INFO:colcon.colcon_core.shell:Creating package script '/home/hassan/ros-tuts/patrol_ws/install/turtlebot3_cartographer/share/turtlebot3_cartographer/package.sh'
[1.775s] INFO:colcon.colcon_core.shell:Creating package script '/home/hassan/ros-tuts/patrol_ws/install/turtlebot3_cartographer/share/turtlebot3_cartographer/package.bash'
[1.776s] INFO:colcon.colcon_core.shell:Creating package script '/home/hassan/ros-tuts/patrol_ws/install/turtlebot3_cartographer/share/turtlebot3_cartographer/package.zsh'
[1.778s] Level 1:colcon.colcon_core.environment:create_file_with_runtime_dependencies(/home/hassan/ros-tuts/patrol_ws/install/turtlebot3_cartographer/share/colcon-core/packages/turtlebot3_cartographer)
[2.319s] INFO:colcon.colcon_core.task.python.build:Building Python package in '/home/hassan/ros-tuts/patrol_ws/src/turtlebot3/turtlebot3/turtlebot3_teleop'
[2.319s] INFO:colcon.colcon_core.shell:Skip shell extension 'powershell' for command environment: Not usable outside of PowerShell
[2.319s] DEBUG:colcon.colcon_core.shell:Skip shell extension 'dsv' for command environment
[2.331s] DEBUG:colcon.colcon_core.event_handler.log_command:Invoking command in '/home/hassan/ros-tuts/patrol_ws/build/turtlebot3_gazebo': CMAKE_PREFIX_PATH=${CMAKE_PREFIX_PATH}:/home/hassan/ros-tuts/patrol_ws/install/turtlebot3_teleop:/home/hassan/ros-tuts/patrol_ws/install/turtlebot3_example:/home/hassan/ros-tuts/patrol_ws/install/tb3_sim:/opt/ros/humble /usr/bin/cmake --install /home/hassan/ros-tuts/patrol_ws/build/turtlebot3_gazebo
[2.853s] INFO:colcon.colcon_core.task.python.build:Building Python package in '/home/hassan/ros-tuts/patrol_ws/src/tb3_sim'
[2.853s] INFO:colcon.colcon_core.shell:Skip shell extension 'powershell' for command environment: Not usable outside of PowerShell
[2.853s] DEBUG:colcon.colcon_core.shell:Skip shell extension 'dsv' for command environment
[2.862s] Level 1:colcon.colcon_core.environment:create_environment_scripts_only(dynamixel_sdk)
[2.863s] Level 1:colcon.colcon_core.environment:checking '/home/hassan/ros-tuts/patrol_ws/install/dynamixel_sdk' for CMake module files
[2.864s] Level 1:colcon.colcon_core.environment:checking '/home/hassan/ros-tuts/patrol_ws/install/dynamixel_sdk' for CMake config files
[2.865s] Level 1:colcon.colcon_core.shell:create_environment_hook('dynamixel_sdk', 'cmake_prefix_path')
[2.865s] INFO:colcon.colcon_core.shell:Creating environment hook '/home/hassan/ros-tuts/patrol_ws/install/dynamixel_sdk/share/dynamixel_sdk/hook/cmake_prefix_path.ps1'
[2.866s] INFO:colcon.colcon_core.shell:Creating environment descriptor '/home/hassan/ros-tuts/patrol_ws/install/dynamixel_sdk/share/dynamixel_sdk/hook/cmake_prefix_path.dsv'
[2.867s] INFO:colcon.colcon_core.shell:Creating environment hook '/home/hassan/ros-tuts/patrol_ws/install/dynamixel_sdk/share/dynamixel_sdk/hook/cmake_prefix_path.sh'
[2.868s] Level 1:colcon.colcon_core.environment:checking '/home/hassan/ros-tuts/patrol_ws/install/dynamixel_sdk/lib'
[2.868s] Level 1:colcon.colcon_core.shell:create_environment_hook('dynamixel_sdk', 'ld_library_path_lib')
[2.869s] INFO:colcon.colcon_core.shell:Creating environment hook '/home/hassan/ros-tuts/patrol_ws/install/dynamixel_sdk/share/dynamixel_sdk/hook/ld_library_path_lib.ps1'
[2.869s] INFO:colcon.colcon_core.shell:Creating environment descriptor '/home/hassan/ros-tuts/patrol_ws/install/dynamixel_sdk/share/dynamixel_sdk/hook/ld_library_path_lib.dsv'
[2.870s] INFO:colcon.colcon_core.shell:Creating environment hook '/home/hassan/ros-tuts/patrol_ws/install/dynamixel_sdk/share/dynamixel_sdk/hook/ld_library_path_lib.sh'
[2.871s] Level 1:colcon.colcon_core.environment:checking '/home/hassan/ros-tuts/patrol_ws/install/dynamixel_sdk/bin'
[2.871s] Level 1:colcon.colcon_core.environment:checking '/home/hassan/ros-tuts/patrol_ws/install/dynamixel_sdk/lib/pkgconfig/dynamixel_sdk.pc'
[2.871s] Level 1:colcon.colcon_core.environment:checking '/home/hassan/ros-tuts/patrol_ws/install/dynamixel_sdk/lib/python3.10/site-packages'
[2.872s] Level 1:colcon.colcon_core.environment:checking '/home/hassan/ros-tuts/patrol_ws/install/dynamixel_sdk/bin'
[2.872s] INFO:colcon.colcon_core.shell:Creating package script '/home/hassan/ros-tuts/patrol_ws/install/dynamixel_sdk/share/dynamixel_sdk/package.ps1'
[2.873s] INFO:colcon.colcon_core.shell:Creating package descriptor '/home/hassan/ros-tuts/patrol_ws/install/dynamixel_sdk/share/dynamixel_sdk/package.dsv'
[2.874s] INFO:colcon.colcon_core.shell:Creating package script '/home/hassan/ros-tuts/patrol_ws/install/dynamixel_sdk/share/dynamixel_sdk/package.sh'
[2.875s] INFO:colcon.colcon_core.shell:Creating package script '/home/hassan/ros-tuts/patrol_ws/install/dynamixel_sdk/share/dynamixel_sdk/package.bash'
[2.876s] INFO:colcon.colcon_core.shell:Creating package script '/home/hassan/ros-tuts/patrol_ws/install/dynamixel_sdk/share/dynamixel_sdk/package.zsh'
[2.876s] Level 1:colcon.colcon_core.environment:create_file_with_runtime_dependencies(/home/hassan/ros-tuts/patrol_ws/install/dynamixel_sdk/share/colcon-core/packages/dynamixel_sdk)
[2.877s] Level 1:colcon.colcon_core.environment:create_environment_scripts_only(hls_lfcd_lds_driver)
[2.877s] Level 1:colcon.colcon_core.environment:checking '/home/hassan/ros-tuts/patrol_ws/install/hls_lfcd_lds_driver' for CMake module files
[2.879s] Level 1:colcon.colcon_core.environment:checking '/home/hassan/ros-tuts/patrol_ws/install/hls_lfcd_lds_driver' for CMake config files
[2.879s] Level 1:colcon.colcon_core.shell:create_environment_hook('hls_lfcd_lds_driver', 'cmake_prefix_path')
[2.880s] INFO:colcon.colcon_core.shell:Creating environment hook '/home/hassan/ros-tuts/patrol_ws/install/hls_lfcd_lds_driver/share/hls_lfcd_lds_driver/hook/cmake_prefix_path.ps1'
[2.881s] INFO:colcon.colcon_core.shell:Creating environment descriptor '/home/hassan/ros-tuts/patrol_ws/install/hls_lfcd_lds_driver/share/hls_lfcd_lds_driver/hook/cmake_prefix_path.dsv'
[2.881s] INFO:colcon.colcon_core.shell:Creating environment hook '/home/hassan/ros-tuts/patrol_ws/install/hls_lfcd_lds_driver/share/hls_lfcd_lds_driver/hook/cmake_prefix_path.sh'
[2.882s] Level 1:colcon.colcon_core.environment:checking '/home/hassan/ros-tuts/patrol_ws/install/hls_lfcd_lds_driver/lib'
[2.882s] Level 1:colcon.colcon_core.environment:checking '/home/hassan/ros-tuts/patrol_ws/install/hls_lfcd_lds_driver/bin'
[2.882s] Level 1:colcon.colcon_core.environment:checking '/home/hassan/ros-tuts/patrol_ws/install/hls_lfcd_lds_driver/lib/pkgconfig/hls_lfcd_lds_driver.pc'
[2.883s] Level 1:colcon.colcon_core.environment:checking '/home/hassan/ros-tuts/patrol_ws/install/hls_lfcd_lds_driver/lib/python3.10/site-packages'
[2.883s] Level 1:colcon.colcon_core.environment:checking '/home/hassan/ros-tuts/patrol_ws/install/hls_lfcd_lds_driver/bin'
[2.884s] INFO:colcon.colcon_core.shell:Creating package script '/home/hassan/ros-tuts/patrol_ws/install/hls_lfcd_lds_driver/share/hls_lfcd_lds_driver/package.ps1'
[2.885s] INFO:colcon.colcon_core.shell:Creating package descriptor '/home/hassan/ros-tuts/patrol_ws/install/hls_lfcd_lds_driver/share/hls_lfcd_lds_driver/package.dsv'
[2.886s] INFO:colcon.colcon_core.shell:Creating package script '/home/hassan/ros-tuts/patrol_ws/install/hls_lfcd_lds_driver/share/hls_lfcd_lds_driver/package.sh'
[2.887s] INFO:colcon.colcon_core.shell:Creating package script '/home/hassan/ros-tuts/patrol_ws/install/hls_lfcd_lds_driver/share/hls_lfcd_lds_driver/package.bash'
[2.888s] INFO:colcon.colcon_core.shell:Creating package script '/home/hassan/ros-tuts/patrol_ws/install/hls_lfcd_lds_driver/share/hls_lfcd_lds_driver/package.zsh'
[2.889s] Level 1:colcon.colcon_core.environment:create_file_with_runtime_dependencies(/home/hassan/ros-tuts/patrol_ws/install/hls_lfcd_lds_driver/share/colcon-core/packages/hls_lfcd_lds_driver)
[2.896s] DEBUG:colcon.colcon_core.event_handler.log_command:Invoked command in '/home/hassan/ros-tuts/patrol_ws/build/turtlebot3_msgs' returned '0': CMAKE_PREFIX_PATH=${CMAKE_PREFIX_PATH}:/home/hassan/ros-tuts/patrol_ws/install/turtlebot3_teleop:/home/hassan/ros-tuts/patrol_ws/install/turtlebot3_example:/home/hassan/ros-tuts/patrol_ws/install/tb3_sim:/opt/ros/humble /usr/bin/cmake --build /home/hassan/ros-tuts/patrol_ws/build/turtlebot3_msgs -- -j8 -l8
[2.899s] DEBUG:colcon.colcon_core.event_handler.log_command:Invoked command in '/home/hassan/ros-tuts/patrol_ws/build/dynamixel_sdk_custom_interfaces' returned '0': CMAKE_PREFIX_PATH=${CMAKE_PREFIX_PATH}:/home/hassan/ros-tuts/patrol_ws/install/turtlebot3_teleop:/home/hassan/ros-tuts/patrol_ws/install/turtlebot3_example:/home/hassan/ros-tuts/patrol_ws/install/tb3_sim:/opt/ros/humble /usr/bin/cmake --build /home/hassan/ros-tuts/patrol_ws/build/dynamixel_sdk_custom_interfaces -- -j8 -l8
[2.906s] Level 1:colcon.colcon_core.environment:create_environment_scripts_only(turtlebot3_gazebo)
[2.907s] Level 1:colcon.colcon_core.environment:checking '/home/hassan/ros-tuts/patrol_ws/install/turtlebot3_gazebo' for CMake module files
[2.908s] DEBUG:colcon.colcon_core.event_handler.log_command:Invoked command in '/home/hassan/ros-tuts/patrol_ws/build/turtlebot3_gazebo' returned '0': CMAKE_PREFIX_PATH=${CMAKE_PREFIX_PATH}:/home/hassan/ros-tuts/patrol_ws/install/turtlebot3_teleop:/home/hassan/ros-tuts/patrol_ws/install/turtlebot3_example:/home/hassan/ros-tuts/patrol_ws/install/tb3_sim:/opt/ros/humble /usr/bin/cmake --install /home/hassan/ros-tuts/patrol_ws/build/turtlebot3_gazebo
[2.909s] Level 1:colcon.colcon_core.environment:checking '/home/hassan/ros-tuts/patrol_ws/install/turtlebot3_gazebo' for CMake config files
[2.911s] Level 1:colcon.colcon_core.shell:create_environment_hook('turtlebot3_gazebo', 'cmake_prefix_path')
[2.911s] INFO:colcon.colcon_core.shell:Creating environment hook '/home/hassan/ros-tuts/patrol_ws/install/turtlebot3_gazebo/share/turtlebot3_gazebo/hook/cmake_prefix_path.ps1'
[2.913s] INFO:colcon.colcon_core.shell:Creating environment descriptor '/home/hassan/ros-tuts/patrol_ws/install/turtlebot3_gazebo/share/turtlebot3_gazebo/hook/cmake_prefix_path.dsv'
[2.914s] INFO:colcon.colcon_core.shell:Creating environment hook '/home/hassan/ros-tuts/patrol_ws/install/turtlebot3_gazebo/share/turtlebot3_gazebo/hook/cmake_prefix_path.sh'
[2.918s] Level 1:colcon.colcon_core.environment:checking '/home/hassan/ros-tuts/patrol_ws/install/turtlebot3_gazebo/lib'
[2.919s] Level 1:colcon.colcon_core.environment:checking '/home/hassan/ros-tuts/patrol_ws/install/turtlebot3_gazebo/bin'
[2.919s] Level 1:colcon.colcon_core.environment:checking '/home/hassan/ros-tuts/patrol_ws/install/turtlebot3_gazebo/lib/pkgconfig/turtlebot3_gazebo.pc'
[2.920s] Level 1:colcon.colcon_core.environment:checking '/home/hassan/ros-tuts/patrol_ws/install/turtlebot3_gazebo/lib/python3.10/site-packages'
[2.921s] Level 1:colcon.colcon_core.environment:checking '/home/hassan/ros-tuts/patrol_ws/install/turtlebot3_gazebo/bin'
[2.922s] INFO:colcon.colcon_core.shell:Creating package script '/home/hassan/ros-tuts/patrol_ws/install/turtlebot3_gazebo/share/turtlebot3_gazebo/package.ps1'
[2.924s] INFO:colcon.colcon_core.shell:Creating package descriptor '/home/hassan/ros-tuts/patrol_ws/install/turtlebot3_gazebo/share/turtlebot3_gazebo/package.dsv'
[2.926s] INFO:colcon.colcon_core.shell:Creating package script '/home/hassan/ros-tuts/patrol_ws/install/turtlebot3_gazebo/share/turtlebot3_gazebo/package.sh'
[2.927s] INFO:colcon.colcon_core.shell:Creating package script '/home/hassan/ros-tuts/patrol_ws/install/turtlebot3_gazebo/share/turtlebot3_gazebo/package.bash'
[2.928s] INFO:colcon.colcon_core.shell:Creating package script '/home/hassan/ros-tuts/patrol_ws/install/turtlebot3_gazebo/share/turtlebot3_gazebo/package.zsh'
[2.929s] Level 1:colcon.colcon_core.environment:create_file_with_runtime_dependencies(/home/hassan/ros-tuts/patrol_ws/install/turtlebot3_gazebo/share/colcon-core/packages/turtlebot3_gazebo)
[3.017s] Level 1:colcon.colcon_core.environment:create_environment_scripts_only(turtlebot3_gazebo)
[3.018s] Level 1:colcon.colcon_core.environment:checking '/home/hassan/ros-tuts/patrol_ws/install/turtlebot3_gazebo' for CMake module files
[3.020s] Level 1:colcon.colcon_core.environment:checking '/home/hassan/ros-tuts/patrol_ws/install/turtlebot3_gazebo' for CMake config files
[3.021s] Level 1:colcon.colcon_core.shell:create_environment_hook('turtlebot3_gazebo', 'cmake_prefix_path')
[3.021s] INFO:colcon.colcon_core.shell:Creating environment hook '/home/hassan/ros-tuts/patrol_ws/install/turtlebot3_gazebo/share/turtlebot3_gazebo/hook/cmake_prefix_path.ps1'
[3.023s] INFO:colcon.colcon_core.shell:Creating environment descriptor '/home/hassan/ros-tuts/patrol_ws/install/turtlebot3_gazebo/share/turtlebot3_gazebo/hook/cmake_prefix_path.dsv'
[3.023s] INFO:colcon.colcon_core.shell:Creating environment hook '/home/hassan/ros-tuts/patrol_ws/install/turtlebot3_gazebo/share/turtlebot3_gazebo/hook/cmake_prefix_path.sh'
[3.025s] Level 1:colcon.colcon_core.environment:checking '/home/hassan/ros-tuts/patrol_ws/install/turtlebot3_gazebo/lib'
[3.025s] Level 1:colcon.colcon_core.environment:checking '/home/hassan/ros-tuts/patrol_ws/install/turtlebot3_gazebo/bin'
[3.025s] Level 1:colcon.colcon_core.environment:checking '/home/hassan/ros-tuts/patrol_ws/install/turtlebot3_gazebo/lib/pkgconfig/turtlebot3_gazebo.pc'
[3.026s] Level 1:colcon.colcon_core.environment:checking '/home/hassan/ros-tuts/patrol_ws/install/turtlebot3_gazebo/lib/python3.10/site-packages'
[3.026s] Level 1:colcon.colcon_core.environment:checking '/home/hassan/ros-tuts/patrol_ws/install/turtlebot3_gazebo/bin'
[3.028s] INFO:colcon.colcon_core.shell:Creating package script '/home/hassan/ros-tuts/patrol_ws/install/turtlebot3_gazebo/share/turtlebot3_gazebo/package.ps1'
[3.029s] INFO:colcon.colcon_core.shell:Creating package descriptor '/home/hassan/ros-tuts/patrol_ws/install/turtlebot3_gazebo/share/turtlebot3_gazebo/package.dsv'
[3.030s] INFO:colcon.colcon_core.shell:Creating package script '/home/hassan/ros-tuts/patrol_ws/install/turtlebot3_gazebo/share/turtlebot3_gazebo/package.sh'
[3.031s] INFO:colcon.colcon_core.shell:Creating package script '/home/hassan/ros-tuts/patrol_ws/install/turtlebot3_gazebo/share/turtlebot3_gazebo/package.bash'
[3.032s] INFO:colcon.colcon_core.shell:Creating package script '/home/hassan/ros-tuts/patrol_ws/install/turtlebot3_gazebo/share/turtlebot3_gazebo/package.zsh'
[3.033s] Level 1:colcon.colcon_core.environment:create_file_with_runtime_dependencies(/home/hassan/ros-tuts/patrol_ws/install/turtlebot3_gazebo/share/colcon-core/packages/turtlebot3_gazebo)
[3.096s] DEBUG:colcon.colcon_core.event_handler.log_command:Invoking command in '/home/hassan/ros-tuts/patrol_ws/build/dynamixel_sdk_custom_interfaces': CMAKE_PREFIX_PATH=${CMAKE_PREFIX_PATH}:/home/hassan/ros-tuts/patrol_ws/install/turtlebot3_teleop:/home/hassan/ros-tuts/patrol_ws/install/turtlebot3_example:/home/hassan/ros-tuts/patrol_ws/install/tb3_sim:/opt/ros/humble /usr/bin/cmake --install /home/hassan/ros-tuts/patrol_ws/build/dynamixel_sdk_custom_interfaces
[3.281s] DEBUG:colcon.colcon_core.event_handler.log_command:Invoking command in '/home/hassan/ros-tuts/patrol_ws/build/turtlebot3_msgs': CMAKE_PREFIX_PATH=${CMAKE_PREFIX_PATH}:/home/hassan/ros-tuts/patrol_ws/install/turtlebot3_teleop:/home/hassan/ros-tuts/patrol_ws/install/turtlebot3_example:/home/hassan/ros-tuts/patrol_ws/install/tb3_sim:/opt/ros/humble /usr/bin/cmake --install /home/hassan/ros-tuts/patrol_ws/build/turtlebot3_msgs
[3.285s] Level 1:colcon.colcon_core.environment:create_environment_scripts_only(dynamixel_sdk_custom_interfaces)
[3.286s] Level 1:colcon.colcon_core.environment:checking '/home/hassan/ros-tuts/patrol_ws/install/dynamixel_sdk_custom_interfaces' for CMake module files
[3.288s] DEBUG:colcon.colcon_core.event_handler.log_command:Invoked command in '/home/hassan/ros-tuts/patrol_ws/build/dynamixel_sdk_custom_interfaces' returned '0': CMAKE_PREFIX_PATH=${CMAKE_PREFIX_PATH}:/home/hassan/ros-tuts/patrol_ws/install/turtlebot3_teleop:/home/hassan/ros-tuts/patrol_ws/install/turtlebot3_example:/home/hassan/ros-tuts/patrol_ws/install/tb3_sim:/opt/ros/humble /usr/bin/cmake --install /home/hassan/ros-tuts/patrol_ws/build/dynamixel_sdk_custom_interfaces
[3.289s] Level 1:colcon.colcon_core.environment:checking '/home/hassan/ros-tuts/patrol_ws/install/dynamixel_sdk_custom_interfaces' for CMake config files
[3.292s] Level 1:colcon.colcon_core.shell:create_environment_hook('dynamixel_sdk_custom_interfaces', 'cmake_prefix_path')
[3.293s] INFO:colcon.colcon_core.shell:Creating environment hook '/home/hassan/ros-tuts/patrol_ws/install/dynamixel_sdk_custom_interfaces/share/dynamixel_sdk_custom_interfaces/hook/cmake_prefix_path.ps1'
[3.295s] INFO:colcon.colcon_core.shell:Creating environment descriptor '/home/hassan/ros-tuts/patrol_ws/install/dynamixel_sdk_custom_interfaces/share/dynamixel_sdk_custom_interfaces/hook/cmake_prefix_path.dsv'
[3.295s] INFO:colcon.colcon_core.shell:Creating environment hook '/home/hassan/ros-tuts/patrol_ws/install/dynamixel_sdk_custom_interfaces/share/dynamixel_sdk_custom_interfaces/hook/cmake_prefix_path.sh'
[3.297s] Level 1:colcon.colcon_core.environment:checking '/home/hassan/ros-tuts/patrol_ws/install/dynamixel_sdk_custom_interfaces/lib'
[3.297s] Level 1:colcon.colcon_core.shell:create_environment_hook('dynamixel_sdk_custom_interfaces', 'ld_library_path_lib')
[3.298s] INFO:colcon.colcon_core.shell:Creating environment hook '/home/hassan/ros-tuts/patrol_ws/install/dynamixel_sdk_custom_interfaces/share/dynamixel_sdk_custom_interfaces/hook/ld_library_path_lib.ps1'
[3.299s] INFO:colcon.colcon_core.shell:Creating environment descriptor '/home/hassan/ros-tuts/patrol_ws/install/dynamixel_sdk_custom_interfaces/share/dynamixel_sdk_custom_interfaces/hook/ld_library_path_lib.dsv'
[3.301s] INFO:colcon.colcon_core.shell:Creating environment hook '/home/hassan/ros-tuts/patrol_ws/install/dynamixel_sdk_custom_interfaces/share/dynamixel_sdk_custom_interfaces/hook/ld_library_path_lib.sh'
[3.302s] Level 1:colcon.colcon_core.environment:checking '/home/hassan/ros-tuts/patrol_ws/install/dynamixel_sdk_custom_interfaces/bin'
[3.303s] Level 1:colcon.colcon_core.environment:checking '/home/hassan/ros-tuts/patrol_ws/install/dynamixel_sdk_custom_interfaces/lib/pkgconfig/dynamixel_sdk_custom_interfaces.pc'
[3.304s] Level 1:colcon.colcon_core.environment:checking '/home/hassan/ros-tuts/patrol_ws/install/dynamixel_sdk_custom_interfaces/lib/python3.10/site-packages'
[3.304s] Level 1:colcon.colcon_core.environment:checking '/home/hassan/ros-tuts/patrol_ws/install/dynamixel_sdk_custom_interfaces/bin'
[3.305s] INFO:colcon.colcon_core.shell:Creating package script '/home/hassan/ros-tuts/patrol_ws/install/dynamixel_sdk_custom_interfaces/share/dynamixel_sdk_custom_interfaces/package.ps1'
[3.311s] INFO:colcon.colcon_core.shell:Creating package descriptor '/home/hassan/ros-tuts/patrol_ws/install/dynamixel_sdk_custom_interfaces/share/dynamixel_sdk_custom_interfaces/package.dsv'
[3.314s] INFO:colcon.colcon_core.shell:Creating package script '/home/hassan/ros-tuts/patrol_ws/install/dynamixel_sdk_custom_interfaces/share/dynamixel_sdk_custom_interfaces/package.sh'
[3.321s] INFO:colcon.colcon_core.shell:Creating package script '/home/hassan/ros-tuts/patrol_ws/install/dynamixel_sdk_custom_interfaces/share/dynamixel_sdk_custom_interfaces/package.bash'
[3.325s] INFO:colcon.colcon_core.shell:Creating package script '/home/hassan/ros-tuts/patrol_ws/install/dynamixel_sdk_custom_interfaces/share/dynamixel_sdk_custom_interfaces/package.zsh'
[3.326s] Level 1:colcon.colcon_core.environment:create_file_with_runtime_dependencies(/home/hassan/ros-tuts/patrol_ws/install/dynamixel_sdk_custom_interfaces/share/colcon-core/packages/dynamixel_sdk_custom_interfaces)
[3.510s] Level 1:colcon.colcon_core.environment:create_environment_scripts_only(turtlebot3_msgs)
[3.511s] Level 1:colcon.colcon_core.environment:checking '/home/hassan/ros-tuts/patrol_ws/install/turtlebot3_msgs' for CMake module files
[3.513s] Level 1:colcon.colcon_core.environment:checking '/home/hassan/ros-tuts/patrol_ws/install/turtlebot3_msgs' for CMake config files
[3.514s] DEBUG:colcon.colcon_core.event_handler.log_command:Invoked command in '/home/hassan/ros-tuts/patrol_ws/build/turtlebot3_msgs' returned '0': CMAKE_PREFIX_PATH=${CMAKE_PREFIX_PATH}:/home/hassan/ros-tuts/patrol_ws/install/turtlebot3_teleop:/home/hassan/ros-tuts/patrol_ws/install/turtlebot3_example:/home/hassan/ros-tuts/patrol_ws/install/tb3_sim:/opt/ros/humble /usr/bin/cmake --install /home/hassan/ros-tuts/patrol_ws/build/turtlebot3_msgs
[3.518s] Level 1:colcon.colcon_core.shell:create_environment_hook('turtlebot3_msgs', 'cmake_prefix_path')
[3.519s] INFO:colcon.colcon_core.shell:Creating environment hook '/home/hassan/ros-tuts/patrol_ws/install/turtlebot3_msgs/share/turtlebot3_msgs/hook/cmake_prefix_path.ps1'
[3.520s] INFO:colcon.colcon_core.shell:Creating environment descriptor '/home/hassan/ros-tuts/patrol_ws/install/turtlebot3_msgs/share/turtlebot3_msgs/hook/cmake_prefix_path.dsv'
[3.521s] INFO:colcon.colcon_core.shell:Creating environment hook '/home/hassan/ros-tuts/patrol_ws/install/turtlebot3_msgs/share/turtlebot3_msgs/hook/cmake_prefix_path.sh'
[3.523s] Level 1:colcon.colcon_core.environment:checking '/home/hassan/ros-tuts/patrol_ws/install/turtlebot3_msgs/lib'
[3.523s] Level 1:colcon.colcon_core.shell:create_environment_hook('turtlebot3_msgs', 'ld_library_path_lib')
[3.524s] INFO:colcon.colcon_core.shell:Creating environment hook '/home/hassan/ros-tuts/patrol_ws/install/turtlebot3_msgs/share/turtlebot3_msgs/hook/ld_library_path_lib.ps1'
[3.525s] INFO:colcon.colcon_core.shell:Creating environment descriptor '/home/hassan/ros-tuts/patrol_ws/install/turtlebot3_msgs/share/turtlebot3_msgs/hook/ld_library_path_lib.dsv'
[3.526s] INFO:colcon.colcon_core.shell:Creating environment hook '/home/hassan/ros-tuts/patrol_ws/install/turtlebot3_msgs/share/turtlebot3_msgs/hook/ld_library_path_lib.sh'
[3.527s] Level 1:colcon.colcon_core.environment:checking '/home/hassan/ros-tuts/patrol_ws/install/turtlebot3_msgs/bin'
[3.527s] Level 1:colcon.colcon_core.environment:checking '/home/hassan/ros-tuts/patrol_ws/install/turtlebot3_msgs/lib/pkgconfig/turtlebot3_msgs.pc'
[3.528s] Level 1:colcon.colcon_core.environment:checking '/home/hassan/ros-tuts/patrol_ws/install/turtlebot3_msgs/lib/python3.10/site-packages'
[3.528s] Level 1:colcon.colcon_core.environment:checking '/home/hassan/ros-tuts/patrol_ws/install/turtlebot3_msgs/bin'
[3.529s] INFO:colcon.colcon_core.shell:Creating package script '/home/hassan/ros-tuts/patrol_ws/install/turtlebot3_msgs/share/turtlebot3_msgs/package.ps1'
[3.530s] INFO:colcon.colcon_core.shell:Creating package descriptor '/home/hassan/ros-tuts/patrol_ws/install/turtlebot3_msgs/share/turtlebot3_msgs/package.dsv'
[3.531s] INFO:colcon.colcon_core.shell:Creating package script '/home/hassan/ros-tuts/patrol_ws/install/turtlebot3_msgs/share/turtlebot3_msgs/package.sh'
[3.532s] INFO:colcon.colcon_core.shell:Creating package script '/home/hassan/ros-tuts/patrol_ws/install/turtlebot3_msgs/share/turtlebot3_msgs/package.bash'
[3.533s] INFO:colcon.colcon_core.shell:Creating package script '/home/hassan/ros-tuts/patrol_ws/install/turtlebot3_msgs/share/turtlebot3_msgs/package.zsh'
[3.533s] Level 1:colcon.colcon_core.environment:create_file_with_runtime_dependencies(/home/hassan/ros-tuts/patrol_ws/install/turtlebot3_msgs/share/colcon-core/packages/turtlebot3_msgs)
[3.537s] Level 1:colcon.colcon_core.environment:create_environment_scripts_only(dynamixel_sdk_custom_interfaces)
[3.538s] Level 1:colcon.colcon_core.environment:checking '/home/hassan/ros-tuts/patrol_ws/install/dynamixel_sdk_custom_interfaces' for CMake module files
[3.540s] Level 1:colcon.colcon_core.environment:checking '/home/hassan/ros-tuts/patrol_ws/install/dynamixel_sdk_custom_interfaces' for CMake config files
[3.543s] Level 1:colcon.colcon_core.shell:create_environment_hook('dynamixel_sdk_custom_interfaces', 'cmake_prefix_path')
[3.543s] INFO:colcon.colcon_core.shell:Creating environment hook '/home/hassan/ros-tuts/patrol_ws/install/dynamixel_sdk_custom_interfaces/share/dynamixel_sdk_custom_interfaces/hook/cmake_prefix_path.ps1'
[3.545s] INFO:colcon.colcon_core.shell:Creating environment descriptor '/home/hassan/ros-tuts/patrol_ws/install/dynamixel_sdk_custom_interfaces/share/dynamixel_sdk_custom_interfaces/hook/cmake_prefix_path.dsv'
[3.545s] INFO:colcon.colcon_core.shell:Creating environment hook '/home/hassan/ros-tuts/patrol_ws/install/dynamixel_sdk_custom_interfaces/share/dynamixel_sdk_custom_interfaces/hook/cmake_prefix_path.sh'
[3.547s] Level 1:colcon.colcon_core.environment:checking '/home/hassan/ros-tuts/patrol_ws/install/dynamixel_sdk_custom_interfaces/lib'
[3.547s] Level 1:colcon.colcon_core.shell:create_environment_hook('dynamixel_sdk_custom_interfaces', 'ld_library_path_lib')
[3.548s] INFO:colcon.colcon_core.shell:Creating environment hook '/home/hassan/ros-tuts/patrol_ws/install/dynamixel_sdk_custom_interfaces/share/dynamixel_sdk_custom_interfaces/hook/ld_library_path_lib.ps1'
[3.549s] INFO:colcon.colcon_core.shell:Creating environment descriptor '/home/hassan/ros-tuts/patrol_ws/install/dynamixel_sdk_custom_interfaces/share/dynamixel_sdk_custom_interfaces/hook/ld_library_path_lib.dsv'
[3.551s] INFO:colcon.colcon_core.shell:Creating environment hook '/home/hassan/ros-tuts/patrol_ws/install/dynamixel_sdk_custom_interfaces/share/dynamixel_sdk_custom_interfaces/hook/ld_library_path_lib.sh'
[3.552s] Level 1:colcon.colcon_core.environment:checking '/home/hassan/ros-tuts/patrol_ws/install/dynamixel_sdk_custom_interfaces/bin'
[3.552s] Level 1:colcon.colcon_core.environment:checking '/home/hassan/ros-tuts/patrol_ws/install/dynamixel_sdk_custom_interfaces/lib/pkgconfig/dynamixel_sdk_custom_interfaces.pc'
[3.552s] Level 1:colcon.colcon_core.environment:checking '/home/hassan/ros-tuts/patrol_ws/install/dynamixel_sdk_custom_interfaces/lib/python3.10/site-packages'
[3.553s] Level 1:colcon.colcon_core.environment:checking '/home/hassan/ros-tuts/patrol_ws/install/dynamixel_sdk_custom_interfaces/bin'
[3.554s] INFO:colcon.colcon_core.shell:Creating package script '/home/hassan/ros-tuts/patrol_ws/install/dynamixel_sdk_custom_interfaces/share/dynamixel_sdk_custom_interfaces/package.ps1'
[3.556s] INFO:colcon.colcon_core.shell:Creating package descriptor '/home/hassan/ros-tuts/patrol_ws/install/dynamixel_sdk_custom_interfaces/share/dynamixel_sdk_custom_interfaces/package.dsv'
[3.557s] INFO:colcon.colcon_core.shell:Creating package script '/home/hassan/ros-tuts/patrol_ws/install/dynamixel_sdk_custom_interfaces/share/dynamixel_sdk_custom_interfaces/package.sh'
[3.558s] INFO:colcon.colcon_core.shell:Creating package script '/home/hassan/ros-tuts/patrol_ws/install/dynamixel_sdk_custom_interfaces/share/dynamixel_sdk_custom_interfaces/package.bash'
[3.559s] INFO:colcon.colcon_core.shell:Creating package script '/home/hassan/ros-tuts/patrol_ws/install/dynamixel_sdk_custom_interfaces/share/dynamixel_sdk_custom_interfaces/package.zsh'
[3.559s] Level 1:colcon.colcon_core.environment:create_file_with_runtime_dependencies(/home/hassan/ros-tuts/patrol_ws/install/dynamixel_sdk_custom_interfaces/share/colcon-core/packages/dynamixel_sdk_custom_interfaces)
[3.560s] INFO:colcon.colcon_ros.task.ament_cmake.build:Building ROS package in '/home/hassan/ros-tuts/patrol_ws/src/utils/DynamixelSDK/dynamixel_sdk_examples' with build type 'ament_cmake'
[3.560s] INFO:colcon.colcon_cmake.task.cmake.build:Building CMake package in '/home/hassan/ros-tuts/patrol_ws/src/utils/DynamixelSDK/dynamixel_sdk_examples'
[3.561s] INFO:colcon.colcon_core.shell:Skip shell extension 'powershell' for command environment: Not usable outside of PowerShell
[3.561s] DEBUG:colcon.colcon_core.shell:Skip shell extension 'dsv' for command environment
[3.595s] DEBUG:colcon.colcon_core.event_handler.log_command:Invoking command in '/home/hassan/ros-tuts/patrol_ws/build/dynamixel_sdk_examples': CMAKE_PREFIX_PATH=/home/hassan/ros-tuts/patrol_ws/install/dynamixel_sdk_custom_interfaces:/home/hassan/ros-tuts/patrol_ws/install/dynamixel_sdk:/home/hassan/ros-tuts/patrol_ws/install/turtlebot3:/home/hassan/ros-tuts/patrol_ws/install/turtlebot3_simulations:/home/hassan/ros-tuts/patrol_ws/install/turtlebot3_bringup:/home/hassan/ros-tuts/patrol_ws/install/turtlebot3_node:/home/hassan/ros-tuts/patrol_ws/install/turtlebot3_navigation2:/home/hassan/ros-tuts/patrol_ws/install/turtlebot3_fake_node:/home/hassan/ros-tuts/patrol_ws/install/turtlebot3_msgs:/home/hassan/ros-tuts/patrol_ws/install/turtlebot3_gazebo:/home/hassan/ros-tuts/patrol_ws/install/turtlebot3_description:/home/hassan/ros-tuts/patrol_ws/install/turtlebot3_cartographer:/home/hassan/ros-tuts/patrol_ws/install/hls_lfcd_lds_driver:/home/hassan/ros-tuts/patrol_ws/install/dynamixel_sdk_examples:/home/hassan/rosbot_ws/install/ros_bot:/home/hassan/ros-tuts/patrol_ws/install/turtlebot3_teleop:/home/hassan/ros-tuts/patrol_ws/install/turtlebot3_example:/home/hassan/ros-tuts/patrol_ws/install/tb3_sim:/opt/ros/humble LD_LIBRARY_PATH=/home/hassan/ros-tuts/patrol_ws/install/dynamixel_sdk_custom_interfaces/lib:/home/hassan/ros-tuts/patrol_ws/install/dynamixel_sdk/lib:/home/hassan/ros-tuts/patrol_ws/install/turtlebot3_msgs/lib:/usr/lib/x86_64-linux-gnu/gazebo-11/plugins:/opt/ros/humble/opt/rviz_ogre_vendor/lib:/opt/ros/humble/lib/x86_64-linux-gnu:/opt/ros/humble/lib /usr/bin/cmake --build /home/hassan/ros-tuts/patrol_ws/build/dynamixel_sdk_examples -- -j8 -l8
[3.722s] DEBUG:colcon.colcon_core.event_handler.log_command:Invoked command in '/home/hassan/ros-tuts/patrol_ws/build/dynamixel_sdk_examples' returned '0': CMAKE_PREFIX_PATH=/home/hassan/ros-tuts/patrol_ws/install/dynamixel_sdk_custom_interfaces:/home/hassan/ros-tuts/patrol_ws/install/dynamixel_sdk:/home/hassan/ros-tuts/patrol_ws/install/turtlebot3:/home/hassan/ros-tuts/patrol_ws/install/turtlebot3_simulations:/home/hassan/ros-tuts/patrol_ws/install/turtlebot3_bringup:/home/hassan/ros-tuts/patrol_ws/install/turtlebot3_node:/home/hassan/ros-tuts/patrol_ws/install/turtlebot3_navigation2:/home/hassan/ros-tuts/patrol_ws/install/turtlebot3_fake_node:/home/hassan/ros-tuts/patrol_ws/install/turtlebot3_msgs:/home/hassan/ros-tuts/patrol_ws/install/turtlebot3_gazebo:/home/hassan/ros-tuts/patrol_ws/install/turtlebot3_description:/home/hassan/ros-tuts/patrol_ws/install/turtlebot3_cartographer:/home/hassan/ros-tuts/patrol_ws/install/hls_lfcd_lds_driver:/home/hassan/ros-tuts/patrol_ws/install/dynamixel_sdk_examples:/home/hassan/rosbot_ws/install/ros_bot:/home/hassan/ros-tuts/patrol_ws/install/turtlebot3_teleop:/home/hassan/ros-tuts/patrol_ws/install/turtlebot3_example:/home/hassan/ros-tuts/patrol_ws/install/tb3_sim:/opt/ros/humble LD_LIBRARY_PATH=/home/hassan/ros-tuts/patrol_ws/install/dynamixel_sdk_custom_interfaces/lib:/home/hassan/ros-tuts/patrol_ws/install/dynamixel_sdk/lib:/home/hassan/ros-tuts/patrol_ws/install/turtlebot3_msgs/lib:/usr/lib/x86_64-linux-gnu/gazebo-11/plugins:/opt/ros/humble/opt/rviz_ogre_vendor/lib:/opt/ros/humble/lib/x86_64-linux-gnu:/opt/ros/humble/lib /usr/bin/cmake --build /home/hassan/ros-tuts/patrol_ws/build/dynamixel_sdk_examples -- -j8 -l8
[3.762s] DEBUG:colcon.colcon_core.event_handler.log_command:Invoking command in '/home/hassan/ros-tuts/patrol_ws/build/tb3_sim': PYTHONPATH=/home/hassan/ros-tuts/patrol_ws/build/tb3_sim/prefix_override:/usr/lib/python3/dist-packages/colcon_core/task/python/colcon_distutils_commands:/home/hassan/ros-tuts/patrol_ws/install/tb3_sim/lib/python3.10/site-packages:${PYTHONPATH} /usr/bin/python3 -W ignore:setup.py install is deprecated setup.py develop --editable --build-directory /home/hassan/ros-tuts/patrol_ws/build/tb3_sim/build --no-deps symlink_data
[3.790s] DEBUG:colcon.colcon_core.event_handler.log_command:Invoking command in '/home/hassan/ros-tuts/patrol_ws/build/dynamixel_sdk_examples': CMAKE_PREFIX_PATH=/home/hassan/ros-tuts/patrol_ws/install/dynamixel_sdk_custom_interfaces:/home/hassan/ros-tuts/patrol_ws/install/dynamixel_sdk:/home/hassan/ros-tuts/patrol_ws/install/turtlebot3:/home/hassan/ros-tuts/patrol_ws/install/turtlebot3_simulations:/home/hassan/ros-tuts/patrol_ws/install/turtlebot3_bringup:/home/hassan/ros-tuts/patrol_ws/install/turtlebot3_node:/home/hassan/ros-tuts/patrol_ws/install/turtlebot3_navigation2:/home/hassan/ros-tuts/patrol_ws/install/turtlebot3_fake_node:/home/hassan/ros-tuts/patrol_ws/install/turtlebot3_msgs:/home/hassan/ros-tuts/patrol_ws/install/turtlebot3_gazebo:/home/hassan/ros-tuts/patrol_ws/install/turtlebot3_description:/home/hassan/ros-tuts/patrol_ws/install/turtlebot3_cartographer:/home/hassan/ros-tuts/patrol_ws/install/hls_lfcd_lds_driver:/home/hassan/ros-tuts/patrol_ws/install/dynamixel_sdk_examples:/home/hassan/rosbot_ws/install/ros_bot:/home/hassan/ros-tuts/patrol_ws/install/turtlebot3_teleop:/home/hassan/ros-tuts/patrol_ws/install/turtlebot3_example:/home/hassan/ros-tuts/patrol_ws/install/tb3_sim:/opt/ros/humble LD_LIBRARY_PATH=/home/hassan/ros-tuts/patrol_ws/install/dynamixel_sdk_custom_interfaces/lib:/home/hassan/ros-tuts/patrol_ws/install/dynamixel_sdk/lib:/home/hassan/ros-tuts/patrol_ws/install/turtlebot3_msgs/lib:/usr/lib/x86_64-linux-gnu/gazebo-11/plugins:/opt/ros/humble/opt/rviz_ogre_vendor/lib:/opt/ros/humble/lib/x86_64-linux-gnu:/opt/ros/humble/lib /usr/bin/cmake --install /home/hassan/ros-tuts/patrol_ws/build/dynamixel_sdk_examples
[3.802s] DEBUG:colcon.colcon_core.event_handler.log_command:Invoking command in '/home/hassan/ros-tuts/patrol_ws/build/turtlebot3_teleop': PYTHONPATH=/home/hassan/ros-tuts/patrol_ws/build/turtlebot3_teleop/prefix_override:/usr/lib/python3/dist-packages/colcon_core/task/python/colcon_distutils_commands:/home/hassan/ros-tuts/patrol_ws/install/turtlebot3_teleop/lib/python3.10/site-packages:${PYTHONPATH} /usr/bin/python3 -W ignore:setup.py install is deprecated setup.py develop --editable --build-directory /home/hassan/ros-tuts/patrol_ws/build/turtlebot3_teleop/build --no-deps symlink_data
[3.837s] Level 1:colcon.colcon_core.environment:create_environment_scripts_only(dynamixel_sdk_examples)
[3.837s] Level 1:colcon.colcon_core.environment:checking '/home/hassan/ros-tuts/patrol_ws/install/dynamixel_sdk_examples' for CMake module files
[3.838s] DEBUG:colcon.colcon_core.event_handler.log_command:Invoked command in '/home/hassan/ros-tuts/patrol_ws/build/dynamixel_sdk_examples' returned '0': CMAKE_PREFIX_PATH=/home/hassan/ros-tuts/patrol_ws/install/dynamixel_sdk_custom_interfaces:/home/hassan/ros-tuts/patrol_ws/install/dynamixel_sdk:/home/hassan/ros-tuts/patrol_ws/install/turtlebot3:/home/hassan/ros-tuts/patrol_ws/install/turtlebot3_simulations:/home/hassan/ros-tuts/patrol_ws/install/turtlebot3_bringup:/home/hassan/ros-tuts/patrol_ws/install/turtlebot3_node:/home/hassan/ros-tuts/patrol_ws/install/turtlebot3_navigation2:/home/hassan/ros-tuts/patrol_ws/install/turtlebot3_fake_node:/home/hassan/ros-tuts/patrol_ws/install/turtlebot3_msgs:/home/hassan/ros-tuts/patrol_ws/install/turtlebot3_gazebo:/home/hassan/ros-tuts/patrol_ws/install/turtlebot3_description:/home/hassan/ros-tuts/patrol_ws/install/turtlebot3_cartographer:/home/hassan/ros-tuts/patrol_ws/install/hls_lfcd_lds_driver:/home/hassan/ros-tuts/patrol_ws/install/dynamixel_sdk_examples:/home/hassan/rosbot_ws/install/ros_bot:/home/hassan/ros-tuts/patrol_ws/install/turtlebot3_teleop:/home/hassan/ros-tuts/patrol_ws/install/turtlebot3_example:/home/hassan/ros-tuts/patrol_ws/install/tb3_sim:/opt/ros/humble LD_LIBRARY_PATH=/home/hassan/ros-tuts/patrol_ws/install/dynamixel_sdk_custom_interfaces/lib:/home/hassan/ros-tuts/patrol_ws/install/dynamixel_sdk/lib:/home/hassan/ros-tuts/patrol_ws/install/turtlebot3_msgs/lib:/usr/lib/x86_64-linux-gnu/gazebo-11/plugins:/opt/ros/humble/opt/rviz_ogre_vendor/lib:/opt/ros/humble/lib/x86_64-linux-gnu:/opt/ros/humble/lib /usr/bin/cmake --install /home/hassan/ros-tuts/patrol_ws/build/dynamixel_sdk_examples
[3.839s] Level 1:colcon.colcon_core.environment:checking '/home/hassan/ros-tuts/patrol_ws/install/dynamixel_sdk_examples' for CMake config files
[3.840s] Level 1:colcon.colcon_core.shell:create_environment_hook('dynamixel_sdk_examples', 'cmake_prefix_path')
[3.840s] INFO:colcon.colcon_core.shell:Creating environment hook '/home/hassan/ros-tuts/patrol_ws/install/dynamixel_sdk_examples/share/dynamixel_sdk_examples/hook/cmake_prefix_path.ps1'
[3.841s] INFO:colcon.colcon_core.shell:Creating environment descriptor '/home/hassan/ros-tuts/patrol_ws/install/dynamixel_sdk_examples/share/dynamixel_sdk_examples/hook/cmake_prefix_path.dsv'
[3.842s] INFO:colcon.colcon_core.shell:Creating environment hook '/home/hassan/ros-tuts/patrol_ws/install/dynamixel_sdk_examples/share/dynamixel_sdk_examples/hook/cmake_prefix_path.sh'
[3.843s] Level 1:colcon.colcon_core.environment:checking '/home/hassan/ros-tuts/patrol_ws/install/dynamixel_sdk_examples/lib'
[3.843s] Level 1:colcon.colcon_core.environment:checking '/home/hassan/ros-tuts/patrol_ws/install/dynamixel_sdk_examples/bin'
[3.843s] Level 1:colcon.colcon_core.environment:checking '/home/hassan/ros-tuts/patrol_ws/install/dynamixel_sdk_examples/lib/pkgconfig/dynamixel_sdk_examples.pc'
[3.844s] Level 1:colcon.colcon_core.environment:checking '/home/hassan/ros-tuts/patrol_ws/install/dynamixel_sdk_examples/lib/python3.10/site-packages'
[3.844s] Level 1:colcon.colcon_core.environment:checking '/home/hassan/ros-tuts/patrol_ws/install/dynamixel_sdk_examples/bin'
[3.845s] INFO:colcon.colcon_core.shell:Creating package script '/home/hassan/ros-tuts/patrol_ws/install/dynamixel_sdk_examples/share/dynamixel_sdk_examples/package.ps1'
[3.846s] INFO:colcon.colcon_core.shell:Creating package descriptor '/home/hassan/ros-tuts/patrol_ws/install/dynamixel_sdk_examples/share/dynamixel_sdk_examples/package.dsv'
[3.847s] INFO:colcon.colcon_core.shell:Creating package script '/home/hassan/ros-tuts/patrol_ws/install/dynamixel_sdk_examples/share/dynamixel_sdk_examples/package.sh'
[3.847s] INFO:colcon.colcon_core.shell:Creating package script '/home/hassan/ros-tuts/patrol_ws/install/dynamixel_sdk_examples/share/dynamixel_sdk_examples/package.bash'
[3.848s] INFO:colcon.colcon_core.shell:Creating package script '/home/hassan/ros-tuts/patrol_ws/install/dynamixel_sdk_examples/share/dynamixel_sdk_examples/package.zsh'
[3.849s] Level 1:colcon.colcon_core.environment:create_file_with_runtime_dependencies(/home/hassan/ros-tuts/patrol_ws/install/dynamixel_sdk_examples/share/colcon-core/packages/dynamixel_sdk_examples)
[3.886s] Level 1:colcon.colcon_core.environment:create_environment_scripts_only(turtlebot3_msgs)
[3.886s] Level 1:colcon.colcon_core.environment:checking '/home/hassan/ros-tuts/patrol_ws/install/turtlebot3_msgs' for CMake module files
[3.888s] Level 1:colcon.colcon_core.environment:checking '/home/hassan/ros-tuts/patrol_ws/install/turtlebot3_msgs' for CMake config files
[3.890s] Level 1:colcon.colcon_core.shell:create_environment_hook('turtlebot3_msgs', 'cmake_prefix_path')
[3.890s] INFO:colcon.colcon_core.shell:Creating environment hook '/home/hassan/ros-tuts/patrol_ws/install/turtlebot3_msgs/share/turtlebot3_msgs/hook/cmake_prefix_path.ps1'
[3.891s] INFO:colcon.colcon_core.shell:Creating environment descriptor '/home/hassan/ros-tuts/patrol_ws/install/turtlebot3_msgs/share/turtlebot3_msgs/hook/cmake_prefix_path.dsv'
[3.892s] INFO:colcon.colcon_core.shell:Creating environment hook '/home/hassan/ros-tuts/patrol_ws/install/turtlebot3_msgs/share/turtlebot3_msgs/hook/cmake_prefix_path.sh'
[3.893s] Level 1:colcon.colcon_core.environment:checking '/home/hassan/ros-tuts/patrol_ws/install/turtlebot3_msgs/lib'
[3.893s] Level 1:colcon.colcon_core.shell:create_environment_hook('turtlebot3_msgs', 'ld_library_path_lib')
[3.894s] INFO:colcon.colcon_core.shell:Creating environment hook '/home/hassan/ros-tuts/patrol_ws/install/turtlebot3_msgs/share/turtlebot3_msgs/hook/ld_library_path_lib.ps1'
[3.894s] INFO:colcon.colcon_core.shell:Creating environment descriptor '/home/hassan/ros-tuts/patrol_ws/install/turtlebot3_msgs/share/turtlebot3_msgs/hook/ld_library_path_lib.dsv'
[3.895s] INFO:colcon.colcon_core.shell:Creating environment hook '/home/hassan/ros-tuts/patrol_ws/install/turtlebot3_msgs/share/turtlebot3_msgs/hook/ld_library_path_lib.sh'
[3.896s] Level 1:colcon.colcon_core.environment:checking '/home/hassan/ros-tuts/patrol_ws/install/turtlebot3_msgs/bin'
[3.897s] Level 1:colcon.colcon_core.environment:checking '/home/hassan/ros-tuts/patrol_ws/install/turtlebot3_msgs/lib/pkgconfig/turtlebot3_msgs.pc'
[3.897s] Level 1:colcon.colcon_core.environment:checking '/home/hassan/ros-tuts/patrol_ws/install/turtlebot3_msgs/lib/python3.10/site-packages'
[3.898s] Level 1:colcon.colcon_core.environment:checking '/home/hassan/ros-tuts/patrol_ws/install/turtlebot3_msgs/bin'
[3.898s] INFO:colcon.colcon_core.shell:Creating package script '/home/hassan/ros-tuts/patrol_ws/install/turtlebot3_msgs/share/turtlebot3_msgs/package.ps1'
[3.899s] INFO:colcon.colcon_core.shell:Creating package descriptor '/home/hassan/ros-tuts/patrol_ws/install/turtlebot3_msgs/share/turtlebot3_msgs/package.dsv'
[3.900s] INFO:colcon.colcon_core.shell:Creating package script '/home/hassan/ros-tuts/patrol_ws/install/turtlebot3_msgs/share/turtlebot3_msgs/package.sh'
[3.901s] INFO:colcon.colcon_core.shell:Creating package script '/home/hassan/ros-tuts/patrol_ws/install/turtlebot3_msgs/share/turtlebot3_msgs/package.bash'
[3.902s] INFO:colcon.colcon_core.shell:Creating package script '/home/hassan/ros-tuts/patrol_ws/install/turtlebot3_msgs/share/turtlebot3_msgs/package.zsh'
[3.903s] Level 1:colcon.colcon_core.environment:create_file_with_runtime_dependencies(/home/hassan/ros-tuts/patrol_ws/install/turtlebot3_msgs/share/colcon-core/packages/turtlebot3_msgs)
[3.904s] INFO:colcon.colcon_ros.task.ament_cmake.build:Building ROS package in '/home/hassan/ros-tuts/patrol_ws/src/turtlebot3/turtlebot3/turtlebot3_node' with build type 'ament_cmake'
[3.904s] INFO:colcon.colcon_cmake.task.cmake.build:Building CMake package in '/home/hassan/ros-tuts/patrol_ws/src/turtlebot3/turtlebot3/turtlebot3_node'
[3.905s] INFO:colcon.colcon_core.shell:Skip shell extension 'powershell' for command environment: Not usable outside of PowerShell
[3.905s] DEBUG:colcon.colcon_core.shell:Skip shell extension 'dsv' for command environment
[3.913s] INFO:colcon.colcon_ros.task.ament_python.build:Building ROS package in '/home/hassan/ros-tuts/patrol_ws/src/turtlebot3/turtlebot3/turtlebot3_example' with build type 'ament_python'
[3.914s] Level 1:colcon.colcon_core.shell:create_environment_hook('turtlebot3_example', 'ament_prefix_path')
[3.915s] INFO:colcon.colcon_core.shell:Creating environment hook '/home/hassan/ros-tuts/patrol_ws/install/turtlebot3_example/share/turtlebot3_example/hook/ament_prefix_path.ps1'
[3.916s] INFO:colcon.colcon_core.shell:Creating environment descriptor '/home/hassan/ros-tuts/patrol_ws/install/turtlebot3_example/share/turtlebot3_example/hook/ament_prefix_path.dsv'
[3.917s] INFO:colcon.colcon_core.shell:Creating environment hook '/home/hassan/ros-tuts/patrol_ws/install/turtlebot3_example/share/turtlebot3_example/hook/ament_prefix_path.sh'
[3.918s] INFO:colcon.colcon_core.shell:Skip shell extension 'powershell' for command environment: Not usable outside of PowerShell
[3.919s] DEBUG:colcon.colcon_core.shell:Skip shell extension 'dsv' for command environment
[3.930s] INFO:colcon.colcon_ros.task.ament_cmake.build:Building ROS package in '/home/hassan/ros-tuts/patrol_ws/src/turtlebot3/turtlebot3_simulations/turtlebot3_fake_node' with build type 'ament_cmake'
[3.931s] INFO:colcon.colcon_cmake.task.cmake.build:Building CMake package in '/home/hassan/ros-tuts/patrol_ws/src/turtlebot3/turtlebot3_simulations/turtlebot3_fake_node'
[3.932s] INFO:colcon.colcon_core.shell:Skip shell extension 'powershell' for command environment: Not usable outside of PowerShell
[3.932s] DEBUG:colcon.colcon_core.shell:Skip shell extension 'dsv' for command environment
[3.946s] Level 1:colcon.colcon_core.environment:create_environment_scripts_only(dynamixel_sdk_examples)
[3.946s] Level 1:colcon.colcon_core.environment:checking '/home/hassan/ros-tuts/patrol_ws/install/dynamixel_sdk_examples' for CMake module files
[3.948s] Level 1:colcon.colcon_core.environment:checking '/home/hassan/ros-tuts/patrol_ws/install/dynamixel_sdk_examples' for CMake config files
[3.948s] Level 1:colcon.colcon_core.shell:create_environment_hook('dynamixel_sdk_examples', 'cmake_prefix_path')
[3.949s] INFO:colcon.colcon_core.shell:Creating environment hook '/home/hassan/ros-tuts/patrol_ws/install/dynamixel_sdk_examples/share/dynamixel_sdk_examples/hook/cmake_prefix_path.ps1'
[3.950s] INFO:colcon.colcon_core.shell:Creating environment descriptor '/home/hassan/ros-tuts/patrol_ws/install/dynamixel_sdk_examples/share/dynamixel_sdk_examples/hook/cmake_prefix_path.dsv'
[3.950s] INFO:colcon.colcon_core.shell:Creating environment hook '/home/hassan/ros-tuts/patrol_ws/install/dynamixel_sdk_examples/share/dynamixel_sdk_examples/hook/cmake_prefix_path.sh'
[3.952s] Level 1:colcon.colcon_core.environment:checking '/home/hassan/ros-tuts/patrol_ws/install/dynamixel_sdk_examples/lib'
[3.952s] Level 1:colcon.colcon_core.environment:checking '/home/hassan/ros-tuts/patrol_ws/install/dynamixel_sdk_examples/bin'
[3.952s] Level 1:colcon.colcon_core.environment:checking '/home/hassan/ros-tuts/patrol_ws/install/dynamixel_sdk_examples/lib/pkgconfig/dynamixel_sdk_examples.pc'
[3.952s] Level 1:colcon.colcon_core.environment:checking '/home/hassan/ros-tuts/patrol_ws/install/dynamixel_sdk_examples/lib/python3.10/site-packages'
[3.953s] Level 1:colcon.colcon_core.environment:checking '/home/hassan/ros-tuts/patrol_ws/install/dynamixel_sdk_examples/bin'
[3.953s] INFO:colcon.colcon_core.shell:Creating package script '/home/hassan/ros-tuts/patrol_ws/install/dynamixel_sdk_examples/share/dynamixel_sdk_examples/package.ps1'
[3.954s] INFO:colcon.colcon_core.shell:Creating package descriptor '/home/hassan/ros-tuts/patrol_ws/install/dynamixel_sdk_examples/share/dynamixel_sdk_examples/package.dsv'
[3.956s] INFO:colcon.colcon_core.shell:Creating package script '/home/hassan/ros-tuts/patrol_ws/install/dynamixel_sdk_examples/share/dynamixel_sdk_examples/package.sh'
[3.957s] INFO:colcon.colcon_core.shell:Creating package script '/home/hassan/ros-tuts/patrol_ws/install/dynamixel_sdk_examples/share/dynamixel_sdk_examples/package.bash'
[3.958s] INFO:colcon.colcon_core.shell:Creating package script '/home/hassan/ros-tuts/patrol_ws/install/dynamixel_sdk_examples/share/dynamixel_sdk_examples/package.zsh'
[3.959s] Level 1:colcon.colcon_core.environment:create_file_with_runtime_dependencies(/home/hassan/ros-tuts/patrol_ws/install/dynamixel_sdk_examples/share/colcon-core/packages/dynamixel_sdk_examples)
[3.971s] DEBUG:colcon.colcon_core.event_handler.log_command:Invoking command in '/home/hassan/ros-tuts/patrol_ws/build/turtlebot3_node': CMAKE_PREFIX_PATH=/home/hassan/ros-tuts/patrol_ws/install/turtlebot3_msgs:/home/hassan/ros-tuts/patrol_ws/install/dynamixel_sdk:/home/hassan/ros-tuts/patrol_ws/install/turtlebot3:/home/hassan/ros-tuts/patrol_ws/install/turtlebot3_simulations:/home/hassan/ros-tuts/patrol_ws/install/turtlebot3_bringup:/home/hassan/ros-tuts/patrol_ws/install/turtlebot3_node:/home/hassan/ros-tuts/patrol_ws/install/turtlebot3_navigation2:/home/hassan/ros-tuts/patrol_ws/install/turtlebot3_fake_node:/home/hassan/ros-tuts/patrol_ws/install/turtlebot3_gazebo:/home/hassan/ros-tuts/patrol_ws/install/turtlebot3_description:/home/hassan/ros-tuts/patrol_ws/install/turtlebot3_cartographer:/home/hassan/ros-tuts/patrol_ws/install/hls_lfcd_lds_driver:/home/hassan/ros-tuts/patrol_ws/install/dynamixel_sdk_examples:/home/hassan/ros-tuts/patrol_ws/install/dynamixel_sdk_custom_interfaces:/home/hassan/rosbot_ws/install/ros_bot:/home/hassan/ros-tuts/patrol_ws/install/turtlebot3_teleop:/home/hassan/ros-tuts/patrol_ws/install/turtlebot3_example:/home/hassan/ros-tuts/patrol_ws/install/tb3_sim:/opt/ros/humble LD_LIBRARY_PATH=/home/hassan/ros-tuts/patrol_ws/install/turtlebot3_msgs/lib:/home/hassan/ros-tuts/patrol_ws/install/dynamixel_sdk/lib:/home/hassan/ros-tuts/patrol_ws/install/dynamixel_sdk_custom_interfaces/lib:/usr/lib/x86_64-linux-gnu/gazebo-11/plugins:/opt/ros/humble/opt/rviz_ogre_vendor/lib:/opt/ros/humble/lib/x86_64-linux-gnu:/opt/ros/humble/lib /usr/bin/cmake --build /home/hassan/ros-tuts/patrol_ws/build/turtlebot3_node -- -j8 -l8
[4.488s] INFO:colcon.colcon_core.task.python.build:Building Python package in '/home/hassan/ros-tuts/patrol_ws/src/turtlebot3/turtlebot3/turtlebot3_example'
[4.489s] INFO:colcon.colcon_core.shell:Skip shell extension 'powershell' for command environment: Not usable outside of PowerShell
[4.489s] DEBUG:colcon.colcon_core.shell:Skip shell extension 'dsv' for command environment
[4.512s] DEBUG:colcon.colcon_core.event_handler.log_command:Invoking command in '/home/hassan/ros-tuts/patrol_ws/build/turtlebot3_fake_node': CMAKE_PREFIX_PATH=/home/hassan/ros-tuts/patrol_ws/install/turtlebot3_msgs:/home/hassan/ros-tuts/patrol_ws/install/turtlebot3:/home/hassan/ros-tuts/patrol_ws/install/turtlebot3_simulations:/home/hassan/ros-tuts/patrol_ws/install/turtlebot3_bringup:/home/hassan/ros-tuts/patrol_ws/install/turtlebot3_node:/home/hassan/ros-tuts/patrol_ws/install/turtlebot3_navigation2:/home/hassan/ros-tuts/patrol_ws/install/turtlebot3_fake_node:/home/hassan/ros-tuts/patrol_ws/install/turtlebot3_gazebo:/home/hassan/ros-tuts/patrol_ws/install/turtlebot3_description:/home/hassan/ros-tuts/patrol_ws/install/turtlebot3_cartographer:/home/hassan/ros-tuts/patrol_ws/install/hls_lfcd_lds_driver:/home/hassan/ros-tuts/patrol_ws/install/dynamixel_sdk_examples:/home/hassan/ros-tuts/patrol_ws/install/dynamixel_sdk_custom_interfaces:/home/hassan/ros-tuts/patrol_ws/install/dynamixel_sdk:/home/hassan/rosbot_ws/install/ros_bot:/home/hassan/ros-tuts/patrol_ws/install/turtlebot3_teleop:/home/hassan/ros-tuts/patrol_ws/install/turtlebot3_example:/home/hassan/ros-tuts/patrol_ws/install/tb3_sim:/opt/ros/humble /usr/bin/cmake --build /home/hassan/ros-tuts/patrol_ws/build/turtlebot3_fake_node -- -j8 -l8
[4.515s] DEBUG:colcon.colcon_core.event_handler.log_command:Invoked command in '/home/hassan/ros-tuts/patrol_ws/build/turtlebot3_node' returned '0': CMAKE_PREFIX_PATH=/home/hassan/ros-tuts/patrol_ws/install/turtlebot3_msgs:/home/hassan/ros-tuts/patrol_ws/install/dynamixel_sdk:/home/hassan/ros-tuts/patrol_ws/install/turtlebot3:/home/hassan/ros-tuts/patrol_ws/install/turtlebot3_simulations:/home/hassan/ros-tuts/patrol_ws/install/turtlebot3_bringup:/home/hassan/ros-tuts/patrol_ws/install/turtlebot3_node:/home/hassan/ros-tuts/patrol_ws/install/turtlebot3_navigation2:/home/hassan/ros-tuts/patrol_ws/install/turtlebot3_fake_node:/home/hassan/ros-tuts/patrol_ws/install/turtlebot3_gazebo:/home/hassan/ros-tuts/patrol_ws/install/turtlebot3_description:/home/hassan/ros-tuts/patrol_ws/install/turtlebot3_cartographer:/home/hassan/ros-tuts/patrol_ws/install/hls_lfcd_lds_driver:/home/hassan/ros-tuts/patrol_ws/install/dynamixel_sdk_examples:/home/hassan/ros-tuts/patrol_ws/install/dynamixel_sdk_custom_interfaces:/home/hassan/rosbot_ws/install/ros_bot:/home/hassan/ros-tuts/patrol_ws/install/turtlebot3_teleop:/home/hassan/ros-tuts/patrol_ws/install/turtlebot3_example:/home/hassan/ros-tuts/patrol_ws/install/tb3_sim:/opt/ros/humble LD_LIBRARY_PATH=/home/hassan/ros-tuts/patrol_ws/install/turtlebot3_msgs/lib:/home/hassan/ros-tuts/patrol_ws/install/dynamixel_sdk/lib:/home/hassan/ros-tuts/patrol_ws/install/dynamixel_sdk_custom_interfaces/lib:/usr/lib/x86_64-linux-gnu/gazebo-11/plugins:/opt/ros/humble/opt/rviz_ogre_vendor/lib:/opt/ros/humble/lib/x86_64-linux-gnu:/opt/ros/humble/lib /usr/bin/cmake --build /home/hassan/ros-tuts/patrol_ws/build/turtlebot3_node -- -j8 -l8
[4.648s] DEBUG:colcon.colcon_core.event_handler.log_command:Invoking command in '/home/hassan/ros-tuts/patrol_ws/build/turtlebot3_node': CMAKE_PREFIX_PATH=/home/hassan/ros-tuts/patrol_ws/install/turtlebot3_msgs:/home/hassan/ros-tuts/patrol_ws/install/dynamixel_sdk:/home/hassan/ros-tuts/patrol_ws/install/turtlebot3:/home/hassan/ros-tuts/patrol_ws/install/turtlebot3_simulations:/home/hassan/ros-tuts/patrol_ws/install/turtlebot3_bringup:/home/hassan/ros-tuts/patrol_ws/install/turtlebot3_node:/home/hassan/ros-tuts/patrol_ws/install/turtlebot3_navigation2:/home/hassan/ros-tuts/patrol_ws/install/turtlebot3_fake_node:/home/hassan/ros-tuts/patrol_ws/install/turtlebot3_gazebo:/home/hassan/ros-tuts/patrol_ws/install/turtlebot3_description:/home/hassan/ros-tuts/patrol_ws/install/turtlebot3_cartographer:/home/hassan/ros-tuts/patrol_ws/install/hls_lfcd_lds_driver:/home/hassan/ros-tuts/patrol_ws/install/dynamixel_sdk_examples:/home/hassan/ros-tuts/patrol_ws/install/dynamixel_sdk_custom_interfaces:/home/hassan/rosbot_ws/install/ros_bot:/home/hassan/ros-tuts/patrol_ws/install/turtlebot3_teleop:/home/hassan/ros-tuts/patrol_ws/install/turtlebot3_example:/home/hassan/ros-tuts/patrol_ws/install/tb3_sim:/opt/ros/humble LD_LIBRARY_PATH=/home/hassan/ros-tuts/patrol_ws/install/turtlebot3_msgs/lib:/home/hassan/ros-tuts/patrol_ws/install/dynamixel_sdk/lib:/home/hassan/ros-tuts/patrol_ws/install/dynamixel_sdk_custom_interfaces/lib:/usr/lib/x86_64-linux-gnu/gazebo-11/plugins:/opt/ros/humble/opt/rviz_ogre_vendor/lib:/opt/ros/humble/lib/x86_64-linux-gnu:/opt/ros/humble/lib /usr/bin/cmake --install /home/hassan/ros-tuts/patrol_ws/build/turtlebot3_node
[4.658s] DEBUG:colcon.colcon_core.event_handler.log_command:Invoked command in '/home/hassan/ros-tuts/patrol_ws/build/turtlebot3_fake_node' returned '0': CMAKE_PREFIX_PATH=/home/hassan/ros-tuts/patrol_ws/install/turtlebot3_msgs:/home/hassan/ros-tuts/patrol_ws/install/turtlebot3:/home/hassan/ros-tuts/patrol_ws/install/turtlebot3_simulations:/home/hassan/ros-tuts/patrol_ws/install/turtlebot3_bringup:/home/hassan/ros-tuts/patrol_ws/install/turtlebot3_node:/home/hassan/ros-tuts/patrol_ws/install/turtlebot3_navigation2:/home/hassan/ros-tuts/patrol_ws/install/turtlebot3_fake_node:/home/hassan/ros-tuts/patrol_ws/install/turtlebot3_gazebo:/home/hassan/ros-tuts/patrol_ws/install/turtlebot3_description:/home/hassan/ros-tuts/patrol_ws/install/turtlebot3_cartographer:/home/hassan/ros-tuts/patrol_ws/install/hls_lfcd_lds_driver:/home/hassan/ros-tuts/patrol_ws/install/dynamixel_sdk_examples:/home/hassan/ros-tuts/patrol_ws/install/dynamixel_sdk_custom_interfaces:/home/hassan/ros-tuts/patrol_ws/install/dynamixel_sdk:/home/hassan/rosbot_ws/install/ros_bot:/home/hassan/ros-tuts/patrol_ws/install/turtlebot3_teleop:/home/hassan/ros-tuts/patrol_ws/install/turtlebot3_example:/home/hassan/ros-tuts/patrol_ws/install/tb3_sim:/opt/ros/humble /usr/bin/cmake --build /home/hassan/ros-tuts/patrol_ws/build/turtlebot3_fake_node -- -j8 -l8
[4.705s] Level 1:colcon.colcon_core.environment:create_environment_scripts_only(turtlebot3_node)
[4.706s] DEBUG:colcon.colcon_core.event_handler.log_command:Invoked command in '/home/hassan/ros-tuts/patrol_ws/build/turtlebot3_node' returned '0': CMAKE_PREFIX_PATH=/home/hassan/ros-tuts/patrol_ws/install/turtlebot3_msgs:/home/hassan/ros-tuts/patrol_ws/install/dynamixel_sdk:/home/hassan/ros-tuts/patrol_ws/install/turtlebot3:/home/hassan/ros-tuts/patrol_ws/install/turtlebot3_simulations:/home/hassan/ros-tuts/patrol_ws/install/turtlebot3_bringup:/home/hassan/ros-tuts/patrol_ws/install/turtlebot3_node:/home/hassan/ros-tuts/patrol_ws/install/turtlebot3_navigation2:/home/hassan/ros-tuts/patrol_ws/install/turtlebot3_fake_node:/home/hassan/ros-tuts/patrol_ws/install/turtlebot3_gazebo:/home/hassan/ros-tuts/patrol_ws/install/turtlebot3_description:/home/hassan/ros-tuts/patrol_ws/install/turtlebot3_cartographer:/home/hassan/ros-tuts/patrol_ws/install/hls_lfcd_lds_driver:/home/hassan/ros-tuts/patrol_ws/install/dynamixel_sdk_examples:/home/hassan/ros-tuts/patrol_ws/install/dynamixel_sdk_custom_interfaces:/home/hassan/rosbot_ws/install/ros_bot:/home/hassan/ros-tuts/patrol_ws/install/turtlebot3_teleop:/home/hassan/ros-tuts/patrol_ws/install/turtlebot3_example:/home/hassan/ros-tuts/patrol_ws/install/tb3_sim:/opt/ros/humble LD_LIBRARY_PATH=/home/hassan/ros-tuts/patrol_ws/install/turtlebot3_msgs/lib:/home/hassan/ros-tuts/patrol_ws/install/dynamixel_sdk/lib:/home/hassan/ros-tuts/patrol_ws/install/dynamixel_sdk_custom_interfaces/lib:/usr/lib/x86_64-linux-gnu/gazebo-11/plugins:/opt/ros/humble/opt/rviz_ogre_vendor/lib:/opt/ros/humble/lib/x86_64-linux-gnu:/opt/ros/humble/lib /usr/bin/cmake --install /home/hassan/ros-tuts/patrol_ws/build/turtlebot3_node
[4.707s] Level 1:colcon.colcon_core.environment:checking '/home/hassan/ros-tuts/patrol_ws/install/turtlebot3_node' for CMake module files
[4.708s] Level 1:colcon.colcon_core.environment:checking '/home/hassan/ros-tuts/patrol_ws/install/turtlebot3_node' for CMake config files
[4.709s] Level 1:colcon.colcon_core.shell:create_environment_hook('turtlebot3_node', 'cmake_prefix_path')
[4.710s] INFO:colcon.colcon_core.shell:Creating environment hook '/home/hassan/ros-tuts/patrol_ws/install/turtlebot3_node/share/turtlebot3_node/hook/cmake_prefix_path.ps1'
[4.712s] INFO:colcon.colcon_core.shell:Creating environment descriptor '/home/hassan/ros-tuts/patrol_ws/install/turtlebot3_node/share/turtlebot3_node/hook/cmake_prefix_path.dsv'
[4.714s] INFO:colcon.colcon_core.shell:Creating environment hook '/home/hassan/ros-tuts/patrol_ws/install/turtlebot3_node/share/turtlebot3_node/hook/cmake_prefix_path.sh'
[4.715s] Level 1:colcon.colcon_core.environment:checking '/home/hassan/ros-tuts/patrol_ws/install/turtlebot3_node/lib'
[4.716s] Level 1:colcon.colcon_core.environment:checking '/home/hassan/ros-tuts/patrol_ws/install/turtlebot3_node/bin'
[4.716s] Level 1:colcon.colcon_core.environment:checking '/home/hassan/ros-tuts/patrol_ws/install/turtlebot3_node/lib/pkgconfig/turtlebot3_node.pc'
[4.717s] Level 1:colcon.colcon_core.environment:checking '/home/hassan/ros-tuts/patrol_ws/install/turtlebot3_node/lib/python3.10/site-packages'
[4.717s] Level 1:colcon.colcon_core.environment:checking '/home/hassan/ros-tuts/patrol_ws/install/turtlebot3_node/bin'
[4.718s] INFO:colcon.colcon_core.shell:Creating package script '/home/hassan/ros-tuts/patrol_ws/install/turtlebot3_node/share/turtlebot3_node/package.ps1'
[4.721s] INFO:colcon.colcon_core.shell:Creating package descriptor '/home/hassan/ros-tuts/patrol_ws/install/turtlebot3_node/share/turtlebot3_node/package.dsv'
[4.722s] INFO:colcon.colcon_core.shell:Creating package script '/home/hassan/ros-tuts/patrol_ws/install/turtlebot3_node/share/turtlebot3_node/package.sh'
[4.724s] INFO:colcon.colcon_core.shell:Creating package script '/home/hassan/ros-tuts/patrol_ws/install/turtlebot3_node/share/turtlebot3_node/package.bash'
[4.726s] INFO:colcon.colcon_core.shell:Creating package script '/home/hassan/ros-tuts/patrol_ws/install/turtlebot3_node/share/turtlebot3_node/package.zsh'
[4.727s] Level 1:colcon.colcon_core.environment:create_file_with_runtime_dependencies(/home/hassan/ros-tuts/patrol_ws/install/turtlebot3_node/share/colcon-core/packages/turtlebot3_node)
[4.733s] DEBUG:colcon.colcon_core.event_handler.log_command:Invoking command in '/home/hassan/ros-tuts/patrol_ws/build/turtlebot3_fake_node': CMAKE_PREFIX_PATH=/home/hassan/ros-tuts/patrol_ws/install/turtlebot3_msgs:/home/hassan/ros-tuts/patrol_ws/install/turtlebot3:/home/hassan/ros-tuts/patrol_ws/install/turtlebot3_simulations:/home/hassan/ros-tuts/patrol_ws/install/turtlebot3_bringup:/home/hassan/ros-tuts/patrol_ws/install/turtlebot3_node:/home/hassan/ros-tuts/patrol_ws/install/turtlebot3_navigation2:/home/hassan/ros-tuts/patrol_ws/install/turtlebot3_fake_node:/home/hassan/ros-tuts/patrol_ws/install/turtlebot3_gazebo:/home/hassan/ros-tuts/patrol_ws/install/turtlebot3_description:/home/hassan/ros-tuts/patrol_ws/install/turtlebot3_cartographer:/home/hassan/ros-tuts/patrol_ws/install/hls_lfcd_lds_driver:/home/hassan/ros-tuts/patrol_ws/install/dynamixel_sdk_examples:/home/hassan/ros-tuts/patrol_ws/install/dynamixel_sdk_custom_interfaces:/home/hassan/ros-tuts/patrol_ws/install/dynamixel_sdk:/home/hassan/rosbot_ws/install/ros_bot:/home/hassan/ros-tuts/patrol_ws/install/turtlebot3_teleop:/home/hassan/ros-tuts/patrol_ws/install/turtlebot3_example:/home/hassan/ros-tuts/patrol_ws/install/tb3_sim:/opt/ros/humble /usr/bin/cmake --install /home/hassan/ros-tuts/patrol_ws/build/turtlebot3_fake_node
[4.787s] Level 1:colcon.colcon_core.shell:create_environment_hook('tb3_sim', 'pythonpath_develop')
[4.788s] INFO:colcon.colcon_core.shell:Creating environment hook '/home/hassan/ros-tuts/patrol_ws/build/tb3_sim/share/tb3_sim/hook/pythonpath_develop.ps1'
[4.790s] DEBUG:colcon.colcon_core.event_handler.log_command:Invoked command in '/home/hassan/ros-tuts/patrol_ws/build/tb3_sim' returned '0': PYTHONPATH=/home/hassan/ros-tuts/patrol_ws/build/tb3_sim/prefix_override:/usr/lib/python3/dist-packages/colcon_core/task/python/colcon_distutils_commands:/home/hassan/ros-tuts/patrol_ws/install/tb3_sim/lib/python3.10/site-packages:${PYTHONPATH} /usr/bin/python3 -W ignore:setup.py install is deprecated setup.py develop --editable --build-directory /home/hassan/ros-tuts/patrol_ws/build/tb3_sim/build --no-deps symlink_data
[4.790s] INFO:colcon.colcon_core.shell:Creating environment descriptor '/home/hassan/ros-tuts/patrol_ws/build/tb3_sim/share/tb3_sim/hook/pythonpath_develop.dsv'
[4.791s] INFO:colcon.colcon_core.shell:Creating environment hook '/home/hassan/ros-tuts/patrol_ws/build/tb3_sim/share/tb3_sim/hook/pythonpath_develop.sh'
[4.793s] Level 1:colcon.colcon_core.environment:checking '/home/hassan/ros-tuts/patrol_ws/install/tb3_sim' for CMake module files
[4.794s] Level 1:colcon.colcon_core.environment:checking '/home/hassan/ros-tuts/patrol_ws/install/tb3_sim' for CMake config files
[4.795s] Level 1:colcon.colcon_core.environment:checking '/home/hassan/ros-tuts/patrol_ws/install/tb3_sim/lib'
[4.796s] Level 1:colcon.colcon_core.environment:checking '/home/hassan/ros-tuts/patrol_ws/install/tb3_sim/bin'
[4.796s] Level 1:colcon.colcon_core.environment:checking '/home/hassan/ros-tuts/patrol_ws/install/tb3_sim/lib/pkgconfig/tb3_sim.pc'
[4.797s] Level 1:colcon.colcon_core.environment:checking '/home/hassan/ros-tuts/patrol_ws/install/tb3_sim/lib/python3.10/site-packages'
[4.797s] Level 1:colcon.colcon_core.shell:create_environment_hook('tb3_sim', 'pythonpath')
[4.798s] INFO:colcon.colcon_core.shell:Creating environment hook '/home/hassan/ros-tuts/patrol_ws/install/tb3_sim/share/tb3_sim/hook/pythonpath.ps1'
[4.802s] INFO:colcon.colcon_core.shell:Creating environment descriptor '/home/hassan/ros-tuts/patrol_ws/install/tb3_sim/share/tb3_sim/hook/pythonpath.dsv'
[4.803s] INFO:colcon.colcon_core.shell:Creating environment hook '/home/hassan/ros-tuts/patrol_ws/install/tb3_sim/share/tb3_sim/hook/pythonpath.sh'
[4.805s] Level 1:colcon.colcon_core.environment:checking '/home/hassan/ros-tuts/patrol_ws/install/tb3_sim/bin'
[4.805s] Level 1:colcon.colcon_core.environment:create_environment_scripts_only(tb3_sim)
[4.806s] INFO:colcon.colcon_core.shell:Creating package script '/home/hassan/ros-tuts/patrol_ws/install/tb3_sim/share/tb3_sim/package.ps1'
[4.807s] INFO:colcon.colcon_core.shell:Creating package descriptor '/home/hassan/ros-tuts/patrol_ws/install/tb3_sim/share/tb3_sim/package.dsv'
[4.809s] INFO:colcon.colcon_core.shell:Creating package script '/home/hassan/ros-tuts/patrol_ws/install/tb3_sim/share/tb3_sim/package.sh'
[4.811s] INFO:colcon.colcon_core.shell:Creating package script '/home/hassan/ros-tuts/patrol_ws/install/tb3_sim/share/tb3_sim/package.bash'
[4.813s] INFO:colcon.colcon_core.shell:Creating package script '/home/hassan/ros-tuts/patrol_ws/install/tb3_sim/share/tb3_sim/package.zsh'
[4.813s] Level 1:colcon.colcon_core.environment:create_file_with_runtime_dependencies(/home/hassan/ros-tuts/patrol_ws/install/tb3_sim/share/colcon-core/packages/tb3_sim)
[4.816s] Level 1:colcon.colcon_core.environment:create_environment_scripts_only(turtlebot3_fake_node)
[4.817s] Level 1:colcon.colcon_core.environment:checking '/home/hassan/ros-tuts/patrol_ws/install/turtlebot3_fake_node' for CMake module files
[4.818s] DEBUG:colcon.colcon_core.event_handler.log_command:Invoked command in '/home/hassan/ros-tuts/patrol_ws/build/turtlebot3_fake_node' returned '0': CMAKE_PREFIX_PATH=/home/hassan/ros-tuts/patrol_ws/install/turtlebot3_msgs:/home/hassan/ros-tuts/patrol_ws/install/turtlebot3:/home/hassan/ros-tuts/patrol_ws/install/turtlebot3_simulations:/home/hassan/ros-tuts/patrol_ws/install/turtlebot3_bringup:/home/hassan/ros-tuts/patrol_ws/install/turtlebot3_node:/home/hassan/ros-tuts/patrol_ws/install/turtlebot3_navigation2:/home/hassan/ros-tuts/patrol_ws/install/turtlebot3_fake_node:/home/hassan/ros-tuts/patrol_ws/install/turtlebot3_gazebo:/home/hassan/ros-tuts/patrol_ws/install/turtlebot3_description:/home/hassan/ros-tuts/patrol_ws/install/turtlebot3_cartographer:/home/hassan/ros-tuts/patrol_ws/install/hls_lfcd_lds_driver:/home/hassan/ros-tuts/patrol_ws/install/dynamixel_sdk_examples:/home/hassan/ros-tuts/patrol_ws/install/dynamixel_sdk_custom_interfaces:/home/hassan/ros-tuts/patrol_ws/install/dynamixel_sdk:/home/hassan/rosbot_ws/install/ros_bot:/home/hassan/ros-tuts/patrol_ws/install/turtlebot3_teleop:/home/hassan/ros-tuts/patrol_ws/install/turtlebot3_example:/home/hassan/ros-tuts/patrol_ws/install/tb3_sim:/opt/ros/humble /usr/bin/cmake --install /home/hassan/ros-tuts/patrol_ws/build/turtlebot3_fake_node
[4.819s] Level 1:colcon.colcon_core.environment:checking '/home/hassan/ros-tuts/patrol_ws/install/turtlebot3_fake_node' for CMake config files
[4.820s] Level 1:colcon.colcon_core.shell:create_environment_hook('turtlebot3_fake_node', 'cmake_prefix_path')
[4.821s] INFO:colcon.colcon_core.shell:Creating environment hook '/home/hassan/ros-tuts/patrol_ws/install/turtlebot3_fake_node/share/turtlebot3_fake_node/hook/cmake_prefix_path.ps1'
[4.822s] INFO:colcon.colcon_core.shell:Creating environment descriptor '/home/hassan/ros-tuts/patrol_ws/install/turtlebot3_fake_node/share/turtlebot3_fake_node/hook/cmake_prefix_path.dsv'
[4.823s] INFO:colcon.colcon_core.shell:Creating environment hook '/home/hassan/ros-tuts/patrol_ws/install/turtlebot3_fake_node/share/turtlebot3_fake_node/hook/cmake_prefix_path.sh'
[4.824s] Level 1:colcon.colcon_core.environment:checking '/home/hassan/ros-tuts/patrol_ws/install/turtlebot3_fake_node/lib'
[4.824s] Level 1:colcon.colcon_core.environment:checking '/home/hassan/ros-tuts/patrol_ws/install/turtlebot3_fake_node/bin'
[4.824s] Level 1:colcon.colcon_core.environment:checking '/home/hassan/ros-tuts/patrol_ws/install/turtlebot3_fake_node/lib/pkgconfig/turtlebot3_fake_node.pc'
[4.825s] Level 1:colcon.colcon_core.environment:checking '/home/hassan/ros-tuts/patrol_ws/install/turtlebot3_fake_node/lib/python3.10/site-packages'
[4.826s] Level 1:colcon.colcon_core.environment:checking '/home/hassan/ros-tuts/patrol_ws/install/turtlebot3_fake_node/bin'
[4.826s] INFO:colcon.colcon_core.shell:Creating package script '/home/hassan/ros-tuts/patrol_ws/install/turtlebot3_fake_node/share/turtlebot3_fake_node/package.ps1'
[4.827s] INFO:colcon.colcon_core.shell:Creating package descriptor '/home/hassan/ros-tuts/patrol_ws/install/turtlebot3_fake_node/share/turtlebot3_fake_node/package.dsv'
[4.828s] INFO:colcon.colcon_core.shell:Creating package script '/home/hassan/ros-tuts/patrol_ws/install/turtlebot3_fake_node/share/turtlebot3_fake_node/package.sh'
[4.829s] INFO:colcon.colcon_core.shell:Creating package script '/home/hassan/ros-tuts/patrol_ws/install/turtlebot3_fake_node/share/turtlebot3_fake_node/package.bash'
[4.830s] INFO:colcon.colcon_core.shell:Creating package script '/home/hassan/ros-tuts/patrol_ws/install/turtlebot3_fake_node/share/turtlebot3_fake_node/package.zsh'
[4.831s] Level 1:colcon.colcon_core.environment:create_file_with_runtime_dependencies(/home/hassan/ros-tuts/patrol_ws/install/turtlebot3_fake_node/share/colcon-core/packages/turtlebot3_fake_node)
[4.863s] Level 1:colcon.colcon_core.shell:create_environment_hook('turtlebot3_teleop', 'pythonpath_develop')
[4.864s] INFO:colcon.colcon_core.shell:Creating environment hook '/home/hassan/ros-tuts/patrol_ws/build/turtlebot3_teleop/share/turtlebot3_teleop/hook/pythonpath_develop.ps1'
[4.866s] INFO:colcon.colcon_core.shell:Creating environment descriptor '/home/hassan/ros-tuts/patrol_ws/build/turtlebot3_teleop/share/turtlebot3_teleop/hook/pythonpath_develop.dsv'
[4.867s] DEBUG:colcon.colcon_core.event_handler.log_command:Invoked command in '/home/hassan/ros-tuts/patrol_ws/build/turtlebot3_teleop' returned '0': PYTHONPATH=/home/hassan/ros-tuts/patrol_ws/build/turtlebot3_teleop/prefix_override:/usr/lib/python3/dist-packages/colcon_core/task/python/colcon_distutils_commands:/home/hassan/ros-tuts/patrol_ws/install/turtlebot3_teleop/lib/python3.10/site-packages:${PYTHONPATH} /usr/bin/python3 -W ignore:setup.py install is deprecated setup.py develop --editable --build-directory /home/hassan/ros-tuts/patrol_ws/build/turtlebot3_teleop/build --no-deps symlink_data
[4.868s] INFO:colcon.colcon_core.shell:Creating environment hook '/home/hassan/ros-tuts/patrol_ws/build/turtlebot3_teleop/share/turtlebot3_teleop/hook/pythonpath_develop.sh'
[4.870s] Level 1:colcon.colcon_core.environment:checking '/home/hassan/ros-tuts/patrol_ws/install/turtlebot3_teleop' for CMake module files
[4.871s] Level 1:colcon.colcon_core.environment:checking '/home/hassan/ros-tuts/patrol_ws/install/turtlebot3_teleop' for CMake config files
[4.872s] Level 1:colcon.colcon_core.environment:checking '/home/hassan/ros-tuts/patrol_ws/install/turtlebot3_teleop/lib'
[4.872s] Level 1:colcon.colcon_core.environment:checking '/home/hassan/ros-tuts/patrol_ws/install/turtlebot3_teleop/bin'
[4.872s] Level 1:colcon.colcon_core.environment:checking '/home/hassan/ros-tuts/patrol_ws/install/turtlebot3_teleop/lib/pkgconfig/turtlebot3_teleop.pc'
[4.873s] Level 1:colcon.colcon_core.environment:checking '/home/hassan/ros-tuts/patrol_ws/install/turtlebot3_teleop/lib/python3.10/site-packages'
[4.873s] Level 1:colcon.colcon_core.shell:create_environment_hook('turtlebot3_teleop', 'pythonpath')
[4.873s] INFO:colcon.colcon_core.shell:Creating environment hook '/home/hassan/ros-tuts/patrol_ws/install/turtlebot3_teleop/share/turtlebot3_teleop/hook/pythonpath.ps1'
[4.874s] INFO:colcon.colcon_core.shell:Creating environment descriptor '/home/hassan/ros-tuts/patrol_ws/install/turtlebot3_teleop/share/turtlebot3_teleop/hook/pythonpath.dsv'
[4.875s] INFO:colcon.colcon_core.shell:Creating environment hook '/home/hassan/ros-tuts/patrol_ws/install/turtlebot3_teleop/share/turtlebot3_teleop/hook/pythonpath.sh'
[4.876s] Level 1:colcon.colcon_core.environment:checking '/home/hassan/ros-tuts/patrol_ws/install/turtlebot3_teleop/bin'
[4.876s] Level 1:colcon.colcon_core.environment:create_environment_scripts_only(turtlebot3_teleop)
[4.877s] INFO:colcon.colcon_core.shell:Creating package script '/home/hassan/ros-tuts/patrol_ws/install/turtlebot3_teleop/share/turtlebot3_teleop/package.ps1'
[4.878s] INFO:colcon.colcon_core.shell:Creating package descriptor '/home/hassan/ros-tuts/patrol_ws/install/turtlebot3_teleop/share/turtlebot3_teleop/package.dsv'
[4.879s] INFO:colcon.colcon_core.shell:Creating package script '/home/hassan/ros-tuts/patrol_ws/install/turtlebot3_teleop/share/turtlebot3_teleop/package.sh'
[4.880s] INFO:colcon.colcon_core.shell:Creating package script '/home/hassan/ros-tuts/patrol_ws/install/turtlebot3_teleop/share/turtlebot3_teleop/package.bash'
[4.881s] INFO:colcon.colcon_core.shell:Creating package script '/home/hassan/ros-tuts/patrol_ws/install/turtlebot3_teleop/share/turtlebot3_teleop/package.zsh'
[4.882s] Level 1:colcon.colcon_core.environment:create_file_with_runtime_dependencies(/home/hassan/ros-tuts/patrol_ws/install/turtlebot3_teleop/share/colcon-core/packages/turtlebot3_teleop)
[4.884s] Level 1:colcon.colcon_core.environment:create_environment_scripts_only(turtlebot3_node)
[4.885s] Level 1:colcon.colcon_core.environment:checking '/home/hassan/ros-tuts/patrol_ws/install/turtlebot3_node' for CMake module files
[4.886s] Level 1:colcon.colcon_core.environment:checking '/home/hassan/ros-tuts/patrol_ws/install/turtlebot3_node' for CMake config files
[4.886s] Level 1:colcon.colcon_core.shell:create_environment_hook('turtlebot3_node', 'cmake_prefix_path')
[4.887s] INFO:colcon.colcon_core.shell:Creating environment hook '/home/hassan/ros-tuts/patrol_ws/install/turtlebot3_node/share/turtlebot3_node/hook/cmake_prefix_path.ps1'
[4.887s] INFO:colcon.colcon_core.shell:Creating environment descriptor '/home/hassan/ros-tuts/patrol_ws/install/turtlebot3_node/share/turtlebot3_node/hook/cmake_prefix_path.dsv'
[4.888s] INFO:colcon.colcon_core.shell:Creating environment hook '/home/hassan/ros-tuts/patrol_ws/install/turtlebot3_node/share/turtlebot3_node/hook/cmake_prefix_path.sh'
[4.889s] Level 1:colcon.colcon_core.environment:checking '/home/hassan/ros-tuts/patrol_ws/install/turtlebot3_node/lib'
[4.889s] Level 1:colcon.colcon_core.environment:checking '/home/hassan/ros-tuts/patrol_ws/install/turtlebot3_node/bin'
[4.889s] Level 1:colcon.colcon_core.environment:checking '/home/hassan/ros-tuts/patrol_ws/install/turtlebot3_node/lib/pkgconfig/turtlebot3_node.pc'
[4.890s] Level 1:colcon.colcon_core.environment:checking '/home/hassan/ros-tuts/patrol_ws/install/turtlebot3_node/lib/python3.10/site-packages'
[4.890s] Level 1:colcon.colcon_core.environment:checking '/home/hassan/ros-tuts/patrol_ws/install/turtlebot3_node/bin'
[4.891s] INFO:colcon.colcon_core.shell:Creating package script '/home/hassan/ros-tuts/patrol_ws/install/turtlebot3_node/share/turtlebot3_node/package.ps1'
[4.892s] INFO:colcon.colcon_core.shell:Creating package descriptor '/home/hassan/ros-tuts/patrol_ws/install/turtlebot3_node/share/turtlebot3_node/package.dsv'
[4.892s] INFO:colcon.colcon_core.shell:Creating package script '/home/hassan/ros-tuts/patrol_ws/install/turtlebot3_node/share/turtlebot3_node/package.sh'
[4.893s] INFO:colcon.colcon_core.shell:Creating package script '/home/hassan/ros-tuts/patrol_ws/install/turtlebot3_node/share/turtlebot3_node/package.bash'
[4.894s] INFO:colcon.colcon_core.shell:Creating package script '/home/hassan/ros-tuts/patrol_ws/install/turtlebot3_node/share/turtlebot3_node/package.zsh'
[4.895s] Level 1:colcon.colcon_core.environment:create_file_with_runtime_dependencies(/home/hassan/ros-tuts/patrol_ws/install/turtlebot3_node/share/colcon-core/packages/turtlebot3_node)
[4.896s] INFO:colcon.colcon_ros.task.ament_cmake.build:Building ROS package in '/home/hassan/ros-tuts/patrol_ws/src/turtlebot3/turtlebot3/turtlebot3_bringup' with build type 'ament_cmake'
[4.896s] INFO:colcon.colcon_cmake.task.cmake.build:Building CMake package in '/home/hassan/ros-tuts/patrol_ws/src/turtlebot3/turtlebot3/turtlebot3_bringup'
[4.897s] INFO:colcon.colcon_core.shell:Skip shell extension 'powershell' for command environment: Not usable outside of PowerShell
[4.897s] DEBUG:colcon.colcon_core.shell:Skip shell extension 'dsv' for command environment
[4.909s] Level 1:colcon.colcon_core.environment:create_environment_scripts_only(turtlebot3_fake_node)
[4.909s] Level 1:colcon.colcon_core.environment:checking '/home/hassan/ros-tuts/patrol_ws/install/turtlebot3_fake_node' for CMake module files
[4.910s] Level 1:colcon.colcon_core.environment:checking '/home/hassan/ros-tuts/patrol_ws/install/turtlebot3_fake_node' for CMake config files
[4.911s] Level 1:colcon.colcon_core.shell:create_environment_hook('turtlebot3_fake_node', 'cmake_prefix_path')
[4.912s] INFO:colcon.colcon_core.shell:Creating environment hook '/home/hassan/ros-tuts/patrol_ws/install/turtlebot3_fake_node/share/turtlebot3_fake_node/hook/cmake_prefix_path.ps1'
[4.912s] INFO:colcon.colcon_core.shell:Creating environment descriptor '/home/hassan/ros-tuts/patrol_ws/install/turtlebot3_fake_node/share/turtlebot3_fake_node/hook/cmake_prefix_path.dsv'
[4.913s] INFO:colcon.colcon_core.shell:Creating environment hook '/home/hassan/ros-tuts/patrol_ws/install/turtlebot3_fake_node/share/turtlebot3_fake_node/hook/cmake_prefix_path.sh'
[4.915s] Level 1:colcon.colcon_core.environment:checking '/home/hassan/ros-tuts/patrol_ws/install/turtlebot3_fake_node/lib'
[4.915s] Level 1:colcon.colcon_core.environment:checking '/home/hassan/ros-tuts/patrol_ws/install/turtlebot3_fake_node/bin'
[4.915s] Level 1:colcon.colcon_core.environment:checking '/home/hassan/ros-tuts/patrol_ws/install/turtlebot3_fake_node/lib/pkgconfig/turtlebot3_fake_node.pc'
[4.916s] Level 1:colcon.colcon_core.environment:checking '/home/hassan/ros-tuts/patrol_ws/install/turtlebot3_fake_node/lib/python3.10/site-packages'
[4.917s] Level 1:colcon.colcon_core.environment:checking '/home/hassan/ros-tuts/patrol_ws/install/turtlebot3_fake_node/bin'
[4.917s] INFO:colcon.colcon_core.shell:Creating package script '/home/hassan/ros-tuts/patrol_ws/install/turtlebot3_fake_node/share/turtlebot3_fake_node/package.ps1'
[4.919s] INFO:colcon.colcon_core.shell:Creating package descriptor '/home/hassan/ros-tuts/patrol_ws/install/turtlebot3_fake_node/share/turtlebot3_fake_node/package.dsv'
[4.920s] INFO:colcon.colcon_core.shell:Creating package script '/home/hassan/ros-tuts/patrol_ws/install/turtlebot3_fake_node/share/turtlebot3_fake_node/package.sh'
[4.921s] INFO:colcon.colcon_core.shell:Creating package script '/home/hassan/ros-tuts/patrol_ws/install/turtlebot3_fake_node/share/turtlebot3_fake_node/package.bash'
[4.922s] INFO:colcon.colcon_core.shell:Creating package script '/home/hassan/ros-tuts/patrol_ws/install/turtlebot3_fake_node/share/turtlebot3_fake_node/package.zsh'
[4.923s] Level 1:colcon.colcon_core.environment:create_file_with_runtime_dependencies(/home/hassan/ros-tuts/patrol_ws/install/turtlebot3_fake_node/share/colcon-core/packages/turtlebot3_fake_node)
[4.924s] INFO:colcon.colcon_ros.task.ament_cmake.build:Building ROS package in '/home/hassan/ros-tuts/patrol_ws/src/turtlebot3/turtlebot3_simulations/turtlebot3_simulations' with build type 'ament_cmake'
[4.924s] INFO:colcon.colcon_cmake.task.cmake.build:Building CMake package in '/home/hassan/ros-tuts/patrol_ws/src/turtlebot3/turtlebot3_simulations/turtlebot3_simulations'
[4.925s] INFO:colcon.colcon_core.shell:Skip shell extension 'powershell' for command environment: Not usable outside of PowerShell
[4.925s] DEBUG:colcon.colcon_core.shell:Skip shell extension 'dsv' for command environment
[4.942s] DEBUG:colcon.colcon_core.event_handler.log_command:Invoking command in '/home/hassan/ros-tuts/patrol_ws/build/turtlebot3_bringup': CMAKE_PREFIX_PATH=/home/hassan/ros-tuts/patrol_ws/install/turtlebot3_node:/home/hassan/ros-tuts/patrol_ws/install/turtlebot3_msgs:/home/hassan/ros-tuts/patrol_ws/install/turtlebot3_description:/home/hassan/ros-tuts/patrol_ws/install/hls_lfcd_lds_driver:/home/hassan/ros-tuts/patrol_ws/install/dynamixel_sdk:/home/hassan/ros-tuts/patrol_ws/install/turtlebot3:/home/hassan/ros-tuts/patrol_ws/install/turtlebot3_simulations:/home/hassan/ros-tuts/patrol_ws/install/turtlebot3_bringup:/home/hassan/ros-tuts/patrol_ws/install/turtlebot3_navigation2:/home/hassan/ros-tuts/patrol_ws/install/turtlebot3_fake_node:/home/hassan/ros-tuts/patrol_ws/install/turtlebot3_gazebo:/home/hassan/ros-tuts/patrol_ws/install/turtlebot3_cartographer:/home/hassan/ros-tuts/patrol_ws/install/dynamixel_sdk_examples:/home/hassan/ros-tuts/patrol_ws/install/dynamixel_sdk_custom_interfaces:/home/hassan/rosbot_ws/install/ros_bot:/home/hassan/ros-tuts/patrol_ws/install/turtlebot3_teleop:/home/hassan/ros-tuts/patrol_ws/install/turtlebot3_example:/home/hassan/ros-tuts/patrol_ws/install/tb3_sim:/opt/ros/humble LD_LIBRARY_PATH=/home/hassan/ros-tuts/patrol_ws/install/turtlebot3_msgs/lib:/home/hassan/ros-tuts/patrol_ws/install/dynamixel_sdk/lib:/home/hassan/ros-tuts/patrol_ws/install/dynamixel_sdk_custom_interfaces/lib:/usr/lib/x86_64-linux-gnu/gazebo-11/plugins:/opt/ros/humble/opt/rviz_ogre_vendor/lib:/opt/ros/humble/lib/x86_64-linux-gnu:/opt/ros/humble/lib /usr/bin/cmake --build /home/hassan/ros-tuts/patrol_ws/build/turtlebot3_bringup -- -j8 -l8
[4.953s] DEBUG:colcon.colcon_core.event_handler.log_command:Invoking command in '/home/hassan/ros-tuts/patrol_ws/build/turtlebot3_simulations': CMAKE_PREFIX_PATH=/home/hassan/ros-tuts/patrol_ws/install/turtlebot3_fake_node:/home/hassan/ros-tuts/patrol_ws/install/turtlebot3_msgs:/home/hassan/ros-tuts/patrol_ws/install/turtlebot3_gazebo:/home/hassan/ros-tuts/patrol_ws/install/turtlebot3:/home/hassan/ros-tuts/patrol_ws/install/turtlebot3_simulations:/home/hassan/ros-tuts/patrol_ws/install/turtlebot3_bringup:/home/hassan/ros-tuts/patrol_ws/install/turtlebot3_node:/home/hassan/ros-tuts/patrol_ws/install/turtlebot3_navigation2:/home/hassan/ros-tuts/patrol_ws/install/turtlebot3_description:/home/hassan/ros-tuts/patrol_ws/install/turtlebot3_cartographer:/home/hassan/ros-tuts/patrol_ws/install/hls_lfcd_lds_driver:/home/hassan/ros-tuts/patrol_ws/install/dynamixel_sdk_examples:/home/hassan/ros-tuts/patrol_ws/install/dynamixel_sdk_custom_interfaces:/home/hassan/ros-tuts/patrol_ws/install/dynamixel_sdk:/home/hassan/rosbot_ws/install/ros_bot:/home/hassan/ros-tuts/patrol_ws/install/turtlebot3_teleop:/home/hassan/ros-tuts/patrol_ws/install/turtlebot3_example:/home/hassan/ros-tuts/patrol_ws/install/tb3_sim:/opt/ros/humble /usr/bin/cmake --build /home/hassan/ros-tuts/patrol_ws/build/turtlebot3_simulations -- -j8 -l8
[5.009s] DEBUG:colcon.colcon_core.event_handler.log_command:Invoked command in '/home/hassan/ros-tuts/patrol_ws/build/turtlebot3_bringup' returned '0': CMAKE_PREFIX_PATH=/home/hassan/ros-tuts/patrol_ws/install/turtlebot3_node:/home/hassan/ros-tuts/patrol_ws/install/turtlebot3_msgs:/home/hassan/ros-tuts/patrol_ws/install/turtlebot3_description:/home/hassan/ros-tuts/patrol_ws/install/hls_lfcd_lds_driver:/home/hassan/ros-tuts/patrol_ws/install/dynamixel_sdk:/home/hassan/ros-tuts/patrol_ws/install/turtlebot3:/home/hassan/ros-tuts/patrol_ws/install/turtlebot3_simulations:/home/hassan/ros-tuts/patrol_ws/install/turtlebot3_bringup:/home/hassan/ros-tuts/patrol_ws/install/turtlebot3_navigation2:/home/hassan/ros-tuts/patrol_ws/install/turtlebot3_fake_node:/home/hassan/ros-tuts/patrol_ws/install/turtlebot3_gazebo:/home/hassan/ros-tuts/patrol_ws/install/turtlebot3_cartographer:/home/hassan/ros-tuts/patrol_ws/install/dynamixel_sdk_examples:/home/hassan/ros-tuts/patrol_ws/install/dynamixel_sdk_custom_interfaces:/home/hassan/rosbot_ws/install/ros_bot:/home/hassan/ros-tuts/patrol_ws/install/turtlebot3_teleop:/home/hassan/ros-tuts/patrol_ws/install/turtlebot3_example:/home/hassan/ros-tuts/patrol_ws/install/tb3_sim:/opt/ros/humble LD_LIBRARY_PATH=/home/hassan/ros-tuts/patrol_ws/install/turtlebot3_msgs/lib:/home/hassan/ros-tuts/patrol_ws/install/dynamixel_sdk/lib:/home/hassan/ros-tuts/patrol_ws/install/dynamixel_sdk_custom_interfaces/lib:/usr/lib/x86_64-linux-gnu/gazebo-11/plugins:/opt/ros/humble/opt/rviz_ogre_vendor/lib:/opt/ros/humble/lib/x86_64-linux-gnu:/opt/ros/humble/lib /usr/bin/cmake --build /home/hassan/ros-tuts/patrol_ws/build/turtlebot3_bringup -- -j8 -l8
[5.015s] DEBUG:colcon.colcon_core.event_handler.log_command:Invoked command in '/home/hassan/ros-tuts/patrol_ws/build/turtlebot3_simulations' returned '0': CMAKE_PREFIX_PATH=/home/hassan/ros-tuts/patrol_ws/install/turtlebot3_fake_node:/home/hassan/ros-tuts/patrol_ws/install/turtlebot3_msgs:/home/hassan/ros-tuts/patrol_ws/install/turtlebot3_gazebo:/home/hassan/ros-tuts/patrol_ws/install/turtlebot3:/home/hassan/ros-tuts/patrol_ws/install/turtlebot3_simulations:/home/hassan/ros-tuts/patrol_ws/install/turtlebot3_bringup:/home/hassan/ros-tuts/patrol_ws/install/turtlebot3_node:/home/hassan/ros-tuts/patrol_ws/install/turtlebot3_navigation2:/home/hassan/ros-tuts/patrol_ws/install/turtlebot3_description:/home/hassan/ros-tuts/patrol_ws/install/turtlebot3_cartographer:/home/hassan/ros-tuts/patrol_ws/install/hls_lfcd_lds_driver:/home/hassan/ros-tuts/patrol_ws/install/dynamixel_sdk_examples:/home/hassan/ros-tuts/patrol_ws/install/dynamixel_sdk_custom_interfaces:/home/hassan/ros-tuts/patrol_ws/install/dynamixel_sdk:/home/hassan/rosbot_ws/install/ros_bot:/home/hassan/ros-tuts/patrol_ws/install/turtlebot3_teleop:/home/hassan/ros-tuts/patrol_ws/install/turtlebot3_example:/home/hassan/ros-tuts/patrol_ws/install/tb3_sim:/opt/ros/humble /usr/bin/cmake --build /home/hassan/ros-tuts/patrol_ws/build/turtlebot3_simulations -- -j8 -l8
[5.055s] DEBUG:colcon.colcon_core.event_handler.log_command:Invoking command in '/home/hassan/ros-tuts/patrol_ws/build/turtlebot3_bringup': CMAKE_PREFIX_PATH=/home/hassan/ros-tuts/patrol_ws/install/turtlebot3_node:/home/hassan/ros-tuts/patrol_ws/install/turtlebot3_msgs:/home/hassan/ros-tuts/patrol_ws/install/turtlebot3_description:/home/hassan/ros-tuts/patrol_ws/install/hls_lfcd_lds_driver:/home/hassan/ros-tuts/patrol_ws/install/dynamixel_sdk:/home/hassan/ros-tuts/patrol_ws/install/turtlebot3:/home/hassan/ros-tuts/patrol_ws/install/turtlebot3_simulations:/home/hassan/ros-tuts/patrol_ws/install/turtlebot3_bringup:/home/hassan/ros-tuts/patrol_ws/install/turtlebot3_navigation2:/home/hassan/ros-tuts/patrol_ws/install/turtlebot3_fake_node:/home/hassan/ros-tuts/patrol_ws/install/turtlebot3_gazebo:/home/hassan/ros-tuts/patrol_ws/install/turtlebot3_cartographer:/home/hassan/ros-tuts/patrol_ws/install/dynamixel_sdk_examples:/home/hassan/ros-tuts/patrol_ws/install/dynamixel_sdk_custom_interfaces:/home/hassan/rosbot_ws/install/ros_bot:/home/hassan/ros-tuts/patrol_ws/install/turtlebot3_teleop:/home/hassan/ros-tuts/patrol_ws/install/turtlebot3_example:/home/hassan/ros-tuts/patrol_ws/install/tb3_sim:/opt/ros/humble LD_LIBRARY_PATH=/home/hassan/ros-tuts/patrol_ws/install/turtlebot3_msgs/lib:/home/hassan/ros-tuts/patrol_ws/install/dynamixel_sdk/lib:/home/hassan/ros-tuts/patrol_ws/install/dynamixel_sdk_custom_interfaces/lib:/usr/lib/x86_64-linux-gnu/gazebo-11/plugins:/opt/ros/humble/opt/rviz_ogre_vendor/lib:/opt/ros/humble/lib/x86_64-linux-gnu:/opt/ros/humble/lib /usr/bin/cmake --install /home/hassan/ros-tuts/patrol_ws/build/turtlebot3_bringup
[5.060s] DEBUG:colcon.colcon_core.event_handler.log_command:Invoking command in '/home/hassan/ros-tuts/patrol_ws/build/turtlebot3_simulations': CMAKE_PREFIX_PATH=/home/hassan/ros-tuts/patrol_ws/install/turtlebot3_fake_node:/home/hassan/ros-tuts/patrol_ws/install/turtlebot3_msgs:/home/hassan/ros-tuts/patrol_ws/install/turtlebot3_gazebo:/home/hassan/ros-tuts/patrol_ws/install/turtlebot3:/home/hassan/ros-tuts/patrol_ws/install/turtlebot3_simulations:/home/hassan/ros-tuts/patrol_ws/install/turtlebot3_bringup:/home/hassan/ros-tuts/patrol_ws/install/turtlebot3_node:/home/hassan/ros-tuts/patrol_ws/install/turtlebot3_navigation2:/home/hassan/ros-tuts/patrol_ws/install/turtlebot3_description:/home/hassan/ros-tuts/patrol_ws/install/turtlebot3_cartographer:/home/hassan/ros-tuts/patrol_ws/install/hls_lfcd_lds_driver:/home/hassan/ros-tuts/patrol_ws/install/dynamixel_sdk_examples:/home/hassan/ros-tuts/patrol_ws/install/dynamixel_sdk_custom_interfaces:/home/hassan/ros-tuts/patrol_ws/install/dynamixel_sdk:/home/hassan/rosbot_ws/install/ros_bot:/home/hassan/ros-tuts/patrol_ws/install/turtlebot3_teleop:/home/hassan/ros-tuts/patrol_ws/install/turtlebot3_example:/home/hassan/ros-tuts/patrol_ws/install/tb3_sim:/opt/ros/humble /usr/bin/cmake --install /home/hassan/ros-tuts/patrol_ws/build/turtlebot3_simulations
[5.096s] Level 1:colcon.colcon_core.environment:create_environment_scripts_only(turtlebot3_simulations)
[5.097s] Level 1:colcon.colcon_core.environment:checking '/home/hassan/ros-tuts/patrol_ws/install/turtlebot3_simulations' for CMake module files
[5.098s] DEBUG:colcon.colcon_core.event_handler.log_command:Invoked command in '/home/hassan/ros-tuts/patrol_ws/build/turtlebot3_simulations' returned '0': CMAKE_PREFIX_PATH=/home/hassan/ros-tuts/patrol_ws/install/turtlebot3_fake_node:/home/hassan/ros-tuts/patrol_ws/install/turtlebot3_msgs:/home/hassan/ros-tuts/patrol_ws/install/turtlebot3_gazebo:/home/hassan/ros-tuts/patrol_ws/install/turtlebot3:/home/hassan/ros-tuts/patrol_ws/install/turtlebot3_simulations:/home/hassan/ros-tuts/patrol_ws/install/turtlebot3_bringup:/home/hassan/ros-tuts/patrol_ws/install/turtlebot3_node:/home/hassan/ros-tuts/patrol_ws/install/turtlebot3_navigation2:/home/hassan/ros-tuts/patrol_ws/install/turtlebot3_description:/home/hassan/ros-tuts/patrol_ws/install/turtlebot3_cartographer:/home/hassan/ros-tuts/patrol_ws/install/hls_lfcd_lds_driver:/home/hassan/ros-tuts/patrol_ws/install/dynamixel_sdk_examples:/home/hassan/ros-tuts/patrol_ws/install/dynamixel_sdk_custom_interfaces:/home/hassan/ros-tuts/patrol_ws/install/dynamixel_sdk:/home/hassan/rosbot_ws/install/ros_bot:/home/hassan/ros-tuts/patrol_ws/install/turtlebot3_teleop:/home/hassan/ros-tuts/patrol_ws/install/turtlebot3_example:/home/hassan/ros-tuts/patrol_ws/install/tb3_sim:/opt/ros/humble /usr/bin/cmake --install /home/hassan/ros-tuts/patrol_ws/build/turtlebot3_simulations
[5.098s] Level 1:colcon.colcon_core.environment:checking '/home/hassan/ros-tuts/patrol_ws/install/turtlebot3_simulations' for CMake config files
[5.099s] Level 1:colcon.colcon_core.shell:create_environment_hook('turtlebot3_simulations', 'cmake_prefix_path')
[5.099s] INFO:colcon.colcon_core.shell:Creating environment hook '/home/hassan/ros-tuts/patrol_ws/install/turtlebot3_simulations/share/turtlebot3_simulations/hook/cmake_prefix_path.ps1'
[5.100s] INFO:colcon.colcon_core.shell:Creating environment descriptor '/home/hassan/ros-tuts/patrol_ws/install/turtlebot3_simulations/share/turtlebot3_simulations/hook/cmake_prefix_path.dsv'
[5.101s] INFO:colcon.colcon_core.shell:Creating environment hook '/home/hassan/ros-tuts/patrol_ws/install/turtlebot3_simulations/share/turtlebot3_simulations/hook/cmake_prefix_path.sh'
[5.102s] Level 1:colcon.colcon_core.environment:checking '/home/hassan/ros-tuts/patrol_ws/install/turtlebot3_simulations/bin'
[5.102s] Level 1:colcon.colcon_core.environment:checking '/home/hassan/ros-tuts/patrol_ws/install/turtlebot3_simulations/lib/pkgconfig/turtlebot3_simulations.pc'
[5.103s] Level 1:colcon.colcon_core.environment:checking '/home/hassan/ros-tuts/patrol_ws/install/turtlebot3_simulations/lib/python3.10/site-packages'
[5.103s] Level 1:colcon.colcon_core.environment:checking '/home/hassan/ros-tuts/patrol_ws/install/turtlebot3_simulations/bin'
[5.103s] INFO:colcon.colcon_core.shell:Creating package script '/home/hassan/ros-tuts/patrol_ws/install/turtlebot3_simulations/share/turtlebot3_simulations/package.ps1'
[5.104s] INFO:colcon.colcon_core.shell:Creating package descriptor '/home/hassan/ros-tuts/patrol_ws/install/turtlebot3_simulations/share/turtlebot3_simulations/package.dsv'
[5.105s] INFO:colcon.colcon_core.shell:Creating package script '/home/hassan/ros-tuts/patrol_ws/install/turtlebot3_simulations/share/turtlebot3_simulations/package.sh'
[5.105s] INFO:colcon.colcon_core.shell:Creating package script '/home/hassan/ros-tuts/patrol_ws/install/turtlebot3_simulations/share/turtlebot3_simulations/package.bash'
[5.106s] INFO:colcon.colcon_core.shell:Creating package script '/home/hassan/ros-tuts/patrol_ws/install/turtlebot3_simulations/share/turtlebot3_simulations/package.zsh'
[5.107s] Level 1:colcon.colcon_core.environment:create_file_with_runtime_dependencies(/home/hassan/ros-tuts/patrol_ws/install/turtlebot3_simulations/share/colcon-core/packages/turtlebot3_simulations)
[5.109s] Level 1:colcon.colcon_core.environment:create_environment_scripts_only(turtlebot3_bringup)
[5.109s] Level 1:colcon.colcon_core.environment:checking '/home/hassan/ros-tuts/patrol_ws/install/turtlebot3_bringup' for CMake module files
[5.110s] DEBUG:colcon.colcon_core.event_handler.log_command:Invoked command in '/home/hassan/ros-tuts/patrol_ws/build/turtlebot3_bringup' returned '0': CMAKE_PREFIX_PATH=/home/hassan/ros-tuts/patrol_ws/install/turtlebot3_node:/home/hassan/ros-tuts/patrol_ws/install/turtlebot3_msgs:/home/hassan/ros-tuts/patrol_ws/install/turtlebot3_description:/home/hassan/ros-tuts/patrol_ws/install/hls_lfcd_lds_driver:/home/hassan/ros-tuts/patrol_ws/install/dynamixel_sdk:/home/hassan/ros-tuts/patrol_ws/install/turtlebot3:/home/hassan/ros-tuts/patrol_ws/install/turtlebot3_simulations:/home/hassan/ros-tuts/patrol_ws/install/turtlebot3_bringup:/home/hassan/ros-tuts/patrol_ws/install/turtlebot3_navigation2:/home/hassan/ros-tuts/patrol_ws/install/turtlebot3_fake_node:/home/hassan/ros-tuts/patrol_ws/install/turtlebot3_gazebo:/home/hassan/ros-tuts/patrol_ws/install/turtlebot3_cartographer:/home/hassan/ros-tuts/patrol_ws/install/dynamixel_sdk_examples:/home/hassan/ros-tuts/patrol_ws/install/dynamixel_sdk_custom_interfaces:/home/hassan/rosbot_ws/install/ros_bot:/home/hassan/ros-tuts/patrol_ws/install/turtlebot3_teleop:/home/hassan/ros-tuts/patrol_ws/install/turtlebot3_example:/home/hassan/ros-tuts/patrol_ws/install/tb3_sim:/opt/ros/humble LD_LIBRARY_PATH=/home/hassan/ros-tuts/patrol_ws/install/turtlebot3_msgs/lib:/home/hassan/ros-tuts/patrol_ws/install/dynamixel_sdk/lib:/home/hassan/ros-tuts/patrol_ws/install/dynamixel_sdk_custom_interfaces/lib:/usr/lib/x86_64-linux-gnu/gazebo-11/plugins:/opt/ros/humble/opt/rviz_ogre_vendor/lib:/opt/ros/humble/lib/x86_64-linux-gnu:/opt/ros/humble/lib /usr/bin/cmake --install /home/hassan/ros-tuts/patrol_ws/build/turtlebot3_bringup
[5.111s] Level 1:colcon.colcon_core.environment:checking '/home/hassan/ros-tuts/patrol_ws/install/turtlebot3_bringup' for CMake config files
[5.111s] Level 1:colcon.colcon_core.shell:create_environment_hook('turtlebot3_bringup', 'cmake_prefix_path')
[5.112s] INFO:colcon.colcon_core.shell:Creating environment hook '/home/hassan/ros-tuts/patrol_ws/install/turtlebot3_bringup/share/turtlebot3_bringup/hook/cmake_prefix_path.ps1'
[5.113s] INFO:colcon.colcon_core.shell:Creating environment descriptor '/home/hassan/ros-tuts/patrol_ws/install/turtlebot3_bringup/share/turtlebot3_bringup/hook/cmake_prefix_path.dsv'
[5.114s] INFO:colcon.colcon_core.shell:Creating environment hook '/home/hassan/ros-tuts/patrol_ws/install/turtlebot3_bringup/share/turtlebot3_bringup/hook/cmake_prefix_path.sh'
[5.115s] Level 1:colcon.colcon_core.environment:checking '/home/hassan/ros-tuts/patrol_ws/install/turtlebot3_bringup/bin'
[5.115s] Level 1:colcon.colcon_core.environment:checking '/home/hassan/ros-tuts/patrol_ws/install/turtlebot3_bringup/lib/pkgconfig/turtlebot3_bringup.pc'
[5.115s] Level 1:colcon.colcon_core.environment:checking '/home/hassan/ros-tuts/patrol_ws/install/turtlebot3_bringup/lib/python3.10/site-packages'
[5.116s] Level 1:colcon.colcon_core.environment:checking '/home/hassan/ros-tuts/patrol_ws/install/turtlebot3_bringup/bin'
[5.116s] INFO:colcon.colcon_core.shell:Creating package script '/home/hassan/ros-tuts/patrol_ws/install/turtlebot3_bringup/share/turtlebot3_bringup/package.ps1'
[5.117s] INFO:colcon.colcon_core.shell:Creating package descriptor '/home/hassan/ros-tuts/patrol_ws/install/turtlebot3_bringup/share/turtlebot3_bringup/package.dsv'
[5.118s] INFO:colcon.colcon_core.shell:Creating package script '/home/hassan/ros-tuts/patrol_ws/install/turtlebot3_bringup/share/turtlebot3_bringup/package.sh'
[5.119s] INFO:colcon.colcon_core.shell:Creating package script '/home/hassan/ros-tuts/patrol_ws/install/turtlebot3_bringup/share/turtlebot3_bringup/package.bash'
[5.120s] INFO:colcon.colcon_core.shell:Creating package script '/home/hassan/ros-tuts/patrol_ws/install/turtlebot3_bringup/share/turtlebot3_bringup/package.zsh'
[5.120s] Level 1:colcon.colcon_core.environment:create_file_with_runtime_dependencies(/home/hassan/ros-tuts/patrol_ws/install/turtlebot3_bringup/share/colcon-core/packages/turtlebot3_bringup)
[5.151s] Level 1:colcon.colcon_core.environment:create_environment_scripts_only(turtlebot3_simulations)
[5.152s] Level 1:colcon.colcon_core.environment:checking '/home/hassan/ros-tuts/patrol_ws/install/turtlebot3_simulations' for CMake module files
[5.153s] Level 1:colcon.colcon_core.environment:checking '/home/hassan/ros-tuts/patrol_ws/install/turtlebot3_simulations' for CMake config files
[5.153s] Level 1:colcon.colcon_core.shell:create_environment_hook('turtlebot3_simulations', 'cmake_prefix_path')
[5.154s] INFO:colcon.colcon_core.shell:Creating environment hook '/home/hassan/ros-tuts/patrol_ws/install/turtlebot3_simulations/share/turtlebot3_simulations/hook/cmake_prefix_path.ps1'
[5.155s] INFO:colcon.colcon_core.shell:Creating environment descriptor '/home/hassan/ros-tuts/patrol_ws/install/turtlebot3_simulations/share/turtlebot3_simulations/hook/cmake_prefix_path.dsv'
[5.155s] INFO:colcon.colcon_core.shell:Creating environment hook '/home/hassan/ros-tuts/patrol_ws/install/turtlebot3_simulations/share/turtlebot3_simulations/hook/cmake_prefix_path.sh'
[5.156s] Level 1:colcon.colcon_core.environment:checking '/home/hassan/ros-tuts/patrol_ws/install/turtlebot3_simulations/bin'
[5.156s] Level 1:colcon.colcon_core.environment:checking '/home/hassan/ros-tuts/patrol_ws/install/turtlebot3_simulations/lib/pkgconfig/turtlebot3_simulations.pc'
[5.157s] Level 1:colcon.colcon_core.environment:checking '/home/hassan/ros-tuts/patrol_ws/install/turtlebot3_simulations/lib/python3.10/site-packages'
[5.157s] Level 1:colcon.colcon_core.environment:checking '/home/hassan/ros-tuts/patrol_ws/install/turtlebot3_simulations/bin'
[5.158s] INFO:colcon.colcon_core.shell:Creating package script '/home/hassan/ros-tuts/patrol_ws/install/turtlebot3_simulations/share/turtlebot3_simulations/package.ps1'
[5.159s] INFO:colcon.colcon_core.shell:Creating package descriptor '/home/hassan/ros-tuts/patrol_ws/install/turtlebot3_simulations/share/turtlebot3_simulations/package.dsv'
[5.160s] INFO:colcon.colcon_core.shell:Creating package script '/home/hassan/ros-tuts/patrol_ws/install/turtlebot3_simulations/share/turtlebot3_simulations/package.sh'
[5.160s] INFO:colcon.colcon_core.shell:Creating package script '/home/hassan/ros-tuts/patrol_ws/install/turtlebot3_simulations/share/turtlebot3_simulations/package.bash'
[5.161s] INFO:colcon.colcon_core.shell:Creating package script '/home/hassan/ros-tuts/patrol_ws/install/turtlebot3_simulations/share/turtlebot3_simulations/package.zsh'
[5.162s] Level 1:colcon.colcon_core.environment:create_file_with_runtime_dependencies(/home/hassan/ros-tuts/patrol_ws/install/turtlebot3_simulations/share/colcon-core/packages/turtlebot3_simulations)
[5.164s] Level 1:colcon.colcon_core.environment:create_environment_scripts_only(turtlebot3_bringup)
[5.164s] Level 1:colcon.colcon_core.environment:checking '/home/hassan/ros-tuts/patrol_ws/install/turtlebot3_bringup' for CMake module files
[5.166s] Level 1:colcon.colcon_core.environment:checking '/home/hassan/ros-tuts/patrol_ws/install/turtlebot3_bringup' for CMake config files
[5.166s] Level 1:colcon.colcon_core.shell:create_environment_hook('turtlebot3_bringup', 'cmake_prefix_path')
[5.167s] INFO:colcon.colcon_core.shell:Creating environment hook '/home/hassan/ros-tuts/patrol_ws/install/turtlebot3_bringup/share/turtlebot3_bringup/hook/cmake_prefix_path.ps1'
[5.167s] INFO:colcon.colcon_core.shell:Creating environment descriptor '/home/hassan/ros-tuts/patrol_ws/install/turtlebot3_bringup/share/turtlebot3_bringup/hook/cmake_prefix_path.dsv'
[5.168s] INFO:colcon.colcon_core.shell:Creating environment hook '/home/hassan/ros-tuts/patrol_ws/install/turtlebot3_bringup/share/turtlebot3_bringup/hook/cmake_prefix_path.sh'
[5.169s] Level 1:colcon.colcon_core.environment:checking '/home/hassan/ros-tuts/patrol_ws/install/turtlebot3_bringup/bin'
[5.169s] Level 1:colcon.colcon_core.environment:checking '/home/hassan/ros-tuts/patrol_ws/install/turtlebot3_bringup/lib/pkgconfig/turtlebot3_bringup.pc'
[5.169s] Level 1:colcon.colcon_core.environment:checking '/home/hassan/ros-tuts/patrol_ws/install/turtlebot3_bringup/lib/python3.10/site-packages'
[5.170s] Level 1:colcon.colcon_core.environment:checking '/home/hassan/ros-tuts/patrol_ws/install/turtlebot3_bringup/bin'
[5.170s] INFO:colcon.colcon_core.shell:Creating package script '/home/hassan/ros-tuts/patrol_ws/install/turtlebot3_bringup/share/turtlebot3_bringup/package.ps1'
[5.171s] INFO:colcon.colcon_core.shell:Creating package descriptor '/home/hassan/ros-tuts/patrol_ws/install/turtlebot3_bringup/share/turtlebot3_bringup/package.dsv'
[5.172s] INFO:colcon.colcon_core.shell:Creating package script '/home/hassan/ros-tuts/patrol_ws/install/turtlebot3_bringup/share/turtlebot3_bringup/package.sh'
[5.173s] INFO:colcon.colcon_core.shell:Creating package script '/home/hassan/ros-tuts/patrol_ws/install/turtlebot3_bringup/share/turtlebot3_bringup/package.bash'
[5.174s] INFO:colcon.colcon_core.shell:Creating package script '/home/hassan/ros-tuts/patrol_ws/install/turtlebot3_bringup/share/turtlebot3_bringup/package.zsh'
[5.174s] Level 1:colcon.colcon_core.environment:create_file_with_runtime_dependencies(/home/hassan/ros-tuts/patrol_ws/install/turtlebot3_bringup/share/colcon-core/packages/turtlebot3_bringup)
[5.363s] DEBUG:colcon.colcon_core.event_handler.log_command:Invoking command in '/home/hassan/ros-tuts/patrol_ws/build/turtlebot3_example': CMAKE_PREFIX_PATH=/home/hassan/ros-tuts/patrol_ws/install/turtlebot3_msgs:/home/hassan/ros-tuts/patrol_ws/install/turtlebot3:/home/hassan/ros-tuts/patrol_ws/install/turtlebot3_simulations:/home/hassan/ros-tuts/patrol_ws/install/turtlebot3_bringup:/home/hassan/ros-tuts/patrol_ws/install/turtlebot3_node:/home/hassan/ros-tuts/patrol_ws/install/turtlebot3_navigation2:/home/hassan/ros-tuts/patrol_ws/install/turtlebot3_fake_node:/home/hassan/ros-tuts/patrol_ws/install/turtlebot3_gazebo:/home/hassan/ros-tuts/patrol_ws/install/turtlebot3_description:/home/hassan/ros-tuts/patrol_ws/install/turtlebot3_cartographer:/home/hassan/ros-tuts/patrol_ws/install/hls_lfcd_lds_driver:/home/hassan/ros-tuts/patrol_ws/install/dynamixel_sdk_examples:/home/hassan/ros-tuts/patrol_ws/install/dynamixel_sdk_custom_interfaces:/home/hassan/ros-tuts/patrol_ws/install/dynamixel_sdk:/home/hassan/rosbot_ws/install/ros_bot PYTHONPATH=/home/hassan/ros-tuts/patrol_ws/build/turtlebot3_example/prefix_override:/usr/lib/python3/dist-packages/colcon_core/task/python/colcon_distutils_commands:/home/hassan/ros-tuts/patrol_ws/install/turtlebot3_example/lib/python3.10/site-packages:${PYTHONPATH} /usr/bin/python3 -W ignore:setup.py install is deprecated setup.py develop --editable --build-directory /home/hassan/ros-tuts/patrol_ws/build/turtlebot3_example/build --no-deps symlink_data
[6.247s] Level 1:colcon.colcon_core.shell:create_environment_hook('turtlebot3_example', 'pythonpath_develop')
[6.248s] INFO:colcon.colcon_core.shell:Creating environment hook '/home/hassan/ros-tuts/patrol_ws/build/turtlebot3_example/share/turtlebot3_example/hook/pythonpath_develop.ps1'
[6.249s] DEBUG:colcon.colcon_core.event_handler.log_command:Invoked command in '/home/hassan/ros-tuts/patrol_ws/build/turtlebot3_example' returned '0': CMAKE_PREFIX_PATH=/home/hassan/ros-tuts/patrol_ws/install/turtlebot3_msgs:/home/hassan/ros-tuts/patrol_ws/install/turtlebot3:/home/hassan/ros-tuts/patrol_ws/install/turtlebot3_simulations:/home/hassan/ros-tuts/patrol_ws/install/turtlebot3_bringup:/home/hassan/ros-tuts/patrol_ws/install/turtlebot3_node:/home/hassan/ros-tuts/patrol_ws/install/turtlebot3_navigation2:/home/hassan/ros-tuts/patrol_ws/install/turtlebot3_fake_node:/home/hassan/ros-tuts/patrol_ws/install/turtlebot3_gazebo:/home/hassan/ros-tuts/patrol_ws/install/turtlebot3_description:/home/hassan/ros-tuts/patrol_ws/install/turtlebot3_cartographer:/home/hassan/ros-tuts/patrol_ws/install/hls_lfcd_lds_driver:/home/hassan/ros-tuts/patrol_ws/install/dynamixel_sdk_examples:/home/hassan/ros-tuts/patrol_ws/install/dynamixel_sdk_custom_interfaces:/home/hassan/ros-tuts/patrol_ws/install/dynamixel_sdk:/home/hassan/rosbot_ws/install/ros_bot PYTHONPATH=/home/hassan/ros-tuts/patrol_ws/build/turtlebot3_example/prefix_override:/usr/lib/python3/dist-packages/colcon_core/task/python/colcon_distutils_commands:/home/hassan/ros-tuts/patrol_ws/install/turtlebot3_example/lib/python3.10/site-packages:${PYTHONPATH} /usr/bin/python3 -W ignore:setup.py install is deprecated setup.py develop --editable --build-directory /home/hassan/ros-tuts/patrol_ws/build/turtlebot3_example/build --no-deps symlink_data
[6.249s] INFO:colcon.colcon_core.shell:Creating environment descriptor '/home/hassan/ros-tuts/patrol_ws/build/turtlebot3_example/share/turtlebot3_example/hook/pythonpath_develop.dsv'
[6.250s] INFO:colcon.colcon_core.shell:Creating environment hook '/home/hassan/ros-tuts/patrol_ws/build/turtlebot3_example/share/turtlebot3_example/hook/pythonpath_develop.sh'
[6.251s] Level 1:colcon.colcon_core.environment:checking '/home/hassan/ros-tuts/patrol_ws/install/turtlebot3_example' for CMake module files
[6.252s] Level 1:colcon.colcon_core.environment:checking '/home/hassan/ros-tuts/patrol_ws/install/turtlebot3_example' for CMake config files
[6.253s] Level 1:colcon.colcon_core.environment:checking '/home/hassan/ros-tuts/patrol_ws/install/turtlebot3_example/lib'
[6.253s] Level 1:colcon.colcon_core.environment:checking '/home/hassan/ros-tuts/patrol_ws/install/turtlebot3_example/bin'
[6.253s] Level 1:colcon.colcon_core.environment:checking '/home/hassan/ros-tuts/patrol_ws/install/turtlebot3_example/lib/pkgconfig/turtlebot3_example.pc'
[6.253s] Level 1:colcon.colcon_core.environment:checking '/home/hassan/ros-tuts/patrol_ws/install/turtlebot3_example/lib/python3.10/site-packages'
[6.253s] Level 1:colcon.colcon_core.shell:create_environment_hook('turtlebot3_example', 'pythonpath')
[6.254s] INFO:colcon.colcon_core.shell:Creating environment hook '/home/hassan/ros-tuts/patrol_ws/install/turtlebot3_example/share/turtlebot3_example/hook/pythonpath.ps1'
[6.255s] INFO:colcon.colcon_core.shell:Creating environment descriptor '/home/hassan/ros-tuts/patrol_ws/install/turtlebot3_example/share/turtlebot3_example/hook/pythonpath.dsv'
[6.255s] INFO:colcon.colcon_core.shell:Creating environment hook '/home/hassan/ros-tuts/patrol_ws/install/turtlebot3_example/share/turtlebot3_example/hook/pythonpath.sh'
[6.256s] Level 1:colcon.colcon_core.environment:checking '/home/hassan/ros-tuts/patrol_ws/install/turtlebot3_example/bin'
[6.257s] Level 1:colcon.colcon_core.environment:create_environment_scripts_only(turtlebot3_example)
[6.257s] INFO:colcon.colcon_core.shell:Creating package script '/home/hassan/ros-tuts/patrol_ws/install/turtlebot3_example/share/turtlebot3_example/package.ps1'
[6.258s] INFO:colcon.colcon_core.shell:Creating package descriptor '/home/hassan/ros-tuts/patrol_ws/install/turtlebot3_example/share/turtlebot3_example/package.dsv'
[6.259s] INFO:colcon.colcon_core.shell:Creating package script '/home/hassan/ros-tuts/patrol_ws/install/turtlebot3_example/share/turtlebot3_example/package.sh'
[6.260s] INFO:colcon.colcon_core.shell:Creating package script '/home/hassan/ros-tuts/patrol_ws/install/turtlebot3_example/share/turtlebot3_example/package.bash'
[6.261s] INFO:colcon.colcon_core.shell:Creating package script '/home/hassan/ros-tuts/patrol_ws/install/turtlebot3_example/share/turtlebot3_example/package.zsh'
[6.261s] Level 1:colcon.colcon_core.environment:create_file_with_runtime_dependencies(/home/hassan/ros-tuts/patrol_ws/install/turtlebot3_example/share/colcon-core/packages/turtlebot3_example)
[6.262s] INFO:colcon.colcon_ros.task.ament_cmake.build:Building ROS package in '/home/hassan/ros-tuts/patrol_ws/src/turtlebot3/turtlebot3/turtlebot3' with build type 'ament_cmake'
[6.262s] INFO:colcon.colcon_cmake.task.cmake.build:Building CMake package in '/home/hassan/ros-tuts/patrol_ws/src/turtlebot3/turtlebot3/turtlebot3'
[6.263s] INFO:colcon.colcon_core.shell:Skip shell extension 'powershell' for command environment: Not usable outside of PowerShell
[6.263s] DEBUG:colcon.colcon_core.shell:Skip shell extension 'dsv' for command environment
[6.302s] DEBUG:colcon.colcon_core.event_handler.log_command:Invoking command in '/home/hassan/ros-tuts/patrol_ws/build/turtlebot3': AMENT_PREFIX_PATH=/home/hassan/ros-tuts/patrol_ws/install/turtlebot3_example:/home/hassan/ros-tuts/patrol_ws/install/turtlebot3_teleop:/home/hassan/ros-tuts/patrol_ws/install/turtlebot3:/home/hassan/ros-tuts/patrol_ws/install/turtlebot3_simulations:/home/hassan/ros-tuts/patrol_ws/install/turtlebot3_bringup:/home/hassan/ros-tuts/patrol_ws/install/turtlebot3_node:/home/hassan/ros-tuts/patrol_ws/install/turtlebot3_navigation2:/home/hassan/ros-tuts/patrol_ws/install/turtlebot3_fake_node:/home/hassan/ros-tuts/patrol_ws/install/turtlebot3_msgs:/home/hassan/ros-tuts/patrol_ws/install/turtlebot3_gazebo:/home/hassan/ros-tuts/patrol_ws/install/turtlebot3_description:/home/hassan/ros-tuts/patrol_ws/install/turtlebot3_cartographer:/home/hassan/ros-tuts/patrol_ws/install/tb3_sim:/home/hassan/ros-tuts/patrol_ws/install/hls_lfcd_lds_driver:/home/hassan/ros-tuts/patrol_ws/install/dynamixel_sdk_examples:/home/hassan/ros-tuts/patrol_ws/install/dynamixel_sdk_custom_interfaces:/home/hassan/ros-tuts/patrol_ws/install/dynamixel_sdk:/home/hassan/rosbot_ws/install/ros_bot:/opt/ros/humble CMAKE_PREFIX_PATH=/home/hassan/ros-tuts/patrol_ws/install/turtlebot3_bringup:/home/hassan/ros-tuts/patrol_ws/install/turtlebot3_node:/home/hassan/ros-tuts/patrol_ws/install/turtlebot3_navigation2:/home/hassan/ros-tuts/patrol_ws/install/turtlebot3_msgs:/home/hassan/ros-tuts/patrol_ws/install/turtlebot3_description:/home/hassan/ros-tuts/patrol_ws/install/turtlebot3_cartographer:/home/hassan/ros-tuts/patrol_ws/install/hls_lfcd_lds_driver:/home/hassan/ros-tuts/patrol_ws/install/dynamixel_sdk:/home/hassan/ros-tuts/patrol_ws/install/turtlebot3:/home/hassan/ros-tuts/patrol_ws/install/turtlebot3_simulations:/home/hassan/ros-tuts/patrol_ws/install/turtlebot3_fake_node:/home/hassan/ros-tuts/patrol_ws/install/turtlebot3_gazebo:/home/hassan/ros-tuts/patrol_ws/install/dynamixel_sdk_examples:/home/hassan/ros-tuts/patrol_ws/install/dynamixel_sdk_custom_interfaces:/home/hassan/rosbot_ws/install/ros_bot:/home/hassan/ros-tuts/patrol_ws/install/turtlebot3_teleop:/home/hassan/ros-tuts/patrol_ws/install/turtlebot3_example:/home/hassan/ros-tuts/patrol_ws/install/tb3_sim:/opt/ros/humble LD_LIBRARY_PATH=/home/hassan/ros-tuts/patrol_ws/install/turtlebot3_msgs/lib:/home/hassan/ros-tuts/patrol_ws/install/dynamixel_sdk/lib:/home/hassan/ros-tuts/patrol_ws/install/dynamixel_sdk_custom_interfaces/lib:/usr/lib/x86_64-linux-gnu/gazebo-11/plugins:/opt/ros/humble/opt/rviz_ogre_vendor/lib:/opt/ros/humble/lib/x86_64-linux-gnu:/opt/ros/humble/lib PYTHONPATH=/home/hassan/ros-tuts/patrol_ws/build/turtlebot3_example:/home/hassan/ros-tuts/patrol_ws/install/turtlebot3_example/lib/python3.10/site-packages:/home/hassan/ros-tuts/patrol_ws/build/turtlebot3_teleop:/home/hassan/ros-tuts/patrol_ws/install/turtlebot3_teleop/lib/python3.10/site-packages:/home/hassan/ros-tuts/patrol_ws/build/tb3_sim:/home/hassan/ros-tuts/patrol_ws/install/turtlebot3_msgs/local/lib/python3.10/dist-packages:/home/hassan/ros-tuts/patrol_ws/install/tb3_sim/lib/python3.10/site-packages:/home/hassan/ros-tuts/patrol_ws/install/dynamixel_sdk_custom_interfaces/local/lib/python3.10/dist-packages:/opt/ros/humble/lib/python3.10/site-packages:/opt/ros/humble/local/lib/python3.10/dist-packages /usr/bin/cmake --build /home/hassan/ros-tuts/patrol_ws/build/turtlebot3 -- -j8 -l8
[6.366s] DEBUG:colcon.colcon_core.event_handler.log_command:Invoked command in '/home/hassan/ros-tuts/patrol_ws/build/turtlebot3' returned '0': AMENT_PREFIX_PATH=/home/hassan/ros-tuts/patrol_ws/install/turtlebot3_example:/home/hassan/ros-tuts/patrol_ws/install/turtlebot3_teleop:/home/hassan/ros-tuts/patrol_ws/install/turtlebot3:/home/hassan/ros-tuts/patrol_ws/install/turtlebot3_simulations:/home/hassan/ros-tuts/patrol_ws/install/turtlebot3_bringup:/home/hassan/ros-tuts/patrol_ws/install/turtlebot3_node:/home/hassan/ros-tuts/patrol_ws/install/turtlebot3_navigation2:/home/hassan/ros-tuts/patrol_ws/install/turtlebot3_fake_node:/home/hassan/ros-tuts/patrol_ws/install/turtlebot3_msgs:/home/hassan/ros-tuts/patrol_ws/install/turtlebot3_gazebo:/home/hassan/ros-tuts/patrol_ws/install/turtlebot3_description:/home/hassan/ros-tuts/patrol_ws/install/turtlebot3_cartographer:/home/hassan/ros-tuts/patrol_ws/install/tb3_sim:/home/hassan/ros-tuts/patrol_ws/install/hls_lfcd_lds_driver:/home/hassan/ros-tuts/patrol_ws/install/dynamixel_sdk_examples:/home/hassan/ros-tuts/patrol_ws/install/dynamixel_sdk_custom_interfaces:/home/hassan/ros-tuts/patrol_ws/install/dynamixel_sdk:/home/hassan/rosbot_ws/install/ros_bot:/opt/ros/humble CMAKE_PREFIX_PATH=/home/hassan/ros-tuts/patrol_ws/install/turtlebot3_bringup:/home/hassan/ros-tuts/patrol_ws/install/turtlebot3_node:/home/hassan/ros-tuts/patrol_ws/install/turtlebot3_navigation2:/home/hassan/ros-tuts/patrol_ws/install/turtlebot3_msgs:/home/hassan/ros-tuts/patrol_ws/install/turtlebot3_description:/home/hassan/ros-tuts/patrol_ws/install/turtlebot3_cartographer:/home/hassan/ros-tuts/patrol_ws/install/hls_lfcd_lds_driver:/home/hassan/ros-tuts/patrol_ws/install/dynamixel_sdk:/home/hassan/ros-tuts/patrol_ws/install/turtlebot3:/home/hassan/ros-tuts/patrol_ws/install/turtlebot3_simulations:/home/hassan/ros-tuts/patrol_ws/install/turtlebot3_fake_node:/home/hassan/ros-tuts/patrol_ws/install/turtlebot3_gazebo:/home/hassan/ros-tuts/patrol_ws/install/dynamixel_sdk_examples:/home/hassan/ros-tuts/patrol_ws/install/dynamixel_sdk_custom_interfaces:/home/hassan/rosbot_ws/install/ros_bot:/home/hassan/ros-tuts/patrol_ws/install/turtlebot3_teleop:/home/hassan/ros-tuts/patrol_ws/install/turtlebot3_example:/home/hassan/ros-tuts/patrol_ws/install/tb3_sim:/opt/ros/humble LD_LIBRARY_PATH=/home/hassan/ros-tuts/patrol_ws/install/turtlebot3_msgs/lib:/home/hassan/ros-tuts/patrol_ws/install/dynamixel_sdk/lib:/home/hassan/ros-tuts/patrol_ws/install/dynamixel_sdk_custom_interfaces/lib:/usr/lib/x86_64-linux-gnu/gazebo-11/plugins:/opt/ros/humble/opt/rviz_ogre_vendor/lib:/opt/ros/humble/lib/x86_64-linux-gnu:/opt/ros/humble/lib PYTHONPATH=/home/hassan/ros-tuts/patrol_ws/build/turtlebot3_example:/home/hassan/ros-tuts/patrol_ws/install/turtlebot3_example/lib/python3.10/site-packages:/home/hassan/ros-tuts/patrol_ws/build/turtlebot3_teleop:/home/hassan/ros-tuts/patrol_ws/install/turtlebot3_teleop/lib/python3.10/site-packages:/home/hassan/ros-tuts/patrol_ws/build/tb3_sim:/home/hassan/ros-tuts/patrol_ws/install/turtlebot3_msgs/local/lib/python3.10/dist-packages:/home/hassan/ros-tuts/patrol_ws/install/tb3_sim/lib/python3.10/site-packages:/home/hassan/ros-tuts/patrol_ws/install/dynamixel_sdk_custom_interfaces/local/lib/python3.10/dist-packages:/opt/ros/humble/lib/python3.10/site-packages:/opt/ros/humble/local/lib/python3.10/dist-packages /usr/bin/cmake --build /home/hassan/ros-tuts/patrol_ws/build/turtlebot3 -- -j8 -l8
[6.407s] DEBUG:colcon.colcon_core.event_handler.log_command:Invoking command in '/home/hassan/ros-tuts/patrol_ws/build/turtlebot3': AMENT_PREFIX_PATH=/home/hassan/ros-tuts/patrol_ws/install/turtlebot3_example:/home/hassan/ros-tuts/patrol_ws/install/turtlebot3_teleop:/home/hassan/ros-tuts/patrol_ws/install/turtlebot3:/home/hassan/ros-tuts/patrol_ws/install/turtlebot3_simulations:/home/hassan/ros-tuts/patrol_ws/install/turtlebot3_bringup:/home/hassan/ros-tuts/patrol_ws/install/turtlebot3_node:/home/hassan/ros-tuts/patrol_ws/install/turtlebot3_navigation2:/home/hassan/ros-tuts/patrol_ws/install/turtlebot3_fake_node:/home/hassan/ros-tuts/patrol_ws/install/turtlebot3_msgs:/home/hassan/ros-tuts/patrol_ws/install/turtlebot3_gazebo:/home/hassan/ros-tuts/patrol_ws/install/turtlebot3_description:/home/hassan/ros-tuts/patrol_ws/install/turtlebot3_cartographer:/home/hassan/ros-tuts/patrol_ws/install/tb3_sim:/home/hassan/ros-tuts/patrol_ws/install/hls_lfcd_lds_driver:/home/hassan/ros-tuts/patrol_ws/install/dynamixel_sdk_examples:/home/hassan/ros-tuts/patrol_ws/install/dynamixel_sdk_custom_interfaces:/home/hassan/ros-tuts/patrol_ws/install/dynamixel_sdk:/home/hassan/rosbot_ws/install/ros_bot:/opt/ros/humble CMAKE_PREFIX_PATH=/home/hassan/ros-tuts/patrol_ws/install/turtlebot3_bringup:/home/hassan/ros-tuts/patrol_ws/install/turtlebot3_node:/home/hassan/ros-tuts/patrol_ws/install/turtlebot3_navigation2:/home/hassan/ros-tuts/patrol_ws/install/turtlebot3_msgs:/home/hassan/ros-tuts/patrol_ws/install/turtlebot3_description:/home/hassan/ros-tuts/patrol_ws/install/turtlebot3_cartographer:/home/hassan/ros-tuts/patrol_ws/install/hls_lfcd_lds_driver:/home/hassan/ros-tuts/patrol_ws/install/dynamixel_sdk:/home/hassan/ros-tuts/patrol_ws/install/turtlebot3:/home/hassan/ros-tuts/patrol_ws/install/turtlebot3_simulations:/home/hassan/ros-tuts/patrol_ws/install/turtlebot3_fake_node:/home/hassan/ros-tuts/patrol_ws/install/turtlebot3_gazebo:/home/hassan/ros-tuts/patrol_ws/install/dynamixel_sdk_examples:/home/hassan/ros-tuts/patrol_ws/install/dynamixel_sdk_custom_interfaces:/home/hassan/rosbot_ws/install/ros_bot:/home/hassan/ros-tuts/patrol_ws/install/turtlebot3_teleop:/home/hassan/ros-tuts/patrol_ws/install/turtlebot3_example:/home/hassan/ros-tuts/patrol_ws/install/tb3_sim:/opt/ros/humble LD_LIBRARY_PATH=/home/hassan/ros-tuts/patrol_ws/install/turtlebot3_msgs/lib:/home/hassan/ros-tuts/patrol_ws/install/dynamixel_sdk/lib:/home/hassan/ros-tuts/patrol_ws/install/dynamixel_sdk_custom_interfaces/lib:/usr/lib/x86_64-linux-gnu/gazebo-11/plugins:/opt/ros/humble/opt/rviz_ogre_vendor/lib:/opt/ros/humble/lib/x86_64-linux-gnu:/opt/ros/humble/lib PYTHONPATH=/home/hassan/ros-tuts/patrol_ws/build/turtlebot3_example:/home/hassan/ros-tuts/patrol_ws/install/turtlebot3_example/lib/python3.10/site-packages:/home/hassan/ros-tuts/patrol_ws/build/turtlebot3_teleop:/home/hassan/ros-tuts/patrol_ws/install/turtlebot3_teleop/lib/python3.10/site-packages:/home/hassan/ros-tuts/patrol_ws/build/tb3_sim:/home/hassan/ros-tuts/patrol_ws/install/turtlebot3_msgs/local/lib/python3.10/dist-packages:/home/hassan/ros-tuts/patrol_ws/install/tb3_sim/lib/python3.10/site-packages:/home/hassan/ros-tuts/patrol_ws/install/dynamixel_sdk_custom_interfaces/local/lib/python3.10/dist-packages:/opt/ros/humble/lib/python3.10/site-packages:/opt/ros/humble/local/lib/python3.10/dist-packages /usr/bin/cmake --install /home/hassan/ros-tuts/patrol_ws/build/turtlebot3
[6.443s] Level 1:colcon.colcon_core.environment:create_environment_scripts_only(turtlebot3)
[6.444s] Level 1:colcon.colcon_core.environment:checking '/home/hassan/ros-tuts/patrol_ws/install/turtlebot3' for CMake module files
[6.444s] DEBUG:colcon.colcon_core.event_handler.log_command:Invoked command in '/home/hassan/ros-tuts/patrol_ws/build/turtlebot3' returned '0': AMENT_PREFIX_PATH=/home/hassan/ros-tuts/patrol_ws/install/turtlebot3_example:/home/hassan/ros-tuts/patrol_ws/install/turtlebot3_teleop:/home/hassan/ros-tuts/patrol_ws/install/turtlebot3:/home/hassan/ros-tuts/patrol_ws/install/turtlebot3_simulations:/home/hassan/ros-tuts/patrol_ws/install/turtlebot3_bringup:/home/hassan/ros-tuts/patrol_ws/install/turtlebot3_node:/home/hassan/ros-tuts/patrol_ws/install/turtlebot3_navigation2:/home/hassan/ros-tuts/patrol_ws/install/turtlebot3_fake_node:/home/hassan/ros-tuts/patrol_ws/install/turtlebot3_msgs:/home/hassan/ros-tuts/patrol_ws/install/turtlebot3_gazebo:/home/hassan/ros-tuts/patrol_ws/install/turtlebot3_description:/home/hassan/ros-tuts/patrol_ws/install/turtlebot3_cartographer:/home/hassan/ros-tuts/patrol_ws/install/tb3_sim:/home/hassan/ros-tuts/patrol_ws/install/hls_lfcd_lds_driver:/home/hassan/ros-tuts/patrol_ws/install/dynamixel_sdk_examples:/home/hassan/ros-tuts/patrol_ws/install/dynamixel_sdk_custom_interfaces:/home/hassan/ros-tuts/patrol_ws/install/dynamixel_sdk:/home/hassan/rosbot_ws/install/ros_bot:/opt/ros/humble CMAKE_PREFIX_PATH=/home/hassan/ros-tuts/patrol_ws/install/turtlebot3_bringup:/home/hassan/ros-tuts/patrol_ws/install/turtlebot3_node:/home/hassan/ros-tuts/patrol_ws/install/turtlebot3_navigation2:/home/hassan/ros-tuts/patrol_ws/install/turtlebot3_msgs:/home/hassan/ros-tuts/patrol_ws/install/turtlebot3_description:/home/hassan/ros-tuts/patrol_ws/install/turtlebot3_cartographer:/home/hassan/ros-tuts/patrol_ws/install/hls_lfcd_lds_driver:/home/hassan/ros-tuts/patrol_ws/install/dynamixel_sdk:/home/hassan/ros-tuts/patrol_ws/install/turtlebot3:/home/hassan/ros-tuts/patrol_ws/install/turtlebot3_simulations:/home/hassan/ros-tuts/patrol_ws/install/turtlebot3_fake_node:/home/hassan/ros-tuts/patrol_ws/install/turtlebot3_gazebo:/home/hassan/ros-tuts/patrol_ws/install/dynamixel_sdk_examples:/home/hassan/ros-tuts/patrol_ws/install/dynamixel_sdk_custom_interfaces:/home/hassan/rosbot_ws/install/ros_bot:/home/hassan/ros-tuts/patrol_ws/install/turtlebot3_teleop:/home/hassan/ros-tuts/patrol_ws/install/turtlebot3_example:/home/hassan/ros-tuts/patrol_ws/install/tb3_sim:/opt/ros/humble LD_LIBRARY_PATH=/home/hassan/ros-tuts/patrol_ws/install/turtlebot3_msgs/lib:/home/hassan/ros-tuts/patrol_ws/install/dynamixel_sdk/lib:/home/hassan/ros-tuts/patrol_ws/install/dynamixel_sdk_custom_interfaces/lib:/usr/lib/x86_64-linux-gnu/gazebo-11/plugins:/opt/ros/humble/opt/rviz_ogre_vendor/lib:/opt/ros/humble/lib/x86_64-linux-gnu:/opt/ros/humble/lib PYTHONPATH=/home/hassan/ros-tuts/patrol_ws/build/turtlebot3_example:/home/hassan/ros-tuts/patrol_ws/install/turtlebot3_example/lib/python3.10/site-packages:/home/hassan/ros-tuts/patrol_ws/build/turtlebot3_teleop:/home/hassan/ros-tuts/patrol_ws/install/turtlebot3_teleop/lib/python3.10/site-packages:/home/hassan/ros-tuts/patrol_ws/build/tb3_sim:/home/hassan/ros-tuts/patrol_ws/install/turtlebot3_msgs/local/lib/python3.10/dist-packages:/home/hassan/ros-tuts/patrol_ws/install/tb3_sim/lib/python3.10/site-packages:/home/hassan/ros-tuts/patrol_ws/install/dynamixel_sdk_custom_interfaces/local/lib/python3.10/dist-packages:/opt/ros/humble/lib/python3.10/site-packages:/opt/ros/humble/local/lib/python3.10/dist-packages /usr/bin/cmake --install /home/hassan/ros-tuts/patrol_ws/build/turtlebot3
[6.445s] Level 1:colcon.colcon_core.environment:checking '/home/hassan/ros-tuts/patrol_ws/install/turtlebot3' for CMake config files
[6.446s] Level 1:colcon.colcon_core.shell:create_environment_hook('turtlebot3', 'cmake_prefix_path')
[6.446s] INFO:colcon.colcon_core.shell:Creating environment hook '/home/hassan/ros-tuts/patrol_ws/install/turtlebot3/share/turtlebot3/hook/cmake_prefix_path.ps1'
[6.447s] INFO:colcon.colcon_core.shell:Creating environment descriptor '/home/hassan/ros-tuts/patrol_ws/install/turtlebot3/share/turtlebot3/hook/cmake_prefix_path.dsv'
[6.447s] INFO:colcon.colcon_core.shell:Creating environment hook '/home/hassan/ros-tuts/patrol_ws/install/turtlebot3/share/turtlebot3/hook/cmake_prefix_path.sh'
[6.448s] Level 1:colcon.colcon_core.environment:checking '/home/hassan/ros-tuts/patrol_ws/install/turtlebot3/bin'
[6.448s] Level 1:colcon.colcon_core.environment:checking '/home/hassan/ros-tuts/patrol_ws/install/turtlebot3/lib/pkgconfig/turtlebot3.pc'
[6.449s] Level 1:colcon.colcon_core.environment:checking '/home/hassan/ros-tuts/patrol_ws/install/turtlebot3/lib/python3.10/site-packages'
[6.449s] Level 1:colcon.colcon_core.environment:checking '/home/hassan/ros-tuts/patrol_ws/install/turtlebot3/bin'
[6.450s] INFO:colcon.colcon_core.shell:Creating package script '/home/hassan/ros-tuts/patrol_ws/install/turtlebot3/share/turtlebot3/package.ps1'
[6.451s] INFO:colcon.colcon_core.shell:Creating package descriptor '/home/hassan/ros-tuts/patrol_ws/install/turtlebot3/share/turtlebot3/package.dsv'
[6.451s] INFO:colcon.colcon_core.shell:Creating package script '/home/hassan/ros-tuts/patrol_ws/install/turtlebot3/share/turtlebot3/package.sh'
[6.452s] INFO:colcon.colcon_core.shell:Creating package script '/home/hassan/ros-tuts/patrol_ws/install/turtlebot3/share/turtlebot3/package.bash'
[6.453s] INFO:colcon.colcon_core.shell:Creating package script '/home/hassan/ros-tuts/patrol_ws/install/turtlebot3/share/turtlebot3/package.zsh'
[6.453s] Level 1:colcon.colcon_core.environment:create_file_with_runtime_dependencies(/home/hassan/ros-tuts/patrol_ws/install/turtlebot3/share/colcon-core/packages/turtlebot3)
[6.493s] Level 1:colcon.colcon_core.environment:create_environment_scripts_only(turtlebot3)
[6.494s] Level 1:colcon.colcon_core.environment:checking '/home/hassan/ros-tuts/patrol_ws/install/turtlebot3' for CMake module files
[6.495s] Level 1:colcon.colcon_core.environment:checking '/home/hassan/ros-tuts/patrol_ws/install/turtlebot3' for CMake config files
[6.495s] Level 1:colcon.colcon_core.shell:create_environment_hook('turtlebot3', 'cmake_prefix_path')
[6.495s] INFO:colcon.colcon_core.shell:Creating environment hook '/home/hassan/ros-tuts/patrol_ws/install/turtlebot3/share/turtlebot3/hook/cmake_prefix_path.ps1'
[6.496s] INFO:colcon.colcon_core.shell:Creating environment descriptor '/home/hassan/ros-tuts/patrol_ws/install/turtlebot3/share/turtlebot3/hook/cmake_prefix_path.dsv'
[6.497s] INFO:colcon.colcon_core.shell:Creating environment hook '/home/hassan/ros-tuts/patrol_ws/install/turtlebot3/share/turtlebot3/hook/cmake_prefix_path.sh'
[6.498s] Level 1:colcon.colcon_core.environment:checking '/home/hassan/ros-tuts/patrol_ws/install/turtlebot3/bin'
[6.498s] Level 1:colcon.colcon_core.environment:checking '/home/hassan/ros-tuts/patrol_ws/install/turtlebot3/lib/pkgconfig/turtlebot3.pc'
[6.499s] Level 1:colcon.colcon_core.environment:checking '/home/hassan/ros-tuts/patrol_ws/install/turtlebot3/lib/python3.10/site-packages'
[6.499s] Level 1:colcon.colcon_core.environment:checking '/home/hassan/ros-tuts/patrol_ws/install/turtlebot3/bin'
[6.500s] INFO:colcon.colcon_core.shell:Creating package script '/home/hassan/ros-tuts/patrol_ws/install/turtlebot3/share/turtlebot3/package.ps1'
[6.501s] INFO:colcon.colcon_core.shell:Creating package descriptor '/home/hassan/ros-tuts/patrol_ws/install/turtlebot3/share/turtlebot3/package.dsv'
[6.501s] INFO:colcon.colcon_core.shell:Creating package script '/home/hassan/ros-tuts/patrol_ws/install/turtlebot3/share/turtlebot3/package.sh'
[6.502s] INFO:colcon.colcon_core.shell:Creating package script '/home/hassan/ros-tuts/patrol_ws/install/turtlebot3/share/turtlebot3/package.bash'
[6.503s] INFO:colcon.colcon_core.shell:Creating package script '/home/hassan/ros-tuts/patrol_ws/install/turtlebot3/share/turtlebot3/package.zsh'
[6.504s] Level 1:colcon.colcon_core.environment:create_file_with_runtime_dependencies(/home/hassan/ros-tuts/patrol_ws/install/turtlebot3/share/colcon-core/packages/turtlebot3)
[6.504s] DEBUG:colcon.colcon_parallel_executor.executor.parallel:closing loop
[6.504s] DEBUG:colcon.colcon_parallel_executor.executor.parallel:loop closed
[6.505s] DEBUG:colcon.colcon_parallel_executor.executor.parallel:run_until_complete finished with '0'
[6.505s] DEBUG:colcon.colcon_core.event_reactor:joining thread
[6.515s] INFO:colcon.colcon_core.plugin_system:Skipping extension 'colcon_notification.desktop_notification.terminal_notifier': Not used on non-Darwin systems
[6.515s] INFO:colcon.colcon_core.plugin_system:Skipping extension 'colcon_notification.desktop_notification.win32': Not used on non-Windows systems
[6.515s] INFO:colcon.colcon_notification.desktop_notification:Sending desktop notification using 'notify2'
[6.536s] DEBUG:colcon.colcon_core.event_reactor:joined thread
[6.537s] INFO:colcon.colcon_core.shell:Creating prefix script '/home/hassan/ros-tuts/patrol_ws/install/local_setup.ps1'
[6.539s] INFO:colcon.colcon_core.shell:Creating prefix util module '/home/hassan/ros-tuts/patrol_ws/install/_local_setup_util_ps1.py'
[6.542s] INFO:colcon.colcon_core.shell:Creating prefix chain script '/home/hassan/ros-tuts/patrol_ws/install/setup.ps1'
[6.545s] INFO:colcon.colcon_core.shell:Creating prefix script '/home/hassan/ros-tuts/patrol_ws/install/local_setup.sh'
[6.546s] INFO:colcon.colcon_core.shell:Creating prefix util module '/home/hassan/ros-tuts/patrol_ws/install/_local_setup_util_sh.py'
[6.548s] INFO:colcon.colcon_core.shell:Creating prefix chain script '/home/hassan/ros-tuts/patrol_ws/install/setup.sh'
[6.551s] INFO:colcon.colcon_core.shell:Creating prefix script '/home/hassan/ros-tuts/patrol_ws/install/local_setup.bash'
[6.552s] INFO:colcon.colcon_core.shell:Creating prefix chain script '/home/hassan/ros-tuts/patrol_ws/install/setup.bash'
[6.556s] INFO:colcon.colcon_core.shell:Creating prefix script '/home/hassan/ros-tuts/patrol_ws/install/local_setup.zsh'
[6.557s] INFO:colcon.colcon_core.shell:Creating prefix chain script '/home/hassan/ros-tuts/patrol_ws/install/setup.zsh'
