[0.247s] DEBUG:colcon:Command line arguments: ['/usr/bin/colcon', 'build']
[0.247s] DEBUG:colcon:Parsed command line arguments: Namespace(log_base=None, log_level=None, verb_name='build', build_base='build', install_base='install', merge_install=False, symlink_install=False, test_result_base=None, continue_on_error=False, executor='parallel', parallel_workers=8, event_handlers=None, ignore_user_meta=False, metas=['./colcon.meta'], base_paths=['.'], packages_ignore=None, packages_ignore_regex=None, paths=None, packages_up_to=None, packages_up_to_regex=None, packages_above=None, packages_above_and_dependencies=None, packages_above_depth=None, packages_select_by_dep=None, packages_skip_by_dep=None, packages_skip_up_to=None, packages_select_build_failed=False, packages_skip_build_finished=False, packages_select_test_failures=False, packages_skip_test_passed=False, packages_select=None, packages_skip=None, packages_select_regex=None, packages_skip_regex=None, packages_start=None, packages_end=None, allow_overriding=[], cmake_args=None, cmake_target=None, cmake_target_skip_unavailable=False, cmake_clean_cache=False, cmake_clean_first=False, cmake_force_configure=False, ament_cmake_args=None, catkin_cmake_args=None, catkin_skip_building_tests=False, mixin_files=None, mixin=None, verb_parser=<colcon_mixin.mixin.mixin_argument.MixinArgumentDecorator object at 0x7bb91c0f29b0>, verb_extension=<colcon_core.verb.build.BuildVerb object at 0x7bb91c246fb0>, main=<bound method BuildVerb.main of <colcon_core.verb.build.BuildVerb object at 0x7bb91c246fb0>>, mixin_verb=('build',))
[0.576s] Level 1:colcon.colcon_core.package_discovery:discover_packages(colcon_meta) check parameters
[0.577s] Level 1:colcon.colcon_core.package_discovery:discover_packages(recursive) check parameters
[0.577s] Level 1:colcon.colcon_core.package_discovery:discover_packages(ignore) check parameters
[0.577s] Level 1:colcon.colcon_core.package_discovery:discover_packages(path) check parameters
[0.577s] Level 1:colcon.colcon_core.package_discovery:discover_packages(colcon_meta) discover
[0.577s] Level 1:colcon.colcon_core.package_discovery:discover_packages(recursive) discover
[0.577s] INFO:colcon.colcon_core.package_discovery:Crawling recursively for packages in '/home/hassan/ros-tuts/patrol_ws'
[0.577s] Level 1:colcon.colcon_core.package_identification:_identify(.) by extensions ['ignore', 'ignore_ament_install']
[0.578s] Level 1:colcon.colcon_core.package_identification:_identify(.) by extension 'ignore'
[0.578s] Level 1:colcon.colcon_core.package_identification:_identify(.) by extension 'ignore_ament_install'
[0.578s] Level 1:colcon.colcon_core.package_identification:_identify(.) by extensions ['colcon_pkg']
[0.578s] Level 1:colcon.colcon_core.package_identification:_identify(.) by extension 'colcon_pkg'
[0.578s] Level 1:colcon.colcon_core.package_identification:_identify(.) by extensions ['colcon_meta']
[0.578s] Level 1:colcon.colcon_core.package_identification:_identify(.) by extension 'colcon_meta'
[0.579s] Level 1:colcon.colcon_core.package_identification:_identify(.) by extensions ['ros']
[0.579s] Level 1:colcon.colcon_core.package_identification:_identify(.) by extension 'ros'
[0.600s] Level 1:colcon.colcon_core.package_identification:_identify(.) by extensions ['cmake', 'python']
[0.600s] Level 1:colcon.colcon_core.package_identification:_identify(.) by extension 'cmake'
[0.601s] Level 1:colcon.colcon_core.package_identification:_identify(.) by extension 'python'
[0.601s] Level 1:colcon.colcon_core.package_identification:_identify(.) by extensions ['python_setup_py']
[0.601s] Level 1:colcon.colcon_core.package_identification:_identify(.) by extension 'python_setup_py'
[0.601s] Level 1:colcon.colcon_core.package_identification:_identify(build) by extensions ['ignore', 'ignore_ament_install']
[0.601s] Level 1:colcon.colcon_core.package_identification:_identify(build) by extension 'ignore'
[0.602s] Level 1:colcon.colcon_core.package_identification:_identify(build) ignored
[0.602s] Level 1:colcon.colcon_core.package_identification:_identify(install) by extensions ['ignore', 'ignore_ament_install']
[0.602s] Level 1:colcon.colcon_core.package_identification:_identify(install) by extension 'ignore'
[0.602s] Level 1:colcon.colcon_core.package_identification:_identify(install) ignored
[0.603s] Level 1:colcon.colcon_core.package_identification:_identify(log) by extensions ['ignore', 'ignore_ament_install']
[0.603s] Level 1:colcon.colcon_core.package_identification:_identify(log) by extension 'ignore'
[0.603s] Level 1:colcon.colcon_core.package_identification:_identify(log) ignored
[0.603s] Level 1:colcon.colcon_core.package_identification:_identify(src) by extensions ['ignore', 'ignore_ament_install']
[0.603s] Level 1:colcon.colcon_core.package_identification:_identify(src) by extension 'ignore'
[0.604s] Level 1:colcon.colcon_core.package_identification:_identify(src) by extension 'ignore_ament_install'
[0.604s] Level 1:colcon.colcon_core.package_identification:_identify(src) by extensions ['colcon_pkg']
[0.604s] Level 1:colcon.colcon_core.package_identification:_identify(src) by extension 'colcon_pkg'
[0.604s] Level 1:colcon.colcon_core.package_identification:_identify(src) by extensions ['colcon_meta']
[0.604s] Level 1:colcon.colcon_core.package_identification:_identify(src) by extension 'colcon_meta'
[0.604s] Level 1:colcon.colcon_core.package_identification:_identify(src) by extensions ['ros']
[0.604s] Level 1:colcon.colcon_core.package_identification:_identify(src) by extension 'ros'
[0.604s] Level 1:colcon.colcon_core.package_identification:_identify(src) by extensions ['cmake', 'python']
[0.605s] Level 1:colcon.colcon_core.package_identification:_identify(src) by extension 'cmake'
[0.605s] Level 1:colcon.colcon_core.package_identification:_identify(src) by extension 'python'
[0.605s] Level 1:colcon.colcon_core.package_identification:_identify(src) by extensions ['python_setup_py']
[0.605s] Level 1:colcon.colcon_core.package_identification:_identify(src) by extension 'python_setup_py'
[0.605s] Level 1:colcon.colcon_core.package_identification:_identify(src/tb3_sim) by extensions ['ignore', 'ignore_ament_install']
[0.605s] Level 1:colcon.colcon_core.package_identification:_identify(src/tb3_sim) by extension 'ignore'
[0.605s] Level 1:colcon.colcon_core.package_identification:_identify(src/tb3_sim) by extension 'ignore_ament_install'
[0.606s] Level 1:colcon.colcon_core.package_identification:_identify(src/tb3_sim) by extensions ['colcon_pkg']
[0.606s] Level 1:colcon.colcon_core.package_identification:_identify(src/tb3_sim) by extension 'colcon_pkg'
[0.606s] Level 1:colcon.colcon_core.package_identification:_identify(src/tb3_sim) by extensions ['colcon_meta']
[0.606s] Level 1:colcon.colcon_core.package_identification:_identify(src/tb3_sim) by extension 'colcon_meta'
[0.606s] Level 1:colcon.colcon_core.package_identification:_identify(src/tb3_sim) by extensions ['ros']
[0.606s] Level 1:colcon.colcon_core.package_identification:_identify(src/tb3_sim) by extension 'ros'
[0.611s] DEBUG:colcon.colcon_core.package_identification:Package 'src/tb3_sim' with type 'ros.ament_python' and name 'tb3_sim'
[0.612s] Level 1:colcon.colcon_core.package_identification:_identify(src/turtlebot3) by extensions ['ignore', 'ignore_ament_install']
[0.612s] Level 1:colcon.colcon_core.package_identification:_identify(src/turtlebot3) by extension 'ignore'
[0.612s] Level 1:colcon.colcon_core.package_identification:_identify(src/turtlebot3) by extension 'ignore_ament_install'
[0.612s] Level 1:colcon.colcon_core.package_identification:_identify(src/turtlebot3) by extensions ['colcon_pkg']
[0.612s] Level 1:colcon.colcon_core.package_identification:_identify(src/turtlebot3) by extension 'colcon_pkg'
[0.612s] Level 1:colcon.colcon_core.package_identification:_identify(src/turtlebot3) by extensions ['colcon_meta']
[0.613s] Level 1:colcon.colcon_core.package_identification:_identify(src/turtlebot3) by extension 'colcon_meta'
[0.613s] Level 1:colcon.colcon_core.package_identification:_identify(src/turtlebot3) by extensions ['ros']
[0.613s] Level 1:colcon.colcon_core.package_identification:_identify(src/turtlebot3) by extension 'ros'
[0.613s] Level 1:colcon.colcon_core.package_identification:_identify(src/turtlebot3) by extensions ['cmake', 'python']
[0.613s] Level 1:colcon.colcon_core.package_identification:_identify(src/turtlebot3) by extension 'cmake'
[0.613s] Level 1:colcon.colcon_core.package_identification:_identify(src/turtlebot3) by extension 'python'
[0.613s] Level 1:colcon.colcon_core.package_identification:_identify(src/turtlebot3) by extensions ['python_setup_py']
[0.613s] Level 1:colcon.colcon_core.package_identification:_identify(src/turtlebot3) by extension 'python_setup_py'
[0.614s] Level 1:colcon.colcon_core.package_identification:_identify(src/turtlebot3/turtlebot3) by extensions ['ignore', 'ignore_ament_install']
[0.614s] Level 1:colcon.colcon_core.package_identification:_identify(src/turtlebot3/turtlebot3) by extension 'ignore'
[0.614s] Level 1:colcon.colcon_core.package_identification:_identify(src/turtlebot3/turtlebot3) by extension 'ignore_ament_install'
[0.614s] Level 1:colcon.colcon_core.package_identification:_identify(src/turtlebot3/turtlebot3) by extensions ['colcon_pkg']
[0.614s] Level 1:colcon.colcon_core.package_identification:_identify(src/turtlebot3/turtlebot3) by extension 'colcon_pkg'
[0.615s] Level 1:colcon.colcon_core.package_identification:_identify(src/turtlebot3/turtlebot3) by extensions ['colcon_meta']
[0.615s] Level 1:colcon.colcon_core.package_identification:_identify(src/turtlebot3/turtlebot3) by extension 'colcon_meta'
[0.615s] Level 1:colcon.colcon_core.package_identification:_identify(src/turtlebot3/turtlebot3) by extensions ['ros']
[0.615s] Level 1:colcon.colcon_core.package_identification:_identify(src/turtlebot3/turtlebot3) by extension 'ros'
[0.615s] Level 1:colcon.colcon_core.package_identification:_identify(src/turtlebot3/turtlebot3) by extensions ['cmake', 'python']
[0.615s] Level 1:colcon.colcon_core.package_identification:_identify(src/turtlebot3/turtlebot3) by extension 'cmake'
[0.615s] Level 1:colcon.colcon_core.package_identification:_identify(src/turtlebot3/turtlebot3) by extension 'python'
[0.615s] Level 1:colcon.colcon_core.package_identification:_identify(src/turtlebot3/turtlebot3) by extensions ['python_setup_py']
[0.615s] Level 1:colcon.colcon_core.package_identification:_identify(src/turtlebot3/turtlebot3) by extension 'python_setup_py'
[0.616s] Level 1:colcon.colcon_core.package_identification:_identify(src/turtlebot3/turtlebot3/turtlebot3) by extensions ['ignore', 'ignore_ament_install']
[0.616s] Level 1:colcon.colcon_core.package_identification:_identify(src/turtlebot3/turtlebot3/turtlebot3) by extension 'ignore'
[0.616s] Level 1:colcon.colcon_core.package_identification:_identify(src/turtlebot3/turtlebot3/turtlebot3) by extension 'ignore_ament_install'
[0.616s] Level 1:colcon.colcon_core.package_identification:_identify(src/turtlebot3/turtlebot3/turtlebot3) by extensions ['colcon_pkg']
[0.616s] Level 1:colcon.colcon_core.package_identification:_identify(src/turtlebot3/turtlebot3/turtlebot3) by extension 'colcon_pkg'
[0.617s] Level 1:colcon.colcon_core.package_identification:_identify(src/turtlebot3/turtlebot3/turtlebot3) by extensions ['colcon_meta']
[0.617s] Level 1:colcon.colcon_core.package_identification:_identify(src/turtlebot3/turtlebot3/turtlebot3) by extension 'colcon_meta'
[0.617s] Level 1:colcon.colcon_core.package_identification:_identify(src/turtlebot3/turtlebot3/turtlebot3) by extensions ['ros']
[0.617s] Level 1:colcon.colcon_core.package_identification:_identify(src/turtlebot3/turtlebot3/turtlebot3) by extension 'ros'
[0.618s] DEBUG:colcon.colcon_core.package_identification:Package 'src/turtlebot3/turtlebot3/turtlebot3' with type 'ros.ament_cmake' and name 'turtlebot3'
[0.619s] Level 1:colcon.colcon_core.package_identification:_identify(src/turtlebot3/turtlebot3/turtlebot3_bringup) by extensions ['ignore', 'ignore_ament_install']
[0.619s] Level 1:colcon.colcon_core.package_identification:_identify(src/turtlebot3/turtlebot3/turtlebot3_bringup) by extension 'ignore'
[0.619s] Level 1:colcon.colcon_core.package_identification:_identify(src/turtlebot3/turtlebot3/turtlebot3_bringup) by extension 'ignore_ament_install'
[0.619s] Level 1:colcon.colcon_core.package_identification:_identify(src/turtlebot3/turtlebot3/turtlebot3_bringup) by extensions ['colcon_pkg']
[0.619s] Level 1:colcon.colcon_core.package_identification:_identify(src/turtlebot3/turtlebot3/turtlebot3_bringup) by extension 'colcon_pkg'
[0.619s] Level 1:colcon.colcon_core.package_identification:_identify(src/turtlebot3/turtlebot3/turtlebot3_bringup) by extensions ['colcon_meta']
[0.619s] Level 1:colcon.colcon_core.package_identification:_identify(src/turtlebot3/turtlebot3/turtlebot3_bringup) by extension 'colcon_meta'
[0.620s] Level 1:colcon.colcon_core.package_identification:_identify(src/turtlebot3/turtlebot3/turtlebot3_bringup) by extensions ['ros']
[0.620s] Level 1:colcon.colcon_core.package_identification:_identify(src/turtlebot3/turtlebot3/turtlebot3_bringup) by extension 'ros'
[0.621s] DEBUG:colcon.colcon_core.package_identification:Package 'src/turtlebot3/turtlebot3/turtlebot3_bringup' with type 'ros.ament_cmake' and name 'turtlebot3_bringup'
[0.621s] Level 1:colcon.colcon_core.package_identification:_identify(src/turtlebot3/turtlebot3/turtlebot3_cartographer) by extensions ['ignore', 'ignore_ament_install']
[0.622s] Level 1:colcon.colcon_core.package_identification:_identify(src/turtlebot3/turtlebot3/turtlebot3_cartographer) by extension 'ignore'
[0.622s] Level 1:colcon.colcon_core.package_identification:_identify(src/turtlebot3/turtlebot3/turtlebot3_cartographer) by extension 'ignore_ament_install'
[0.622s] Level 1:colcon.colcon_core.package_identification:_identify(src/turtlebot3/turtlebot3/turtlebot3_cartographer) by extensions ['colcon_pkg']
[0.622s] Level 1:colcon.colcon_core.package_identification:_identify(src/turtlebot3/turtlebot3/turtlebot3_cartographer) by extension 'colcon_pkg'
[0.622s] Level 1:colcon.colcon_core.package_identification:_identify(src/turtlebot3/turtlebot3/turtlebot3_cartographer) by extensions ['colcon_meta']
[0.622s] Level 1:colcon.colcon_core.package_identification:_identify(src/turtlebot3/turtlebot3/turtlebot3_cartographer) by extension 'colcon_meta'
[0.622s] Level 1:colcon.colcon_core.package_identification:_identify(src/turtlebot3/turtlebot3/turtlebot3_cartographer) by extensions ['ros']
[0.622s] Level 1:colcon.colcon_core.package_identification:_identify(src/turtlebot3/turtlebot3/turtlebot3_cartographer) by extension 'ros'
[0.623s] DEBUG:colcon.colcon_core.package_identification:Package 'src/turtlebot3/turtlebot3/turtlebot3_cartographer' with type 'ros.ament_cmake' and name 'turtlebot3_cartographer'
[0.624s] Level 1:colcon.colcon_core.package_identification:_identify(src/turtlebot3/turtlebot3/turtlebot3_description) by extensions ['ignore', 'ignore_ament_install']
[0.624s] Level 1:colcon.colcon_core.package_identification:_identify(src/turtlebot3/turtlebot3/turtlebot3_description) by extension 'ignore'
[0.624s] Level 1:colcon.colcon_core.package_identification:_identify(src/turtlebot3/turtlebot3/turtlebot3_description) by extension 'ignore_ament_install'
[0.624s] Level 1:colcon.colcon_core.package_identification:_identify(src/turtlebot3/turtlebot3/turtlebot3_description) by extensions ['colcon_pkg']
[0.624s] Level 1:colcon.colcon_core.package_identification:_identify(src/turtlebot3/turtlebot3/turtlebot3_description) by extension 'colcon_pkg'
[0.625s] Level 1:colcon.colcon_core.package_identification:_identify(src/turtlebot3/turtlebot3/turtlebot3_description) by extensions ['colcon_meta']
[0.625s] Level 1:colcon.colcon_core.package_identification:_identify(src/turtlebot3/turtlebot3/turtlebot3_description) by extension 'colcon_meta'
[0.625s] Level 1:colcon.colcon_core.package_identification:_identify(src/turtlebot3/turtlebot3/turtlebot3_description) by extensions ['ros']
[0.625s] Level 1:colcon.colcon_core.package_identification:_identify(src/turtlebot3/turtlebot3/turtlebot3_description) by extension 'ros'
[0.626s] DEBUG:colcon.colcon_core.package_identification:Package 'src/turtlebot3/turtlebot3/turtlebot3_description' with type 'ros.ament_cmake' and name 'turtlebot3_description'
[0.627s] Level 1:colcon.colcon_core.package_identification:_identify(src/turtlebot3/turtlebot3/turtlebot3_example) by extensions ['ignore', 'ignore_ament_install']
[0.627s] Level 1:colcon.colcon_core.package_identification:_identify(src/turtlebot3/turtlebot3/turtlebot3_example) by extension 'ignore'
[0.627s] Level 1:colcon.colcon_core.package_identification:_identify(src/turtlebot3/turtlebot3/turtlebot3_example) by extension 'ignore_ament_install'
[0.627s] Level 1:colcon.colcon_core.package_identification:_identify(src/turtlebot3/turtlebot3/turtlebot3_example) by extensions ['colcon_pkg']
[0.627s] Level 1:colcon.colcon_core.package_identification:_identify(src/turtlebot3/turtlebot3/turtlebot3_example) by extension 'colcon_pkg'
[0.627s] Level 1:colcon.colcon_core.package_identification:_identify(src/turtlebot3/turtlebot3/turtlebot3_example) by extensions ['colcon_meta']
[0.628s] Level 1:colcon.colcon_core.package_identification:_identify(src/turtlebot3/turtlebot3/turtlebot3_example) by extension 'colcon_meta'
[0.628s] Level 1:colcon.colcon_core.package_identification:_identify(src/turtlebot3/turtlebot3/turtlebot3_example) by extensions ['ros']
[0.628s] Level 1:colcon.colcon_core.package_identification:_identify(src/turtlebot3/turtlebot3/turtlebot3_example) by extension 'ros'
[0.630s] DEBUG:colcon.colcon_core.package_identification:Package 'src/turtlebot3/turtlebot3/turtlebot3_example' with type 'ros.ament_python' and name 'turtlebot3_example'
[0.630s] Level 1:colcon.colcon_core.package_identification:_identify(src/turtlebot3/turtlebot3/turtlebot3_navigation2) by extensions ['ignore', 'ignore_ament_install']
[0.630s] Level 1:colcon.colcon_core.package_identification:_identify(src/turtlebot3/turtlebot3/turtlebot3_navigation2) by extension 'ignore'
[0.630s] Level 1:colcon.colcon_core.package_identification:_identify(src/turtlebot3/turtlebot3/turtlebot3_navigation2) by extension 'ignore_ament_install'
[0.631s] Level 1:colcon.colcon_core.package_identification:_identify(src/turtlebot3/turtlebot3/turtlebot3_navigation2) by extensions ['colcon_pkg']
[0.631s] Level 1:colcon.colcon_core.package_identification:_identify(src/turtlebot3/turtlebot3/turtlebot3_navigation2) by extension 'colcon_pkg'
[0.631s] Level 1:colcon.colcon_core.package_identification:_identify(src/turtlebot3/turtlebot3/turtlebot3_navigation2) by extensions ['colcon_meta']
[0.631s] Level 1:colcon.colcon_core.package_identification:_identify(src/turtlebot3/turtlebot3/turtlebot3_navigation2) by extension 'colcon_meta'
[0.631s] Level 1:colcon.colcon_core.package_identification:_identify(src/turtlebot3/turtlebot3/turtlebot3_navigation2) by extensions ['ros']
[0.631s] Level 1:colcon.colcon_core.package_identification:_identify(src/turtlebot3/turtlebot3/turtlebot3_navigation2) by extension 'ros'
[0.632s] DEBUG:colcon.colcon_core.package_identification:Package 'src/turtlebot3/turtlebot3/turtlebot3_navigation2' with type 'ros.ament_cmake' and name 'turtlebot3_navigation2'
[0.633s] Level 1:colcon.colcon_core.package_identification:_identify(src/turtlebot3/turtlebot3/turtlebot3_node) by extensions ['ignore', 'ignore_ament_install']
[0.633s] Level 1:colcon.colcon_core.package_identification:_identify(src/turtlebot3/turtlebot3/turtlebot3_node) by extension 'ignore'
[0.633s] Level 1:colcon.colcon_core.package_identification:_identify(src/turtlebot3/turtlebot3/turtlebot3_node) by extension 'ignore_ament_install'
[0.633s] Level 1:colcon.colcon_core.package_identification:_identify(src/turtlebot3/turtlebot3/turtlebot3_node) by extensions ['colcon_pkg']
[0.633s] Level 1:colcon.colcon_core.package_identification:_identify(src/turtlebot3/turtlebot3/turtlebot3_node) by extension 'colcon_pkg'
[0.633s] Level 1:colcon.colcon_core.package_identification:_identify(src/turtlebot3/turtlebot3/turtlebot3_node) by extensions ['colcon_meta']
[0.634s] Level 1:colcon.colcon_core.package_identification:_identify(src/turtlebot3/turtlebot3/turtlebot3_node) by extension 'colcon_meta'
[0.634s] Level 1:colcon.colcon_core.package_identification:_identify(src/turtlebot3/turtlebot3/turtlebot3_node) by extensions ['ros']
[0.634s] Level 1:colcon.colcon_core.package_identification:_identify(src/turtlebot3/turtlebot3/turtlebot3_node) by extension 'ros'
[0.636s] DEBUG:colcon.colcon_core.package_identification:Package 'src/turtlebot3/turtlebot3/turtlebot3_node' with type 'ros.ament_cmake' and name 'turtlebot3_node'
[0.637s] Level 1:colcon.colcon_core.package_identification:_identify(src/turtlebot3/turtlebot3/turtlebot3_teleop) by extensions ['ignore', 'ignore_ament_install']
[0.637s] Level 1:colcon.colcon_core.package_identification:_identify(src/turtlebot3/turtlebot3/turtlebot3_teleop) by extension 'ignore'
[0.637s] Level 1:colcon.colcon_core.package_identification:_identify(src/turtlebot3/turtlebot3/turtlebot3_teleop) by extension 'ignore_ament_install'
[0.637s] Level 1:colcon.colcon_core.package_identification:_identify(src/turtlebot3/turtlebot3/turtlebot3_teleop) by extensions ['colcon_pkg']
[0.642s] Level 1:colcon.colcon_core.package_identification:_identify(src/turtlebot3/turtlebot3/turtlebot3_teleop) by extension 'colcon_pkg'
[0.642s] Level 1:colcon.colcon_core.package_identification:_identify(src/turtlebot3/turtlebot3/turtlebot3_teleop) by extensions ['colcon_meta']
[0.642s] Level 1:colcon.colcon_core.package_identification:_identify(src/turtlebot3/turtlebot3/turtlebot3_teleop) by extension 'colcon_meta'
[0.643s] Level 1:colcon.colcon_core.package_identification:_identify(src/turtlebot3/turtlebot3/turtlebot3_teleop) by extensions ['ros']
[0.643s] Level 1:colcon.colcon_core.package_identification:_identify(src/turtlebot3/turtlebot3/turtlebot3_teleop) by extension 'ros'
[0.644s] DEBUG:colcon.colcon_core.package_identification:Package 'src/turtlebot3/turtlebot3/turtlebot3_teleop' with type 'ros.ament_python' and name 'turtlebot3_teleop'
[0.644s] Level 1:colcon.colcon_core.package_identification:_identify(src/turtlebot3/turtlebot3_msgs) by extensions ['ignore', 'ignore_ament_install']
[0.645s] Level 1:colcon.colcon_core.package_identification:_identify(src/turtlebot3/turtlebot3_msgs) by extension 'ignore'
[0.645s] Level 1:colcon.colcon_core.package_identification:_identify(src/turtlebot3/turtlebot3_msgs) by extension 'ignore_ament_install'
[0.645s] Level 1:colcon.colcon_core.package_identification:_identify(src/turtlebot3/turtlebot3_msgs) by extensions ['colcon_pkg']
[0.645s] Level 1:colcon.colcon_core.package_identification:_identify(src/turtlebot3/turtlebot3_msgs) by extension 'colcon_pkg'
[0.645s] Level 1:colcon.colcon_core.package_identification:_identify(src/turtlebot3/turtlebot3_msgs) by extensions ['colcon_meta']
[0.645s] Level 1:colcon.colcon_core.package_identification:_identify(src/turtlebot3/turtlebot3_msgs) by extension 'colcon_meta'
[0.645s] Level 1:colcon.colcon_core.package_identification:_identify(src/turtlebot3/turtlebot3_msgs) by extensions ['ros']
[0.646s] Level 1:colcon.colcon_core.package_identification:_identify(src/turtlebot3/turtlebot3_msgs) by extension 'ros'
[0.647s] DEBUG:colcon.colcon_core.package_identification:Package 'src/turtlebot3/turtlebot3_msgs' with type 'ros.ament_cmake' and name 'turtlebot3_msgs'
[0.647s] Level 1:colcon.colcon_core.package_identification:_identify(src/turtlebot3/turtlebot3_simulations) by extensions ['ignore', 'ignore_ament_install']
[0.648s] Level 1:colcon.colcon_core.package_identification:_identify(src/turtlebot3/turtlebot3_simulations) by extension 'ignore'
[0.648s] Level 1:colcon.colcon_core.package_identification:_identify(src/turtlebot3/turtlebot3_simulations) by extension 'ignore_ament_install'
[0.648s] Level 1:colcon.colcon_core.package_identification:_identify(src/turtlebot3/turtlebot3_simulations) by extensions ['colcon_pkg']
[0.648s] Level 1:colcon.colcon_core.package_identification:_identify(src/turtlebot3/turtlebot3_simulations) by extension 'colcon_pkg'
[0.648s] Level 1:colcon.colcon_core.package_identification:_identify(src/turtlebot3/turtlebot3_simulations) by extensions ['colcon_meta']
[0.648s] Level 1:colcon.colcon_core.package_identification:_identify(src/turtlebot3/turtlebot3_simulations) by extension 'colcon_meta'
[0.648s] Level 1:colcon.colcon_core.package_identification:_identify(src/turtlebot3/turtlebot3_simulations) by extensions ['ros']
[0.649s] Level 1:colcon.colcon_core.package_identification:_identify(src/turtlebot3/turtlebot3_simulations) by extension 'ros'
[0.649s] Level 1:colcon.colcon_core.package_identification:_identify(src/turtlebot3/turtlebot3_simulations) by extensions ['cmake', 'python']
[0.649s] Level 1:colcon.colcon_core.package_identification:_identify(src/turtlebot3/turtlebot3_simulations) by extension 'cmake'
[0.649s] Level 1:colcon.colcon_core.package_identification:_identify(src/turtlebot3/turtlebot3_simulations) by extension 'python'
[0.649s] Level 1:colcon.colcon_core.package_identification:_identify(src/turtlebot3/turtlebot3_simulations) by extensions ['python_setup_py']
[0.649s] Level 1:colcon.colcon_core.package_identification:_identify(src/turtlebot3/turtlebot3_simulations) by extension 'python_setup_py'
[0.649s] Level 1:colcon.colcon_core.package_identification:_identify(src/turtlebot3/turtlebot3_simulations/turtlebot3_fake_node) by extensions ['ignore', 'ignore_ament_install']
[0.650s] Level 1:colcon.colcon_core.package_identification:_identify(src/turtlebot3/turtlebot3_simulations/turtlebot3_fake_node) by extension 'ignore'
[0.650s] Level 1:colcon.colcon_core.package_identification:_identify(src/turtlebot3/turtlebot3_simulations/turtlebot3_fake_node) by extension 'ignore_ament_install'
[0.650s] Level 1:colcon.colcon_core.package_identification:_identify(src/turtlebot3/turtlebot3_simulations/turtlebot3_fake_node) by extensions ['colcon_pkg']
[0.650s] Level 1:colcon.colcon_core.package_identification:_identify(src/turtlebot3/turtlebot3_simulations/turtlebot3_fake_node) by extension 'colcon_pkg'
[0.650s] Level 1:colcon.colcon_core.package_identification:_identify(src/turtlebot3/turtlebot3_simulations/turtlebot3_fake_node) by extensions ['colcon_meta']
[0.650s] Level 1:colcon.colcon_core.package_identification:_identify(src/turtlebot3/turtlebot3_simulations/turtlebot3_fake_node) by extension 'colcon_meta'
[0.650s] Level 1:colcon.colcon_core.package_identification:_identify(src/turtlebot3/turtlebot3_simulations/turtlebot3_fake_node) by extensions ['ros']
[0.651s] Level 1:colcon.colcon_core.package_identification:_identify(src/turtlebot3/turtlebot3_simulations/turtlebot3_fake_node) by extension 'ros'
[0.653s] DEBUG:colcon.colcon_core.package_identification:Package 'src/turtlebot3/turtlebot3_simulations/turtlebot3_fake_node' with type 'ros.ament_cmake' and name 'turtlebot3_fake_node'
[0.653s] Level 1:colcon.colcon_core.package_identification:_identify(src/turtlebot3/turtlebot3_simulations/turtlebot3_gazebo) by extensions ['ignore', 'ignore_ament_install']
[0.653s] Level 1:colcon.colcon_core.package_identification:_identify(src/turtlebot3/turtlebot3_simulations/turtlebot3_gazebo) by extension 'ignore'
[0.654s] Level 1:colcon.colcon_core.package_identification:_identify(src/turtlebot3/turtlebot3_simulations/turtlebot3_gazebo) by extension 'ignore_ament_install'
[0.654s] Level 1:colcon.colcon_core.package_identification:_identify(src/turtlebot3/turtlebot3_simulations/turtlebot3_gazebo) by extensions ['colcon_pkg']
[0.654s] Level 1:colcon.colcon_core.package_identification:_identify(src/turtlebot3/turtlebot3_simulations/turtlebot3_gazebo) by extension 'colcon_pkg'
[0.654s] Level 1:colcon.colcon_core.package_identification:_identify(src/turtlebot3/turtlebot3_simulations/turtlebot3_gazebo) by extensions ['colcon_meta']
[0.654s] Level 1:colcon.colcon_core.package_identification:_identify(src/turtlebot3/turtlebot3_simulations/turtlebot3_gazebo) by extension 'colcon_meta'
[0.654s] Level 1:colcon.colcon_core.package_identification:_identify(src/turtlebot3/turtlebot3_simulations/turtlebot3_gazebo) by extensions ['ros']
[0.654s] Level 1:colcon.colcon_core.package_identification:_identify(src/turtlebot3/turtlebot3_simulations/turtlebot3_gazebo) by extension 'ros'
[0.656s] DEBUG:colcon.colcon_core.package_identification:Package 'src/turtlebot3/turtlebot3_simulations/turtlebot3_gazebo' with type 'ros.ament_cmake' and name 'turtlebot3_gazebo'
[0.657s] Level 1:colcon.colcon_core.package_identification:_identify(src/turtlebot3/turtlebot3_simulations/turtlebot3_simulations) by extensions ['ignore', 'ignore_ament_install']
[0.657s] Level 1:colcon.colcon_core.package_identification:_identify(src/turtlebot3/turtlebot3_simulations/turtlebot3_simulations) by extension 'ignore'
[0.657s] Level 1:colcon.colcon_core.package_identification:_identify(src/turtlebot3/turtlebot3_simulations/turtlebot3_simulations) by extension 'ignore_ament_install'
[0.657s] Level 1:colcon.colcon_core.package_identification:_identify(src/turtlebot3/turtlebot3_simulations/turtlebot3_simulations) by extensions ['colcon_pkg']
[0.657s] Level 1:colcon.colcon_core.package_identification:_identify(src/turtlebot3/turtlebot3_simulations/turtlebot3_simulations) by extension 'colcon_pkg'
[0.657s] Level 1:colcon.colcon_core.package_identification:_identify(src/turtlebot3/turtlebot3_simulations/turtlebot3_simulations) by extensions ['colcon_meta']
[0.657s] Level 1:colcon.colcon_core.package_identification:_identify(src/turtlebot3/turtlebot3_simulations/turtlebot3_simulations) by extension 'colcon_meta'
[0.658s] Level 1:colcon.colcon_core.package_identification:_identify(src/turtlebot3/turtlebot3_simulations/turtlebot3_simulations) by extensions ['ros']
[0.658s] Level 1:colcon.colcon_core.package_identification:_identify(src/turtlebot3/turtlebot3_simulations/turtlebot3_simulations) by extension 'ros'
[0.661s] DEBUG:colcon.colcon_core.package_identification:Package 'src/turtlebot3/turtlebot3_simulations/turtlebot3_simulations' with type 'ros.ament_cmake' and name 'turtlebot3_simulations'
[0.661s] Level 1:colcon.colcon_core.package_identification:_identify(src/utils) by extensions ['ignore', 'ignore_ament_install']
[0.661s] Level 1:colcon.colcon_core.package_identification:_identify(src/utils) by extension 'ignore'
[0.662s] Level 1:colcon.colcon_core.package_identification:_identify(src/utils) by extension 'ignore_ament_install'
[0.662s] Level 1:colcon.colcon_core.package_identification:_identify(src/utils) by extensions ['colcon_pkg']
[0.662s] Level 1:colcon.colcon_core.package_identification:_identify(src/utils) by extension 'colcon_pkg'
[0.662s] Level 1:colcon.colcon_core.package_identification:_identify(src/utils) by extensions ['colcon_meta']
[0.662s] Level 1:colcon.colcon_core.package_identification:_identify(src/utils) by extension 'colcon_meta'
[0.662s] Level 1:colcon.colcon_core.package_identification:_identify(src/utils) by extensions ['ros']
[0.662s] Level 1:colcon.colcon_core.package_identification:_identify(src/utils) by extension 'ros'
[0.662s] Level 1:colcon.colcon_core.package_identification:_identify(src/utils) by extensions ['cmake', 'python']
[0.663s] Level 1:colcon.colcon_core.package_identification:_identify(src/utils) by extension 'cmake'
[0.663s] Level 1:colcon.colcon_core.package_identification:_identify(src/utils) by extension 'python'
[0.663s] Level 1:colcon.colcon_core.package_identification:_identify(src/utils) by extensions ['python_setup_py']
[0.663s] Level 1:colcon.colcon_core.package_identification:_identify(src/utils) by extension 'python_setup_py'
[0.663s] Level 1:colcon.colcon_core.package_identification:_identify(src/utils/DynamixelSDK) by extensions ['ignore', 'ignore_ament_install']
[0.663s] Level 1:colcon.colcon_core.package_identification:_identify(src/utils/DynamixelSDK) by extension 'ignore'
[0.664s] Level 1:colcon.colcon_core.package_identification:_identify(src/utils/DynamixelSDK) by extension 'ignore_ament_install'
[0.664s] Level 1:colcon.colcon_core.package_identification:_identify(src/utils/DynamixelSDK) by extensions ['colcon_pkg']
[0.664s] Level 1:colcon.colcon_core.package_identification:_identify(src/utils/DynamixelSDK) by extension 'colcon_pkg'
[0.664s] Level 1:colcon.colcon_core.package_identification:_identify(src/utils/DynamixelSDK) by extensions ['colcon_meta']
[0.664s] Level 1:colcon.colcon_core.package_identification:_identify(src/utils/DynamixelSDK) by extension 'colcon_meta'
[0.664s] Level 1:colcon.colcon_core.package_identification:_identify(src/utils/DynamixelSDK) by extensions ['ros']
[0.664s] Level 1:colcon.colcon_core.package_identification:_identify(src/utils/DynamixelSDK) by extension 'ros'
[0.665s] Level 1:colcon.colcon_core.package_identification:_identify(src/utils/DynamixelSDK) by extensions ['cmake', 'python']
[0.665s] Level 1:colcon.colcon_core.package_identification:_identify(src/utils/DynamixelSDK) by extension 'cmake'
[0.665s] Level 1:colcon.colcon_core.package_identification:_identify(src/utils/DynamixelSDK) by extension 'python'
[0.665s] Level 1:colcon.colcon_core.package_identification:_identify(src/utils/DynamixelSDK) by extensions ['python_setup_py']
[0.665s] Level 1:colcon.colcon_core.package_identification:_identify(src/utils/DynamixelSDK) by extension 'python_setup_py'
[0.665s] Level 1:colcon.colcon_core.package_identification:_identify(src/utils/DynamixelSDK/dynamixel_sdk) by extensions ['ignore', 'ignore_ament_install']
[0.665s] Level 1:colcon.colcon_core.package_identification:_identify(src/utils/DynamixelSDK/dynamixel_sdk) by extension 'ignore'
[0.666s] Level 1:colcon.colcon_core.package_identification:_identify(src/utils/DynamixelSDK/dynamixel_sdk) by extension 'ignore_ament_install'
[0.666s] Level 1:colcon.colcon_core.package_identification:_identify(src/utils/DynamixelSDK/dynamixel_sdk) by extensions ['colcon_pkg']
[0.666s] Level 1:colcon.colcon_core.package_identification:_identify(src/utils/DynamixelSDK/dynamixel_sdk) by extension 'colcon_pkg'
[0.666s] Level 1:colcon.colcon_core.package_identification:_identify(src/utils/DynamixelSDK/dynamixel_sdk) by extensions ['colcon_meta']
[0.666s] Level 1:colcon.colcon_core.package_identification:_identify(src/utils/DynamixelSDK/dynamixel_sdk) by extension 'colcon_meta'
[0.666s] Level 1:colcon.colcon_core.package_identification:_identify(src/utils/DynamixelSDK/dynamixel_sdk) by extensions ['ros']
[0.666s] Level 1:colcon.colcon_core.package_identification:_identify(src/utils/DynamixelSDK/dynamixel_sdk) by extension 'ros'
[0.667s] DEBUG:colcon.colcon_core.package_identification:Package 'src/utils/DynamixelSDK/dynamixel_sdk' with type 'ros.ament_cmake' and name 'dynamixel_sdk'
[0.668s] Level 1:colcon.colcon_core.package_identification:_identify(src/utils/DynamixelSDK/dynamixel_sdk_custom_interfaces) by extensions ['ignore', 'ignore_ament_install']
[0.668s] Level 1:colcon.colcon_core.package_identification:_identify(src/utils/DynamixelSDK/dynamixel_sdk_custom_interfaces) by extension 'ignore'
[0.668s] Level 1:colcon.colcon_core.package_identification:_identify(src/utils/DynamixelSDK/dynamixel_sdk_custom_interfaces) by extension 'ignore_ament_install'
[0.668s] Level 1:colcon.colcon_core.package_identification:_identify(src/utils/DynamixelSDK/dynamixel_sdk_custom_interfaces) by extensions ['colcon_pkg']
[0.668s] Level 1:colcon.colcon_core.package_identification:_identify(src/utils/DynamixelSDK/dynamixel_sdk_custom_interfaces) by extension 'colcon_pkg'
[0.668s] Level 1:colcon.colcon_core.package_identification:_identify(src/utils/DynamixelSDK/dynamixel_sdk_custom_interfaces) by extensions ['colcon_meta']
[0.669s] Level 1:colcon.colcon_core.package_identification:_identify(src/utils/DynamixelSDK/dynamixel_sdk_custom_interfaces) by extension 'colcon_meta'
[0.669s] Level 1:colcon.colcon_core.package_identification:_identify(src/utils/DynamixelSDK/dynamixel_sdk_custom_interfaces) by extensions ['ros']
[0.669s] Level 1:colcon.colcon_core.package_identification:_identify(src/utils/DynamixelSDK/dynamixel_sdk_custom_interfaces) by extension 'ros'
[0.670s] DEBUG:colcon.colcon_core.package_identification:Package 'src/utils/DynamixelSDK/dynamixel_sdk_custom_interfaces' with type 'ros.ament_cmake' and name 'dynamixel_sdk_custom_interfaces'
[0.670s] Level 1:colcon.colcon_core.package_identification:_identify(src/utils/DynamixelSDK/dynamixel_sdk_examples) by extensions ['ignore', 'ignore_ament_install']
[0.670s] Level 1:colcon.colcon_core.package_identification:_identify(src/utils/DynamixelSDK/dynamixel_sdk_examples) by extension 'ignore'
[0.671s] Level 1:colcon.colcon_core.package_identification:_identify(src/utils/DynamixelSDK/dynamixel_sdk_examples) by extension 'ignore_ament_install'
[0.671s] Level 1:colcon.colcon_core.package_identification:_identify(src/utils/DynamixelSDK/dynamixel_sdk_examples) by extensions ['colcon_pkg']
[0.671s] Level 1:colcon.colcon_core.package_identification:_identify(src/utils/DynamixelSDK/dynamixel_sdk_examples) by extension 'colcon_pkg'
[0.671s] Level 1:colcon.colcon_core.package_identification:_identify(src/utils/DynamixelSDK/dynamixel_sdk_examples) by extensions ['colcon_meta']
[0.671s] Level 1:colcon.colcon_core.package_identification:_identify(src/utils/DynamixelSDK/dynamixel_sdk_examples) by extension 'colcon_meta'
[0.671s] Level 1:colcon.colcon_core.package_identification:_identify(src/utils/DynamixelSDK/dynamixel_sdk_examples) by extensions ['ros']
[0.671s] Level 1:colcon.colcon_core.package_identification:_identify(src/utils/DynamixelSDK/dynamixel_sdk_examples) by extension 'ros'
[0.673s] DEBUG:colcon.colcon_core.package_identification:Package 'src/utils/DynamixelSDK/dynamixel_sdk_examples' with type 'ros.ament_cmake' and name 'dynamixel_sdk_examples'
[0.673s] Level 1:colcon.colcon_core.package_identification:_identify(src/utils/hls_lfcd_lds_driver) by extensions ['ignore', 'ignore_ament_install']
[0.673s] Level 1:colcon.colcon_core.package_identification:_identify(src/utils/hls_lfcd_lds_driver) by extension 'ignore'
[0.673s] Level 1:colcon.colcon_core.package_identification:_identify(src/utils/hls_lfcd_lds_driver) by extension 'ignore_ament_install'
[0.674s] Level 1:colcon.colcon_core.package_identification:_identify(src/utils/hls_lfcd_lds_driver) by extensions ['colcon_pkg']
[0.674s] Level 1:colcon.colcon_core.package_identification:_identify(src/utils/hls_lfcd_lds_driver) by extension 'colcon_pkg'
[0.674s] Level 1:colcon.colcon_core.package_identification:_identify(src/utils/hls_lfcd_lds_driver) by extensions ['colcon_meta']
[0.674s] Level 1:colcon.colcon_core.package_identification:_identify(src/utils/hls_lfcd_lds_driver) by extension 'colcon_meta'
[0.674s] Level 1:colcon.colcon_core.package_identification:_identify(src/utils/hls_lfcd_lds_driver) by extensions ['ros']
[0.674s] Level 1:colcon.colcon_core.package_identification:_identify(src/utils/hls_lfcd_lds_driver) by extension 'ros'
[0.676s] DEBUG:colcon.colcon_core.package_identification:Package 'src/utils/hls_lfcd_lds_driver' with type 'ros.ament_cmake' and name 'hls_lfcd_lds_driver'
[0.676s] Level 1:colcon.colcon_core.package_discovery:discover_packages(recursive) using defaults
[0.676s] Level 1:colcon.colcon_core.package_discovery:discover_packages(ignore) discover
[0.676s] Level 1:colcon.colcon_core.package_discovery:discover_packages(ignore) using defaults
[0.676s] Level 1:colcon.colcon_core.package_discovery:discover_packages(path) discover
[0.676s] Level 1:colcon.colcon_core.package_discovery:discover_packages(path) using defaults
[0.735s] Level 1:colcon.colcon_core.package_discovery:discover_packages(prefix_path) check parameters
[0.736s] Level 1:colcon.colcon_core.package_discovery:discover_packages(prefix_path) discover
[0.739s] DEBUG:colcon.colcon_installed_package_information.package_discovery:Found 1 installed packages in /home/hassan/rosbot_ws/install
[0.742s] DEBUG:colcon.colcon_installed_package_information.package_discovery:Found 363 installed packages in /opt/ros/humble
[0.745s] Level 1:colcon.colcon_core.package_discovery:discover_packages(prefix_path) using defaults
[0.832s] Level 5:colcon.colcon_core.verb:set package 'dynamixel_sdk' build argument 'cmake_args' from command line to 'None'
[0.832s] Level 5:colcon.colcon_core.verb:set package 'dynamixel_sdk' build argument 'cmake_target' from command line to 'None'
[0.832s] Level 5:colcon.colcon_core.verb:set package 'dynamixel_sdk' build argument 'cmake_target_skip_unavailable' from command line to 'False'
[0.832s] Level 5:colcon.colcon_core.verb:set package 'dynamixel_sdk' build argument 'cmake_clean_cache' from command line to 'False'
[0.832s] Level 5:colcon.colcon_core.verb:set package 'dynamixel_sdk' build argument 'cmake_clean_first' from command line to 'False'
[0.833s] Level 5:colcon.colcon_core.verb:set package 'dynamixel_sdk' build argument 'cmake_force_configure' from command line to 'False'
[0.833s] Level 5:colcon.colcon_core.verb:set package 'dynamixel_sdk' build argument 'ament_cmake_args' from command line to 'None'
[0.833s] Level 5:colcon.colcon_core.verb:set package 'dynamixel_sdk' build argument 'catkin_cmake_args' from command line to 'None'
[0.833s] Level 5:colcon.colcon_core.verb:set package 'dynamixel_sdk' build argument 'catkin_skip_building_tests' from command line to 'False'
[0.833s] DEBUG:colcon.colcon_core.verb:Building package 'dynamixel_sdk' with the following arguments: {'ament_cmake_args': None, 'build_base': '/home/hassan/ros-tuts/patrol_ws/build/dynamixel_sdk', 'catkin_cmake_args': None, 'catkin_skip_building_tests': False, 'cmake_args': None, 'cmake_clean_cache': False, 'cmake_clean_first': False, 'cmake_force_configure': False, 'cmake_target': None, 'cmake_target_skip_unavailable': False, 'install_base': '/home/hassan/ros-tuts/patrol_ws/install/dynamixel_sdk', 'merge_install': False, 'path': '/home/hassan/ros-tuts/patrol_ws/src/utils/DynamixelSDK/dynamixel_sdk', 'symlink_install': False, 'test_result_base': None}
[0.833s] Level 5:colcon.colcon_core.verb:set package 'dynamixel_sdk_custom_interfaces' build argument 'cmake_args' from command line to 'None'
[0.833s] Level 5:colcon.colcon_core.verb:set package 'dynamixel_sdk_custom_interfaces' build argument 'cmake_target' from command line to 'None'
[0.834s] Level 5:colcon.colcon_core.verb:set package 'dynamixel_sdk_custom_interfaces' build argument 'cmake_target_skip_unavailable' from command line to 'False'
[0.834s] Level 5:colcon.colcon_core.verb:set package 'dynamixel_sdk_custom_interfaces' build argument 'cmake_clean_cache' from command line to 'False'
[0.834s] Level 5:colcon.colcon_core.verb:set package 'dynamixel_sdk_custom_interfaces' build argument 'cmake_clean_first' from command line to 'False'
[0.834s] Level 5:colcon.colcon_core.verb:set package 'dynamixel_sdk_custom_interfaces' build argument 'cmake_force_configure' from command line to 'False'
[0.834s] Level 5:colcon.colcon_core.verb:set package 'dynamixel_sdk_custom_interfaces' build argument 'ament_cmake_args' from command line to 'None'
[0.834s] Level 5:colcon.colcon_core.verb:set package 'dynamixel_sdk_custom_interfaces' build argument 'catkin_cmake_args' from command line to 'None'
[0.834s] Level 5:colcon.colcon_core.verb:set package 'dynamixel_sdk_custom_interfaces' build argument 'catkin_skip_building_tests' from command line to 'False'
[0.834s] DEBUG:colcon.colcon_core.verb:Building package 'dynamixel_sdk_custom_interfaces' with the following arguments: {'ament_cmake_args': None, 'build_base': '/home/hassan/ros-tuts/patrol_ws/build/dynamixel_sdk_custom_interfaces', 'catkin_cmake_args': None, 'catkin_skip_building_tests': False, 'cmake_args': None, 'cmake_clean_cache': False, 'cmake_clean_first': False, 'cmake_force_configure': False, 'cmake_target': None, 'cmake_target_skip_unavailable': False, 'install_base': '/home/hassan/ros-tuts/patrol_ws/install/dynamixel_sdk_custom_interfaces', 'merge_install': False, 'path': '/home/hassan/ros-tuts/patrol_ws/src/utils/DynamixelSDK/dynamixel_sdk_custom_interfaces', 'symlink_install': False, 'test_result_base': None}
[0.835s] Level 5:colcon.colcon_core.verb:set package 'hls_lfcd_lds_driver' build argument 'cmake_args' from command line to 'None'
[0.835s] Level 5:colcon.colcon_core.verb:set package 'hls_lfcd_lds_driver' build argument 'cmake_target' from command line to 'None'
[0.835s] Level 5:colcon.colcon_core.verb:set package 'hls_lfcd_lds_driver' build argument 'cmake_target_skip_unavailable' from command line to 'False'
[0.835s] Level 5:colcon.colcon_core.verb:set package 'hls_lfcd_lds_driver' build argument 'cmake_clean_cache' from command line to 'False'
[0.835s] Level 5:colcon.colcon_core.verb:set package 'hls_lfcd_lds_driver' build argument 'cmake_clean_first' from command line to 'False'
[0.835s] Level 5:colcon.colcon_core.verb:set package 'hls_lfcd_lds_driver' build argument 'cmake_force_configure' from command line to 'False'
[0.835s] Level 5:colcon.colcon_core.verb:set package 'hls_lfcd_lds_driver' build argument 'ament_cmake_args' from command line to 'None'
[0.835s] Level 5:colcon.colcon_core.verb:set package 'hls_lfcd_lds_driver' build argument 'catkin_cmake_args' from command line to 'None'
[0.835s] Level 5:colcon.colcon_core.verb:set package 'hls_lfcd_lds_driver' build argument 'catkin_skip_building_tests' from command line to 'False'
[0.835s] DEBUG:colcon.colcon_core.verb:Building package 'hls_lfcd_lds_driver' with the following arguments: {'ament_cmake_args': None, 'build_base': '/home/hassan/ros-tuts/patrol_ws/build/hls_lfcd_lds_driver', 'catkin_cmake_args': None, 'catkin_skip_building_tests': False, 'cmake_args': None, 'cmake_clean_cache': False, 'cmake_clean_first': False, 'cmake_force_configure': False, 'cmake_target': None, 'cmake_target_skip_unavailable': False, 'install_base': '/home/hassan/ros-tuts/patrol_ws/install/hls_lfcd_lds_driver', 'merge_install': False, 'path': '/home/hassan/ros-tuts/patrol_ws/src/utils/hls_lfcd_lds_driver', 'symlink_install': False, 'test_result_base': None}
[0.836s] Level 5:colcon.colcon_core.verb:set package 'tb3_sim' build argument 'cmake_args' from command line to 'None'
[0.836s] Level 5:colcon.colcon_core.verb:set package 'tb3_sim' build argument 'cmake_target' from command line to 'None'
[0.836s] Level 5:colcon.colcon_core.verb:set package 'tb3_sim' build argument 'cmake_target_skip_unavailable' from command line to 'False'
[0.836s] Level 5:colcon.colcon_core.verb:set package 'tb3_sim' build argument 'cmake_clean_cache' from command line to 'False'
[0.836s] Level 5:colcon.colcon_core.verb:set package 'tb3_sim' build argument 'cmake_clean_first' from command line to 'False'
[0.836s] Level 5:colcon.colcon_core.verb:set package 'tb3_sim' build argument 'cmake_force_configure' from command line to 'False'
[0.836s] Level 5:colcon.colcon_core.verb:set package 'tb3_sim' build argument 'ament_cmake_args' from command line to 'None'
[0.836s] Level 5:colcon.colcon_core.verb:set package 'tb3_sim' build argument 'catkin_cmake_args' from command line to 'None'
[0.836s] Level 5:colcon.colcon_core.verb:set package 'tb3_sim' build argument 'catkin_skip_building_tests' from command line to 'False'
[0.836s] DEBUG:colcon.colcon_core.verb:Building package 'tb3_sim' with the following arguments: {'ament_cmake_args': None, 'build_base': '/home/hassan/ros-tuts/patrol_ws/build/tb3_sim', 'catkin_cmake_args': None, 'catkin_skip_building_tests': False, 'cmake_args': None, 'cmake_clean_cache': False, 'cmake_clean_first': False, 'cmake_force_configure': False, 'cmake_target': None, 'cmake_target_skip_unavailable': False, 'install_base': '/home/hassan/ros-tuts/patrol_ws/install/tb3_sim', 'merge_install': False, 'path': '/home/hassan/ros-tuts/patrol_ws/src/tb3_sim', 'symlink_install': False, 'test_result_base': None}
[0.837s] Level 5:colcon.colcon_core.verb:set package 'turtlebot3_cartographer' build argument 'cmake_args' from command line to 'None'
[0.837s] Level 5:colcon.colcon_core.verb:set package 'turtlebot3_cartographer' build argument 'cmake_target' from command line to 'None'
[0.837s] Level 5:colcon.colcon_core.verb:set package 'turtlebot3_cartographer' build argument 'cmake_target_skip_unavailable' from command line to 'False'
[0.837s] Level 5:colcon.colcon_core.verb:set package 'turtlebot3_cartographer' build argument 'cmake_clean_cache' from command line to 'False'
[0.837s] Level 5:colcon.colcon_core.verb:set package 'turtlebot3_cartographer' build argument 'cmake_clean_first' from command line to 'False'
[0.837s] Level 5:colcon.colcon_core.verb:set package 'turtlebot3_cartographer' build argument 'cmake_force_configure' from command line to 'False'
[0.837s] Level 5:colcon.colcon_core.verb:set package 'turtlebot3_cartographer' build argument 'ament_cmake_args' from command line to 'None'
[0.837s] Level 5:colcon.colcon_core.verb:set package 'turtlebot3_cartographer' build argument 'catkin_cmake_args' from command line to 'None'
[0.837s] Level 5:colcon.colcon_core.verb:set package 'turtlebot3_cartographer' build argument 'catkin_skip_building_tests' from command line to 'False'
[0.837s] DEBUG:colcon.colcon_core.verb:Building package 'turtlebot3_cartographer' with the following arguments: {'ament_cmake_args': None, 'build_base': '/home/hassan/ros-tuts/patrol_ws/build/turtlebot3_cartographer', 'catkin_cmake_args': None, 'catkin_skip_building_tests': False, 'cmake_args': None, 'cmake_clean_cache': False, 'cmake_clean_first': False, 'cmake_force_configure': False, 'cmake_target': None, 'cmake_target_skip_unavailable': False, 'install_base': '/home/hassan/ros-tuts/patrol_ws/install/turtlebot3_cartographer', 'merge_install': False, 'path': '/home/hassan/ros-tuts/patrol_ws/src/turtlebot3/turtlebot3/turtlebot3_cartographer', 'symlink_install': False, 'test_result_base': None}
[0.838s] Level 5:colcon.colcon_core.verb:set package 'turtlebot3_description' build argument 'cmake_args' from command line to 'None'
[0.838s] Level 5:colcon.colcon_core.verb:set package 'turtlebot3_description' build argument 'cmake_target' from command line to 'None'
[0.838s] Level 5:colcon.colcon_core.verb:set package 'turtlebot3_description' build argument 'cmake_target_skip_unavailable' from command line to 'False'
[0.838s] Level 5:colcon.colcon_core.verb:set package 'turtlebot3_description' build argument 'cmake_clean_cache' from command line to 'False'
[0.838s] Level 5:colcon.colcon_core.verb:set package 'turtlebot3_description' build argument 'cmake_clean_first' from command line to 'False'
[0.838s] Level 5:colcon.colcon_core.verb:set package 'turtlebot3_description' build argument 'cmake_force_configure' from command line to 'False'
[0.838s] Level 5:colcon.colcon_core.verb:set package 'turtlebot3_description' build argument 'ament_cmake_args' from command line to 'None'
[0.838s] Level 5:colcon.colcon_core.verb:set package 'turtlebot3_description' build argument 'catkin_cmake_args' from command line to 'None'
[0.838s] Level 5:colcon.colcon_core.verb:set package 'turtlebot3_description' build argument 'catkin_skip_building_tests' from command line to 'False'
[0.839s] DEBUG:colcon.colcon_core.verb:Building package 'turtlebot3_description' with the following arguments: {'ament_cmake_args': None, 'build_base': '/home/hassan/ros-tuts/patrol_ws/build/turtlebot3_description', 'catkin_cmake_args': None, 'catkin_skip_building_tests': False, 'cmake_args': None, 'cmake_clean_cache': False, 'cmake_clean_first': False, 'cmake_force_configure': False, 'cmake_target': None, 'cmake_target_skip_unavailable': False, 'install_base': '/home/hassan/ros-tuts/patrol_ws/install/turtlebot3_description', 'merge_install': False, 'path': '/home/hassan/ros-tuts/patrol_ws/src/turtlebot3/turtlebot3/turtlebot3_description', 'symlink_install': False, 'test_result_base': None}
[0.839s] Level 5:colcon.colcon_core.verb:set package 'turtlebot3_gazebo' build argument 'cmake_args' from command line to 'None'
[0.839s] Level 5:colcon.colcon_core.verb:set package 'turtlebot3_gazebo' build argument 'cmake_target' from command line to 'None'
[0.840s] Level 5:colcon.colcon_core.verb:set package 'turtlebot3_gazebo' build argument 'cmake_target_skip_unavailable' from command line to 'False'
[0.840s] Level 5:colcon.colcon_core.verb:set package 'turtlebot3_gazebo' build argument 'cmake_clean_cache' from command line to 'False'
[0.840s] Level 5:colcon.colcon_core.verb:set package 'turtlebot3_gazebo' build argument 'cmake_clean_first' from command line to 'False'
[0.840s] Level 5:colcon.colcon_core.verb:set package 'turtlebot3_gazebo' build argument 'cmake_force_configure' from command line to 'False'
[0.840s] Level 5:colcon.colcon_core.verb:set package 'turtlebot3_gazebo' build argument 'ament_cmake_args' from command line to 'None'
[0.840s] Level 5:colcon.colcon_core.verb:set package 'turtlebot3_gazebo' build argument 'catkin_cmake_args' from command line to 'None'
[0.840s] Level 5:colcon.colcon_core.verb:set package 'turtlebot3_gazebo' build argument 'catkin_skip_building_tests' from command line to 'False'
[0.840s] DEBUG:colcon.colcon_core.verb:Building package 'turtlebot3_gazebo' with the following arguments: {'ament_cmake_args': None, 'build_base': '/home/hassan/ros-tuts/patrol_ws/build/turtlebot3_gazebo', 'catkin_cmake_args': None, 'catkin_skip_building_tests': False, 'cmake_args': None, 'cmake_clean_cache': False, 'cmake_clean_first': False, 'cmake_force_configure': False, 'cmake_target': None, 'cmake_target_skip_unavailable': False, 'install_base': '/home/hassan/ros-tuts/patrol_ws/install/turtlebot3_gazebo', 'merge_install': False, 'path': '/home/hassan/ros-tuts/patrol_ws/src/turtlebot3/turtlebot3_simulations/turtlebot3_gazebo', 'symlink_install': False, 'test_result_base': None}
[0.841s] Level 5:colcon.colcon_core.verb:set package 'turtlebot3_msgs' build argument 'cmake_args' from command line to 'None'
[0.841s] Level 5:colcon.colcon_core.verb:set package 'turtlebot3_msgs' build argument 'cmake_target' from command line to 'None'
[0.841s] Level 5:colcon.colcon_core.verb:set package 'turtlebot3_msgs' build argument 'cmake_target_skip_unavailable' from command line to 'False'
[0.841s] Level 5:colcon.colcon_core.verb:set package 'turtlebot3_msgs' build argument 'cmake_clean_cache' from command line to 'False'
[0.841s] Level 5:colcon.colcon_core.verb:set package 'turtlebot3_msgs' build argument 'cmake_clean_first' from command line to 'False'
[0.841s] Level 5:colcon.colcon_core.verb:set package 'turtlebot3_msgs' build argument 'cmake_force_configure' from command line to 'False'
[0.841s] Level 5:colcon.colcon_core.verb:set package 'turtlebot3_msgs' build argument 'ament_cmake_args' from command line to 'None'
[0.841s] Level 5:colcon.colcon_core.verb:set package 'turtlebot3_msgs' build argument 'catkin_cmake_args' from command line to 'None'
[0.841s] Level 5:colcon.colcon_core.verb:set package 'turtlebot3_msgs' build argument 'catkin_skip_building_tests' from command line to 'False'
[0.842s] DEBUG:colcon.colcon_core.verb:Building package 'turtlebot3_msgs' with the following arguments: {'ament_cmake_args': None, 'build_base': '/home/hassan/ros-tuts/patrol_ws/build/turtlebot3_msgs', 'catkin_cmake_args': None, 'catkin_skip_building_tests': False, 'cmake_args': None, 'cmake_clean_cache': False, 'cmake_clean_first': False, 'cmake_force_configure': False, 'cmake_target': None, 'cmake_target_skip_unavailable': False, 'install_base': '/home/hassan/ros-tuts/patrol_ws/install/turtlebot3_msgs', 'merge_install': False, 'path': '/home/hassan/ros-tuts/patrol_ws/src/turtlebot3/turtlebot3_msgs', 'symlink_install': False, 'test_result_base': None}
[0.842s] Level 5:colcon.colcon_core.verb:set package 'turtlebot3_navigation2' build argument 'cmake_args' from command line to 'None'
[0.842s] Level 5:colcon.colcon_core.verb:set package 'turtlebot3_navigation2' build argument 'cmake_target' from command line to 'None'
[0.843s] Level 5:colcon.colcon_core.verb:set package 'turtlebot3_navigation2' build argument 'cmake_target_skip_unavailable' from command line to 'False'
[0.843s] Level 5:colcon.colcon_core.verb:set package 'turtlebot3_navigation2' build argument 'cmake_clean_cache' from command line to 'False'
[0.843s] Level 5:colcon.colcon_core.verb:set package 'turtlebot3_navigation2' build argument 'cmake_clean_first' from command line to 'False'
[0.843s] Level 5:colcon.colcon_core.verb:set package 'turtlebot3_navigation2' build argument 'cmake_force_configure' from command line to 'False'
[0.843s] Level 5:colcon.colcon_core.verb:set package 'turtlebot3_navigation2' build argument 'ament_cmake_args' from command line to 'None'
[0.843s] Level 5:colcon.colcon_core.verb:set package 'turtlebot3_navigation2' build argument 'catkin_cmake_args' from command line to 'None'
[0.843s] Level 5:colcon.colcon_core.verb:set package 'turtlebot3_navigation2' build argument 'catkin_skip_building_tests' from command line to 'False'
[0.843s] DEBUG:colcon.colcon_core.verb:Building package 'turtlebot3_navigation2' with the following arguments: {'ament_cmake_args': None, 'build_base': '/home/hassan/ros-tuts/patrol_ws/build/turtlebot3_navigation2', 'catkin_cmake_args': None, 'catkin_skip_building_tests': False, 'cmake_args': None, 'cmake_clean_cache': False, 'cmake_clean_first': False, 'cmake_force_configure': False, 'cmake_target': None, 'cmake_target_skip_unavailable': False, 'install_base': '/home/hassan/ros-tuts/patrol_ws/install/turtlebot3_navigation2', 'merge_install': False, 'path': '/home/hassan/ros-tuts/patrol_ws/src/turtlebot3/turtlebot3/turtlebot3_navigation2', 'symlink_install': False, 'test_result_base': None}
[0.844s] Level 5:colcon.colcon_core.verb:set package 'turtlebot3_teleop' build argument 'cmake_args' from command line to 'None'
[0.844s] Level 5:colcon.colcon_core.verb:set package 'turtlebot3_teleop' build argument 'cmake_target' from command line to 'None'
[0.844s] Level 5:colcon.colcon_core.verb:set package 'turtlebot3_teleop' build argument 'cmake_target_skip_unavailable' from command line to 'False'
[0.844s] Level 5:colcon.colcon_core.verb:set package 'turtlebot3_teleop' build argument 'cmake_clean_cache' from command line to 'False'
[0.844s] Level 5:colcon.colcon_core.verb:set package 'turtlebot3_teleop' build argument 'cmake_clean_first' from command line to 'False'
[0.844s] Level 5:colcon.colcon_core.verb:set package 'turtlebot3_teleop' build argument 'cmake_force_configure' from command line to 'False'
[0.844s] Level 5:colcon.colcon_core.verb:set package 'turtlebot3_teleop' build argument 'ament_cmake_args' from command line to 'None'
[0.844s] Level 5:colcon.colcon_core.verb:set package 'turtlebot3_teleop' build argument 'catkin_cmake_args' from command line to 'None'
[0.844s] Level 5:colcon.colcon_core.verb:set package 'turtlebot3_teleop' build argument 'catkin_skip_building_tests' from command line to 'False'
[0.845s] DEBUG:colcon.colcon_core.verb:Building package 'turtlebot3_teleop' with the following arguments: {'ament_cmake_args': None, 'build_base': '/home/hassan/ros-tuts/patrol_ws/build/turtlebot3_teleop', 'catkin_cmake_args': None, 'catkin_skip_building_tests': False, 'cmake_args': None, 'cmake_clean_cache': False, 'cmake_clean_first': False, 'cmake_force_configure': False, 'cmake_target': None, 'cmake_target_skip_unavailable': False, 'install_base': '/home/hassan/ros-tuts/patrol_ws/install/turtlebot3_teleop', 'merge_install': False, 'path': '/home/hassan/ros-tuts/patrol_ws/src/turtlebot3/turtlebot3/turtlebot3_teleop', 'symlink_install': False, 'test_result_base': None}
[0.845s] Level 5:colcon.colcon_core.verb:set package 'dynamixel_sdk_examples' build argument 'cmake_args' from command line to 'None'
[0.845s] Level 5:colcon.colcon_core.verb:set package 'dynamixel_sdk_examples' build argument 'cmake_target' from command line to 'None'
[0.845s] Level 5:colcon.colcon_core.verb:set package 'dynamixel_sdk_examples' build argument 'cmake_target_skip_unavailable' from command line to 'False'
[0.846s] Level 5:colcon.colcon_core.verb:set package 'dynamixel_sdk_examples' build argument 'cmake_clean_cache' from command line to 'False'
[0.846s] Level 5:colcon.colcon_core.verb:set package 'dynamixel_sdk_examples' build argument 'cmake_clean_first' from command line to 'False'
[0.846s] Level 5:colcon.colcon_core.verb:set package 'dynamixel_sdk_examples' build argument 'cmake_force_configure' from command line to 'False'
[0.846s] Level 5:colcon.colcon_core.verb:set package 'dynamixel_sdk_examples' build argument 'ament_cmake_args' from command line to 'None'
[0.846s] Level 5:colcon.colcon_core.verb:set package 'dynamixel_sdk_examples' build argument 'catkin_cmake_args' from command line to 'None'
[0.846s] Level 5:colcon.colcon_core.verb:set package 'dynamixel_sdk_examples' build argument 'catkin_skip_building_tests' from command line to 'False'
[0.846s] DEBUG:colcon.colcon_core.verb:Building package 'dynamixel_sdk_examples' with the following arguments: {'ament_cmake_args': None, 'build_base': '/home/hassan/ros-tuts/patrol_ws/build/dynamixel_sdk_examples', 'catkin_cmake_args': None, 'catkin_skip_building_tests': False, 'cmake_args': None, 'cmake_clean_cache': False, 'cmake_clean_first': False, 'cmake_force_configure': False, 'cmake_target': None, 'cmake_target_skip_unavailable': False, 'install_base': '/home/hassan/ros-tuts/patrol_ws/install/dynamixel_sdk_examples', 'merge_install': False, 'path': '/home/hassan/ros-tuts/patrol_ws/src/utils/DynamixelSDK/dynamixel_sdk_examples', 'symlink_install': False, 'test_result_base': None}
[0.847s] Level 5:colcon.colcon_core.verb:set package 'turtlebot3_example' build argument 'cmake_args' from command line to 'None'
[0.847s] Level 5:colcon.colcon_core.verb:set package 'turtlebot3_example' build argument 'cmake_target' from command line to 'None'
[0.847s] Level 5:colcon.colcon_core.verb:set package 'turtlebot3_example' build argument 'cmake_target_skip_unavailable' from command line to 'False'
[0.847s] Level 5:colcon.colcon_core.verb:set package 'turtlebot3_example' build argument 'cmake_clean_cache' from command line to 'False'
[0.847s] Level 5:colcon.colcon_core.verb:set package 'turtlebot3_example' build argument 'cmake_clean_first' from command line to 'False'
[0.847s] Level 5:colcon.colcon_core.verb:set package 'turtlebot3_example' build argument 'cmake_force_configure' from command line to 'False'
[0.847s] Level 5:colcon.colcon_core.verb:set package 'turtlebot3_example' build argument 'ament_cmake_args' from command line to 'None'
[0.847s] Level 5:colcon.colcon_core.verb:set package 'turtlebot3_example' build argument 'catkin_cmake_args' from command line to 'None'
[0.847s] Level 5:colcon.colcon_core.verb:set package 'turtlebot3_example' build argument 'catkin_skip_building_tests' from command line to 'False'
[0.848s] DEBUG:colcon.colcon_core.verb:Building package 'turtlebot3_example' with the following arguments: {'ament_cmake_args': None, 'build_base': '/home/hassan/ros-tuts/patrol_ws/build/turtlebot3_example', 'catkin_cmake_args': None, 'catkin_skip_building_tests': False, 'cmake_args': None, 'cmake_clean_cache': False, 'cmake_clean_first': False, 'cmake_force_configure': False, 'cmake_target': None, 'cmake_target_skip_unavailable': False, 'install_base': '/home/hassan/ros-tuts/patrol_ws/install/turtlebot3_example', 'merge_install': False, 'path': '/home/hassan/ros-tuts/patrol_ws/src/turtlebot3/turtlebot3/turtlebot3_example', 'symlink_install': False, 'test_result_base': None}
[0.848s] Level 5:colcon.colcon_core.verb:set package 'turtlebot3_fake_node' build argument 'cmake_args' from command line to 'None'
[0.848s] Level 5:colcon.colcon_core.verb:set package 'turtlebot3_fake_node' build argument 'cmake_target' from command line to 'None'
[0.848s] Level 5:colcon.colcon_core.verb:set package 'turtlebot3_fake_node' build argument 'cmake_target_skip_unavailable' from command line to 'False'
[0.849s] Level 5:colcon.colcon_core.verb:set package 'turtlebot3_fake_node' build argument 'cmake_clean_cache' from command line to 'False'
[0.849s] Level 5:colcon.colcon_core.verb:set package 'turtlebot3_fake_node' build argument 'cmake_clean_first' from command line to 'False'
[0.849s] Level 5:colcon.colcon_core.verb:set package 'turtlebot3_fake_node' build argument 'cmake_force_configure' from command line to 'False'
[0.849s] Level 5:colcon.colcon_core.verb:set package 'turtlebot3_fake_node' build argument 'ament_cmake_args' from command line to 'None'
[0.849s] Level 5:colcon.colcon_core.verb:set package 'turtlebot3_fake_node' build argument 'catkin_cmake_args' from command line to 'None'
[0.849s] Level 5:colcon.colcon_core.verb:set package 'turtlebot3_fake_node' build argument 'catkin_skip_building_tests' from command line to 'False'
[0.849s] DEBUG:colcon.colcon_core.verb:Building package 'turtlebot3_fake_node' with the following arguments: {'ament_cmake_args': None, 'build_base': '/home/hassan/ros-tuts/patrol_ws/build/turtlebot3_fake_node', 'catkin_cmake_args': None, 'catkin_skip_building_tests': False, 'cmake_args': None, 'cmake_clean_cache': False, 'cmake_clean_first': False, 'cmake_force_configure': False, 'cmake_target': None, 'cmake_target_skip_unavailable': False, 'install_base': '/home/hassan/ros-tuts/patrol_ws/install/turtlebot3_fake_node', 'merge_install': False, 'path': '/home/hassan/ros-tuts/patrol_ws/src/turtlebot3/turtlebot3_simulations/turtlebot3_fake_node', 'symlink_install': False, 'test_result_base': None}
[0.850s] Level 5:colcon.colcon_core.verb:set package 'turtlebot3_node' build argument 'cmake_args' from command line to 'None'
[0.850s] Level 5:colcon.colcon_core.verb:set package 'turtlebot3_node' build argument 'cmake_target' from command line to 'None'
[0.850s] Level 5:colcon.colcon_core.verb:set package 'turtlebot3_node' build argument 'cmake_target_skip_unavailable' from command line to 'False'
[0.850s] Level 5:colcon.colcon_core.verb:set package 'turtlebot3_node' build argument 'cmake_clean_cache' from command line to 'False'
[0.850s] Level 5:colcon.colcon_core.verb:set package 'turtlebot3_node' build argument 'cmake_clean_first' from command line to 'False'
[0.850s] Level 5:colcon.colcon_core.verb:set package 'turtlebot3_node' build argument 'cmake_force_configure' from command line to 'False'
[0.850s] Level 5:colcon.colcon_core.verb:set package 'turtlebot3_node' build argument 'ament_cmake_args' from command line to 'None'
[0.850s] Level 5:colcon.colcon_core.verb:set package 'turtlebot3_node' build argument 'catkin_cmake_args' from command line to 'None'
[0.850s] Level 5:colcon.colcon_core.verb:set package 'turtlebot3_node' build argument 'catkin_skip_building_tests' from command line to 'False'
[0.850s] DEBUG:colcon.colcon_core.verb:Building package 'turtlebot3_node' with the following arguments: {'ament_cmake_args': None, 'build_base': '/home/hassan/ros-tuts/patrol_ws/build/turtlebot3_node', 'catkin_cmake_args': None, 'catkin_skip_building_tests': False, 'cmake_args': None, 'cmake_clean_cache': False, 'cmake_clean_first': False, 'cmake_force_configure': False, 'cmake_target': None, 'cmake_target_skip_unavailable': False, 'install_base': '/home/hassan/ros-tuts/patrol_ws/install/turtlebot3_node', 'merge_install': False, 'path': '/home/hassan/ros-tuts/patrol_ws/src/turtlebot3/turtlebot3/turtlebot3_node', 'symlink_install': False, 'test_result_base': None}
[0.851s] Level 5:colcon.colcon_core.verb:set package 'turtlebot3_bringup' build argument 'cmake_args' from command line to 'None'
[0.851s] Level 5:colcon.colcon_core.verb:set package 'turtlebot3_bringup' build argument 'cmake_target' from command line to 'None'
[0.851s] Level 5:colcon.colcon_core.verb:set package 'turtlebot3_bringup' build argument 'cmake_target_skip_unavailable' from command line to 'False'
[0.851s] Level 5:colcon.colcon_core.verb:set package 'turtlebot3_bringup' build argument 'cmake_clean_cache' from command line to 'False'
[0.852s] Level 5:colcon.colcon_core.verb:set package 'turtlebot3_bringup' build argument 'cmake_clean_first' from command line to 'False'
[0.852s] Level 5:colcon.colcon_core.verb:set package 'turtlebot3_bringup' build argument 'cmake_force_configure' from command line to 'False'
[0.852s] Level 5:colcon.colcon_core.verb:set package 'turtlebot3_bringup' build argument 'ament_cmake_args' from command line to 'None'
[0.852s] Level 5:colcon.colcon_core.verb:set package 'turtlebot3_bringup' build argument 'catkin_cmake_args' from command line to 'None'
[0.852s] Level 5:colcon.colcon_core.verb:set package 'turtlebot3_bringup' build argument 'catkin_skip_building_tests' from command line to 'False'
[0.852s] DEBUG:colcon.colcon_core.verb:Building package 'turtlebot3_bringup' with the following arguments: {'ament_cmake_args': None, 'build_base': '/home/hassan/ros-tuts/patrol_ws/build/turtlebot3_bringup', 'catkin_cmake_args': None, 'catkin_skip_building_tests': False, 'cmake_args': None, 'cmake_clean_cache': False, 'cmake_clean_first': False, 'cmake_force_configure': False, 'cmake_target': None, 'cmake_target_skip_unavailable': False, 'install_base': '/home/hassan/ros-tuts/patrol_ws/install/turtlebot3_bringup', 'merge_install': False, 'path': '/home/hassan/ros-tuts/patrol_ws/src/turtlebot3/turtlebot3/turtlebot3_bringup', 'symlink_install': False, 'test_result_base': None}
[0.853s] Level 5:colcon.colcon_core.verb:set package 'turtlebot3_simulations' build argument 'cmake_args' from command line to 'None'
[0.853s] Level 5:colcon.colcon_core.verb:set package 'turtlebot3_simulations' build argument 'cmake_target' from command line to 'None'
[0.853s] Level 5:colcon.colcon_core.verb:set package 'turtlebot3_simulations' build argument 'cmake_target_skip_unavailable' from command line to 'False'
[0.853s] Level 5:colcon.colcon_core.verb:set package 'turtlebot3_simulations' build argument 'cmake_clean_cache' from command line to 'False'
[0.853s] Level 5:colcon.colcon_core.verb:set package 'turtlebot3_simulations' build argument 'cmake_clean_first' from command line to 'False'
[0.853s] Level 5:colcon.colcon_core.verb:set package 'turtlebot3_simulations' build argument 'cmake_force_configure' from command line to 'False'
[0.853s] Level 5:colcon.colcon_core.verb:set package 'turtlebot3_simulations' build argument 'ament_cmake_args' from command line to 'None'
[0.853s] Level 5:colcon.colcon_core.verb:set package 'turtlebot3_simulations' build argument 'catkin_cmake_args' from command line to 'None'
[0.853s] Level 5:colcon.colcon_core.verb:set package 'turtlebot3_simulations' build argument 'catkin_skip_building_tests' from command line to 'False'
[0.853s] DEBUG:colcon.colcon_core.verb:Building package 'turtlebot3_simulations' with the following arguments: {'ament_cmake_args': None, 'build_base': '/home/hassan/ros-tuts/patrol_ws/build/turtlebot3_simulations', 'catkin_cmake_args': None, 'catkin_skip_building_tests': False, 'cmake_args': None, 'cmake_clean_cache': False, 'cmake_clean_first': False, 'cmake_force_configure': False, 'cmake_target': None, 'cmake_target_skip_unavailable': False, 'install_base': '/home/hassan/ros-tuts/patrol_ws/install/turtlebot3_simulations', 'merge_install': False, 'path': '/home/hassan/ros-tuts/patrol_ws/src/turtlebot3/turtlebot3_simulations/turtlebot3_simulations', 'symlink_install': False, 'test_result_base': None}
[0.854s] Level 5:colcon.colcon_core.verb:set package 'turtlebot3' build argument 'cmake_args' from command line to 'None'
[0.854s] Level 5:colcon.colcon_core.verb:set package 'turtlebot3' build argument 'cmake_target' from command line to 'None'
[0.854s] Level 5:colcon.colcon_core.verb:set package 'turtlebot3' build argument 'cmake_target_skip_unavailable' from command line to 'False'
[0.854s] Level 5:colcon.colcon_core.verb:set package 'turtlebot3' build argument 'cmake_clean_cache' from command line to 'False'
[0.855s] Level 5:colcon.colcon_core.verb:set package 'turtlebot3' build argument 'cmake_clean_first' from command line to 'False'
[0.855s] Level 5:colcon.colcon_core.verb:set package 'turtlebot3' build argument 'cmake_force_configure' from command line to 'False'
[0.855s] Level 5:colcon.colcon_core.verb:set package 'turtlebot3' build argument 'ament_cmake_args' from command line to 'None'
[0.855s] Level 5:colcon.colcon_core.verb:set package 'turtlebot3' build argument 'catkin_cmake_args' from command line to 'None'
[0.855s] Level 5:colcon.colcon_core.verb:set package 'turtlebot3' build argument 'catkin_skip_building_tests' from command line to 'False'
[0.855s] DEBUG:colcon.colcon_core.verb:Building package 'turtlebot3' with the following arguments: {'ament_cmake_args': None, 'build_base': '/home/hassan/ros-tuts/patrol_ws/build/turtlebot3', 'catkin_cmake_args': None, 'catkin_skip_building_tests': False, 'cmake_args': None, 'cmake_clean_cache': False, 'cmake_clean_first': False, 'cmake_force_configure': False, 'cmake_target': None, 'cmake_target_skip_unavailable': False, 'install_base': '/home/hassan/ros-tuts/patrol_ws/install/turtlebot3', 'merge_install': False, 'path': '/home/hassan/ros-tuts/patrol_ws/src/turtlebot3/turtlebot3/turtlebot3', 'symlink_install': False, 'test_result_base': None}
[0.855s] INFO:colcon.colcon_core.executor:Executing jobs using 'parallel' executor
[0.857s] DEBUG:colcon.colcon_parallel_executor.executor.parallel:run_until_complete
[0.858s] INFO:colcon.colcon_ros.task.ament_cmake.build:Building ROS package in '/home/hassan/ros-tuts/patrol_ws/src/turtlebot3/turtlebot3_msgs' with build type 'ament_cmake'
[0.859s] INFO:colcon.colcon_cmake.task.cmake.build:Building CMake package in '/home/hassan/ros-tuts/patrol_ws/src/turtlebot3/turtlebot3_msgs'
[0.863s] INFO:colcon.colcon_core.plugin_system:Skipping extension 'colcon_core.shell.bat': Not used on non-Windows systems
[0.863s] INFO:colcon.colcon_core.shell:Skip shell extension 'powershell' for command environment: Not usable outside of PowerShell
[0.864s] DEBUG:colcon.colcon_core.shell:Skip shell extension 'dsv' for command environment
[0.870s] INFO:colcon.colcon_ros.task.ament_cmake.build:Building ROS package in '/home/hassan/ros-tuts/patrol_ws/src/utils/DynamixelSDK/dynamixel_sdk' with build type 'ament_cmake'
[0.870s] INFO:colcon.colcon_cmake.task.cmake.build:Building CMake package in '/home/hassan/ros-tuts/patrol_ws/src/utils/DynamixelSDK/dynamixel_sdk'
[0.871s] INFO:colcon.colcon_core.shell:Skip shell extension 'powershell' for command environment: Not usable outside of PowerShell
[0.871s] DEBUG:colcon.colcon_core.shell:Skip shell extension 'dsv' for command environment
[0.877s] INFO:colcon.colcon_ros.task.ament_cmake.build:Building ROS package in '/home/hassan/ros-tuts/patrol_ws/src/utils/hls_lfcd_lds_driver' with build type 'ament_cmake'
[0.877s] INFO:colcon.colcon_cmake.task.cmake.build:Building CMake package in '/home/hassan/ros-tuts/patrol_ws/src/utils/hls_lfcd_lds_driver'
[0.878s] INFO:colcon.colcon_core.shell:Skip shell extension 'powershell' for command environment: Not usable outside of PowerShell
[0.878s] DEBUG:colcon.colcon_core.shell:Skip shell extension 'dsv' for command environment
[0.884s] INFO:colcon.colcon_ros.task.ament_cmake.build:Building ROS package in '/home/hassan/ros-tuts/patrol_ws/src/turtlebot3/turtlebot3/turtlebot3_description' with build type 'ament_cmake'
[0.884s] INFO:colcon.colcon_cmake.task.cmake.build:Building CMake package in '/home/hassan/ros-tuts/patrol_ws/src/turtlebot3/turtlebot3/turtlebot3_description'
[0.885s] INFO:colcon.colcon_core.shell:Skip shell extension 'powershell' for command environment: Not usable outside of PowerShell
[0.885s] DEBUG:colcon.colcon_core.shell:Skip shell extension 'dsv' for command environment
[0.891s] INFO:colcon.colcon_ros.task.ament_cmake.build:Building ROS package in '/home/hassan/ros-tuts/patrol_ws/src/utils/DynamixelSDK/dynamixel_sdk_custom_interfaces' with build type 'ament_cmake'
[0.892s] INFO:colcon.colcon_cmake.task.cmake.build:Building CMake package in '/home/hassan/ros-tuts/patrol_ws/src/utils/DynamixelSDK/dynamixel_sdk_custom_interfaces'
[0.892s] INFO:colcon.colcon_core.shell:Skip shell extension 'powershell' for command environment: Not usable outside of PowerShell
[0.892s] DEBUG:colcon.colcon_core.shell:Skip shell extension 'dsv' for command environment
[0.898s] INFO:colcon.colcon_ros.task.ament_cmake.build:Building ROS package in '/home/hassan/ros-tuts/patrol_ws/src/turtlebot3/turtlebot3/turtlebot3_cartographer' with build type 'ament_cmake'
[0.899s] INFO:colcon.colcon_cmake.task.cmake.build:Building CMake package in '/home/hassan/ros-tuts/patrol_ws/src/turtlebot3/turtlebot3/turtlebot3_cartographer'
[0.899s] INFO:colcon.colcon_core.shell:Skip shell extension 'powershell' for command environment: Not usable outside of PowerShell
[0.900s] DEBUG:colcon.colcon_core.shell:Skip shell extension 'dsv' for command environment
[0.905s] INFO:colcon.colcon_ros.task.ament_cmake.build:Building ROS package in '/home/hassan/ros-tuts/patrol_ws/src/turtlebot3/turtlebot3_simulations/turtlebot3_gazebo' with build type 'ament_cmake'
[0.906s] INFO:colcon.colcon_cmake.task.cmake.build:Building CMake package in '/home/hassan/ros-tuts/patrol_ws/src/turtlebot3/turtlebot3_simulations/turtlebot3_gazebo'
[0.906s] INFO:colcon.colcon_core.shell:Skip shell extension 'powershell' for command environment: Not usable outside of PowerShell
[0.906s] DEBUG:colcon.colcon_core.shell:Skip shell extension 'dsv' for command environment
[0.912s] INFO:colcon.colcon_ros.task.ament_cmake.build:Building ROS package in '/home/hassan/ros-tuts/patrol_ws/src/turtlebot3/turtlebot3/turtlebot3_navigation2' with build type 'ament_cmake'
[0.912s] INFO:colcon.colcon_cmake.task.cmake.build:Building CMake package in '/home/hassan/ros-tuts/patrol_ws/src/turtlebot3/turtlebot3/turtlebot3_navigation2'
[0.913s] INFO:colcon.colcon_core.shell:Skip shell extension 'powershell' for command environment: Not usable outside of PowerShell
[0.913s] DEBUG:colcon.colcon_core.shell:Skip shell extension 'dsv' for command environment
[0.933s] DEBUG:colcon.colcon_core.event_handler.log_command:Invoking command in '/home/hassan/ros-tuts/patrol_ws/build/turtlebot3_msgs': CMAKE_PREFIX_PATH=${CMAKE_PREFIX_PATH}:/opt/ros/humble /usr/bin/cmake /home/hassan/ros-tuts/patrol_ws/src/turtlebot3/turtlebot3_msgs -DCMAKE_INSTALL_PREFIX=/home/hassan/ros-tuts/patrol_ws/install/turtlebot3_msgs
[0.939s] DEBUG:colcon.colcon_core.event_handler.log_command:Invoking command in '/home/hassan/ros-tuts/patrol_ws/build/dynamixel_sdk': CMAKE_PREFIX_PATH=${CMAKE_PREFIX_PATH}:/opt/ros/humble /usr/bin/cmake /home/hassan/ros-tuts/patrol_ws/src/utils/DynamixelSDK/dynamixel_sdk -DCMAKE_INSTALL_PREFIX=/home/hassan/ros-tuts/patrol_ws/install/dynamixel_sdk
[0.946s] DEBUG:colcon.colcon_core.event_handler.log_command:Invoking command in '/home/hassan/ros-tuts/patrol_ws/build/hls_lfcd_lds_driver': CMAKE_PREFIX_PATH=${CMAKE_PREFIX_PATH}:/opt/ros/humble /usr/bin/cmake /home/hassan/ros-tuts/patrol_ws/src/utils/hls_lfcd_lds_driver -DCMAKE_INSTALL_PREFIX=/home/hassan/ros-tuts/patrol_ws/install/hls_lfcd_lds_driver
[0.968s] DEBUG:colcon.colcon_core.event_handler.log_command:Invoking command in '/home/hassan/ros-tuts/patrol_ws/build/turtlebot3_description': CMAKE_PREFIX_PATH=${CMAKE_PREFIX_PATH}:/opt/ros/humble /usr/bin/cmake /home/hassan/ros-tuts/patrol_ws/src/turtlebot3/turtlebot3/turtlebot3_description -DCMAKE_INSTALL_PREFIX=/home/hassan/ros-tuts/patrol_ws/install/turtlebot3_description
[0.970s] DEBUG:colcon.colcon_core.event_handler.log_command:Invoking command in '/home/hassan/ros-tuts/patrol_ws/build/dynamixel_sdk_custom_interfaces': CMAKE_PREFIX_PATH=${CMAKE_PREFIX_PATH}:/opt/ros/humble /usr/bin/cmake /home/hassan/ros-tuts/patrol_ws/src/utils/DynamixelSDK/dynamixel_sdk_custom_interfaces -DCMAKE_INSTALL_PREFIX=/home/hassan/ros-tuts/patrol_ws/install/dynamixel_sdk_custom_interfaces
[0.976s] DEBUG:colcon.colcon_core.event_handler.log_command:Invoking command in '/home/hassan/ros-tuts/patrol_ws/build/turtlebot3_cartographer': CMAKE_PREFIX_PATH=${CMAKE_PREFIX_PATH}:/opt/ros/humble /usr/bin/cmake /home/hassan/ros-tuts/patrol_ws/src/turtlebot3/turtlebot3/turtlebot3_cartographer -DCMAKE_INSTALL_PREFIX=/home/hassan/ros-tuts/patrol_ws/install/turtlebot3_cartographer
[0.983s] DEBUG:colcon.colcon_core.event_handler.log_command:Invoking command in '/home/hassan/ros-tuts/patrol_ws/build/turtlebot3_gazebo': CMAKE_PREFIX_PATH=${CMAKE_PREFIX_PATH}:/opt/ros/humble /usr/bin/cmake /home/hassan/ros-tuts/patrol_ws/src/turtlebot3/turtlebot3_simulations/turtlebot3_gazebo -DCMAKE_INSTALL_PREFIX=/home/hassan/ros-tuts/patrol_ws/install/turtlebot3_gazebo
[1.051s] DEBUG:colcon.colcon_core.event_handler.log_command:Invoking command in '/home/hassan/ros-tuts/patrol_ws/build/turtlebot3_navigation2': CMAKE_PREFIX_PATH=${CMAKE_PREFIX_PATH}:/opt/ros/humble /usr/bin/cmake /home/hassan/ros-tuts/patrol_ws/src/turtlebot3/turtlebot3/turtlebot3_navigation2 -DCMAKE_INSTALL_PREFIX=/home/hassan/ros-tuts/patrol_ws/install/turtlebot3_navigation2
[1.777s] DEBUG:colcon.colcon_core.event_handler.log_command:Invoked command in '/home/hassan/ros-tuts/patrol_ws/build/turtlebot3_cartographer' returned '0': CMAKE_PREFIX_PATH=${CMAKE_PREFIX_PATH}:/opt/ros/humble /usr/bin/cmake /home/hassan/ros-tuts/patrol_ws/src/turtlebot3/turtlebot3/turtlebot3_cartographer -DCMAKE_INSTALL_PREFIX=/home/hassan/ros-tuts/patrol_ws/install/turtlebot3_cartographer
[1.782s] DEBUG:colcon.colcon_core.event_handler.log_command:Invoking command in '/home/hassan/ros-tuts/patrol_ws/build/turtlebot3_cartographer': CMAKE_PREFIX_PATH=${CMAKE_PREFIX_PATH}:/opt/ros/humble /usr/bin/cmake --build /home/hassan/ros-tuts/patrol_ws/build/turtlebot3_cartographer -- -j8 -l8
[1.913s] DEBUG:colcon.colcon_core.event_handler.log_command:Invoked command in '/home/hassan/ros-tuts/patrol_ws/build/turtlebot3_navigation2' returned '0': CMAKE_PREFIX_PATH=${CMAKE_PREFIX_PATH}:/opt/ros/humble /usr/bin/cmake /home/hassan/ros-tuts/patrol_ws/src/turtlebot3/turtlebot3/turtlebot3_navigation2 -DCMAKE_INSTALL_PREFIX=/home/hassan/ros-tuts/patrol_ws/install/turtlebot3_navigation2
[1.918s] DEBUG:colcon.colcon_core.event_handler.log_command:Invoking command in '/home/hassan/ros-tuts/patrol_ws/build/turtlebot3_navigation2': CMAKE_PREFIX_PATH=${CMAKE_PREFIX_PATH}:/opt/ros/humble /usr/bin/cmake --build /home/hassan/ros-tuts/patrol_ws/build/turtlebot3_navigation2 -- -j8 -l8
[1.928s] DEBUG:colcon.colcon_core.event_handler.log_command:Invoked command in '/home/hassan/ros-tuts/patrol_ws/build/dynamixel_sdk' returned '0': CMAKE_PREFIX_PATH=${CMAKE_PREFIX_PATH}:/opt/ros/humble /usr/bin/cmake /home/hassan/ros-tuts/patrol_ws/src/utils/DynamixelSDK/dynamixel_sdk -DCMAKE_INSTALL_PREFIX=/home/hassan/ros-tuts/patrol_ws/install/dynamixel_sdk
[1.929s] DEBUG:colcon.colcon_core.event_handler.log_command:Invoking command in '/home/hassan/ros-tuts/patrol_ws/build/dynamixel_sdk': CMAKE_PREFIX_PATH=${CMAKE_PREFIX_PATH}:/opt/ros/humble /usr/bin/cmake --build /home/hassan/ros-tuts/patrol_ws/build/dynamixel_sdk -- -j8 -l8
[1.941s] DEBUG:colcon.colcon_core.event_handler.log_command:Invoked command in '/home/hassan/ros-tuts/patrol_ws/build/turtlebot3_cartographer' returned '0': CMAKE_PREFIX_PATH=${CMAKE_PREFIX_PATH}:/opt/ros/humble /usr/bin/cmake --build /home/hassan/ros-tuts/patrol_ws/build/turtlebot3_cartographer -- -j8 -l8
[1.971s] DEBUG:colcon.colcon_core.event_handler.log_command:Invoked command in '/home/hassan/ros-tuts/patrol_ws/build/turtlebot3_description' returned '0': CMAKE_PREFIX_PATH=${CMAKE_PREFIX_PATH}:/opt/ros/humble /usr/bin/cmake /home/hassan/ros-tuts/patrol_ws/src/turtlebot3/turtlebot3/turtlebot3_description -DCMAKE_INSTALL_PREFIX=/home/hassan/ros-tuts/patrol_ws/install/turtlebot3_description
[1.977s] DEBUG:colcon.colcon_core.event_handler.log_command:Invoking command in '/home/hassan/ros-tuts/patrol_ws/build/turtlebot3_description': CMAKE_PREFIX_PATH=${CMAKE_PREFIX_PATH}:/opt/ros/humble /usr/bin/cmake --build /home/hassan/ros-tuts/patrol_ws/build/turtlebot3_description -- -j8 -l8
[2.052s] DEBUG:colcon.colcon_core.event_handler.log_command:Invoked command in '/home/hassan/ros-tuts/patrol_ws/build/turtlebot3_navigation2' returned '0': CMAKE_PREFIX_PATH=${CMAKE_PREFIX_PATH}:/opt/ros/humble /usr/bin/cmake --build /home/hassan/ros-tuts/patrol_ws/build/turtlebot3_navigation2 -- -j8 -l8
[2.087s] DEBUG:colcon.colcon_core.event_handler.log_command:Invoking command in '/home/hassan/ros-tuts/patrol_ws/build/turtlebot3_cartographer': CMAKE_PREFIX_PATH=${CMAKE_PREFIX_PATH}:/opt/ros/humble /usr/bin/cmake --install /home/hassan/ros-tuts/patrol_ws/build/turtlebot3_cartographer
[2.097s] DEBUG:colcon.colcon_core.event_handler.log_command:Invoked command in '/home/hassan/ros-tuts/patrol_ws/build/turtlebot3_description' returned '0': CMAKE_PREFIX_PATH=${CMAKE_PREFIX_PATH}:/opt/ros/humble /usr/bin/cmake --build /home/hassan/ros-tuts/patrol_ws/build/turtlebot3_description -- -j8 -l8
[2.111s] DEBUG:colcon.colcon_core.event_handler.log_command:Invoking command in '/home/hassan/ros-tuts/patrol_ws/build/turtlebot3_navigation2': CMAKE_PREFIX_PATH=${CMAKE_PREFIX_PATH}:/opt/ros/humble /usr/bin/cmake --install /home/hassan/ros-tuts/patrol_ws/build/turtlebot3_navigation2
[2.170s] Level 1:colcon.colcon_core.environment:create_environment_scripts_only(turtlebot3_cartographer)
[2.174s] DEBUG:colcon.colcon_core.event_handler.log_command:Invoked command in '/home/hassan/ros-tuts/patrol_ws/build/dynamixel_sdk' returned '0': CMAKE_PREFIX_PATH=${CMAKE_PREFIX_PATH}:/opt/ros/humble /usr/bin/cmake --build /home/hassan/ros-tuts/patrol_ws/build/dynamixel_sdk -- -j8 -l8
[2.184s] DEBUG:colcon.colcon_core.event_handler.log_command:Invoked command in '/home/hassan/ros-tuts/patrol_ws/build/turtlebot3_cartographer' returned '0': CMAKE_PREFIX_PATH=${CMAKE_PREFIX_PATH}:/opt/ros/humble /usr/bin/cmake --install /home/hassan/ros-tuts/patrol_ws/build/turtlebot3_cartographer
[2.189s] Level 1:colcon.colcon_core.environment:checking '/home/hassan/ros-tuts/patrol_ws/install/turtlebot3_cartographer' for CMake module files
[2.191s] Level 1:colcon.colcon_core.environment:checking '/home/hassan/ros-tuts/patrol_ws/install/turtlebot3_cartographer' for CMake config files
[2.192s] Level 1:colcon.colcon_core.shell:create_environment_hook('turtlebot3_cartographer', 'cmake_prefix_path')
[2.192s] INFO:colcon.colcon_core.shell:Creating environment hook '/home/hassan/ros-tuts/patrol_ws/install/turtlebot3_cartographer/share/turtlebot3_cartographer/hook/cmake_prefix_path.ps1'
[2.194s] INFO:colcon.colcon_core.shell:Creating environment descriptor '/home/hassan/ros-tuts/patrol_ws/install/turtlebot3_cartographer/share/turtlebot3_cartographer/hook/cmake_prefix_path.dsv'
[2.195s] INFO:colcon.colcon_core.shell:Creating environment hook '/home/hassan/ros-tuts/patrol_ws/install/turtlebot3_cartographer/share/turtlebot3_cartographer/hook/cmake_prefix_path.sh'
[2.198s] Level 1:colcon.colcon_core.environment:checking '/home/hassan/ros-tuts/patrol_ws/install/turtlebot3_cartographer/bin'
[2.198s] Level 1:colcon.colcon_core.environment:checking '/home/hassan/ros-tuts/patrol_ws/install/turtlebot3_cartographer/lib/pkgconfig/turtlebot3_cartographer.pc'
[2.199s] Level 1:colcon.colcon_core.environment:checking '/home/hassan/ros-tuts/patrol_ws/install/turtlebot3_cartographer/lib/python3.10/site-packages'
[2.200s] Level 1:colcon.colcon_core.environment:checking '/home/hassan/ros-tuts/patrol_ws/install/turtlebot3_cartographer/bin'
[2.201s] INFO:colcon.colcon_core.shell:Creating package script '/home/hassan/ros-tuts/patrol_ws/install/turtlebot3_cartographer/share/turtlebot3_cartographer/package.ps1'
[2.204s] INFO:colcon.colcon_core.shell:Creating package descriptor '/home/hassan/ros-tuts/patrol_ws/install/turtlebot3_cartographer/share/turtlebot3_cartographer/package.dsv'
[2.206s] INFO:colcon.colcon_core.shell:Creating package script '/home/hassan/ros-tuts/patrol_ws/install/turtlebot3_cartographer/share/turtlebot3_cartographer/package.sh'
[2.208s] INFO:colcon.colcon_core.shell:Creating package script '/home/hassan/ros-tuts/patrol_ws/install/turtlebot3_cartographer/share/turtlebot3_cartographer/package.bash'
[2.211s] INFO:colcon.colcon_core.shell:Creating package script '/home/hassan/ros-tuts/patrol_ws/install/turtlebot3_cartographer/share/turtlebot3_cartographer/package.zsh'
[2.213s] Level 1:colcon.colcon_core.environment:create_file_with_runtime_dependencies(/home/hassan/ros-tuts/patrol_ws/install/turtlebot3_cartographer/share/colcon-core/packages/turtlebot3_cartographer)
[2.220s] Level 1:colcon.colcon_core.environment:create_environment_scripts_only(turtlebot3_navigation2)
[2.223s] Level 1:colcon.colcon_core.environment:checking '/home/hassan/ros-tuts/patrol_ws/install/turtlebot3_navigation2' for CMake module files
[2.224s] DEBUG:colcon.colcon_core.event_handler.log_command:Invoking command in '/home/hassan/ros-tuts/patrol_ws/build/turtlebot3_description': CMAKE_PREFIX_PATH=${CMAKE_PREFIX_PATH}:/opt/ros/humble /usr/bin/cmake --install /home/hassan/ros-tuts/patrol_ws/build/turtlebot3_description
[2.227s] Level 1:colcon.colcon_core.environment:checking '/home/hassan/ros-tuts/patrol_ws/install/turtlebot3_navigation2' for CMake config files
[2.229s] DEBUG:colcon.colcon_core.event_handler.log_command:Invoked command in '/home/hassan/ros-tuts/patrol_ws/build/turtlebot3_navigation2' returned '0': CMAKE_PREFIX_PATH=${CMAKE_PREFIX_PATH}:/opt/ros/humble /usr/bin/cmake --install /home/hassan/ros-tuts/patrol_ws/build/turtlebot3_navigation2
[2.231s] Level 1:colcon.colcon_core.shell:create_environment_hook('turtlebot3_navigation2', 'cmake_prefix_path')
[2.233s] INFO:colcon.colcon_core.shell:Creating environment hook '/home/hassan/ros-tuts/patrol_ws/install/turtlebot3_navigation2/share/turtlebot3_navigation2/hook/cmake_prefix_path.ps1'
[2.237s] INFO:colcon.colcon_core.shell:Creating environment descriptor '/home/hassan/ros-tuts/patrol_ws/install/turtlebot3_navigation2/share/turtlebot3_navigation2/hook/cmake_prefix_path.dsv'
[2.241s] INFO:colcon.colcon_core.shell:Creating environment hook '/home/hassan/ros-tuts/patrol_ws/install/turtlebot3_navigation2/share/turtlebot3_navigation2/hook/cmake_prefix_path.sh'
[2.246s] Level 1:colcon.colcon_core.environment:checking '/home/hassan/ros-tuts/patrol_ws/install/turtlebot3_navigation2/bin'
[2.249s] Level 1:colcon.colcon_core.environment:checking '/home/hassan/ros-tuts/patrol_ws/install/turtlebot3_navigation2/lib/pkgconfig/turtlebot3_navigation2.pc'
[2.251s] Level 1:colcon.colcon_core.environment:checking '/home/hassan/ros-tuts/patrol_ws/install/turtlebot3_navigation2/lib/python3.10/site-packages'
[2.251s] Level 1:colcon.colcon_core.environment:checking '/home/hassan/ros-tuts/patrol_ws/install/turtlebot3_navigation2/bin'
[2.252s] INFO:colcon.colcon_core.shell:Creating package script '/home/hassan/ros-tuts/patrol_ws/install/turtlebot3_navigation2/share/turtlebot3_navigation2/package.ps1'
[2.264s] INFO:colcon.colcon_core.shell:Creating package descriptor '/home/hassan/ros-tuts/patrol_ws/install/turtlebot3_navigation2/share/turtlebot3_navigation2/package.dsv'
[2.265s] INFO:colcon.colcon_core.shell:Creating package script '/home/hassan/ros-tuts/patrol_ws/install/turtlebot3_navigation2/share/turtlebot3_navigation2/package.sh'
[2.266s] INFO:colcon.colcon_core.shell:Creating package script '/home/hassan/ros-tuts/patrol_ws/install/turtlebot3_navigation2/share/turtlebot3_navigation2/package.bash'
[2.267s] INFO:colcon.colcon_core.shell:Creating package script '/home/hassan/ros-tuts/patrol_ws/install/turtlebot3_navigation2/share/turtlebot3_navigation2/package.zsh'
[2.270s] Level 1:colcon.colcon_core.environment:create_file_with_runtime_dependencies(/home/hassan/ros-tuts/patrol_ws/install/turtlebot3_navigation2/share/colcon-core/packages/turtlebot3_navigation2)
[2.290s] DEBUG:colcon.colcon_core.event_handler.log_command:Invoking command in '/home/hassan/ros-tuts/patrol_ws/build/dynamixel_sdk': CMAKE_PREFIX_PATH=${CMAKE_PREFIX_PATH}:/opt/ros/humble /usr/bin/cmake --install /home/hassan/ros-tuts/patrol_ws/build/dynamixel_sdk
[2.293s] Level 1:colcon.colcon_core.environment:create_environment_scripts_only(turtlebot3_description)
[2.294s] Level 1:colcon.colcon_core.environment:checking '/home/hassan/ros-tuts/patrol_ws/install/turtlebot3_description' for CMake module files
[2.299s] Level 1:colcon.colcon_core.environment:checking '/home/hassan/ros-tuts/patrol_ws/install/turtlebot3_description' for CMake config files
[2.300s] Level 1:colcon.colcon_core.shell:create_environment_hook('turtlebot3_description', 'cmake_prefix_path')
[2.300s] INFO:colcon.colcon_core.shell:Creating environment hook '/home/hassan/ros-tuts/patrol_ws/install/turtlebot3_description/share/turtlebot3_description/hook/cmake_prefix_path.ps1'
[2.303s] DEBUG:colcon.colcon_core.event_handler.log_command:Invoked command in '/home/hassan/ros-tuts/patrol_ws/build/turtlebot3_description' returned '0': CMAKE_PREFIX_PATH=${CMAKE_PREFIX_PATH}:/opt/ros/humble /usr/bin/cmake --install /home/hassan/ros-tuts/patrol_ws/build/turtlebot3_description
[2.306s] INFO:colcon.colcon_core.shell:Creating environment descriptor '/home/hassan/ros-tuts/patrol_ws/install/turtlebot3_description/share/turtlebot3_description/hook/cmake_prefix_path.dsv'
[2.308s] INFO:colcon.colcon_core.shell:Creating environment hook '/home/hassan/ros-tuts/patrol_ws/install/turtlebot3_description/share/turtlebot3_description/hook/cmake_prefix_path.sh'
[2.321s] Level 1:colcon.colcon_core.environment:checking '/home/hassan/ros-tuts/patrol_ws/install/turtlebot3_description/bin'
[2.324s] Level 1:colcon.colcon_core.environment:checking '/home/hassan/ros-tuts/patrol_ws/install/turtlebot3_description/lib/pkgconfig/turtlebot3_description.pc'
[2.325s] Level 1:colcon.colcon_core.environment:checking '/home/hassan/ros-tuts/patrol_ws/install/turtlebot3_description/lib/python3.10/site-packages'
[2.326s] Level 1:colcon.colcon_core.environment:checking '/home/hassan/ros-tuts/patrol_ws/install/turtlebot3_description/bin'
[2.327s] INFO:colcon.colcon_core.shell:Creating package script '/home/hassan/ros-tuts/patrol_ws/install/turtlebot3_description/share/turtlebot3_description/package.ps1'
[2.338s] INFO:colcon.colcon_core.shell:Creating package descriptor '/home/hassan/ros-tuts/patrol_ws/install/turtlebot3_description/share/turtlebot3_description/package.dsv'
[2.339s] INFO:colcon.colcon_core.shell:Creating package script '/home/hassan/ros-tuts/patrol_ws/install/turtlebot3_description/share/turtlebot3_description/package.sh'
[2.340s] INFO:colcon.colcon_core.shell:Creating package script '/home/hassan/ros-tuts/patrol_ws/install/turtlebot3_description/share/turtlebot3_description/package.bash'
[2.343s] INFO:colcon.colcon_core.shell:Creating package script '/home/hassan/ros-tuts/patrol_ws/install/turtlebot3_description/share/turtlebot3_description/package.zsh'
[2.344s] Level 1:colcon.colcon_core.environment:create_file_with_runtime_dependencies(/home/hassan/ros-tuts/patrol_ws/install/turtlebot3_description/share/colcon-core/packages/turtlebot3_description)
[2.356s] Level 1:colcon.colcon_core.environment:create_environment_scripts_only(turtlebot3_cartographer)
[2.357s] Level 1:colcon.colcon_core.environment:checking '/home/hassan/ros-tuts/patrol_ws/install/turtlebot3_cartographer' for CMake module files
[2.359s] Level 1:colcon.colcon_core.environment:checking '/home/hassan/ros-tuts/patrol_ws/install/turtlebot3_cartographer' for CMake config files
[2.359s] Level 1:colcon.colcon_core.shell:create_environment_hook('turtlebot3_cartographer', 'cmake_prefix_path')
[2.360s] INFO:colcon.colcon_core.shell:Creating environment hook '/home/hassan/ros-tuts/patrol_ws/install/turtlebot3_cartographer/share/turtlebot3_cartographer/hook/cmake_prefix_path.ps1'
[2.361s] INFO:colcon.colcon_core.shell:Creating environment descriptor '/home/hassan/ros-tuts/patrol_ws/install/turtlebot3_cartographer/share/turtlebot3_cartographer/hook/cmake_prefix_path.dsv'
[2.363s] INFO:colcon.colcon_core.shell:Creating environment hook '/home/hassan/ros-tuts/patrol_ws/install/turtlebot3_cartographer/share/turtlebot3_cartographer/hook/cmake_prefix_path.sh'
[2.365s] Level 1:colcon.colcon_core.environment:checking '/home/hassan/ros-tuts/patrol_ws/install/turtlebot3_cartographer/bin'
[2.365s] Level 1:colcon.colcon_core.environment:checking '/home/hassan/ros-tuts/patrol_ws/install/turtlebot3_cartographer/lib/pkgconfig/turtlebot3_cartographer.pc'
[2.365s] Level 1:colcon.colcon_core.environment:checking '/home/hassan/ros-tuts/patrol_ws/install/turtlebot3_cartographer/lib/python3.10/site-packages'
[2.366s] Level 1:colcon.colcon_core.environment:checking '/home/hassan/ros-tuts/patrol_ws/install/turtlebot3_cartographer/bin'
[2.367s] INFO:colcon.colcon_core.shell:Creating package script '/home/hassan/ros-tuts/patrol_ws/install/turtlebot3_cartographer/share/turtlebot3_cartographer/package.ps1'
[2.369s] INFO:colcon.colcon_core.shell:Creating package descriptor '/home/hassan/ros-tuts/patrol_ws/install/turtlebot3_cartographer/share/turtlebot3_cartographer/package.dsv'
[2.371s] INFO:colcon.colcon_core.shell:Creating package script '/home/hassan/ros-tuts/patrol_ws/install/turtlebot3_cartographer/share/turtlebot3_cartographer/package.sh'
[2.372s] INFO:colcon.colcon_core.shell:Creating package script '/home/hassan/ros-tuts/patrol_ws/install/turtlebot3_cartographer/share/turtlebot3_cartographer/package.bash'
[2.374s] INFO:colcon.colcon_core.shell:Creating package script '/home/hassan/ros-tuts/patrol_ws/install/turtlebot3_cartographer/share/turtlebot3_cartographer/package.zsh'
[2.375s] Level 1:colcon.colcon_core.environment:create_file_with_runtime_dependencies(/home/hassan/ros-tuts/patrol_ws/install/turtlebot3_cartographer/share/colcon-core/packages/turtlebot3_cartographer)
[2.377s] INFO:colcon.colcon_ros.task.ament_python.build:Building ROS package in '/home/hassan/ros-tuts/patrol_ws/src/turtlebot3/turtlebot3/turtlebot3_teleop' with build type 'ament_python'
[2.378s] Level 1:colcon.colcon_core.shell:create_environment_hook('turtlebot3_teleop', 'ament_prefix_path')
[2.379s] INFO:colcon.colcon_core.shell:Creating environment hook '/home/hassan/ros-tuts/patrol_ws/install/turtlebot3_teleop/share/turtlebot3_teleop/hook/ament_prefix_path.ps1'
[2.380s] INFO:colcon.colcon_core.shell:Creating environment descriptor '/home/hassan/ros-tuts/patrol_ws/install/turtlebot3_teleop/share/turtlebot3_teleop/hook/ament_prefix_path.dsv'
[2.381s] INFO:colcon.colcon_core.shell:Creating environment hook '/home/hassan/ros-tuts/patrol_ws/install/turtlebot3_teleop/share/turtlebot3_teleop/hook/ament_prefix_path.sh'
[2.382s] INFO:colcon.colcon_core.shell:Skip shell extension 'powershell' for command environment: Not usable outside of PowerShell
[2.382s] DEBUG:colcon.colcon_core.shell:Skip shell extension 'dsv' for command environment
[2.397s] Level 1:colcon.colcon_core.environment:create_environment_scripts_only(turtlebot3_navigation2)
[2.399s] Level 1:colcon.colcon_core.environment:checking '/home/hassan/ros-tuts/patrol_ws/install/turtlebot3_navigation2' for CMake module files
[2.401s] Level 1:colcon.colcon_core.environment:checking '/home/hassan/ros-tuts/patrol_ws/install/turtlebot3_navigation2' for CMake config files
[2.403s] Level 1:colcon.colcon_core.shell:create_environment_hook('turtlebot3_navigation2', 'cmake_prefix_path')
[2.404s] INFO:colcon.colcon_core.shell:Creating environment hook '/home/hassan/ros-tuts/patrol_ws/install/turtlebot3_navigation2/share/turtlebot3_navigation2/hook/cmake_prefix_path.ps1'
[2.406s] INFO:colcon.colcon_core.shell:Creating environment descriptor '/home/hassan/ros-tuts/patrol_ws/install/turtlebot3_navigation2/share/turtlebot3_navigation2/hook/cmake_prefix_path.dsv'
[2.407s] INFO:colcon.colcon_core.shell:Creating environment hook '/home/hassan/ros-tuts/patrol_ws/install/turtlebot3_navigation2/share/turtlebot3_navigation2/hook/cmake_prefix_path.sh'
[2.409s] Level 1:colcon.colcon_core.environment:checking '/home/hassan/ros-tuts/patrol_ws/install/turtlebot3_navigation2/bin'
[2.409s] Level 1:colcon.colcon_core.environment:checking '/home/hassan/ros-tuts/patrol_ws/install/turtlebot3_navigation2/lib/pkgconfig/turtlebot3_navigation2.pc'
[2.410s] Level 1:colcon.colcon_core.environment:checking '/home/hassan/ros-tuts/patrol_ws/install/turtlebot3_navigation2/lib/python3.10/site-packages'
[2.411s] Level 1:colcon.colcon_core.environment:checking '/home/hassan/ros-tuts/patrol_ws/install/turtlebot3_navigation2/bin'
[2.412s] INFO:colcon.colcon_core.shell:Creating package script '/home/hassan/ros-tuts/patrol_ws/install/turtlebot3_navigation2/share/turtlebot3_navigation2/package.ps1'
[2.414s] INFO:colcon.colcon_core.shell:Creating package descriptor '/home/hassan/ros-tuts/patrol_ws/install/turtlebot3_navigation2/share/turtlebot3_navigation2/package.dsv'
[2.416s] INFO:colcon.colcon_core.shell:Creating package script '/home/hassan/ros-tuts/patrol_ws/install/turtlebot3_navigation2/share/turtlebot3_navigation2/package.sh'
[2.417s] INFO:colcon.colcon_core.shell:Creating package script '/home/hassan/ros-tuts/patrol_ws/install/turtlebot3_navigation2/share/turtlebot3_navigation2/package.bash'
[2.418s] INFO:colcon.colcon_core.shell:Creating package script '/home/hassan/ros-tuts/patrol_ws/install/turtlebot3_navigation2/share/turtlebot3_navigation2/package.zsh'
[2.419s] Level 1:colcon.colcon_core.environment:create_file_with_runtime_dependencies(/home/hassan/ros-tuts/patrol_ws/install/turtlebot3_navigation2/share/colcon-core/packages/turtlebot3_navigation2)
[2.424s] INFO:colcon.colcon_ros.task.ament_python.build:Building ROS package in '/home/hassan/ros-tuts/patrol_ws/src/tb3_sim' with build type 'ament_python'
[2.425s] Level 1:colcon.colcon_core.shell:create_environment_hook('tb3_sim', 'ament_prefix_path')
[2.426s] INFO:colcon.colcon_core.shell:Creating environment hook '/home/hassan/ros-tuts/patrol_ws/install/tb3_sim/share/tb3_sim/hook/ament_prefix_path.ps1'
[2.428s] INFO:colcon.colcon_core.shell:Creating environment descriptor '/home/hassan/ros-tuts/patrol_ws/install/tb3_sim/share/tb3_sim/hook/ament_prefix_path.dsv'
[2.429s] INFO:colcon.colcon_core.shell:Creating environment hook '/home/hassan/ros-tuts/patrol_ws/install/tb3_sim/share/tb3_sim/hook/ament_prefix_path.sh'
[2.431s] INFO:colcon.colcon_core.shell:Skip shell extension 'powershell' for command environment: Not usable outside of PowerShell
[2.431s] DEBUG:colcon.colcon_core.shell:Skip shell extension 'dsv' for command environment
[2.441s] Level 1:colcon.colcon_core.environment:create_environment_scripts_only(dynamixel_sdk)
[2.442s] Level 1:colcon.colcon_core.environment:checking '/home/hassan/ros-tuts/patrol_ws/install/dynamixel_sdk' for CMake module files
[2.443s] DEBUG:colcon.colcon_core.event_handler.log_command:Invoked command in '/home/hassan/ros-tuts/patrol_ws/build/dynamixel_sdk' returned '0': CMAKE_PREFIX_PATH=${CMAKE_PREFIX_PATH}:/opt/ros/humble /usr/bin/cmake --install /home/hassan/ros-tuts/patrol_ws/build/dynamixel_sdk
[2.445s] Level 1:colcon.colcon_core.environment:checking '/home/hassan/ros-tuts/patrol_ws/install/dynamixel_sdk' for CMake config files
[2.450s] Level 1:colcon.colcon_core.shell:create_environment_hook('dynamixel_sdk', 'cmake_prefix_path')
[2.451s] INFO:colcon.colcon_core.shell:Creating environment hook '/home/hassan/ros-tuts/patrol_ws/install/dynamixel_sdk/share/dynamixel_sdk/hook/cmake_prefix_path.ps1'
[2.453s] INFO:colcon.colcon_core.shell:Creating environment descriptor '/home/hassan/ros-tuts/patrol_ws/install/dynamixel_sdk/share/dynamixel_sdk/hook/cmake_prefix_path.dsv'
[2.454s] INFO:colcon.colcon_core.shell:Creating environment hook '/home/hassan/ros-tuts/patrol_ws/install/dynamixel_sdk/share/dynamixel_sdk/hook/cmake_prefix_path.sh'
[2.456s] Level 1:colcon.colcon_core.environment:checking '/home/hassan/ros-tuts/patrol_ws/install/dynamixel_sdk/lib'
[2.456s] Level 1:colcon.colcon_core.shell:create_environment_hook('dynamixel_sdk', 'ld_library_path_lib')
[2.457s] INFO:colcon.colcon_core.shell:Creating environment hook '/home/hassan/ros-tuts/patrol_ws/install/dynamixel_sdk/share/dynamixel_sdk/hook/ld_library_path_lib.ps1'
[2.459s] INFO:colcon.colcon_core.shell:Creating environment descriptor '/home/hassan/ros-tuts/patrol_ws/install/dynamixel_sdk/share/dynamixel_sdk/hook/ld_library_path_lib.dsv'
[2.460s] INFO:colcon.colcon_core.shell:Creating environment hook '/home/hassan/ros-tuts/patrol_ws/install/dynamixel_sdk/share/dynamixel_sdk/hook/ld_library_path_lib.sh'
[2.461s] Level 1:colcon.colcon_core.environment:checking '/home/hassan/ros-tuts/patrol_ws/install/dynamixel_sdk/bin'
[2.461s] Level 1:colcon.colcon_core.environment:checking '/home/hassan/ros-tuts/patrol_ws/install/dynamixel_sdk/lib/pkgconfig/dynamixel_sdk.pc'
[2.462s] Level 1:colcon.colcon_core.environment:checking '/home/hassan/ros-tuts/patrol_ws/install/dynamixel_sdk/lib/python3.10/site-packages'
[2.463s] Level 1:colcon.colcon_core.environment:checking '/home/hassan/ros-tuts/patrol_ws/install/dynamixel_sdk/bin'
[2.464s] INFO:colcon.colcon_core.shell:Creating package script '/home/hassan/ros-tuts/patrol_ws/install/dynamixel_sdk/share/dynamixel_sdk/package.ps1'
[2.466s] INFO:colcon.colcon_core.shell:Creating package descriptor '/home/hassan/ros-tuts/patrol_ws/install/dynamixel_sdk/share/dynamixel_sdk/package.dsv'
[2.468s] INFO:colcon.colcon_core.shell:Creating package script '/home/hassan/ros-tuts/patrol_ws/install/dynamixel_sdk/share/dynamixel_sdk/package.sh'
[2.469s] INFO:colcon.colcon_core.shell:Creating package script '/home/hassan/ros-tuts/patrol_ws/install/dynamixel_sdk/share/dynamixel_sdk/package.bash'
[2.470s] INFO:colcon.colcon_core.shell:Creating package script '/home/hassan/ros-tuts/patrol_ws/install/dynamixel_sdk/share/dynamixel_sdk/package.zsh'
[2.471s] Level 1:colcon.colcon_core.environment:create_file_with_runtime_dependencies(/home/hassan/ros-tuts/patrol_ws/install/dynamixel_sdk/share/colcon-core/packages/dynamixel_sdk)
[2.479s] Level 1:colcon.colcon_core.environment:create_environment_scripts_only(turtlebot3_description)
[2.480s] Level 1:colcon.colcon_core.environment:checking '/home/hassan/ros-tuts/patrol_ws/install/turtlebot3_description' for CMake module files
[2.482s] Level 1:colcon.colcon_core.environment:checking '/home/hassan/ros-tuts/patrol_ws/install/turtlebot3_description' for CMake config files
[2.483s] Level 1:colcon.colcon_core.shell:create_environment_hook('turtlebot3_description', 'cmake_prefix_path')
[2.483s] INFO:colcon.colcon_core.shell:Creating environment hook '/home/hassan/ros-tuts/patrol_ws/install/turtlebot3_description/share/turtlebot3_description/hook/cmake_prefix_path.ps1'
[2.485s] INFO:colcon.colcon_core.shell:Creating environment descriptor '/home/hassan/ros-tuts/patrol_ws/install/turtlebot3_description/share/turtlebot3_description/hook/cmake_prefix_path.dsv'
[2.488s] INFO:colcon.colcon_core.shell:Creating environment hook '/home/hassan/ros-tuts/patrol_ws/install/turtlebot3_description/share/turtlebot3_description/hook/cmake_prefix_path.sh'
[2.491s] Level 1:colcon.colcon_core.environment:checking '/home/hassan/ros-tuts/patrol_ws/install/turtlebot3_description/bin'
[2.491s] Level 1:colcon.colcon_core.environment:checking '/home/hassan/ros-tuts/patrol_ws/install/turtlebot3_description/lib/pkgconfig/turtlebot3_description.pc'
[2.492s] Level 1:colcon.colcon_core.environment:checking '/home/hassan/ros-tuts/patrol_ws/install/turtlebot3_description/lib/python3.10/site-packages'
[2.492s] Level 1:colcon.colcon_core.environment:checking '/home/hassan/ros-tuts/patrol_ws/install/turtlebot3_description/bin'
[2.493s] INFO:colcon.colcon_core.shell:Creating package script '/home/hassan/ros-tuts/patrol_ws/install/turtlebot3_description/share/turtlebot3_description/package.ps1'
[2.495s] INFO:colcon.colcon_core.shell:Creating package descriptor '/home/hassan/ros-tuts/patrol_ws/install/turtlebot3_description/share/turtlebot3_description/package.dsv'
[2.496s] INFO:colcon.colcon_core.shell:Creating package script '/home/hassan/ros-tuts/patrol_ws/install/turtlebot3_description/share/turtlebot3_description/package.sh'
[2.498s] INFO:colcon.colcon_core.shell:Creating package script '/home/hassan/ros-tuts/patrol_ws/install/turtlebot3_description/share/turtlebot3_description/package.bash'
[2.499s] INFO:colcon.colcon_core.shell:Creating package script '/home/hassan/ros-tuts/patrol_ws/install/turtlebot3_description/share/turtlebot3_description/package.zsh'
[2.500s] Level 1:colcon.colcon_core.environment:create_file_with_runtime_dependencies(/home/hassan/ros-tuts/patrol_ws/install/turtlebot3_description/share/colcon-core/packages/turtlebot3_description)
[3.152s] INFO:colcon.colcon_core.task.python.build:Building Python package in '/home/hassan/ros-tuts/patrol_ws/src/turtlebot3/turtlebot3/turtlebot3_teleop'
[3.152s] INFO:colcon.colcon_core.shell:Skip shell extension 'powershell' for command environment: Not usable outside of PowerShell
[3.152s] DEBUG:colcon.colcon_core.shell:Skip shell extension 'dsv' for command environment
[3.762s] INFO:colcon.colcon_core.task.python.build:Building Python package in '/home/hassan/ros-tuts/patrol_ws/src/tb3_sim'
[3.763s] INFO:colcon.colcon_core.shell:Skip shell extension 'powershell' for command environment: Not usable outside of PowerShell
[3.763s] DEBUG:colcon.colcon_core.shell:Skip shell extension 'dsv' for command environment
[3.772s] DEBUG:colcon.colcon_core.event_handler.log_command:Invoked command in '/home/hassan/ros-tuts/patrol_ws/build/hls_lfcd_lds_driver' returned '0': CMAKE_PREFIX_PATH=${CMAKE_PREFIX_PATH}:/opt/ros/humble /usr/bin/cmake /home/hassan/ros-tuts/patrol_ws/src/utils/hls_lfcd_lds_driver -DCMAKE_INSTALL_PREFIX=/home/hassan/ros-tuts/patrol_ws/install/hls_lfcd_lds_driver
[3.776s] Level 1:colcon.colcon_core.environment:create_environment_scripts_only(dynamixel_sdk)
[3.777s] Level 1:colcon.colcon_core.environment:checking '/home/hassan/ros-tuts/patrol_ws/install/dynamixel_sdk' for CMake module files
[3.778s] DEBUG:colcon.colcon_core.event_handler.log_command:Invoking command in '/home/hassan/ros-tuts/patrol_ws/build/hls_lfcd_lds_driver': CMAKE_PREFIX_PATH=${CMAKE_PREFIX_PATH}:/opt/ros/humble /usr/bin/cmake --build /home/hassan/ros-tuts/patrol_ws/build/hls_lfcd_lds_driver -- -j8 -l8
[3.779s] Level 1:colcon.colcon_core.environment:checking '/home/hassan/ros-tuts/patrol_ws/install/dynamixel_sdk' for CMake config files
[3.779s] Level 1:colcon.colcon_core.shell:create_environment_hook('dynamixel_sdk', 'cmake_prefix_path')
[3.780s] INFO:colcon.colcon_core.shell:Creating environment hook '/home/hassan/ros-tuts/patrol_ws/install/dynamixel_sdk/share/dynamixel_sdk/hook/cmake_prefix_path.ps1'
[3.781s] INFO:colcon.colcon_core.shell:Creating environment descriptor '/home/hassan/ros-tuts/patrol_ws/install/dynamixel_sdk/share/dynamixel_sdk/hook/cmake_prefix_path.dsv'
[3.782s] INFO:colcon.colcon_core.shell:Creating environment hook '/home/hassan/ros-tuts/patrol_ws/install/dynamixel_sdk/share/dynamixel_sdk/hook/cmake_prefix_path.sh'
[3.783s] Level 1:colcon.colcon_core.environment:checking '/home/hassan/ros-tuts/patrol_ws/install/dynamixel_sdk/lib'
[3.784s] Level 1:colcon.colcon_core.shell:create_environment_hook('dynamixel_sdk', 'ld_library_path_lib')
[3.784s] INFO:colcon.colcon_core.shell:Creating environment hook '/home/hassan/ros-tuts/patrol_ws/install/dynamixel_sdk/share/dynamixel_sdk/hook/ld_library_path_lib.ps1'
[3.785s] INFO:colcon.colcon_core.shell:Creating environment descriptor '/home/hassan/ros-tuts/patrol_ws/install/dynamixel_sdk/share/dynamixel_sdk/hook/ld_library_path_lib.dsv'
[3.786s] INFO:colcon.colcon_core.shell:Creating environment hook '/home/hassan/ros-tuts/patrol_ws/install/dynamixel_sdk/share/dynamixel_sdk/hook/ld_library_path_lib.sh'
[3.787s] Level 1:colcon.colcon_core.environment:checking '/home/hassan/ros-tuts/patrol_ws/install/dynamixel_sdk/bin'
[3.787s] Level 1:colcon.colcon_core.environment:checking '/home/hassan/ros-tuts/patrol_ws/install/dynamixel_sdk/lib/pkgconfig/dynamixel_sdk.pc'
[3.788s] Level 1:colcon.colcon_core.environment:checking '/home/hassan/ros-tuts/patrol_ws/install/dynamixel_sdk/lib/python3.10/site-packages'
[3.789s] Level 1:colcon.colcon_core.environment:checking '/home/hassan/ros-tuts/patrol_ws/install/dynamixel_sdk/bin'
[3.790s] INFO:colcon.colcon_core.shell:Creating package script '/home/hassan/ros-tuts/patrol_ws/install/dynamixel_sdk/share/dynamixel_sdk/package.ps1'
[3.791s] INFO:colcon.colcon_core.shell:Creating package descriptor '/home/hassan/ros-tuts/patrol_ws/install/dynamixel_sdk/share/dynamixel_sdk/package.dsv'
[3.793s] INFO:colcon.colcon_core.shell:Creating package script '/home/hassan/ros-tuts/patrol_ws/install/dynamixel_sdk/share/dynamixel_sdk/package.sh'
[3.794s] INFO:colcon.colcon_core.shell:Creating package script '/home/hassan/ros-tuts/patrol_ws/install/dynamixel_sdk/share/dynamixel_sdk/package.bash'
[3.795s] INFO:colcon.colcon_core.shell:Creating package script '/home/hassan/ros-tuts/patrol_ws/install/dynamixel_sdk/share/dynamixel_sdk/package.zsh'
[3.796s] Level 1:colcon.colcon_core.environment:create_file_with_runtime_dependencies(/home/hassan/ros-tuts/patrol_ws/install/dynamixel_sdk/share/colcon-core/packages/dynamixel_sdk)
[4.000s] DEBUG:colcon.colcon_core.event_handler.log_command:Invoked command in '/home/hassan/ros-tuts/patrol_ws/build/hls_lfcd_lds_driver' returned '0': CMAKE_PREFIX_PATH=${CMAKE_PREFIX_PATH}:/opt/ros/humble /usr/bin/cmake --build /home/hassan/ros-tuts/patrol_ws/build/hls_lfcd_lds_driver -- -j8 -l8
[4.061s] DEBUG:colcon.colcon_core.event_handler.log_command:Invoking command in '/home/hassan/ros-tuts/patrol_ws/build/hls_lfcd_lds_driver': CMAKE_PREFIX_PATH=${CMAKE_PREFIX_PATH}:/opt/ros/humble /usr/bin/cmake --install /home/hassan/ros-tuts/patrol_ws/build/hls_lfcd_lds_driver
[4.114s] Level 1:colcon.colcon_core.environment:create_environment_scripts_only(hls_lfcd_lds_driver)
[4.114s] Level 1:colcon.colcon_core.environment:checking '/home/hassan/ros-tuts/patrol_ws/install/hls_lfcd_lds_driver' for CMake module files
[4.116s] Level 1:colcon.colcon_core.environment:checking '/home/hassan/ros-tuts/patrol_ws/install/hls_lfcd_lds_driver' for CMake config files
[4.117s] DEBUG:colcon.colcon_core.event_handler.log_command:Invoked command in '/home/hassan/ros-tuts/patrol_ws/build/hls_lfcd_lds_driver' returned '0': CMAKE_PREFIX_PATH=${CMAKE_PREFIX_PATH}:/opt/ros/humble /usr/bin/cmake --install /home/hassan/ros-tuts/patrol_ws/build/hls_lfcd_lds_driver
[4.117s] Level 1:colcon.colcon_core.shell:create_environment_hook('hls_lfcd_lds_driver', 'cmake_prefix_path')
[4.118s] INFO:colcon.colcon_core.shell:Creating environment hook '/home/hassan/ros-tuts/patrol_ws/install/hls_lfcd_lds_driver/share/hls_lfcd_lds_driver/hook/cmake_prefix_path.ps1'
[4.119s] INFO:colcon.colcon_core.shell:Creating environment descriptor '/home/hassan/ros-tuts/patrol_ws/install/hls_lfcd_lds_driver/share/hls_lfcd_lds_driver/hook/cmake_prefix_path.dsv'
[4.120s] INFO:colcon.colcon_core.shell:Creating environment hook '/home/hassan/ros-tuts/patrol_ws/install/hls_lfcd_lds_driver/share/hls_lfcd_lds_driver/hook/cmake_prefix_path.sh'
[4.122s] Level 1:colcon.colcon_core.environment:checking '/home/hassan/ros-tuts/patrol_ws/install/hls_lfcd_lds_driver/lib'
[4.122s] Level 1:colcon.colcon_core.environment:checking '/home/hassan/ros-tuts/patrol_ws/install/hls_lfcd_lds_driver/bin'
[4.122s] Level 1:colcon.colcon_core.environment:checking '/home/hassan/ros-tuts/patrol_ws/install/hls_lfcd_lds_driver/lib/pkgconfig/hls_lfcd_lds_driver.pc'
[4.123s] Level 1:colcon.colcon_core.environment:checking '/home/hassan/ros-tuts/patrol_ws/install/hls_lfcd_lds_driver/lib/python3.10/site-packages'
[4.123s] Level 1:colcon.colcon_core.environment:checking '/home/hassan/ros-tuts/patrol_ws/install/hls_lfcd_lds_driver/bin'
[4.124s] INFO:colcon.colcon_core.shell:Creating package script '/home/hassan/ros-tuts/patrol_ws/install/hls_lfcd_lds_driver/share/hls_lfcd_lds_driver/package.ps1'
[4.125s] INFO:colcon.colcon_core.shell:Creating package descriptor '/home/hassan/ros-tuts/patrol_ws/install/hls_lfcd_lds_driver/share/hls_lfcd_lds_driver/package.dsv'
[4.126s] INFO:colcon.colcon_core.shell:Creating package script '/home/hassan/ros-tuts/patrol_ws/install/hls_lfcd_lds_driver/share/hls_lfcd_lds_driver/package.sh'
[4.127s] INFO:colcon.colcon_core.shell:Creating package script '/home/hassan/ros-tuts/patrol_ws/install/hls_lfcd_lds_driver/share/hls_lfcd_lds_driver/package.bash'
[4.128s] INFO:colcon.colcon_core.shell:Creating package script '/home/hassan/ros-tuts/patrol_ws/install/hls_lfcd_lds_driver/share/hls_lfcd_lds_driver/package.zsh'
[4.128s] Level 1:colcon.colcon_core.environment:create_file_with_runtime_dependencies(/home/hassan/ros-tuts/patrol_ws/install/hls_lfcd_lds_driver/share/colcon-core/packages/hls_lfcd_lds_driver)
[4.193s] Level 1:colcon.colcon_core.environment:create_environment_scripts_only(hls_lfcd_lds_driver)
[4.194s] Level 1:colcon.colcon_core.environment:checking '/home/hassan/ros-tuts/patrol_ws/install/hls_lfcd_lds_driver' for CMake module files
[4.196s] Level 1:colcon.colcon_core.environment:checking '/home/hassan/ros-tuts/patrol_ws/install/hls_lfcd_lds_driver' for CMake config files
[4.196s] Level 1:colcon.colcon_core.shell:create_environment_hook('hls_lfcd_lds_driver', 'cmake_prefix_path')
[4.197s] INFO:colcon.colcon_core.shell:Creating environment hook '/home/hassan/ros-tuts/patrol_ws/install/hls_lfcd_lds_driver/share/hls_lfcd_lds_driver/hook/cmake_prefix_path.ps1'
[4.198s] INFO:colcon.colcon_core.shell:Creating environment descriptor '/home/hassan/ros-tuts/patrol_ws/install/hls_lfcd_lds_driver/share/hls_lfcd_lds_driver/hook/cmake_prefix_path.dsv'
[4.199s] INFO:colcon.colcon_core.shell:Creating environment hook '/home/hassan/ros-tuts/patrol_ws/install/hls_lfcd_lds_driver/share/hls_lfcd_lds_driver/hook/cmake_prefix_path.sh'
[4.201s] Level 1:colcon.colcon_core.environment:checking '/home/hassan/ros-tuts/patrol_ws/install/hls_lfcd_lds_driver/lib'
[4.201s] Level 1:colcon.colcon_core.environment:checking '/home/hassan/ros-tuts/patrol_ws/install/hls_lfcd_lds_driver/bin'
[4.201s] Level 1:colcon.colcon_core.environment:checking '/home/hassan/ros-tuts/patrol_ws/install/hls_lfcd_lds_driver/lib/pkgconfig/hls_lfcd_lds_driver.pc'
[4.202s] Level 1:colcon.colcon_core.environment:checking '/home/hassan/ros-tuts/patrol_ws/install/hls_lfcd_lds_driver/lib/python3.10/site-packages'
[4.202s] Level 1:colcon.colcon_core.environment:checking '/home/hassan/ros-tuts/patrol_ws/install/hls_lfcd_lds_driver/bin'
[4.203s] INFO:colcon.colcon_core.shell:Creating package script '/home/hassan/ros-tuts/patrol_ws/install/hls_lfcd_lds_driver/share/hls_lfcd_lds_driver/package.ps1'
[4.204s] INFO:colcon.colcon_core.shell:Creating package descriptor '/home/hassan/ros-tuts/patrol_ws/install/hls_lfcd_lds_driver/share/hls_lfcd_lds_driver/package.dsv'
[4.206s] INFO:colcon.colcon_core.shell:Creating package script '/home/hassan/ros-tuts/patrol_ws/install/hls_lfcd_lds_driver/share/hls_lfcd_lds_driver/package.sh'
[4.207s] INFO:colcon.colcon_core.shell:Creating package script '/home/hassan/ros-tuts/patrol_ws/install/hls_lfcd_lds_driver/share/hls_lfcd_lds_driver/package.bash'
[4.208s] INFO:colcon.colcon_core.shell:Creating package script '/home/hassan/ros-tuts/patrol_ws/install/hls_lfcd_lds_driver/share/hls_lfcd_lds_driver/package.zsh'
[4.209s] Level 1:colcon.colcon_core.environment:create_file_with_runtime_dependencies(/home/hassan/ros-tuts/patrol_ws/install/hls_lfcd_lds_driver/share/colcon-core/packages/hls_lfcd_lds_driver)
[4.214s] DEBUG:colcon.colcon_core.event_handler.log_command:Invoked command in '/home/hassan/ros-tuts/patrol_ws/build/dynamixel_sdk_custom_interfaces' returned '0': CMAKE_PREFIX_PATH=${CMAKE_PREFIX_PATH}:/opt/ros/humble /usr/bin/cmake /home/hassan/ros-tuts/patrol_ws/src/utils/DynamixelSDK/dynamixel_sdk_custom_interfaces -DCMAKE_INSTALL_PREFIX=/home/hassan/ros-tuts/patrol_ws/install/dynamixel_sdk_custom_interfaces
[4.218s] DEBUG:colcon.colcon_core.event_handler.log_command:Invoking command in '/home/hassan/ros-tuts/patrol_ws/build/dynamixel_sdk_custom_interfaces': CMAKE_PREFIX_PATH=${CMAKE_PREFIX_PATH}:/opt/ros/humble /usr/bin/cmake --build /home/hassan/ros-tuts/patrol_ws/build/dynamixel_sdk_custom_interfaces -- -j8 -l8
[4.577s] DEBUG:colcon.colcon_core.event_handler.log_command:Invoked command in '/home/hassan/ros-tuts/patrol_ws/build/turtlebot3_gazebo' returned '0': CMAKE_PREFIX_PATH=${CMAKE_PREFIX_PATH}:/opt/ros/humble /usr/bin/cmake /home/hassan/ros-tuts/patrol_ws/src/turtlebot3/turtlebot3_simulations/turtlebot3_gazebo -DCMAKE_INSTALL_PREFIX=/home/hassan/ros-tuts/patrol_ws/install/turtlebot3_gazebo
[4.581s] DEBUG:colcon.colcon_core.event_handler.log_command:Invoking command in '/home/hassan/ros-tuts/patrol_ws/build/turtlebot3_gazebo': CMAKE_PREFIX_PATH=${CMAKE_PREFIX_PATH}:/opt/ros/humble /usr/bin/cmake --build /home/hassan/ros-tuts/patrol_ws/build/turtlebot3_gazebo -- -j8 -l8
[4.944s] DEBUG:colcon.colcon_core.event_handler.log_command:Invoking command in '/home/hassan/ros-tuts/patrol_ws/build/tb3_sim': PYTHONPATH=/home/hassan/ros-tuts/patrol_ws/build/tb3_sim/prefix_override:/usr/lib/python3/dist-packages/colcon_core/task/python/colcon_distutils_commands:/home/hassan/ros-tuts/patrol_ws/install/tb3_sim/lib/python3.10/site-packages:${PYTHONPATH} /usr/bin/python3 -W ignore:setup.py install is deprecated setup.py develop --uninstall --editable --build-directory /home/hassan/ros-tuts/patrol_ws/build/tb3_sim/build
[4.950s] DEBUG:colcon.colcon_core.event_handler.log_command:Invoking command in '/home/hassan/ros-tuts/patrol_ws/build/turtlebot3_teleop': PYTHONPATH=/home/hassan/ros-tuts/patrol_ws/build/turtlebot3_teleop/prefix_override:/usr/lib/python3/dist-packages/colcon_core/task/python/colcon_distutils_commands:/home/hassan/ros-tuts/patrol_ws/install/turtlebot3_teleop/lib/python3.10/site-packages:${PYTHONPATH} /usr/bin/python3 -W ignore:setup.py install is deprecated setup.py develop --uninstall --editable --build-directory /home/hassan/ros-tuts/patrol_ws/build/turtlebot3_teleop/build
[4.977s] DEBUG:colcon.colcon_core.event_handler.log_command:Invoked command in '/home/hassan/ros-tuts/patrol_ws/build/turtlebot3_gazebo' returned '0': CMAKE_PREFIX_PATH=${CMAKE_PREFIX_PATH}:/opt/ros/humble /usr/bin/cmake --build /home/hassan/ros-tuts/patrol_ws/build/turtlebot3_gazebo -- -j8 -l8
[5.038s] DEBUG:colcon.colcon_core.event_handler.log_command:Invoked command in '/home/hassan/ros-tuts/patrol_ws/build/turtlebot3_msgs' returned '0': CMAKE_PREFIX_PATH=${CMAKE_PREFIX_PATH}:/opt/ros/humble /usr/bin/cmake /home/hassan/ros-tuts/patrol_ws/src/turtlebot3/turtlebot3_msgs -DCMAKE_INSTALL_PREFIX=/home/hassan/ros-tuts/patrol_ws/install/turtlebot3_msgs
[5.047s] DEBUG:colcon.colcon_core.event_handler.log_command:Invoking command in '/home/hassan/ros-tuts/patrol_ws/build/turtlebot3_msgs': CMAKE_PREFIX_PATH=${CMAKE_PREFIX_PATH}:/opt/ros/humble /usr/bin/cmake --build /home/hassan/ros-tuts/patrol_ws/build/turtlebot3_msgs -- -j8 -l8
[5.073s] DEBUG:colcon.colcon_core.event_handler.log_command:Invoking command in '/home/hassan/ros-tuts/patrol_ws/build/turtlebot3_gazebo': CMAKE_PREFIX_PATH=${CMAKE_PREFIX_PATH}:/opt/ros/humble /usr/bin/cmake --install /home/hassan/ros-tuts/patrol_ws/build/turtlebot3_gazebo
[5.180s] Level 1:colcon.colcon_core.environment:create_environment_scripts_only(turtlebot3_gazebo)
[5.181s] Level 1:colcon.colcon_core.environment:checking '/home/hassan/ros-tuts/patrol_ws/install/turtlebot3_gazebo' for CMake module files
[5.185s] DEBUG:colcon.colcon_core.event_handler.log_command:Invoked command in '/home/hassan/ros-tuts/patrol_ws/build/turtlebot3_gazebo' returned '0': CMAKE_PREFIX_PATH=${CMAKE_PREFIX_PATH}:/opt/ros/humble /usr/bin/cmake --install /home/hassan/ros-tuts/patrol_ws/build/turtlebot3_gazebo
[5.197s] Level 1:colcon.colcon_core.environment:checking '/home/hassan/ros-tuts/patrol_ws/install/turtlebot3_gazebo' for CMake config files
[5.203s] Level 1:colcon.colcon_core.shell:create_environment_hook('turtlebot3_gazebo', 'cmake_prefix_path')
[5.207s] INFO:colcon.colcon_core.shell:Creating environment hook '/home/hassan/ros-tuts/patrol_ws/install/turtlebot3_gazebo/share/turtlebot3_gazebo/hook/cmake_prefix_path.ps1'
[5.209s] INFO:colcon.colcon_core.shell:Creating environment descriptor '/home/hassan/ros-tuts/patrol_ws/install/turtlebot3_gazebo/share/turtlebot3_gazebo/hook/cmake_prefix_path.dsv'
[5.210s] INFO:colcon.colcon_core.shell:Creating environment hook '/home/hassan/ros-tuts/patrol_ws/install/turtlebot3_gazebo/share/turtlebot3_gazebo/hook/cmake_prefix_path.sh'
[5.220s] Level 1:colcon.colcon_core.environment:checking '/home/hassan/ros-tuts/patrol_ws/install/turtlebot3_gazebo/lib'
[5.223s] Level 1:colcon.colcon_core.environment:checking '/home/hassan/ros-tuts/patrol_ws/install/turtlebot3_gazebo/bin'
[5.225s] Level 1:colcon.colcon_core.environment:checking '/home/hassan/ros-tuts/patrol_ws/install/turtlebot3_gazebo/lib/pkgconfig/turtlebot3_gazebo.pc'
[5.226s] Level 1:colcon.colcon_core.environment:checking '/home/hassan/ros-tuts/patrol_ws/install/turtlebot3_gazebo/lib/python3.10/site-packages'
[5.226s] Level 1:colcon.colcon_core.environment:checking '/home/hassan/ros-tuts/patrol_ws/install/turtlebot3_gazebo/bin'
[5.238s] INFO:colcon.colcon_core.shell:Creating package script '/home/hassan/ros-tuts/patrol_ws/install/turtlebot3_gazebo/share/turtlebot3_gazebo/package.ps1'
[5.239s] INFO:colcon.colcon_core.shell:Creating package descriptor '/home/hassan/ros-tuts/patrol_ws/install/turtlebot3_gazebo/share/turtlebot3_gazebo/package.dsv'
[5.240s] INFO:colcon.colcon_core.shell:Creating package script '/home/hassan/ros-tuts/patrol_ws/install/turtlebot3_gazebo/share/turtlebot3_gazebo/package.sh'
[5.261s] INFO:colcon.colcon_core.shell:Creating package script '/home/hassan/ros-tuts/patrol_ws/install/turtlebot3_gazebo/share/turtlebot3_gazebo/package.bash'
[5.265s] INFO:colcon.colcon_core.shell:Creating package script '/home/hassan/ros-tuts/patrol_ws/install/turtlebot3_gazebo/share/turtlebot3_gazebo/package.zsh'
[5.266s] Level 1:colcon.colcon_core.environment:create_file_with_runtime_dependencies(/home/hassan/ros-tuts/patrol_ws/install/turtlebot3_gazebo/share/colcon-core/packages/turtlebot3_gazebo)
[5.411s] Level 1:colcon.colcon_core.environment:create_environment_scripts_only(turtlebot3_gazebo)
[5.412s] Level 1:colcon.colcon_core.environment:checking '/home/hassan/ros-tuts/patrol_ws/install/turtlebot3_gazebo' for CMake module files
[5.414s] Level 1:colcon.colcon_core.environment:checking '/home/hassan/ros-tuts/patrol_ws/install/turtlebot3_gazebo' for CMake config files
[5.415s] Level 1:colcon.colcon_core.shell:create_environment_hook('turtlebot3_gazebo', 'cmake_prefix_path')
[5.416s] INFO:colcon.colcon_core.shell:Creating environment hook '/home/hassan/ros-tuts/patrol_ws/install/turtlebot3_gazebo/share/turtlebot3_gazebo/hook/cmake_prefix_path.ps1'
[5.417s] INFO:colcon.colcon_core.shell:Creating environment descriptor '/home/hassan/ros-tuts/patrol_ws/install/turtlebot3_gazebo/share/turtlebot3_gazebo/hook/cmake_prefix_path.dsv'
[5.418s] INFO:colcon.colcon_core.shell:Creating environment hook '/home/hassan/ros-tuts/patrol_ws/install/turtlebot3_gazebo/share/turtlebot3_gazebo/hook/cmake_prefix_path.sh'
[5.419s] Level 1:colcon.colcon_core.environment:checking '/home/hassan/ros-tuts/patrol_ws/install/turtlebot3_gazebo/lib'
[5.420s] Level 1:colcon.colcon_core.environment:checking '/home/hassan/ros-tuts/patrol_ws/install/turtlebot3_gazebo/bin'
[5.420s] Level 1:colcon.colcon_core.environment:checking '/home/hassan/ros-tuts/patrol_ws/install/turtlebot3_gazebo/lib/pkgconfig/turtlebot3_gazebo.pc'
[5.420s] Level 1:colcon.colcon_core.environment:checking '/home/hassan/ros-tuts/patrol_ws/install/turtlebot3_gazebo/lib/python3.10/site-packages'
[5.421s] Level 1:colcon.colcon_core.environment:checking '/home/hassan/ros-tuts/patrol_ws/install/turtlebot3_gazebo/bin'
[5.426s] INFO:colcon.colcon_core.shell:Creating package script '/home/hassan/ros-tuts/patrol_ws/install/turtlebot3_gazebo/share/turtlebot3_gazebo/package.ps1'
[5.432s] INFO:colcon.colcon_core.shell:Creating package descriptor '/home/hassan/ros-tuts/patrol_ws/install/turtlebot3_gazebo/share/turtlebot3_gazebo/package.dsv'
[5.434s] INFO:colcon.colcon_core.shell:Creating package script '/home/hassan/ros-tuts/patrol_ws/install/turtlebot3_gazebo/share/turtlebot3_gazebo/package.sh'
[5.435s] INFO:colcon.colcon_core.shell:Creating package script '/home/hassan/ros-tuts/patrol_ws/install/turtlebot3_gazebo/share/turtlebot3_gazebo/package.bash'
[5.440s] INFO:colcon.colcon_core.shell:Creating package script '/home/hassan/ros-tuts/patrol_ws/install/turtlebot3_gazebo/share/turtlebot3_gazebo/package.zsh'
[5.444s] Level 1:colcon.colcon_core.environment:create_file_with_runtime_dependencies(/home/hassan/ros-tuts/patrol_ws/install/turtlebot3_gazebo/share/colcon-core/packages/turtlebot3_gazebo)
[5.536s] DEBUG:colcon.colcon_core.event_handler.log_command:Invoked command in '/home/hassan/ros-tuts/patrol_ws/build/dynamixel_sdk_custom_interfaces' returned '0': CMAKE_PREFIX_PATH=${CMAKE_PREFIX_PATH}:/opt/ros/humble /usr/bin/cmake --build /home/hassan/ros-tuts/patrol_ws/build/dynamixel_sdk_custom_interfaces -- -j8 -l8
[5.768s] DEBUG:colcon.colcon_core.event_handler.log_command:Invoking command in '/home/hassan/ros-tuts/patrol_ws/build/dynamixel_sdk_custom_interfaces': CMAKE_PREFIX_PATH=${CMAKE_PREFIX_PATH}:/opt/ros/humble /usr/bin/cmake --install /home/hassan/ros-tuts/patrol_ws/build/dynamixel_sdk_custom_interfaces
[5.964s] Level 1:colcon.colcon_core.environment:create_environment_scripts_only(dynamixel_sdk_custom_interfaces)
[5.965s] Level 1:colcon.colcon_core.environment:checking '/home/hassan/ros-tuts/patrol_ws/install/dynamixel_sdk_custom_interfaces' for CMake module files
[5.965s] DEBUG:colcon.colcon_core.event_handler.log_command:Invoked command in '/home/hassan/ros-tuts/patrol_ws/build/dynamixel_sdk_custom_interfaces' returned '0': CMAKE_PREFIX_PATH=${CMAKE_PREFIX_PATH}:/opt/ros/humble /usr/bin/cmake --install /home/hassan/ros-tuts/patrol_ws/build/dynamixel_sdk_custom_interfaces
[5.968s] Level 1:colcon.colcon_core.environment:checking '/home/hassan/ros-tuts/patrol_ws/install/dynamixel_sdk_custom_interfaces' for CMake config files
[5.971s] Level 1:colcon.colcon_core.shell:create_environment_hook('dynamixel_sdk_custom_interfaces', 'cmake_prefix_path')
[5.972s] INFO:colcon.colcon_core.shell:Creating environment hook '/home/hassan/ros-tuts/patrol_ws/install/dynamixel_sdk_custom_interfaces/share/dynamixel_sdk_custom_interfaces/hook/cmake_prefix_path.ps1'
[5.973s] INFO:colcon.colcon_core.shell:Creating environment descriptor '/home/hassan/ros-tuts/patrol_ws/install/dynamixel_sdk_custom_interfaces/share/dynamixel_sdk_custom_interfaces/hook/cmake_prefix_path.dsv'
[5.974s] INFO:colcon.colcon_core.shell:Creating environment hook '/home/hassan/ros-tuts/patrol_ws/install/dynamixel_sdk_custom_interfaces/share/dynamixel_sdk_custom_interfaces/hook/cmake_prefix_path.sh'
[5.976s] Level 1:colcon.colcon_core.environment:checking '/home/hassan/ros-tuts/patrol_ws/install/dynamixel_sdk_custom_interfaces/lib'
[5.976s] Level 1:colcon.colcon_core.shell:create_environment_hook('dynamixel_sdk_custom_interfaces', 'ld_library_path_lib')
[5.977s] INFO:colcon.colcon_core.shell:Creating environment hook '/home/hassan/ros-tuts/patrol_ws/install/dynamixel_sdk_custom_interfaces/share/dynamixel_sdk_custom_interfaces/hook/ld_library_path_lib.ps1'
[5.977s] INFO:colcon.colcon_core.shell:Creating environment descriptor '/home/hassan/ros-tuts/patrol_ws/install/dynamixel_sdk_custom_interfaces/share/dynamixel_sdk_custom_interfaces/hook/ld_library_path_lib.dsv'
[5.978s] INFO:colcon.colcon_core.shell:Creating environment hook '/home/hassan/ros-tuts/patrol_ws/install/dynamixel_sdk_custom_interfaces/share/dynamixel_sdk_custom_interfaces/hook/ld_library_path_lib.sh'
[5.979s] Level 1:colcon.colcon_core.environment:checking '/home/hassan/ros-tuts/patrol_ws/install/dynamixel_sdk_custom_interfaces/bin'
[5.979s] Level 1:colcon.colcon_core.environment:checking '/home/hassan/ros-tuts/patrol_ws/install/dynamixel_sdk_custom_interfaces/lib/pkgconfig/dynamixel_sdk_custom_interfaces.pc'
[5.980s] Level 1:colcon.colcon_core.environment:checking '/home/hassan/ros-tuts/patrol_ws/install/dynamixel_sdk_custom_interfaces/lib/python3.10/site-packages'
[5.981s] Level 1:colcon.colcon_core.environment:checking '/home/hassan/ros-tuts/patrol_ws/install/dynamixel_sdk_custom_interfaces/bin'
[5.982s] INFO:colcon.colcon_core.shell:Creating package script '/home/hassan/ros-tuts/patrol_ws/install/dynamixel_sdk_custom_interfaces/share/dynamixel_sdk_custom_interfaces/package.ps1'
[5.983s] INFO:colcon.colcon_core.shell:Creating package descriptor '/home/hassan/ros-tuts/patrol_ws/install/dynamixel_sdk_custom_interfaces/share/dynamixel_sdk_custom_interfaces/package.dsv'
[5.984s] INFO:colcon.colcon_core.shell:Creating package script '/home/hassan/ros-tuts/patrol_ws/install/dynamixel_sdk_custom_interfaces/share/dynamixel_sdk_custom_interfaces/package.sh'
[5.986s] INFO:colcon.colcon_core.shell:Creating package script '/home/hassan/ros-tuts/patrol_ws/install/dynamixel_sdk_custom_interfaces/share/dynamixel_sdk_custom_interfaces/package.bash'
[5.987s] INFO:colcon.colcon_core.shell:Creating package script '/home/hassan/ros-tuts/patrol_ws/install/dynamixel_sdk_custom_interfaces/share/dynamixel_sdk_custom_interfaces/package.zsh'
[5.987s] Level 1:colcon.colcon_core.environment:create_file_with_runtime_dependencies(/home/hassan/ros-tuts/patrol_ws/install/dynamixel_sdk_custom_interfaces/share/colcon-core/packages/dynamixel_sdk_custom_interfaces)
[6.011s] DEBUG:colcon.colcon_core.event_handler.log_command:Invoked command in '/home/hassan/ros-tuts/patrol_ws/build/turtlebot3_msgs' returned '0': CMAKE_PREFIX_PATH=${CMAKE_PREFIX_PATH}:/opt/ros/humble /usr/bin/cmake --build /home/hassan/ros-tuts/patrol_ws/build/turtlebot3_msgs -- -j8 -l8
[6.155s] Level 1:colcon.colcon_core.environment:create_environment_scripts_only(dynamixel_sdk_custom_interfaces)
[6.156s] Level 1:colcon.colcon_core.environment:checking '/home/hassan/ros-tuts/patrol_ws/install/dynamixel_sdk_custom_interfaces' for CMake module files
[6.158s] Level 1:colcon.colcon_core.environment:checking '/home/hassan/ros-tuts/patrol_ws/install/dynamixel_sdk_custom_interfaces' for CMake config files
[6.160s] Level 1:colcon.colcon_core.shell:create_environment_hook('dynamixel_sdk_custom_interfaces', 'cmake_prefix_path')
[6.161s] INFO:colcon.colcon_core.shell:Creating environment hook '/home/hassan/ros-tuts/patrol_ws/install/dynamixel_sdk_custom_interfaces/share/dynamixel_sdk_custom_interfaces/hook/cmake_prefix_path.ps1'
[6.162s] INFO:colcon.colcon_core.shell:Creating environment descriptor '/home/hassan/ros-tuts/patrol_ws/install/dynamixel_sdk_custom_interfaces/share/dynamixel_sdk_custom_interfaces/hook/cmake_prefix_path.dsv'
[6.163s] INFO:colcon.colcon_core.shell:Creating environment hook '/home/hassan/ros-tuts/patrol_ws/install/dynamixel_sdk_custom_interfaces/share/dynamixel_sdk_custom_interfaces/hook/cmake_prefix_path.sh'
[6.165s] Level 1:colcon.colcon_core.environment:checking '/home/hassan/ros-tuts/patrol_ws/install/dynamixel_sdk_custom_interfaces/lib'
[6.165s] Level 1:colcon.colcon_core.shell:create_environment_hook('dynamixel_sdk_custom_interfaces', 'ld_library_path_lib')
[6.166s] INFO:colcon.colcon_core.shell:Creating environment hook '/home/hassan/ros-tuts/patrol_ws/install/dynamixel_sdk_custom_interfaces/share/dynamixel_sdk_custom_interfaces/hook/ld_library_path_lib.ps1'
[6.167s] INFO:colcon.colcon_core.shell:Creating environment descriptor '/home/hassan/ros-tuts/patrol_ws/install/dynamixel_sdk_custom_interfaces/share/dynamixel_sdk_custom_interfaces/hook/ld_library_path_lib.dsv'
[6.168s] INFO:colcon.colcon_core.shell:Creating environment hook '/home/hassan/ros-tuts/patrol_ws/install/dynamixel_sdk_custom_interfaces/share/dynamixel_sdk_custom_interfaces/hook/ld_library_path_lib.sh'
[6.169s] Level 1:colcon.colcon_core.environment:checking '/home/hassan/ros-tuts/patrol_ws/install/dynamixel_sdk_custom_interfaces/bin'
[6.169s] Level 1:colcon.colcon_core.environment:checking '/home/hassan/ros-tuts/patrol_ws/install/dynamixel_sdk_custom_interfaces/lib/pkgconfig/dynamixel_sdk_custom_interfaces.pc'
[6.170s] Level 1:colcon.colcon_core.environment:checking '/home/hassan/ros-tuts/patrol_ws/install/dynamixel_sdk_custom_interfaces/lib/python3.10/site-packages'
[6.170s] Level 1:colcon.colcon_core.environment:checking '/home/hassan/ros-tuts/patrol_ws/install/dynamixel_sdk_custom_interfaces/bin'
[6.171s] INFO:colcon.colcon_core.shell:Creating package script '/home/hassan/ros-tuts/patrol_ws/install/dynamixel_sdk_custom_interfaces/share/dynamixel_sdk_custom_interfaces/package.ps1'
[6.173s] INFO:colcon.colcon_core.shell:Creating package descriptor '/home/hassan/ros-tuts/patrol_ws/install/dynamixel_sdk_custom_interfaces/share/dynamixel_sdk_custom_interfaces/package.dsv'
[6.174s] INFO:colcon.colcon_core.shell:Creating package script '/home/hassan/ros-tuts/patrol_ws/install/dynamixel_sdk_custom_interfaces/share/dynamixel_sdk_custom_interfaces/package.sh'
[6.175s] INFO:colcon.colcon_core.shell:Creating package script '/home/hassan/ros-tuts/patrol_ws/install/dynamixel_sdk_custom_interfaces/share/dynamixel_sdk_custom_interfaces/package.bash'
[6.176s] INFO:colcon.colcon_core.shell:Creating package script '/home/hassan/ros-tuts/patrol_ws/install/dynamixel_sdk_custom_interfaces/share/dynamixel_sdk_custom_interfaces/package.zsh'
[6.176s] Level 1:colcon.colcon_core.environment:create_file_with_runtime_dependencies(/home/hassan/ros-tuts/patrol_ws/install/dynamixel_sdk_custom_interfaces/share/colcon-core/packages/dynamixel_sdk_custom_interfaces)
[6.177s] INFO:colcon.colcon_ros.task.ament_cmake.build:Building ROS package in '/home/hassan/ros-tuts/patrol_ws/src/utils/DynamixelSDK/dynamixel_sdk_examples' with build type 'ament_cmake'
[6.178s] INFO:colcon.colcon_cmake.task.cmake.build:Building CMake package in '/home/hassan/ros-tuts/patrol_ws/src/utils/DynamixelSDK/dynamixel_sdk_examples'
[6.179s] INFO:colcon.colcon_core.shell:Skip shell extension 'powershell' for command environment: Not usable outside of PowerShell
[6.179s] DEBUG:colcon.colcon_core.shell:Skip shell extension 'dsv' for command environment
[6.207s] DEBUG:colcon.colcon_core.event_handler.log_command:Invoking command in '/home/hassan/ros-tuts/patrol_ws/build/dynamixel_sdk_examples': AMENT_PREFIX_PATH=/home/hassan/ros-tuts/patrol_ws/install/dynamixel_sdk_custom_interfaces:/home/hassan/ros-tuts/patrol_ws/install/dynamixel_sdk:${AMENT_PREFIX_PATH} CMAKE_PREFIX_PATH=/home/hassan/ros-tuts/patrol_ws/install/dynamixel_sdk_custom_interfaces:/home/hassan/ros-tuts/patrol_ws/install/dynamixel_sdk:/home/hassan/rosbot_ws/install/ros_bot:/opt/ros/humble LD_LIBRARY_PATH=/home/hassan/ros-tuts/patrol_ws/install/dynamixel_sdk_custom_interfaces/lib:/home/hassan/ros-tuts/patrol_ws/install/dynamixel_sdk/lib:${LD_LIBRARY_PATH} PYTHONPATH=/home/hassan/ros-tuts/patrol_ws/install/dynamixel_sdk_custom_interfaces/local/lib/python3.10/dist-packages:${PYTHONPATH} /usr/bin/cmake /home/hassan/ros-tuts/patrol_ws/src/utils/DynamixelSDK/dynamixel_sdk_examples -DCMAKE_INSTALL_PREFIX=/home/hassan/ros-tuts/patrol_ws/install/dynamixel_sdk_examples
[6.318s] DEBUG:colcon.colcon_core.event_handler.log_command:Invoking command in '/home/hassan/ros-tuts/patrol_ws/build/turtlebot3_msgs': CMAKE_PREFIX_PATH=${CMAKE_PREFIX_PATH}:/opt/ros/humble /usr/bin/cmake --install /home/hassan/ros-tuts/patrol_ws/build/turtlebot3_msgs
[6.392s] DEBUG:colcon.colcon_core.event_handler.log_command:Invoked command in '/home/hassan/ros-tuts/patrol_ws/build/turtlebot3_teleop' returned '0': PYTHONPATH=/home/hassan/ros-tuts/patrol_ws/build/turtlebot3_teleop/prefix_override:/usr/lib/python3/dist-packages/colcon_core/task/python/colcon_distutils_commands:/home/hassan/ros-tuts/patrol_ws/install/turtlebot3_teleop/lib/python3.10/site-packages:${PYTHONPATH} /usr/bin/python3 -W ignore:setup.py install is deprecated setup.py develop --uninstall --editable --build-directory /home/hassan/ros-tuts/patrol_ws/build/turtlebot3_teleop/build
[6.396s] DEBUG:colcon.colcon_core.event_handler.log_command:Invoking command in '/home/hassan/ros-tuts/patrol_ws/src/turtlebot3/turtlebot3/turtlebot3_teleop': PYTHONPATH=/home/hassan/ros-tuts/patrol_ws/build/turtlebot3_teleop/prefix_override:/usr/lib/python3/dist-packages/colcon_core/task/python/colcon_distutils_commands:/home/hassan/ros-tuts/patrol_ws/install/turtlebot3_teleop/lib/python3.10/site-packages:${PYTHONPATH} /usr/bin/python3 -W ignore:setup.py install is deprecated setup.py egg_info --egg-base ../../../../build/turtlebot3_teleop build --build-base /home/hassan/ros-tuts/patrol_ws/build/turtlebot3_teleop/build install --record /home/hassan/ros-tuts/patrol_ws/build/turtlebot3_teleop/install.log --single-version-externally-managed install_data --force
[6.413s] DEBUG:colcon.colcon_core.event_handler.log_command:Invoked command in '/home/hassan/ros-tuts/patrol_ws/build/tb3_sim' returned '0': PYTHONPATH=/home/hassan/ros-tuts/patrol_ws/build/tb3_sim/prefix_override:/usr/lib/python3/dist-packages/colcon_core/task/python/colcon_distutils_commands:/home/hassan/ros-tuts/patrol_ws/install/tb3_sim/lib/python3.10/site-packages:${PYTHONPATH} /usr/bin/python3 -W ignore:setup.py install is deprecated setup.py develop --uninstall --editable --build-directory /home/hassan/ros-tuts/patrol_ws/build/tb3_sim/build
[6.416s] DEBUG:colcon.colcon_core.event_handler.log_command:Invoking command in '/home/hassan/ros-tuts/patrol_ws/src/tb3_sim': PYTHONPATH=/home/hassan/ros-tuts/patrol_ws/build/tb3_sim/prefix_override:/usr/lib/python3/dist-packages/colcon_core/task/python/colcon_distutils_commands:/home/hassan/ros-tuts/patrol_ws/install/tb3_sim/lib/python3.10/site-packages:${PYTHONPATH} /usr/bin/python3 -W ignore:setup.py install is deprecated setup.py egg_info --egg-base ../../build/tb3_sim build --build-base /home/hassan/ros-tuts/patrol_ws/build/tb3_sim/build install --record /home/hassan/ros-tuts/patrol_ws/build/tb3_sim/install.log --single-version-externally-managed install_data --force
[6.520s] Level 1:colcon.colcon_core.environment:create_environment_scripts_only(turtlebot3_msgs)
[6.521s] Level 1:colcon.colcon_core.environment:checking '/home/hassan/ros-tuts/patrol_ws/install/turtlebot3_msgs' for CMake module files
[6.523s] DEBUG:colcon.colcon_core.event_handler.log_command:Invoked command in '/home/hassan/ros-tuts/patrol_ws/build/turtlebot3_msgs' returned '0': CMAKE_PREFIX_PATH=${CMAKE_PREFIX_PATH}:/opt/ros/humble /usr/bin/cmake --install /home/hassan/ros-tuts/patrol_ws/build/turtlebot3_msgs
[6.524s] Level 1:colcon.colcon_core.environment:checking '/home/hassan/ros-tuts/patrol_ws/install/turtlebot3_msgs' for CMake config files
[6.528s] Level 1:colcon.colcon_core.shell:create_environment_hook('turtlebot3_msgs', 'cmake_prefix_path')
[6.528s] INFO:colcon.colcon_core.shell:Creating environment hook '/home/hassan/ros-tuts/patrol_ws/install/turtlebot3_msgs/share/turtlebot3_msgs/hook/cmake_prefix_path.ps1'
[6.529s] INFO:colcon.colcon_core.shell:Creating environment descriptor '/home/hassan/ros-tuts/patrol_ws/install/turtlebot3_msgs/share/turtlebot3_msgs/hook/cmake_prefix_path.dsv'
[6.531s] INFO:colcon.colcon_core.shell:Creating environment hook '/home/hassan/ros-tuts/patrol_ws/install/turtlebot3_msgs/share/turtlebot3_msgs/hook/cmake_prefix_path.sh'
[6.532s] Level 1:colcon.colcon_core.environment:checking '/home/hassan/ros-tuts/patrol_ws/install/turtlebot3_msgs/lib'
[6.532s] Level 1:colcon.colcon_core.shell:create_environment_hook('turtlebot3_msgs', 'ld_library_path_lib')
[6.533s] INFO:colcon.colcon_core.shell:Creating environment hook '/home/hassan/ros-tuts/patrol_ws/install/turtlebot3_msgs/share/turtlebot3_msgs/hook/ld_library_path_lib.ps1'
[6.534s] INFO:colcon.colcon_core.shell:Creating environment descriptor '/home/hassan/ros-tuts/patrol_ws/install/turtlebot3_msgs/share/turtlebot3_msgs/hook/ld_library_path_lib.dsv'
[6.535s] INFO:colcon.colcon_core.shell:Creating environment hook '/home/hassan/ros-tuts/patrol_ws/install/turtlebot3_msgs/share/turtlebot3_msgs/hook/ld_library_path_lib.sh'
[6.536s] Level 1:colcon.colcon_core.environment:checking '/home/hassan/ros-tuts/patrol_ws/install/turtlebot3_msgs/bin'
[6.536s] Level 1:colcon.colcon_core.environment:checking '/home/hassan/ros-tuts/patrol_ws/install/turtlebot3_msgs/lib/pkgconfig/turtlebot3_msgs.pc'
[6.536s] Level 1:colcon.colcon_core.environment:checking '/home/hassan/ros-tuts/patrol_ws/install/turtlebot3_msgs/lib/python3.10/site-packages'
[6.537s] Level 1:colcon.colcon_core.environment:checking '/home/hassan/ros-tuts/patrol_ws/install/turtlebot3_msgs/bin'
[6.538s] INFO:colcon.colcon_core.shell:Creating package script '/home/hassan/ros-tuts/patrol_ws/install/turtlebot3_msgs/share/turtlebot3_msgs/package.ps1'
[6.539s] INFO:colcon.colcon_core.shell:Creating package descriptor '/home/hassan/ros-tuts/patrol_ws/install/turtlebot3_msgs/share/turtlebot3_msgs/package.dsv'
[6.540s] INFO:colcon.colcon_core.shell:Creating package script '/home/hassan/ros-tuts/patrol_ws/install/turtlebot3_msgs/share/turtlebot3_msgs/package.sh'
[6.541s] INFO:colcon.colcon_core.shell:Creating package script '/home/hassan/ros-tuts/patrol_ws/install/turtlebot3_msgs/share/turtlebot3_msgs/package.bash'
[6.542s] INFO:colcon.colcon_core.shell:Creating package script '/home/hassan/ros-tuts/patrol_ws/install/turtlebot3_msgs/share/turtlebot3_msgs/package.zsh'
[6.543s] Level 1:colcon.colcon_core.environment:create_file_with_runtime_dependencies(/home/hassan/ros-tuts/patrol_ws/install/turtlebot3_msgs/share/colcon-core/packages/turtlebot3_msgs)
[6.948s] Level 1:colcon.colcon_core.environment:create_environment_scripts_only(turtlebot3_msgs)
[6.949s] Level 1:colcon.colcon_core.environment:checking '/home/hassan/ros-tuts/patrol_ws/install/turtlebot3_msgs' for CMake module files
[6.951s] Level 1:colcon.colcon_core.environment:checking '/home/hassan/ros-tuts/patrol_ws/install/turtlebot3_msgs' for CMake config files
[6.956s] Level 1:colcon.colcon_core.shell:create_environment_hook('turtlebot3_msgs', 'cmake_prefix_path')
[6.956s] INFO:colcon.colcon_core.shell:Creating environment hook '/home/hassan/ros-tuts/patrol_ws/install/turtlebot3_msgs/share/turtlebot3_msgs/hook/cmake_prefix_path.ps1'
[6.958s] INFO:colcon.colcon_core.shell:Creating environment descriptor '/home/hassan/ros-tuts/patrol_ws/install/turtlebot3_msgs/share/turtlebot3_msgs/hook/cmake_prefix_path.dsv'
[6.959s] INFO:colcon.colcon_core.shell:Creating environment hook '/home/hassan/ros-tuts/patrol_ws/install/turtlebot3_msgs/share/turtlebot3_msgs/hook/cmake_prefix_path.sh'
[6.960s] Level 1:colcon.colcon_core.environment:checking '/home/hassan/ros-tuts/patrol_ws/install/turtlebot3_msgs/lib'
[6.961s] Level 1:colcon.colcon_core.shell:create_environment_hook('turtlebot3_msgs', 'ld_library_path_lib')
[6.961s] INFO:colcon.colcon_core.shell:Creating environment hook '/home/hassan/ros-tuts/patrol_ws/install/turtlebot3_msgs/share/turtlebot3_msgs/hook/ld_library_path_lib.ps1'
[6.962s] INFO:colcon.colcon_core.shell:Creating environment descriptor '/home/hassan/ros-tuts/patrol_ws/install/turtlebot3_msgs/share/turtlebot3_msgs/hook/ld_library_path_lib.dsv'
[6.963s] INFO:colcon.colcon_core.shell:Creating environment hook '/home/hassan/ros-tuts/patrol_ws/install/turtlebot3_msgs/share/turtlebot3_msgs/hook/ld_library_path_lib.sh'
[6.964s] Level 1:colcon.colcon_core.environment:checking '/home/hassan/ros-tuts/patrol_ws/install/turtlebot3_msgs/bin'
[6.965s] Level 1:colcon.colcon_core.environment:checking '/home/hassan/ros-tuts/patrol_ws/install/turtlebot3_msgs/lib/pkgconfig/turtlebot3_msgs.pc'
[6.965s] Level 1:colcon.colcon_core.environment:checking '/home/hassan/ros-tuts/patrol_ws/install/turtlebot3_msgs/lib/python3.10/site-packages'
[6.966s] Level 1:colcon.colcon_core.environment:checking '/home/hassan/ros-tuts/patrol_ws/install/turtlebot3_msgs/bin'
[6.967s] INFO:colcon.colcon_core.shell:Creating package script '/home/hassan/ros-tuts/patrol_ws/install/turtlebot3_msgs/share/turtlebot3_msgs/package.ps1'
[6.969s] INFO:colcon.colcon_core.shell:Creating package descriptor '/home/hassan/ros-tuts/patrol_ws/install/turtlebot3_msgs/share/turtlebot3_msgs/package.dsv'
[6.971s] INFO:colcon.colcon_core.shell:Creating package script '/home/hassan/ros-tuts/patrol_ws/install/turtlebot3_msgs/share/turtlebot3_msgs/package.sh'
[6.972s] INFO:colcon.colcon_core.shell:Creating package script '/home/hassan/ros-tuts/patrol_ws/install/turtlebot3_msgs/share/turtlebot3_msgs/package.bash'
[6.974s] INFO:colcon.colcon_core.shell:Creating package script '/home/hassan/ros-tuts/patrol_ws/install/turtlebot3_msgs/share/turtlebot3_msgs/package.zsh'
[6.975s] Level 1:colcon.colcon_core.environment:create_file_with_runtime_dependencies(/home/hassan/ros-tuts/patrol_ws/install/turtlebot3_msgs/share/colcon-core/packages/turtlebot3_msgs)
[6.977s] INFO:colcon.colcon_ros.task.ament_cmake.build:Building ROS package in '/home/hassan/ros-tuts/patrol_ws/src/turtlebot3/turtlebot3/turtlebot3_node' with build type 'ament_cmake'
[6.977s] INFO:colcon.colcon_cmake.task.cmake.build:Building CMake package in '/home/hassan/ros-tuts/patrol_ws/src/turtlebot3/turtlebot3/turtlebot3_node'
[6.978s] INFO:colcon.colcon_core.shell:Skip shell extension 'powershell' for command environment: Not usable outside of PowerShell
[6.978s] DEBUG:colcon.colcon_core.shell:Skip shell extension 'dsv' for command environment
[6.989s] INFO:colcon.colcon_ros.task.ament_python.build:Building ROS package in '/home/hassan/ros-tuts/patrol_ws/src/turtlebot3/turtlebot3/turtlebot3_example' with build type 'ament_python'
[6.990s] Level 1:colcon.colcon_core.shell:create_environment_hook('turtlebot3_example', 'ament_prefix_path')
[6.990s] INFO:colcon.colcon_core.shell:Creating environment hook '/home/hassan/ros-tuts/patrol_ws/install/turtlebot3_example/share/turtlebot3_example/hook/ament_prefix_path.ps1'
[6.992s] INFO:colcon.colcon_core.shell:Creating environment descriptor '/home/hassan/ros-tuts/patrol_ws/install/turtlebot3_example/share/turtlebot3_example/hook/ament_prefix_path.dsv'
[6.993s] INFO:colcon.colcon_core.shell:Creating environment hook '/home/hassan/ros-tuts/patrol_ws/install/turtlebot3_example/share/turtlebot3_example/hook/ament_prefix_path.sh'
[6.994s] INFO:colcon.colcon_core.shell:Skip shell extension 'powershell' for command environment: Not usable outside of PowerShell
[6.995s] DEBUG:colcon.colcon_core.shell:Skip shell extension 'dsv' for command environment
[7.007s] INFO:colcon.colcon_ros.task.ament_cmake.build:Building ROS package in '/home/hassan/ros-tuts/patrol_ws/src/turtlebot3/turtlebot3_simulations/turtlebot3_fake_node' with build type 'ament_cmake'
[7.007s] INFO:colcon.colcon_cmake.task.cmake.build:Building CMake package in '/home/hassan/ros-tuts/patrol_ws/src/turtlebot3/turtlebot3_simulations/turtlebot3_fake_node'
[7.008s] INFO:colcon.colcon_core.shell:Skip shell extension 'powershell' for command environment: Not usable outside of PowerShell
[7.008s] DEBUG:colcon.colcon_core.shell:Skip shell extension 'dsv' for command environment
[7.040s] DEBUG:colcon.colcon_core.event_handler.log_command:Invoking command in '/home/hassan/ros-tuts/patrol_ws/build/turtlebot3_node': AMENT_PREFIX_PATH=/home/hassan/ros-tuts/patrol_ws/install/turtlebot3_msgs:/home/hassan/ros-tuts/patrol_ws/install/dynamixel_sdk:${AMENT_PREFIX_PATH} CMAKE_PREFIX_PATH=/home/hassan/ros-tuts/patrol_ws/install/turtlebot3_msgs:/home/hassan/ros-tuts/patrol_ws/install/dynamixel_sdk:/home/hassan/rosbot_ws/install/ros_bot:/opt/ros/humble LD_LIBRARY_PATH=/home/hassan/ros-tuts/patrol_ws/install/turtlebot3_msgs/lib:/home/hassan/ros-tuts/patrol_ws/install/dynamixel_sdk/lib:${LD_LIBRARY_PATH} PYTHONPATH=/home/hassan/ros-tuts/patrol_ws/install/turtlebot3_msgs/local/lib/python3.10/dist-packages:${PYTHONPATH} /usr/bin/cmake /home/hassan/ros-tuts/patrol_ws/src/turtlebot3/turtlebot3/turtlebot3_node -DCMAKE_INSTALL_PREFIX=/home/hassan/ros-tuts/patrol_ws/install/turtlebot3_node
[7.815s] INFO:colcon.colcon_core.task.python.build:Building Python package in '/home/hassan/ros-tuts/patrol_ws/src/turtlebot3/turtlebot3/turtlebot3_example'
[7.816s] INFO:colcon.colcon_core.shell:Skip shell extension 'powershell' for command environment: Not usable outside of PowerShell
[7.816s] DEBUG:colcon.colcon_core.shell:Skip shell extension 'dsv' for command environment
[7.833s] Level 1:colcon.colcon_core.environment:checking '/home/hassan/ros-tuts/patrol_ws/install/tb3_sim' for CMake module files
[7.834s] Level 1:colcon.colcon_core.environment:checking '/home/hassan/ros-tuts/patrol_ws/install/tb3_sim' for CMake config files
[7.835s] DEBUG:colcon.colcon_core.event_handler.log_command:Invoking command in '/home/hassan/ros-tuts/patrol_ws/build/turtlebot3_fake_node': AMENT_PREFIX_PATH=/home/hassan/ros-tuts/patrol_ws/install/turtlebot3_msgs:${AMENT_PREFIX_PATH} CMAKE_PREFIX_PATH=/home/hassan/ros-tuts/patrol_ws/install/turtlebot3_msgs:/home/hassan/rosbot_ws/install/ros_bot:/opt/ros/humble LD_LIBRARY_PATH=/home/hassan/ros-tuts/patrol_ws/install/turtlebot3_msgs/lib:${LD_LIBRARY_PATH} PYTHONPATH=/home/hassan/ros-tuts/patrol_ws/install/turtlebot3_msgs/local/lib/python3.10/dist-packages:${PYTHONPATH} /usr/bin/cmake /home/hassan/ros-tuts/patrol_ws/src/turtlebot3/turtlebot3_simulations/turtlebot3_fake_node -DCMAKE_INSTALL_PREFIX=/home/hassan/ros-tuts/patrol_ws/install/turtlebot3_fake_node
[7.836s] DEBUG:colcon.colcon_core.event_handler.log_command:Invoked command in '/home/hassan/ros-tuts/patrol_ws/src/tb3_sim' returned '0': PYTHONPATH=/home/hassan/ros-tuts/patrol_ws/build/tb3_sim/prefix_override:/usr/lib/python3/dist-packages/colcon_core/task/python/colcon_distutils_commands:/home/hassan/ros-tuts/patrol_ws/install/tb3_sim/lib/python3.10/site-packages:${PYTHONPATH} /usr/bin/python3 -W ignore:setup.py install is deprecated setup.py egg_info --egg-base ../../build/tb3_sim build --build-base /home/hassan/ros-tuts/patrol_ws/build/tb3_sim/build install --record /home/hassan/ros-tuts/patrol_ws/build/tb3_sim/install.log --single-version-externally-managed install_data --force
[7.837s] Level 1:colcon.colcon_core.environment:checking '/home/hassan/ros-tuts/patrol_ws/install/tb3_sim/lib'
[7.837s] Level 1:colcon.colcon_core.environment:checking '/home/hassan/ros-tuts/patrol_ws/install/tb3_sim/bin'
[7.838s] Level 1:colcon.colcon_core.environment:checking '/home/hassan/ros-tuts/patrol_ws/install/tb3_sim/lib/pkgconfig/tb3_sim.pc'
[7.838s] Level 1:colcon.colcon_core.environment:checking '/home/hassan/ros-tuts/patrol_ws/install/tb3_sim/lib/python3.10/site-packages'
[7.838s] Level 1:colcon.colcon_core.shell:create_environment_hook('tb3_sim', 'pythonpath')
[7.839s] INFO:colcon.colcon_core.shell:Creating environment hook '/home/hassan/ros-tuts/patrol_ws/install/tb3_sim/share/tb3_sim/hook/pythonpath.ps1'
[7.840s] INFO:colcon.colcon_core.shell:Creating environment descriptor '/home/hassan/ros-tuts/patrol_ws/install/tb3_sim/share/tb3_sim/hook/pythonpath.dsv'
[7.841s] INFO:colcon.colcon_core.shell:Creating environment hook '/home/hassan/ros-tuts/patrol_ws/install/tb3_sim/share/tb3_sim/hook/pythonpath.sh'
[7.842s] Level 1:colcon.colcon_core.environment:checking '/home/hassan/ros-tuts/patrol_ws/install/tb3_sim/bin'
[7.843s] Level 1:colcon.colcon_core.environment:create_environment_scripts_only(tb3_sim)
[7.844s] INFO:colcon.colcon_core.shell:Creating package script '/home/hassan/ros-tuts/patrol_ws/install/tb3_sim/share/tb3_sim/package.ps1'
[7.845s] INFO:colcon.colcon_core.shell:Creating package descriptor '/home/hassan/ros-tuts/patrol_ws/install/tb3_sim/share/tb3_sim/package.dsv'
[7.846s] INFO:colcon.colcon_core.shell:Creating package script '/home/hassan/ros-tuts/patrol_ws/install/tb3_sim/share/tb3_sim/package.sh'
[7.847s] INFO:colcon.colcon_core.shell:Creating package script '/home/hassan/ros-tuts/patrol_ws/install/tb3_sim/share/tb3_sim/package.bash'
[7.848s] INFO:colcon.colcon_core.shell:Creating package script '/home/hassan/ros-tuts/patrol_ws/install/tb3_sim/share/tb3_sim/package.zsh'
[7.849s] Level 1:colcon.colcon_core.environment:create_file_with_runtime_dependencies(/home/hassan/ros-tuts/patrol_ws/install/tb3_sim/share/colcon-core/packages/tb3_sim)
[7.850s] Level 1:colcon.colcon_core.environment:checking '/home/hassan/ros-tuts/patrol_ws/install/turtlebot3_teleop' for CMake module files
[7.852s] Level 1:colcon.colcon_core.environment:checking '/home/hassan/ros-tuts/patrol_ws/install/turtlebot3_teleop' for CMake config files
[7.854s] DEBUG:colcon.colcon_core.event_handler.log_command:Invoked command in '/home/hassan/ros-tuts/patrol_ws/src/turtlebot3/turtlebot3/turtlebot3_teleop' returned '0': PYTHONPATH=/home/hassan/ros-tuts/patrol_ws/build/turtlebot3_teleop/prefix_override:/usr/lib/python3/dist-packages/colcon_core/task/python/colcon_distutils_commands:/home/hassan/ros-tuts/patrol_ws/install/turtlebot3_teleop/lib/python3.10/site-packages:${PYTHONPATH} /usr/bin/python3 -W ignore:setup.py install is deprecated setup.py egg_info --egg-base ../../../../build/turtlebot3_teleop build --build-base /home/hassan/ros-tuts/patrol_ws/build/turtlebot3_teleop/build install --record /home/hassan/ros-tuts/patrol_ws/build/turtlebot3_teleop/install.log --single-version-externally-managed install_data --force
[7.855s] Level 1:colcon.colcon_core.environment:checking '/home/hassan/ros-tuts/patrol_ws/install/turtlebot3_teleop/lib'
[7.856s] Level 1:colcon.colcon_core.environment:checking '/home/hassan/ros-tuts/patrol_ws/install/turtlebot3_teleop/bin'
[7.856s] Level 1:colcon.colcon_core.environment:checking '/home/hassan/ros-tuts/patrol_ws/install/turtlebot3_teleop/lib/pkgconfig/turtlebot3_teleop.pc'
[7.857s] Level 1:colcon.colcon_core.environment:checking '/home/hassan/ros-tuts/patrol_ws/install/turtlebot3_teleop/lib/python3.10/site-packages'
[7.857s] Level 1:colcon.colcon_core.shell:create_environment_hook('turtlebot3_teleop', 'pythonpath')
[7.857s] INFO:colcon.colcon_core.shell:Creating environment hook '/home/hassan/ros-tuts/patrol_ws/install/turtlebot3_teleop/share/turtlebot3_teleop/hook/pythonpath.ps1'
[7.858s] INFO:colcon.colcon_core.shell:Creating environment descriptor '/home/hassan/ros-tuts/patrol_ws/install/turtlebot3_teleop/share/turtlebot3_teleop/hook/pythonpath.dsv'
[7.859s] INFO:colcon.colcon_core.shell:Creating environment hook '/home/hassan/ros-tuts/patrol_ws/install/turtlebot3_teleop/share/turtlebot3_teleop/hook/pythonpath.sh'
[7.861s] Level 1:colcon.colcon_core.environment:checking '/home/hassan/ros-tuts/patrol_ws/install/turtlebot3_teleop/bin'
[7.861s] Level 1:colcon.colcon_core.environment:create_environment_scripts_only(turtlebot3_teleop)
[7.862s] INFO:colcon.colcon_core.shell:Creating package script '/home/hassan/ros-tuts/patrol_ws/install/turtlebot3_teleop/share/turtlebot3_teleop/package.ps1'
[7.863s] INFO:colcon.colcon_core.shell:Creating package descriptor '/home/hassan/ros-tuts/patrol_ws/install/turtlebot3_teleop/share/turtlebot3_teleop/package.dsv'
[7.864s] INFO:colcon.colcon_core.shell:Creating package script '/home/hassan/ros-tuts/patrol_ws/install/turtlebot3_teleop/share/turtlebot3_teleop/package.sh'
[7.865s] INFO:colcon.colcon_core.shell:Creating package script '/home/hassan/ros-tuts/patrol_ws/install/turtlebot3_teleop/share/turtlebot3_teleop/package.bash'
[7.866s] INFO:colcon.colcon_core.shell:Creating package script '/home/hassan/ros-tuts/patrol_ws/install/turtlebot3_teleop/share/turtlebot3_teleop/package.zsh'
[7.867s] Level 1:colcon.colcon_core.environment:create_file_with_runtime_dependencies(/home/hassan/ros-tuts/patrol_ws/install/turtlebot3_teleop/share/colcon-core/packages/turtlebot3_teleop)
[7.870s] DEBUG:colcon.colcon_core.event_handler.log_command:Invoked command in '/home/hassan/ros-tuts/patrol_ws/build/dynamixel_sdk_examples' returned '0': AMENT_PREFIX_PATH=/home/hassan/ros-tuts/patrol_ws/install/dynamixel_sdk_custom_interfaces:/home/hassan/ros-tuts/patrol_ws/install/dynamixel_sdk:${AMENT_PREFIX_PATH} CMAKE_PREFIX_PATH=/home/hassan/ros-tuts/patrol_ws/install/dynamixel_sdk_custom_interfaces:/home/hassan/ros-tuts/patrol_ws/install/dynamixel_sdk:/home/hassan/rosbot_ws/install/ros_bot:/opt/ros/humble LD_LIBRARY_PATH=/home/hassan/ros-tuts/patrol_ws/install/dynamixel_sdk_custom_interfaces/lib:/home/hassan/ros-tuts/patrol_ws/install/dynamixel_sdk/lib:${LD_LIBRARY_PATH} PYTHONPATH=/home/hassan/ros-tuts/patrol_ws/install/dynamixel_sdk_custom_interfaces/local/lib/python3.10/dist-packages:${PYTHONPATH} /usr/bin/cmake /home/hassan/ros-tuts/patrol_ws/src/utils/DynamixelSDK/dynamixel_sdk_examples -DCMAKE_INSTALL_PREFIX=/home/hassan/ros-tuts/patrol_ws/install/dynamixel_sdk_examples
[7.875s] DEBUG:colcon.colcon_core.event_handler.log_command:Invoking command in '/home/hassan/ros-tuts/patrol_ws/build/dynamixel_sdk_examples': AMENT_PREFIX_PATH=/home/hassan/ros-tuts/patrol_ws/install/dynamixel_sdk_custom_interfaces:/home/hassan/ros-tuts/patrol_ws/install/dynamixel_sdk:${AMENT_PREFIX_PATH} CMAKE_PREFIX_PATH=/home/hassan/ros-tuts/patrol_ws/install/dynamixel_sdk_custom_interfaces:/home/hassan/ros-tuts/patrol_ws/install/dynamixel_sdk:/home/hassan/rosbot_ws/install/ros_bot:/opt/ros/humble LD_LIBRARY_PATH=/home/hassan/ros-tuts/patrol_ws/install/dynamixel_sdk_custom_interfaces/lib:/home/hassan/ros-tuts/patrol_ws/install/dynamixel_sdk/lib:${LD_LIBRARY_PATH} PYTHONPATH=/home/hassan/ros-tuts/patrol_ws/install/dynamixel_sdk_custom_interfaces/local/lib/python3.10/dist-packages:${PYTHONPATH} /usr/bin/cmake --build /home/hassan/ros-tuts/patrol_ws/build/dynamixel_sdk_examples -- -j8 -l8
[8.033s] DEBUG:colcon.colcon_core.event_handler.log_command:Invoked command in '/home/hassan/ros-tuts/patrol_ws/build/dynamixel_sdk_examples' returned '0': AMENT_PREFIX_PATH=/home/hassan/ros-tuts/patrol_ws/install/dynamixel_sdk_custom_interfaces:/home/hassan/ros-tuts/patrol_ws/install/dynamixel_sdk:${AMENT_PREFIX_PATH} CMAKE_PREFIX_PATH=/home/hassan/ros-tuts/patrol_ws/install/dynamixel_sdk_custom_interfaces:/home/hassan/ros-tuts/patrol_ws/install/dynamixel_sdk:/home/hassan/rosbot_ws/install/ros_bot:/opt/ros/humble LD_LIBRARY_PATH=/home/hassan/ros-tuts/patrol_ws/install/dynamixel_sdk_custom_interfaces/lib:/home/hassan/ros-tuts/patrol_ws/install/dynamixel_sdk/lib:${LD_LIBRARY_PATH} PYTHONPATH=/home/hassan/ros-tuts/patrol_ws/install/dynamixel_sdk_custom_interfaces/local/lib/python3.10/dist-packages:${PYTHONPATH} /usr/bin/cmake --build /home/hassan/ros-tuts/patrol_ws/build/dynamixel_sdk_examples -- -j8 -l8
[8.095s] DEBUG:colcon.colcon_core.event_handler.log_command:Invoking command in '/home/hassan/ros-tuts/patrol_ws/build/dynamixel_sdk_examples': AMENT_PREFIX_PATH=/home/hassan/ros-tuts/patrol_ws/install/dynamixel_sdk_custom_interfaces:/home/hassan/ros-tuts/patrol_ws/install/dynamixel_sdk:${AMENT_PREFIX_PATH} CMAKE_PREFIX_PATH=/home/hassan/ros-tuts/patrol_ws/install/dynamixel_sdk_custom_interfaces:/home/hassan/ros-tuts/patrol_ws/install/dynamixel_sdk:/home/hassan/rosbot_ws/install/ros_bot:/opt/ros/humble LD_LIBRARY_PATH=/home/hassan/ros-tuts/patrol_ws/install/dynamixel_sdk_custom_interfaces/lib:/home/hassan/ros-tuts/patrol_ws/install/dynamixel_sdk/lib:${LD_LIBRARY_PATH} PYTHONPATH=/home/hassan/ros-tuts/patrol_ws/install/dynamixel_sdk_custom_interfaces/local/lib/python3.10/dist-packages:${PYTHONPATH} /usr/bin/cmake --install /home/hassan/ros-tuts/patrol_ws/build/dynamixel_sdk_examples
[8.148s] Level 1:colcon.colcon_core.environment:create_environment_scripts_only(dynamixel_sdk_examples)
[8.148s] Level 1:colcon.colcon_core.environment:checking '/home/hassan/ros-tuts/patrol_ws/install/dynamixel_sdk_examples' for CMake module files
[8.150s] Level 1:colcon.colcon_core.environment:checking '/home/hassan/ros-tuts/patrol_ws/install/dynamixel_sdk_examples' for CMake config files
[8.151s] DEBUG:colcon.colcon_core.event_handler.log_command:Invoked command in '/home/hassan/ros-tuts/patrol_ws/build/dynamixel_sdk_examples' returned '0': AMENT_PREFIX_PATH=/home/hassan/ros-tuts/patrol_ws/install/dynamixel_sdk_custom_interfaces:/home/hassan/ros-tuts/patrol_ws/install/dynamixel_sdk:${AMENT_PREFIX_PATH} CMAKE_PREFIX_PATH=/home/hassan/ros-tuts/patrol_ws/install/dynamixel_sdk_custom_interfaces:/home/hassan/ros-tuts/patrol_ws/install/dynamixel_sdk:/home/hassan/rosbot_ws/install/ros_bot:/opt/ros/humble LD_LIBRARY_PATH=/home/hassan/ros-tuts/patrol_ws/install/dynamixel_sdk_custom_interfaces/lib:/home/hassan/ros-tuts/patrol_ws/install/dynamixel_sdk/lib:${LD_LIBRARY_PATH} PYTHONPATH=/home/hassan/ros-tuts/patrol_ws/install/dynamixel_sdk_custom_interfaces/local/lib/python3.10/dist-packages:${PYTHONPATH} /usr/bin/cmake --install /home/hassan/ros-tuts/patrol_ws/build/dynamixel_sdk_examples
[8.152s] Level 1:colcon.colcon_core.shell:create_environment_hook('dynamixel_sdk_examples', 'cmake_prefix_path')
[8.153s] INFO:colcon.colcon_core.shell:Creating environment hook '/home/hassan/ros-tuts/patrol_ws/install/dynamixel_sdk_examples/share/dynamixel_sdk_examples/hook/cmake_prefix_path.ps1'
[8.154s] INFO:colcon.colcon_core.shell:Creating environment descriptor '/home/hassan/ros-tuts/patrol_ws/install/dynamixel_sdk_examples/share/dynamixel_sdk_examples/hook/cmake_prefix_path.dsv'
[8.155s] INFO:colcon.colcon_core.shell:Creating environment hook '/home/hassan/ros-tuts/patrol_ws/install/dynamixel_sdk_examples/share/dynamixel_sdk_examples/hook/cmake_prefix_path.sh'
[8.158s] Level 1:colcon.colcon_core.environment:checking '/home/hassan/ros-tuts/patrol_ws/install/dynamixel_sdk_examples/lib'
[8.158s] Level 1:colcon.colcon_core.environment:checking '/home/hassan/ros-tuts/patrol_ws/install/dynamixel_sdk_examples/bin'
[8.158s] Level 1:colcon.colcon_core.environment:checking '/home/hassan/ros-tuts/patrol_ws/install/dynamixel_sdk_examples/lib/pkgconfig/dynamixel_sdk_examples.pc'
[8.159s] Level 1:colcon.colcon_core.environment:checking '/home/hassan/ros-tuts/patrol_ws/install/dynamixel_sdk_examples/lib/python3.10/site-packages'
[8.160s] Level 1:colcon.colcon_core.environment:checking '/home/hassan/ros-tuts/patrol_ws/install/dynamixel_sdk_examples/bin'
[8.160s] INFO:colcon.colcon_core.shell:Creating package script '/home/hassan/ros-tuts/patrol_ws/install/dynamixel_sdk_examples/share/dynamixel_sdk_examples/package.ps1'
[8.162s] INFO:colcon.colcon_core.shell:Creating package descriptor '/home/hassan/ros-tuts/patrol_ws/install/dynamixel_sdk_examples/share/dynamixel_sdk_examples/package.dsv'
[8.163s] INFO:colcon.colcon_core.shell:Creating package script '/home/hassan/ros-tuts/patrol_ws/install/dynamixel_sdk_examples/share/dynamixel_sdk_examples/package.sh'
[8.164s] INFO:colcon.colcon_core.shell:Creating package script '/home/hassan/ros-tuts/patrol_ws/install/dynamixel_sdk_examples/share/dynamixel_sdk_examples/package.bash'
[8.164s] INFO:colcon.colcon_core.shell:Creating package script '/home/hassan/ros-tuts/patrol_ws/install/dynamixel_sdk_examples/share/dynamixel_sdk_examples/package.zsh'
[8.165s] Level 1:colcon.colcon_core.environment:create_file_with_runtime_dependencies(/home/hassan/ros-tuts/patrol_ws/install/dynamixel_sdk_examples/share/colcon-core/packages/dynamixel_sdk_examples)
[8.221s] Level 1:colcon.colcon_core.environment:create_environment_scripts_only(dynamixel_sdk_examples)
[8.222s] Level 1:colcon.colcon_core.environment:checking '/home/hassan/ros-tuts/patrol_ws/install/dynamixel_sdk_examples' for CMake module files
[8.223s] Level 1:colcon.colcon_core.environment:checking '/home/hassan/ros-tuts/patrol_ws/install/dynamixel_sdk_examples' for CMake config files
[8.224s] Level 1:colcon.colcon_core.shell:create_environment_hook('dynamixel_sdk_examples', 'cmake_prefix_path')
[8.224s] INFO:colcon.colcon_core.shell:Creating environment hook '/home/hassan/ros-tuts/patrol_ws/install/dynamixel_sdk_examples/share/dynamixel_sdk_examples/hook/cmake_prefix_path.ps1'
[8.225s] INFO:colcon.colcon_core.shell:Creating environment descriptor '/home/hassan/ros-tuts/patrol_ws/install/dynamixel_sdk_examples/share/dynamixel_sdk_examples/hook/cmake_prefix_path.dsv'
[8.226s] INFO:colcon.colcon_core.shell:Creating environment hook '/home/hassan/ros-tuts/patrol_ws/install/dynamixel_sdk_examples/share/dynamixel_sdk_examples/hook/cmake_prefix_path.sh'
[8.227s] Level 1:colcon.colcon_core.environment:checking '/home/hassan/ros-tuts/patrol_ws/install/dynamixel_sdk_examples/lib'
[8.227s] Level 1:colcon.colcon_core.environment:checking '/home/hassan/ros-tuts/patrol_ws/install/dynamixel_sdk_examples/bin'
[8.227s] Level 1:colcon.colcon_core.environment:checking '/home/hassan/ros-tuts/patrol_ws/install/dynamixel_sdk_examples/lib/pkgconfig/dynamixel_sdk_examples.pc'
[8.227s] Level 1:colcon.colcon_core.environment:checking '/home/hassan/ros-tuts/patrol_ws/install/dynamixel_sdk_examples/lib/python3.10/site-packages'
[8.228s] Level 1:colcon.colcon_core.environment:checking '/home/hassan/ros-tuts/patrol_ws/install/dynamixel_sdk_examples/bin'
[8.228s] INFO:colcon.colcon_core.shell:Creating package script '/home/hassan/ros-tuts/patrol_ws/install/dynamixel_sdk_examples/share/dynamixel_sdk_examples/package.ps1'
[8.229s] INFO:colcon.colcon_core.shell:Creating package descriptor '/home/hassan/ros-tuts/patrol_ws/install/dynamixel_sdk_examples/share/dynamixel_sdk_examples/package.dsv'
[8.230s] INFO:colcon.colcon_core.shell:Creating package script '/home/hassan/ros-tuts/patrol_ws/install/dynamixel_sdk_examples/share/dynamixel_sdk_examples/package.sh'
[8.231s] INFO:colcon.colcon_core.shell:Creating package script '/home/hassan/ros-tuts/patrol_ws/install/dynamixel_sdk_examples/share/dynamixel_sdk_examples/package.bash'
[8.231s] INFO:colcon.colcon_core.shell:Creating package script '/home/hassan/ros-tuts/patrol_ws/install/dynamixel_sdk_examples/share/dynamixel_sdk_examples/package.zsh'
[8.232s] Level 1:colcon.colcon_core.environment:create_file_with_runtime_dependencies(/home/hassan/ros-tuts/patrol_ws/install/dynamixel_sdk_examples/share/colcon-core/packages/dynamixel_sdk_examples)
[8.635s] DEBUG:colcon.colcon_core.event_handler.log_command:Invoked command in '/home/hassan/ros-tuts/patrol_ws/build/turtlebot3_node' returned '0': AMENT_PREFIX_PATH=/home/hassan/ros-tuts/patrol_ws/install/turtlebot3_msgs:/home/hassan/ros-tuts/patrol_ws/install/dynamixel_sdk:${AMENT_PREFIX_PATH} CMAKE_PREFIX_PATH=/home/hassan/ros-tuts/patrol_ws/install/turtlebot3_msgs:/home/hassan/ros-tuts/patrol_ws/install/dynamixel_sdk:/home/hassan/rosbot_ws/install/ros_bot:/opt/ros/humble LD_LIBRARY_PATH=/home/hassan/ros-tuts/patrol_ws/install/turtlebot3_msgs/lib:/home/hassan/ros-tuts/patrol_ws/install/dynamixel_sdk/lib:${LD_LIBRARY_PATH} PYTHONPATH=/home/hassan/ros-tuts/patrol_ws/install/turtlebot3_msgs/local/lib/python3.10/dist-packages:${PYTHONPATH} /usr/bin/cmake /home/hassan/ros-tuts/patrol_ws/src/turtlebot3/turtlebot3/turtlebot3_node -DCMAKE_INSTALL_PREFIX=/home/hassan/ros-tuts/patrol_ws/install/turtlebot3_node
[8.638s] DEBUG:colcon.colcon_core.event_handler.log_command:Invoking command in '/home/hassan/ros-tuts/patrol_ws/build/turtlebot3_node': AMENT_PREFIX_PATH=/home/hassan/ros-tuts/patrol_ws/install/turtlebot3_msgs:/home/hassan/ros-tuts/patrol_ws/install/dynamixel_sdk:${AMENT_PREFIX_PATH} CMAKE_PREFIX_PATH=/home/hassan/ros-tuts/patrol_ws/install/turtlebot3_msgs:/home/hassan/ros-tuts/patrol_ws/install/dynamixel_sdk:/home/hassan/rosbot_ws/install/ros_bot:/opt/ros/humble LD_LIBRARY_PATH=/home/hassan/ros-tuts/patrol_ws/install/turtlebot3_msgs/lib:/home/hassan/ros-tuts/patrol_ws/install/dynamixel_sdk/lib:${LD_LIBRARY_PATH} PYTHONPATH=/home/hassan/ros-tuts/patrol_ws/install/turtlebot3_msgs/local/lib/python3.10/dist-packages:${PYTHONPATH} /usr/bin/cmake --build /home/hassan/ros-tuts/patrol_ws/build/turtlebot3_node -- -j8 -l8
[8.694s] DEBUG:colcon.colcon_core.event_handler.log_command:Invoking command in '/home/hassan/ros-tuts/patrol_ws/build/turtlebot3_example': AMENT_PREFIX_PATH=/home/hassan/ros-tuts/patrol_ws/install/turtlebot3_msgs:${AMENT_PREFIX_PATH} CMAKE_PREFIX_PATH=/home/hassan/ros-tuts/patrol_ws/install/turtlebot3_msgs:${CMAKE_PREFIX_PATH} LD_LIBRARY_PATH=/home/hassan/ros-tuts/patrol_ws/install/turtlebot3_msgs/lib:${LD_LIBRARY_PATH} PYTHONPATH=/home/hassan/ros-tuts/patrol_ws/build/turtlebot3_example/prefix_override:/usr/lib/python3/dist-packages/colcon_core/task/python/colcon_distutils_commands:/home/hassan/ros-tuts/patrol_ws/install/turtlebot3_example/lib/python3.10/site-packages:/home/hassan/ros-tuts/patrol_ws/install/turtlebot3_msgs/local/lib/python3.10/dist-packages:${PYTHONPATH} /usr/bin/python3 -W ignore:setup.py install is deprecated setup.py develop --uninstall --editable --build-directory /home/hassan/ros-tuts/patrol_ws/build/turtlebot3_example/build
[8.878s] DEBUG:colcon.colcon_core.event_handler.log_command:Invoked command in '/home/hassan/ros-tuts/patrol_ws/build/turtlebot3_node' returned '0': AMENT_PREFIX_PATH=/home/hassan/ros-tuts/patrol_ws/install/turtlebot3_msgs:/home/hassan/ros-tuts/patrol_ws/install/dynamixel_sdk:${AMENT_PREFIX_PATH} CMAKE_PREFIX_PATH=/home/hassan/ros-tuts/patrol_ws/install/turtlebot3_msgs:/home/hassan/ros-tuts/patrol_ws/install/dynamixel_sdk:/home/hassan/rosbot_ws/install/ros_bot:/opt/ros/humble LD_LIBRARY_PATH=/home/hassan/ros-tuts/patrol_ws/install/turtlebot3_msgs/lib:/home/hassan/ros-tuts/patrol_ws/install/dynamixel_sdk/lib:${LD_LIBRARY_PATH} PYTHONPATH=/home/hassan/ros-tuts/patrol_ws/install/turtlebot3_msgs/local/lib/python3.10/dist-packages:${PYTHONPATH} /usr/bin/cmake --build /home/hassan/ros-tuts/patrol_ws/build/turtlebot3_node -- -j8 -l8
[8.966s] DEBUG:colcon.colcon_core.event_handler.log_command:Invoking command in '/home/hassan/ros-tuts/patrol_ws/build/turtlebot3_node': AMENT_PREFIX_PATH=/home/hassan/ros-tuts/patrol_ws/install/turtlebot3_msgs:/home/hassan/ros-tuts/patrol_ws/install/dynamixel_sdk:${AMENT_PREFIX_PATH} CMAKE_PREFIX_PATH=/home/hassan/ros-tuts/patrol_ws/install/turtlebot3_msgs:/home/hassan/ros-tuts/patrol_ws/install/dynamixel_sdk:/home/hassan/rosbot_ws/install/ros_bot:/opt/ros/humble LD_LIBRARY_PATH=/home/hassan/ros-tuts/patrol_ws/install/turtlebot3_msgs/lib:/home/hassan/ros-tuts/patrol_ws/install/dynamixel_sdk/lib:${LD_LIBRARY_PATH} PYTHONPATH=/home/hassan/ros-tuts/patrol_ws/install/turtlebot3_msgs/local/lib/python3.10/dist-packages:${PYTHONPATH} /usr/bin/cmake --install /home/hassan/ros-tuts/patrol_ws/build/turtlebot3_node
[9.004s] Level 1:colcon.colcon_core.environment:create_environment_scripts_only(turtlebot3_node)
[9.005s] Level 1:colcon.colcon_core.environment:checking '/home/hassan/ros-tuts/patrol_ws/install/turtlebot3_node' for CMake module files
[9.006s] DEBUG:colcon.colcon_core.event_handler.log_command:Invoked command in '/home/hassan/ros-tuts/patrol_ws/build/turtlebot3_node' returned '0': AMENT_PREFIX_PATH=/home/hassan/ros-tuts/patrol_ws/install/turtlebot3_msgs:/home/hassan/ros-tuts/patrol_ws/install/dynamixel_sdk:${AMENT_PREFIX_PATH} CMAKE_PREFIX_PATH=/home/hassan/ros-tuts/patrol_ws/install/turtlebot3_msgs:/home/hassan/ros-tuts/patrol_ws/install/dynamixel_sdk:/home/hassan/rosbot_ws/install/ros_bot:/opt/ros/humble LD_LIBRARY_PATH=/home/hassan/ros-tuts/patrol_ws/install/turtlebot3_msgs/lib:/home/hassan/ros-tuts/patrol_ws/install/dynamixel_sdk/lib:${LD_LIBRARY_PATH} PYTHONPATH=/home/hassan/ros-tuts/patrol_ws/install/turtlebot3_msgs/local/lib/python3.10/dist-packages:${PYTHONPATH} /usr/bin/cmake --install /home/hassan/ros-tuts/patrol_ws/build/turtlebot3_node
[9.007s] Level 1:colcon.colcon_core.environment:checking '/home/hassan/ros-tuts/patrol_ws/install/turtlebot3_node' for CMake config files
[9.008s] Level 1:colcon.colcon_core.shell:create_environment_hook('turtlebot3_node', 'cmake_prefix_path')
[9.008s] INFO:colcon.colcon_core.shell:Creating environment hook '/home/hassan/ros-tuts/patrol_ws/install/turtlebot3_node/share/turtlebot3_node/hook/cmake_prefix_path.ps1'
[9.009s] INFO:colcon.colcon_core.shell:Creating environment descriptor '/home/hassan/ros-tuts/patrol_ws/install/turtlebot3_node/share/turtlebot3_node/hook/cmake_prefix_path.dsv'
[9.010s] INFO:colcon.colcon_core.shell:Creating environment hook '/home/hassan/ros-tuts/patrol_ws/install/turtlebot3_node/share/turtlebot3_node/hook/cmake_prefix_path.sh'
[9.011s] Level 1:colcon.colcon_core.environment:checking '/home/hassan/ros-tuts/patrol_ws/install/turtlebot3_node/lib'
[9.011s] Level 1:colcon.colcon_core.environment:checking '/home/hassan/ros-tuts/patrol_ws/install/turtlebot3_node/bin'
[9.011s] Level 1:colcon.colcon_core.environment:checking '/home/hassan/ros-tuts/patrol_ws/install/turtlebot3_node/lib/pkgconfig/turtlebot3_node.pc'
[9.011s] Level 1:colcon.colcon_core.environment:checking '/home/hassan/ros-tuts/patrol_ws/install/turtlebot3_node/lib/python3.10/site-packages'
[9.012s] Level 1:colcon.colcon_core.environment:checking '/home/hassan/ros-tuts/patrol_ws/install/turtlebot3_node/bin'
[9.012s] INFO:colcon.colcon_core.shell:Creating package script '/home/hassan/ros-tuts/patrol_ws/install/turtlebot3_node/share/turtlebot3_node/package.ps1'
[9.013s] INFO:colcon.colcon_core.shell:Creating package descriptor '/home/hassan/ros-tuts/patrol_ws/install/turtlebot3_node/share/turtlebot3_node/package.dsv'
[9.014s] INFO:colcon.colcon_core.shell:Creating package script '/home/hassan/ros-tuts/patrol_ws/install/turtlebot3_node/share/turtlebot3_node/package.sh'
[9.014s] INFO:colcon.colcon_core.shell:Creating package script '/home/hassan/ros-tuts/patrol_ws/install/turtlebot3_node/share/turtlebot3_node/package.bash'
[9.015s] INFO:colcon.colcon_core.shell:Creating package script '/home/hassan/ros-tuts/patrol_ws/install/turtlebot3_node/share/turtlebot3_node/package.zsh'
[9.015s] Level 1:colcon.colcon_core.environment:create_file_with_runtime_dependencies(/home/hassan/ros-tuts/patrol_ws/install/turtlebot3_node/share/colcon-core/packages/turtlebot3_node)
[9.099s] Level 1:colcon.colcon_core.environment:create_environment_scripts_only(turtlebot3_node)
[9.100s] Level 1:colcon.colcon_core.environment:checking '/home/hassan/ros-tuts/patrol_ws/install/turtlebot3_node' for CMake module files
[9.101s] Level 1:colcon.colcon_core.environment:checking '/home/hassan/ros-tuts/patrol_ws/install/turtlebot3_node' for CMake config files
[9.102s] Level 1:colcon.colcon_core.shell:create_environment_hook('turtlebot3_node', 'cmake_prefix_path')
[9.103s] INFO:colcon.colcon_core.shell:Creating environment hook '/home/hassan/ros-tuts/patrol_ws/install/turtlebot3_node/share/turtlebot3_node/hook/cmake_prefix_path.ps1'
[9.104s] INFO:colcon.colcon_core.shell:Creating environment descriptor '/home/hassan/ros-tuts/patrol_ws/install/turtlebot3_node/share/turtlebot3_node/hook/cmake_prefix_path.dsv'
[9.105s] INFO:colcon.colcon_core.shell:Creating environment hook '/home/hassan/ros-tuts/patrol_ws/install/turtlebot3_node/share/turtlebot3_node/hook/cmake_prefix_path.sh'
[9.107s] Level 1:colcon.colcon_core.environment:checking '/home/hassan/ros-tuts/patrol_ws/install/turtlebot3_node/lib'
[9.107s] Level 1:colcon.colcon_core.environment:checking '/home/hassan/ros-tuts/patrol_ws/install/turtlebot3_node/bin'
[9.107s] Level 1:colcon.colcon_core.environment:checking '/home/hassan/ros-tuts/patrol_ws/install/turtlebot3_node/lib/pkgconfig/turtlebot3_node.pc'
[9.108s] Level 1:colcon.colcon_core.environment:checking '/home/hassan/ros-tuts/patrol_ws/install/turtlebot3_node/lib/python3.10/site-packages'
[9.109s] Level 1:colcon.colcon_core.environment:checking '/home/hassan/ros-tuts/patrol_ws/install/turtlebot3_node/bin'
[9.110s] INFO:colcon.colcon_core.shell:Creating package script '/home/hassan/ros-tuts/patrol_ws/install/turtlebot3_node/share/turtlebot3_node/package.ps1'
[9.111s] INFO:colcon.colcon_core.shell:Creating package descriptor '/home/hassan/ros-tuts/patrol_ws/install/turtlebot3_node/share/turtlebot3_node/package.dsv'
[9.112s] INFO:colcon.colcon_core.shell:Creating package script '/home/hassan/ros-tuts/patrol_ws/install/turtlebot3_node/share/turtlebot3_node/package.sh'
[9.113s] INFO:colcon.colcon_core.shell:Creating package script '/home/hassan/ros-tuts/patrol_ws/install/turtlebot3_node/share/turtlebot3_node/package.bash'
[9.115s] INFO:colcon.colcon_core.shell:Creating package script '/home/hassan/ros-tuts/patrol_ws/install/turtlebot3_node/share/turtlebot3_node/package.zsh'
[9.116s] Level 1:colcon.colcon_core.environment:create_file_with_runtime_dependencies(/home/hassan/ros-tuts/patrol_ws/install/turtlebot3_node/share/colcon-core/packages/turtlebot3_node)
[9.116s] INFO:colcon.colcon_ros.task.ament_cmake.build:Building ROS package in '/home/hassan/ros-tuts/patrol_ws/src/turtlebot3/turtlebot3/turtlebot3_bringup' with build type 'ament_cmake'
[9.117s] INFO:colcon.colcon_cmake.task.cmake.build:Building CMake package in '/home/hassan/ros-tuts/patrol_ws/src/turtlebot3/turtlebot3/turtlebot3_bringup'
[9.117s] INFO:colcon.colcon_core.shell:Skip shell extension 'powershell' for command environment: Not usable outside of PowerShell
[9.117s] DEBUG:colcon.colcon_core.shell:Skip shell extension 'dsv' for command environment
[9.151s] DEBUG:colcon.colcon_core.event_handler.log_command:Invoking command in '/home/hassan/ros-tuts/patrol_ws/build/turtlebot3_bringup': AMENT_PREFIX_PATH=/home/hassan/ros-tuts/patrol_ws/install/turtlebot3_node:/home/hassan/ros-tuts/patrol_ws/install/turtlebot3_msgs:/home/hassan/ros-tuts/patrol_ws/install/turtlebot3_description:/home/hassan/ros-tuts/patrol_ws/install/hls_lfcd_lds_driver:/home/hassan/ros-tuts/patrol_ws/install/dynamixel_sdk:${AMENT_PREFIX_PATH} CMAKE_PREFIX_PATH=/home/hassan/ros-tuts/patrol_ws/install/turtlebot3_node:/home/hassan/ros-tuts/patrol_ws/install/turtlebot3_msgs:/home/hassan/ros-tuts/patrol_ws/install/turtlebot3_description:/home/hassan/ros-tuts/patrol_ws/install/hls_lfcd_lds_driver:/home/hassan/ros-tuts/patrol_ws/install/dynamixel_sdk:/home/hassan/rosbot_ws/install/ros_bot:/opt/ros/humble LD_LIBRARY_PATH=/home/hassan/ros-tuts/patrol_ws/install/turtlebot3_msgs/lib:/home/hassan/ros-tuts/patrol_ws/install/dynamixel_sdk/lib:${LD_LIBRARY_PATH} PYTHONPATH=/home/hassan/ros-tuts/patrol_ws/install/turtlebot3_msgs/local/lib/python3.10/dist-packages:${PYTHONPATH} /usr/bin/cmake /home/hassan/ros-tuts/patrol_ws/src/turtlebot3/turtlebot3/turtlebot3_bringup -DCMAKE_INSTALL_PREFIX=/home/hassan/ros-tuts/patrol_ws/install/turtlebot3_bringup
[9.348s] DEBUG:colcon.colcon_core.event_handler.log_command:Invoked command in '/home/hassan/ros-tuts/patrol_ws/build/turtlebot3_fake_node' returned '0': AMENT_PREFIX_PATH=/home/hassan/ros-tuts/patrol_ws/install/turtlebot3_msgs:${AMENT_PREFIX_PATH} CMAKE_PREFIX_PATH=/home/hassan/ros-tuts/patrol_ws/install/turtlebot3_msgs:/home/hassan/rosbot_ws/install/ros_bot:/opt/ros/humble LD_LIBRARY_PATH=/home/hassan/ros-tuts/patrol_ws/install/turtlebot3_msgs/lib:${LD_LIBRARY_PATH} PYTHONPATH=/home/hassan/ros-tuts/patrol_ws/install/turtlebot3_msgs/local/lib/python3.10/dist-packages:${PYTHONPATH} /usr/bin/cmake /home/hassan/ros-tuts/patrol_ws/src/turtlebot3/turtlebot3_simulations/turtlebot3_fake_node -DCMAKE_INSTALL_PREFIX=/home/hassan/ros-tuts/patrol_ws/install/turtlebot3_fake_node
[9.352s] DEBUG:colcon.colcon_core.event_handler.log_command:Invoking command in '/home/hassan/ros-tuts/patrol_ws/build/turtlebot3_fake_node': AMENT_PREFIX_PATH=/home/hassan/ros-tuts/patrol_ws/install/turtlebot3_msgs:${AMENT_PREFIX_PATH} CMAKE_PREFIX_PATH=/home/hassan/ros-tuts/patrol_ws/install/turtlebot3_msgs:/home/hassan/rosbot_ws/install/ros_bot:/opt/ros/humble LD_LIBRARY_PATH=/home/hassan/ros-tuts/patrol_ws/install/turtlebot3_msgs/lib:${LD_LIBRARY_PATH} PYTHONPATH=/home/hassan/ros-tuts/patrol_ws/install/turtlebot3_msgs/local/lib/python3.10/dist-packages:${PYTHONPATH} /usr/bin/cmake --build /home/hassan/ros-tuts/patrol_ws/build/turtlebot3_fake_node -- -j8 -l8
[9.468s] DEBUG:colcon.colcon_core.event_handler.log_command:Invoked command in '/home/hassan/ros-tuts/patrol_ws/build/turtlebot3_fake_node' returned '0': AMENT_PREFIX_PATH=/home/hassan/ros-tuts/patrol_ws/install/turtlebot3_msgs:${AMENT_PREFIX_PATH} CMAKE_PREFIX_PATH=/home/hassan/ros-tuts/patrol_ws/install/turtlebot3_msgs:/home/hassan/rosbot_ws/install/ros_bot:/opt/ros/humble LD_LIBRARY_PATH=/home/hassan/ros-tuts/patrol_ws/install/turtlebot3_msgs/lib:${LD_LIBRARY_PATH} PYTHONPATH=/home/hassan/ros-tuts/patrol_ws/install/turtlebot3_msgs/local/lib/python3.10/dist-packages:${PYTHONPATH} /usr/bin/cmake --build /home/hassan/ros-tuts/patrol_ws/build/turtlebot3_fake_node -- -j8 -l8
[9.517s] DEBUG:colcon.colcon_core.event_handler.log_command:Invoking command in '/home/hassan/ros-tuts/patrol_ws/build/turtlebot3_fake_node': AMENT_PREFIX_PATH=/home/hassan/ros-tuts/patrol_ws/install/turtlebot3_msgs:${AMENT_PREFIX_PATH} CMAKE_PREFIX_PATH=/home/hassan/ros-tuts/patrol_ws/install/turtlebot3_msgs:/home/hassan/rosbot_ws/install/ros_bot:/opt/ros/humble LD_LIBRARY_PATH=/home/hassan/ros-tuts/patrol_ws/install/turtlebot3_msgs/lib:${LD_LIBRARY_PATH} PYTHONPATH=/home/hassan/ros-tuts/patrol_ws/install/turtlebot3_msgs/local/lib/python3.10/dist-packages:${PYTHONPATH} /usr/bin/cmake --install /home/hassan/ros-tuts/patrol_ws/build/turtlebot3_fake_node
[9.564s] Level 1:colcon.colcon_core.environment:create_environment_scripts_only(turtlebot3_fake_node)
[9.565s] Level 1:colcon.colcon_core.environment:checking '/home/hassan/ros-tuts/patrol_ws/install/turtlebot3_fake_node' for CMake module files
[9.566s] DEBUG:colcon.colcon_core.event_handler.log_command:Invoked command in '/home/hassan/ros-tuts/patrol_ws/build/turtlebot3_fake_node' returned '0': AMENT_PREFIX_PATH=/home/hassan/ros-tuts/patrol_ws/install/turtlebot3_msgs:${AMENT_PREFIX_PATH} CMAKE_PREFIX_PATH=/home/hassan/ros-tuts/patrol_ws/install/turtlebot3_msgs:/home/hassan/rosbot_ws/install/ros_bot:/opt/ros/humble LD_LIBRARY_PATH=/home/hassan/ros-tuts/patrol_ws/install/turtlebot3_msgs/lib:${LD_LIBRARY_PATH} PYTHONPATH=/home/hassan/ros-tuts/patrol_ws/install/turtlebot3_msgs/local/lib/python3.10/dist-packages:${PYTHONPATH} /usr/bin/cmake --install /home/hassan/ros-tuts/patrol_ws/build/turtlebot3_fake_node
[9.568s] Level 1:colcon.colcon_core.environment:checking '/home/hassan/ros-tuts/patrol_ws/install/turtlebot3_fake_node' for CMake config files
[9.569s] Level 1:colcon.colcon_core.shell:create_environment_hook('turtlebot3_fake_node', 'cmake_prefix_path')
[9.570s] INFO:colcon.colcon_core.shell:Creating environment hook '/home/hassan/ros-tuts/patrol_ws/install/turtlebot3_fake_node/share/turtlebot3_fake_node/hook/cmake_prefix_path.ps1'
[9.571s] INFO:colcon.colcon_core.shell:Creating environment descriptor '/home/hassan/ros-tuts/patrol_ws/install/turtlebot3_fake_node/share/turtlebot3_fake_node/hook/cmake_prefix_path.dsv'
[9.572s] INFO:colcon.colcon_core.shell:Creating environment hook '/home/hassan/ros-tuts/patrol_ws/install/turtlebot3_fake_node/share/turtlebot3_fake_node/hook/cmake_prefix_path.sh'
[9.573s] Level 1:colcon.colcon_core.environment:checking '/home/hassan/ros-tuts/patrol_ws/install/turtlebot3_fake_node/lib'
[9.573s] Level 1:colcon.colcon_core.environment:checking '/home/hassan/ros-tuts/patrol_ws/install/turtlebot3_fake_node/bin'
[9.573s] Level 1:colcon.colcon_core.environment:checking '/home/hassan/ros-tuts/patrol_ws/install/turtlebot3_fake_node/lib/pkgconfig/turtlebot3_fake_node.pc'
[9.574s] Level 1:colcon.colcon_core.environment:checking '/home/hassan/ros-tuts/patrol_ws/install/turtlebot3_fake_node/lib/python3.10/site-packages'
[9.575s] Level 1:colcon.colcon_core.environment:checking '/home/hassan/ros-tuts/patrol_ws/install/turtlebot3_fake_node/bin'
[9.576s] INFO:colcon.colcon_core.shell:Creating package script '/home/hassan/ros-tuts/patrol_ws/install/turtlebot3_fake_node/share/turtlebot3_fake_node/package.ps1'
[9.577s] INFO:colcon.colcon_core.shell:Creating package descriptor '/home/hassan/ros-tuts/patrol_ws/install/turtlebot3_fake_node/share/turtlebot3_fake_node/package.dsv'
[9.578s] INFO:colcon.colcon_core.shell:Creating package script '/home/hassan/ros-tuts/patrol_ws/install/turtlebot3_fake_node/share/turtlebot3_fake_node/package.sh'
[9.579s] INFO:colcon.colcon_core.shell:Creating package script '/home/hassan/ros-tuts/patrol_ws/install/turtlebot3_fake_node/share/turtlebot3_fake_node/package.bash'
[9.580s] INFO:colcon.colcon_core.shell:Creating package script '/home/hassan/ros-tuts/patrol_ws/install/turtlebot3_fake_node/share/turtlebot3_fake_node/package.zsh'
[9.581s] Level 1:colcon.colcon_core.environment:create_file_with_runtime_dependencies(/home/hassan/ros-tuts/patrol_ws/install/turtlebot3_fake_node/share/colcon-core/packages/turtlebot3_fake_node)
[9.633s] DEBUG:colcon.colcon_core.event_handler.log_command:Invoked command in '/home/hassan/ros-tuts/patrol_ws/build/turtlebot3_example' returned '0': AMENT_PREFIX_PATH=/home/hassan/ros-tuts/patrol_ws/install/turtlebot3_msgs:${AMENT_PREFIX_PATH} CMAKE_PREFIX_PATH=/home/hassan/ros-tuts/patrol_ws/install/turtlebot3_msgs:${CMAKE_PREFIX_PATH} LD_LIBRARY_PATH=/home/hassan/ros-tuts/patrol_ws/install/turtlebot3_msgs/lib:${LD_LIBRARY_PATH} PYTHONPATH=/home/hassan/ros-tuts/patrol_ws/build/turtlebot3_example/prefix_override:/usr/lib/python3/dist-packages/colcon_core/task/python/colcon_distutils_commands:/home/hassan/ros-tuts/patrol_ws/install/turtlebot3_example/lib/python3.10/site-packages:/home/hassan/ros-tuts/patrol_ws/install/turtlebot3_msgs/local/lib/python3.10/dist-packages:${PYTHONPATH} /usr/bin/python3 -W ignore:setup.py install is deprecated setup.py develop --uninstall --editable --build-directory /home/hassan/ros-tuts/patrol_ws/build/turtlebot3_example/build
[9.638s] DEBUG:colcon.colcon_core.event_handler.log_command:Invoking command in '/home/hassan/ros-tuts/patrol_ws/src/turtlebot3/turtlebot3/turtlebot3_example': AMENT_PREFIX_PATH=/home/hassan/ros-tuts/patrol_ws/install/turtlebot3_msgs:${AMENT_PREFIX_PATH} CMAKE_PREFIX_PATH=/home/hassan/ros-tuts/patrol_ws/install/turtlebot3_msgs:${CMAKE_PREFIX_PATH} LD_LIBRARY_PATH=/home/hassan/ros-tuts/patrol_ws/install/turtlebot3_msgs/lib:${LD_LIBRARY_PATH} PYTHONPATH=/home/hassan/ros-tuts/patrol_ws/build/turtlebot3_example/prefix_override:/usr/lib/python3/dist-packages/colcon_core/task/python/colcon_distutils_commands:/home/hassan/ros-tuts/patrol_ws/install/turtlebot3_example/lib/python3.10/site-packages:/home/hassan/ros-tuts/patrol_ws/install/turtlebot3_msgs/local/lib/python3.10/dist-packages:${PYTHONPATH} /usr/bin/python3 -W ignore:setup.py install is deprecated setup.py egg_info --egg-base ../../../../build/turtlebot3_example build --build-base /home/hassan/ros-tuts/patrol_ws/build/turtlebot3_example/build install --record /home/hassan/ros-tuts/patrol_ws/build/turtlebot3_example/install.log --single-version-externally-managed install_data --force
[9.643s] Level 1:colcon.colcon_core.environment:create_environment_scripts_only(turtlebot3_fake_node)
[9.644s] Level 1:colcon.colcon_core.environment:checking '/home/hassan/ros-tuts/patrol_ws/install/turtlebot3_fake_node' for CMake module files
[9.646s] Level 1:colcon.colcon_core.environment:checking '/home/hassan/ros-tuts/patrol_ws/install/turtlebot3_fake_node' for CMake config files
[9.647s] Level 1:colcon.colcon_core.shell:create_environment_hook('turtlebot3_fake_node', 'cmake_prefix_path')
[9.648s] INFO:colcon.colcon_core.shell:Creating environment hook '/home/hassan/ros-tuts/patrol_ws/install/turtlebot3_fake_node/share/turtlebot3_fake_node/hook/cmake_prefix_path.ps1'
[9.649s] INFO:colcon.colcon_core.shell:Creating environment descriptor '/home/hassan/ros-tuts/patrol_ws/install/turtlebot3_fake_node/share/turtlebot3_fake_node/hook/cmake_prefix_path.dsv'
[9.650s] INFO:colcon.colcon_core.shell:Creating environment hook '/home/hassan/ros-tuts/patrol_ws/install/turtlebot3_fake_node/share/turtlebot3_fake_node/hook/cmake_prefix_path.sh'
[9.651s] Level 1:colcon.colcon_core.environment:checking '/home/hassan/ros-tuts/patrol_ws/install/turtlebot3_fake_node/lib'
[9.651s] Level 1:colcon.colcon_core.environment:checking '/home/hassan/ros-tuts/patrol_ws/install/turtlebot3_fake_node/bin'
[9.652s] Level 1:colcon.colcon_core.environment:checking '/home/hassan/ros-tuts/patrol_ws/install/turtlebot3_fake_node/lib/pkgconfig/turtlebot3_fake_node.pc'
[9.652s] Level 1:colcon.colcon_core.environment:checking '/home/hassan/ros-tuts/patrol_ws/install/turtlebot3_fake_node/lib/python3.10/site-packages'
[9.653s] Level 1:colcon.colcon_core.environment:checking '/home/hassan/ros-tuts/patrol_ws/install/turtlebot3_fake_node/bin'
[9.654s] INFO:colcon.colcon_core.shell:Creating package script '/home/hassan/ros-tuts/patrol_ws/install/turtlebot3_fake_node/share/turtlebot3_fake_node/package.ps1'
[9.655s] INFO:colcon.colcon_core.shell:Creating package descriptor '/home/hassan/ros-tuts/patrol_ws/install/turtlebot3_fake_node/share/turtlebot3_fake_node/package.dsv'
[9.656s] INFO:colcon.colcon_core.shell:Creating package script '/home/hassan/ros-tuts/patrol_ws/install/turtlebot3_fake_node/share/turtlebot3_fake_node/package.sh'
[9.658s] INFO:colcon.colcon_core.shell:Creating package script '/home/hassan/ros-tuts/patrol_ws/install/turtlebot3_fake_node/share/turtlebot3_fake_node/package.bash'
[9.659s] INFO:colcon.colcon_core.shell:Creating package script '/home/hassan/ros-tuts/patrol_ws/install/turtlebot3_fake_node/share/turtlebot3_fake_node/package.zsh'
[9.660s] Level 1:colcon.colcon_core.environment:create_file_with_runtime_dependencies(/home/hassan/ros-tuts/patrol_ws/install/turtlebot3_fake_node/share/colcon-core/packages/turtlebot3_fake_node)
[9.661s] INFO:colcon.colcon_ros.task.ament_cmake.build:Building ROS package in '/home/hassan/ros-tuts/patrol_ws/src/turtlebot3/turtlebot3_simulations/turtlebot3_simulations' with build type 'ament_cmake'
[9.662s] INFO:colcon.colcon_cmake.task.cmake.build:Building CMake package in '/home/hassan/ros-tuts/patrol_ws/src/turtlebot3/turtlebot3_simulations/turtlebot3_simulations'
[9.662s] INFO:colcon.colcon_core.shell:Skip shell extension 'powershell' for command environment: Not usable outside of PowerShell
[9.662s] DEBUG:colcon.colcon_core.shell:Skip shell extension 'dsv' for command environment
[9.692s] DEBUG:colcon.colcon_core.event_handler.log_command:Invoking command in '/home/hassan/ros-tuts/patrol_ws/build/turtlebot3_simulations': AMENT_PREFIX_PATH=/home/hassan/ros-tuts/patrol_ws/install/turtlebot3_fake_node:/home/hassan/ros-tuts/patrol_ws/install/turtlebot3_msgs:/home/hassan/ros-tuts/patrol_ws/install/turtlebot3_gazebo:${AMENT_PREFIX_PATH} CMAKE_PREFIX_PATH=/home/hassan/ros-tuts/patrol_ws/install/turtlebot3_fake_node:/home/hassan/ros-tuts/patrol_ws/install/turtlebot3_msgs:/home/hassan/ros-tuts/patrol_ws/install/turtlebot3_gazebo:/home/hassan/rosbot_ws/install/ros_bot:/opt/ros/humble LD_LIBRARY_PATH=/home/hassan/ros-tuts/patrol_ws/install/turtlebot3_msgs/lib:${LD_LIBRARY_PATH} PYTHONPATH=/home/hassan/ros-tuts/patrol_ws/install/turtlebot3_msgs/local/lib/python3.10/dist-packages:${PYTHONPATH} /usr/bin/cmake /home/hassan/ros-tuts/patrol_ws/src/turtlebot3/turtlebot3_simulations/turtlebot3_simulations -DCMAKE_INSTALL_PREFIX=/home/hassan/ros-tuts/patrol_ws/install/turtlebot3_simulations
[9.694s] DEBUG:colcon.colcon_core.event_handler.log_command:Invoked command in '/home/hassan/ros-tuts/patrol_ws/build/turtlebot3_bringup' returned '0': AMENT_PREFIX_PATH=/home/hassan/ros-tuts/patrol_ws/install/turtlebot3_node:/home/hassan/ros-tuts/patrol_ws/install/turtlebot3_msgs:/home/hassan/ros-tuts/patrol_ws/install/turtlebot3_description:/home/hassan/ros-tuts/patrol_ws/install/hls_lfcd_lds_driver:/home/hassan/ros-tuts/patrol_ws/install/dynamixel_sdk:${AMENT_PREFIX_PATH} CMAKE_PREFIX_PATH=/home/hassan/ros-tuts/patrol_ws/install/turtlebot3_node:/home/hassan/ros-tuts/patrol_ws/install/turtlebot3_msgs:/home/hassan/ros-tuts/patrol_ws/install/turtlebot3_description:/home/hassan/ros-tuts/patrol_ws/install/hls_lfcd_lds_driver:/home/hassan/ros-tuts/patrol_ws/install/dynamixel_sdk:/home/hassan/rosbot_ws/install/ros_bot:/opt/ros/humble LD_LIBRARY_PATH=/home/hassan/ros-tuts/patrol_ws/install/turtlebot3_msgs/lib:/home/hassan/ros-tuts/patrol_ws/install/dynamixel_sdk/lib:${LD_LIBRARY_PATH} PYTHONPATH=/home/hassan/ros-tuts/patrol_ws/install/turtlebot3_msgs/local/lib/python3.10/dist-packages:${PYTHONPATH} /usr/bin/cmake /home/hassan/ros-tuts/patrol_ws/src/turtlebot3/turtlebot3/turtlebot3_bringup -DCMAKE_INSTALL_PREFIX=/home/hassan/ros-tuts/patrol_ws/install/turtlebot3_bringup
[9.697s] DEBUG:colcon.colcon_core.event_handler.log_command:Invoking command in '/home/hassan/ros-tuts/patrol_ws/build/turtlebot3_bringup': AMENT_PREFIX_PATH=/home/hassan/ros-tuts/patrol_ws/install/turtlebot3_node:/home/hassan/ros-tuts/patrol_ws/install/turtlebot3_msgs:/home/hassan/ros-tuts/patrol_ws/install/turtlebot3_description:/home/hassan/ros-tuts/patrol_ws/install/hls_lfcd_lds_driver:/home/hassan/ros-tuts/patrol_ws/install/dynamixel_sdk:${AMENT_PREFIX_PATH} CMAKE_PREFIX_PATH=/home/hassan/ros-tuts/patrol_ws/install/turtlebot3_node:/home/hassan/ros-tuts/patrol_ws/install/turtlebot3_msgs:/home/hassan/ros-tuts/patrol_ws/install/turtlebot3_description:/home/hassan/ros-tuts/patrol_ws/install/hls_lfcd_lds_driver:/home/hassan/ros-tuts/patrol_ws/install/dynamixel_sdk:/home/hassan/rosbot_ws/install/ros_bot:/opt/ros/humble LD_LIBRARY_PATH=/home/hassan/ros-tuts/patrol_ws/install/turtlebot3_msgs/lib:/home/hassan/ros-tuts/patrol_ws/install/dynamixel_sdk/lib:${LD_LIBRARY_PATH} PYTHONPATH=/home/hassan/ros-tuts/patrol_ws/install/turtlebot3_msgs/local/lib/python3.10/dist-packages:${PYTHONPATH} /usr/bin/cmake --build /home/hassan/ros-tuts/patrol_ws/build/turtlebot3_bringup -- -j8 -l8
[9.776s] DEBUG:colcon.colcon_core.event_handler.log_command:Invoked command in '/home/hassan/ros-tuts/patrol_ws/build/turtlebot3_bringup' returned '0': AMENT_PREFIX_PATH=/home/hassan/ros-tuts/patrol_ws/install/turtlebot3_node:/home/hassan/ros-tuts/patrol_ws/install/turtlebot3_msgs:/home/hassan/ros-tuts/patrol_ws/install/turtlebot3_description:/home/hassan/ros-tuts/patrol_ws/install/hls_lfcd_lds_driver:/home/hassan/ros-tuts/patrol_ws/install/dynamixel_sdk:${AMENT_PREFIX_PATH} CMAKE_PREFIX_PATH=/home/hassan/ros-tuts/patrol_ws/install/turtlebot3_node:/home/hassan/ros-tuts/patrol_ws/install/turtlebot3_msgs:/home/hassan/ros-tuts/patrol_ws/install/turtlebot3_description:/home/hassan/ros-tuts/patrol_ws/install/hls_lfcd_lds_driver:/home/hassan/ros-tuts/patrol_ws/install/dynamixel_sdk:/home/hassan/rosbot_ws/install/ros_bot:/opt/ros/humble LD_LIBRARY_PATH=/home/hassan/ros-tuts/patrol_ws/install/turtlebot3_msgs/lib:/home/hassan/ros-tuts/patrol_ws/install/dynamixel_sdk/lib:${LD_LIBRARY_PATH} PYTHONPATH=/home/hassan/ros-tuts/patrol_ws/install/turtlebot3_msgs/local/lib/python3.10/dist-packages:${PYTHONPATH} /usr/bin/cmake --build /home/hassan/ros-tuts/patrol_ws/build/turtlebot3_bringup -- -j8 -l8
[9.815s] DEBUG:colcon.colcon_core.event_handler.log_command:Invoking command in '/home/hassan/ros-tuts/patrol_ws/build/turtlebot3_bringup': AMENT_PREFIX_PATH=/home/hassan/ros-tuts/patrol_ws/install/turtlebot3_node:/home/hassan/ros-tuts/patrol_ws/install/turtlebot3_msgs:/home/hassan/ros-tuts/patrol_ws/install/turtlebot3_description:/home/hassan/ros-tuts/patrol_ws/install/hls_lfcd_lds_driver:/home/hassan/ros-tuts/patrol_ws/install/dynamixel_sdk:${AMENT_PREFIX_PATH} CMAKE_PREFIX_PATH=/home/hassan/ros-tuts/patrol_ws/install/turtlebot3_node:/home/hassan/ros-tuts/patrol_ws/install/turtlebot3_msgs:/home/hassan/ros-tuts/patrol_ws/install/turtlebot3_description:/home/hassan/ros-tuts/patrol_ws/install/hls_lfcd_lds_driver:/home/hassan/ros-tuts/patrol_ws/install/dynamixel_sdk:/home/hassan/rosbot_ws/install/ros_bot:/opt/ros/humble LD_LIBRARY_PATH=/home/hassan/ros-tuts/patrol_ws/install/turtlebot3_msgs/lib:/home/hassan/ros-tuts/patrol_ws/install/dynamixel_sdk/lib:${LD_LIBRARY_PATH} PYTHONPATH=/home/hassan/ros-tuts/patrol_ws/install/turtlebot3_msgs/local/lib/python3.10/dist-packages:${PYTHONPATH} /usr/bin/cmake --install /home/hassan/ros-tuts/patrol_ws/build/turtlebot3_bringup
[9.853s] Level 1:colcon.colcon_core.environment:create_environment_scripts_only(turtlebot3_bringup)
[9.854s] Level 1:colcon.colcon_core.environment:checking '/home/hassan/ros-tuts/patrol_ws/install/turtlebot3_bringup' for CMake module files
[9.856s] DEBUG:colcon.colcon_core.event_handler.log_command:Invoked command in '/home/hassan/ros-tuts/patrol_ws/build/turtlebot3_bringup' returned '0': AMENT_PREFIX_PATH=/home/hassan/ros-tuts/patrol_ws/install/turtlebot3_node:/home/hassan/ros-tuts/patrol_ws/install/turtlebot3_msgs:/home/hassan/ros-tuts/patrol_ws/install/turtlebot3_description:/home/hassan/ros-tuts/patrol_ws/install/hls_lfcd_lds_driver:/home/hassan/ros-tuts/patrol_ws/install/dynamixel_sdk:${AMENT_PREFIX_PATH} CMAKE_PREFIX_PATH=/home/hassan/ros-tuts/patrol_ws/install/turtlebot3_node:/home/hassan/ros-tuts/patrol_ws/install/turtlebot3_msgs:/home/hassan/ros-tuts/patrol_ws/install/turtlebot3_description:/home/hassan/ros-tuts/patrol_ws/install/hls_lfcd_lds_driver:/home/hassan/ros-tuts/patrol_ws/install/dynamixel_sdk:/home/hassan/rosbot_ws/install/ros_bot:/opt/ros/humble LD_LIBRARY_PATH=/home/hassan/ros-tuts/patrol_ws/install/turtlebot3_msgs/lib:/home/hassan/ros-tuts/patrol_ws/install/dynamixel_sdk/lib:${LD_LIBRARY_PATH} PYTHONPATH=/home/hassan/ros-tuts/patrol_ws/install/turtlebot3_msgs/local/lib/python3.10/dist-packages:${PYTHONPATH} /usr/bin/cmake --install /home/hassan/ros-tuts/patrol_ws/build/turtlebot3_bringup
[9.856s] Level 1:colcon.colcon_core.environment:checking '/home/hassan/ros-tuts/patrol_ws/install/turtlebot3_bringup' for CMake config files
[9.857s] Level 1:colcon.colcon_core.shell:create_environment_hook('turtlebot3_bringup', 'cmake_prefix_path')
[9.858s] INFO:colcon.colcon_core.shell:Creating environment hook '/home/hassan/ros-tuts/patrol_ws/install/turtlebot3_bringup/share/turtlebot3_bringup/hook/cmake_prefix_path.ps1'
[9.859s] INFO:colcon.colcon_core.shell:Creating environment descriptor '/home/hassan/ros-tuts/patrol_ws/install/turtlebot3_bringup/share/turtlebot3_bringup/hook/cmake_prefix_path.dsv'
[9.860s] INFO:colcon.colcon_core.shell:Creating environment hook '/home/hassan/ros-tuts/patrol_ws/install/turtlebot3_bringup/share/turtlebot3_bringup/hook/cmake_prefix_path.sh'
[9.861s] Level 1:colcon.colcon_core.environment:checking '/home/hassan/ros-tuts/patrol_ws/install/turtlebot3_bringup/bin'
[9.861s] Level 1:colcon.colcon_core.environment:checking '/home/hassan/ros-tuts/patrol_ws/install/turtlebot3_bringup/lib/pkgconfig/turtlebot3_bringup.pc'
[9.862s] Level 1:colcon.colcon_core.environment:checking '/home/hassan/ros-tuts/patrol_ws/install/turtlebot3_bringup/lib/python3.10/site-packages'
[9.862s] Level 1:colcon.colcon_core.environment:checking '/home/hassan/ros-tuts/patrol_ws/install/turtlebot3_bringup/bin'
[9.863s] INFO:colcon.colcon_core.shell:Creating package script '/home/hassan/ros-tuts/patrol_ws/install/turtlebot3_bringup/share/turtlebot3_bringup/package.ps1'
[9.864s] INFO:colcon.colcon_core.shell:Creating package descriptor '/home/hassan/ros-tuts/patrol_ws/install/turtlebot3_bringup/share/turtlebot3_bringup/package.dsv'
[9.865s] INFO:colcon.colcon_core.shell:Creating package script '/home/hassan/ros-tuts/patrol_ws/install/turtlebot3_bringup/share/turtlebot3_bringup/package.sh'
[9.866s] INFO:colcon.colcon_core.shell:Creating package script '/home/hassan/ros-tuts/patrol_ws/install/turtlebot3_bringup/share/turtlebot3_bringup/package.bash'
[9.867s] INFO:colcon.colcon_core.shell:Creating package script '/home/hassan/ros-tuts/patrol_ws/install/turtlebot3_bringup/share/turtlebot3_bringup/package.zsh'
[9.868s] Level 1:colcon.colcon_core.environment:create_file_with_runtime_dependencies(/home/hassan/ros-tuts/patrol_ws/install/turtlebot3_bringup/share/colcon-core/packages/turtlebot3_bringup)
[9.905s] Level 1:colcon.colcon_core.environment:create_environment_scripts_only(turtlebot3_bringup)
[9.906s] Level 1:colcon.colcon_core.environment:checking '/home/hassan/ros-tuts/patrol_ws/install/turtlebot3_bringup' for CMake module files
[9.907s] Level 1:colcon.colcon_core.environment:checking '/home/hassan/ros-tuts/patrol_ws/install/turtlebot3_bringup' for CMake config files
[9.908s] Level 1:colcon.colcon_core.shell:create_environment_hook('turtlebot3_bringup', 'cmake_prefix_path')
[9.908s] INFO:colcon.colcon_core.shell:Creating environment hook '/home/hassan/ros-tuts/patrol_ws/install/turtlebot3_bringup/share/turtlebot3_bringup/hook/cmake_prefix_path.ps1'
[9.909s] INFO:colcon.colcon_core.shell:Creating environment descriptor '/home/hassan/ros-tuts/patrol_ws/install/turtlebot3_bringup/share/turtlebot3_bringup/hook/cmake_prefix_path.dsv'
[9.910s] INFO:colcon.colcon_core.shell:Creating environment hook '/home/hassan/ros-tuts/patrol_ws/install/turtlebot3_bringup/share/turtlebot3_bringup/hook/cmake_prefix_path.sh'
[9.912s] Level 1:colcon.colcon_core.environment:checking '/home/hassan/ros-tuts/patrol_ws/install/turtlebot3_bringup/bin'
[9.912s] Level 1:colcon.colcon_core.environment:checking '/home/hassan/ros-tuts/patrol_ws/install/turtlebot3_bringup/lib/pkgconfig/turtlebot3_bringup.pc'
[9.912s] Level 1:colcon.colcon_core.environment:checking '/home/hassan/ros-tuts/patrol_ws/install/turtlebot3_bringup/lib/python3.10/site-packages'
[9.913s] Level 1:colcon.colcon_core.environment:checking '/home/hassan/ros-tuts/patrol_ws/install/turtlebot3_bringup/bin'
[9.914s] INFO:colcon.colcon_core.shell:Creating package script '/home/hassan/ros-tuts/patrol_ws/install/turtlebot3_bringup/share/turtlebot3_bringup/package.ps1'
[9.915s] INFO:colcon.colcon_core.shell:Creating package descriptor '/home/hassan/ros-tuts/patrol_ws/install/turtlebot3_bringup/share/turtlebot3_bringup/package.dsv'
[9.916s] INFO:colcon.colcon_core.shell:Creating package script '/home/hassan/ros-tuts/patrol_ws/install/turtlebot3_bringup/share/turtlebot3_bringup/package.sh'
[9.917s] INFO:colcon.colcon_core.shell:Creating package script '/home/hassan/ros-tuts/patrol_ws/install/turtlebot3_bringup/share/turtlebot3_bringup/package.bash'
[9.918s] INFO:colcon.colcon_core.shell:Creating package script '/home/hassan/ros-tuts/patrol_ws/install/turtlebot3_bringup/share/turtlebot3_bringup/package.zsh'
[9.919s] Level 1:colcon.colcon_core.environment:create_file_with_runtime_dependencies(/home/hassan/ros-tuts/patrol_ws/install/turtlebot3_bringup/share/colcon-core/packages/turtlebot3_bringup)
[10.182s] DEBUG:colcon.colcon_core.event_handler.log_command:Invoked command in '/home/hassan/ros-tuts/patrol_ws/build/turtlebot3_simulations' returned '0': AMENT_PREFIX_PATH=/home/hassan/ros-tuts/patrol_ws/install/turtlebot3_fake_node:/home/hassan/ros-tuts/patrol_ws/install/turtlebot3_msgs:/home/hassan/ros-tuts/patrol_ws/install/turtlebot3_gazebo:${AMENT_PREFIX_PATH} CMAKE_PREFIX_PATH=/home/hassan/ros-tuts/patrol_ws/install/turtlebot3_fake_node:/home/hassan/ros-tuts/patrol_ws/install/turtlebot3_msgs:/home/hassan/ros-tuts/patrol_ws/install/turtlebot3_gazebo:/home/hassan/rosbot_ws/install/ros_bot:/opt/ros/humble LD_LIBRARY_PATH=/home/hassan/ros-tuts/patrol_ws/install/turtlebot3_msgs/lib:${LD_LIBRARY_PATH} PYTHONPATH=/home/hassan/ros-tuts/patrol_ws/install/turtlebot3_msgs/local/lib/python3.10/dist-packages:${PYTHONPATH} /usr/bin/cmake /home/hassan/ros-tuts/patrol_ws/src/turtlebot3/turtlebot3_simulations/turtlebot3_simulations -DCMAKE_INSTALL_PREFIX=/home/hassan/ros-tuts/patrol_ws/install/turtlebot3_simulations
[10.185s] DEBUG:colcon.colcon_core.event_handler.log_command:Invoking command in '/home/hassan/ros-tuts/patrol_ws/build/turtlebot3_simulations': AMENT_PREFIX_PATH=/home/hassan/ros-tuts/patrol_ws/install/turtlebot3_fake_node:/home/hassan/ros-tuts/patrol_ws/install/turtlebot3_msgs:/home/hassan/ros-tuts/patrol_ws/install/turtlebot3_gazebo:${AMENT_PREFIX_PATH} CMAKE_PREFIX_PATH=/home/hassan/ros-tuts/patrol_ws/install/turtlebot3_fake_node:/home/hassan/ros-tuts/patrol_ws/install/turtlebot3_msgs:/home/hassan/ros-tuts/patrol_ws/install/turtlebot3_gazebo:/home/hassan/rosbot_ws/install/ros_bot:/opt/ros/humble LD_LIBRARY_PATH=/home/hassan/ros-tuts/patrol_ws/install/turtlebot3_msgs/lib:${LD_LIBRARY_PATH} PYTHONPATH=/home/hassan/ros-tuts/patrol_ws/install/turtlebot3_msgs/local/lib/python3.10/dist-packages:${PYTHONPATH} /usr/bin/cmake --build /home/hassan/ros-tuts/patrol_ws/build/turtlebot3_simulations -- -j8 -l8
[10.248s] DEBUG:colcon.colcon_core.event_handler.log_command:Invoked command in '/home/hassan/ros-tuts/patrol_ws/build/turtlebot3_simulations' returned '0': AMENT_PREFIX_PATH=/home/hassan/ros-tuts/patrol_ws/install/turtlebot3_fake_node:/home/hassan/ros-tuts/patrol_ws/install/turtlebot3_msgs:/home/hassan/ros-tuts/patrol_ws/install/turtlebot3_gazebo:${AMENT_PREFIX_PATH} CMAKE_PREFIX_PATH=/home/hassan/ros-tuts/patrol_ws/install/turtlebot3_fake_node:/home/hassan/ros-tuts/patrol_ws/install/turtlebot3_msgs:/home/hassan/ros-tuts/patrol_ws/install/turtlebot3_gazebo:/home/hassan/rosbot_ws/install/ros_bot:/opt/ros/humble LD_LIBRARY_PATH=/home/hassan/ros-tuts/patrol_ws/install/turtlebot3_msgs/lib:${LD_LIBRARY_PATH} PYTHONPATH=/home/hassan/ros-tuts/patrol_ws/install/turtlebot3_msgs/local/lib/python3.10/dist-packages:${PYTHONPATH} /usr/bin/cmake --build /home/hassan/ros-tuts/patrol_ws/build/turtlebot3_simulations -- -j8 -l8
[10.257s] Level 1:colcon.colcon_core.environment:checking '/home/hassan/ros-tuts/patrol_ws/install/turtlebot3_example' for CMake module files
[10.258s] DEBUG:colcon.colcon_core.event_handler.log_command:Invoked command in '/home/hassan/ros-tuts/patrol_ws/src/turtlebot3/turtlebot3/turtlebot3_example' returned '0': AMENT_PREFIX_PATH=/home/hassan/ros-tuts/patrol_ws/install/turtlebot3_msgs:${AMENT_PREFIX_PATH} CMAKE_PREFIX_PATH=/home/hassan/ros-tuts/patrol_ws/install/turtlebot3_msgs:${CMAKE_PREFIX_PATH} LD_LIBRARY_PATH=/home/hassan/ros-tuts/patrol_ws/install/turtlebot3_msgs/lib:${LD_LIBRARY_PATH} PYTHONPATH=/home/hassan/ros-tuts/patrol_ws/build/turtlebot3_example/prefix_override:/usr/lib/python3/dist-packages/colcon_core/task/python/colcon_distutils_commands:/home/hassan/ros-tuts/patrol_ws/install/turtlebot3_example/lib/python3.10/site-packages:/home/hassan/ros-tuts/patrol_ws/install/turtlebot3_msgs/local/lib/python3.10/dist-packages:${PYTHONPATH} /usr/bin/python3 -W ignore:setup.py install is deprecated setup.py egg_info --egg-base ../../../../build/turtlebot3_example build --build-base /home/hassan/ros-tuts/patrol_ws/build/turtlebot3_example/build install --record /home/hassan/ros-tuts/patrol_ws/build/turtlebot3_example/install.log --single-version-externally-managed install_data --force
[10.259s] Level 1:colcon.colcon_core.environment:checking '/home/hassan/ros-tuts/patrol_ws/install/turtlebot3_example' for CMake config files
[10.260s] Level 1:colcon.colcon_core.environment:checking '/home/hassan/ros-tuts/patrol_ws/install/turtlebot3_example/lib'
[10.260s] Level 1:colcon.colcon_core.environment:checking '/home/hassan/ros-tuts/patrol_ws/install/turtlebot3_example/bin'
[10.261s] Level 1:colcon.colcon_core.environment:checking '/home/hassan/ros-tuts/patrol_ws/install/turtlebot3_example/lib/pkgconfig/turtlebot3_example.pc'
[10.261s] Level 1:colcon.colcon_core.environment:checking '/home/hassan/ros-tuts/patrol_ws/install/turtlebot3_example/lib/python3.10/site-packages'
[10.261s] Level 1:colcon.colcon_core.shell:create_environment_hook('turtlebot3_example', 'pythonpath')
[10.262s] INFO:colcon.colcon_core.shell:Creating environment hook '/home/hassan/ros-tuts/patrol_ws/install/turtlebot3_example/share/turtlebot3_example/hook/pythonpath.ps1'
[10.262s] INFO:colcon.colcon_core.shell:Creating environment descriptor '/home/hassan/ros-tuts/patrol_ws/install/turtlebot3_example/share/turtlebot3_example/hook/pythonpath.dsv'
[10.263s] INFO:colcon.colcon_core.shell:Creating environment hook '/home/hassan/ros-tuts/patrol_ws/install/turtlebot3_example/share/turtlebot3_example/hook/pythonpath.sh'
[10.264s] Level 1:colcon.colcon_core.environment:checking '/home/hassan/ros-tuts/patrol_ws/install/turtlebot3_example/bin'
[10.264s] Level 1:colcon.colcon_core.environment:create_environment_scripts_only(turtlebot3_example)
[10.265s] INFO:colcon.colcon_core.shell:Creating package script '/home/hassan/ros-tuts/patrol_ws/install/turtlebot3_example/share/turtlebot3_example/package.ps1'
[10.266s] INFO:colcon.colcon_core.shell:Creating package descriptor '/home/hassan/ros-tuts/patrol_ws/install/turtlebot3_example/share/turtlebot3_example/package.dsv'
[10.267s] INFO:colcon.colcon_core.shell:Creating package script '/home/hassan/ros-tuts/patrol_ws/install/turtlebot3_example/share/turtlebot3_example/package.sh'
[10.267s] INFO:colcon.colcon_core.shell:Creating package script '/home/hassan/ros-tuts/patrol_ws/install/turtlebot3_example/share/turtlebot3_example/package.bash'
[10.268s] INFO:colcon.colcon_core.shell:Creating package script '/home/hassan/ros-tuts/patrol_ws/install/turtlebot3_example/share/turtlebot3_example/package.zsh'
[10.269s] Level 1:colcon.colcon_core.environment:create_file_with_runtime_dependencies(/home/hassan/ros-tuts/patrol_ws/install/turtlebot3_example/share/colcon-core/packages/turtlebot3_example)
[10.269s] INFO:colcon.colcon_ros.task.ament_cmake.build:Building ROS package in '/home/hassan/ros-tuts/patrol_ws/src/turtlebot3/turtlebot3/turtlebot3' with build type 'ament_cmake'
[10.269s] INFO:colcon.colcon_cmake.task.cmake.build:Building CMake package in '/home/hassan/ros-tuts/patrol_ws/src/turtlebot3/turtlebot3/turtlebot3'
[10.270s] INFO:colcon.colcon_core.shell:Skip shell extension 'powershell' for command environment: Not usable outside of PowerShell
[10.270s] DEBUG:colcon.colcon_core.shell:Skip shell extension 'dsv' for command environment
[10.289s] DEBUG:colcon.colcon_core.event_handler.log_command:Invoking command in '/home/hassan/ros-tuts/patrol_ws/build/turtlebot3_simulations': AMENT_PREFIX_PATH=/home/hassan/ros-tuts/patrol_ws/install/turtlebot3_fake_node:/home/hassan/ros-tuts/patrol_ws/install/turtlebot3_msgs:/home/hassan/ros-tuts/patrol_ws/install/turtlebot3_gazebo:${AMENT_PREFIX_PATH} CMAKE_PREFIX_PATH=/home/hassan/ros-tuts/patrol_ws/install/turtlebot3_fake_node:/home/hassan/ros-tuts/patrol_ws/install/turtlebot3_msgs:/home/hassan/ros-tuts/patrol_ws/install/turtlebot3_gazebo:/home/hassan/rosbot_ws/install/ros_bot:/opt/ros/humble LD_LIBRARY_PATH=/home/hassan/ros-tuts/patrol_ws/install/turtlebot3_msgs/lib:${LD_LIBRARY_PATH} PYTHONPATH=/home/hassan/ros-tuts/patrol_ws/install/turtlebot3_msgs/local/lib/python3.10/dist-packages:${PYTHONPATH} /usr/bin/cmake --install /home/hassan/ros-tuts/patrol_ws/build/turtlebot3_simulations
[10.312s] DEBUG:colcon.colcon_core.event_handler.log_command:Invoking command in '/home/hassan/ros-tuts/patrol_ws/build/turtlebot3': AMENT_PREFIX_PATH=/home/hassan/ros-tuts/patrol_ws/install/turtlebot3_bringup:/home/hassan/ros-tuts/patrol_ws/install/turtlebot3_node:/home/hassan/ros-tuts/patrol_ws/install/turtlebot3_example:/home/hassan/ros-tuts/patrol_ws/install/turtlebot3_teleop:/home/hassan/ros-tuts/patrol_ws/install/turtlebot3_navigation2:/home/hassan/ros-tuts/patrol_ws/install/turtlebot3_msgs:/home/hassan/ros-tuts/patrol_ws/install/turtlebot3_description:/home/hassan/ros-tuts/patrol_ws/install/turtlebot3_cartographer:/home/hassan/ros-tuts/patrol_ws/install/hls_lfcd_lds_driver:/home/hassan/ros-tuts/patrol_ws/install/dynamixel_sdk:${AMENT_PREFIX_PATH} CMAKE_PREFIX_PATH=/home/hassan/ros-tuts/patrol_ws/install/turtlebot3_bringup:/home/hassan/ros-tuts/patrol_ws/install/turtlebot3_node:/home/hassan/ros-tuts/patrol_ws/install/turtlebot3_navigation2:/home/hassan/ros-tuts/patrol_ws/install/turtlebot3_msgs:/home/hassan/ros-tuts/patrol_ws/install/turtlebot3_description:/home/hassan/ros-tuts/patrol_ws/install/turtlebot3_cartographer:/home/hassan/ros-tuts/patrol_ws/install/hls_lfcd_lds_driver:/home/hassan/ros-tuts/patrol_ws/install/dynamixel_sdk:/home/hassan/rosbot_ws/install/ros_bot:/opt/ros/humble LD_LIBRARY_PATH=/home/hassan/ros-tuts/patrol_ws/install/turtlebot3_msgs/lib:/home/hassan/ros-tuts/patrol_ws/install/dynamixel_sdk/lib:${LD_LIBRARY_PATH} PYTHONPATH=/home/hassan/ros-tuts/patrol_ws/install/turtlebot3_example/lib/python3.10/site-packages:/home/hassan/ros-tuts/patrol_ws/install/turtlebot3_teleop/lib/python3.10/site-packages:/home/hassan/ros-tuts/patrol_ws/install/turtlebot3_msgs/local/lib/python3.10/dist-packages:${PYTHONPATH} /usr/bin/cmake /home/hassan/ros-tuts/patrol_ws/src/turtlebot3/turtlebot3/turtlebot3 -DCMAKE_INSTALL_PREFIX=/home/hassan/ros-tuts/patrol_ws/install/turtlebot3
[10.326s] Level 1:colcon.colcon_core.environment:create_environment_scripts_only(turtlebot3_simulations)
[10.327s] Level 1:colcon.colcon_core.environment:checking '/home/hassan/ros-tuts/patrol_ws/install/turtlebot3_simulations' for CMake module files
[10.328s] DEBUG:colcon.colcon_core.event_handler.log_command:Invoked command in '/home/hassan/ros-tuts/patrol_ws/build/turtlebot3_simulations' returned '0': AMENT_PREFIX_PATH=/home/hassan/ros-tuts/patrol_ws/install/turtlebot3_fake_node:/home/hassan/ros-tuts/patrol_ws/install/turtlebot3_msgs:/home/hassan/ros-tuts/patrol_ws/install/turtlebot3_gazebo:${AMENT_PREFIX_PATH} CMAKE_PREFIX_PATH=/home/hassan/ros-tuts/patrol_ws/install/turtlebot3_fake_node:/home/hassan/ros-tuts/patrol_ws/install/turtlebot3_msgs:/home/hassan/ros-tuts/patrol_ws/install/turtlebot3_gazebo:/home/hassan/rosbot_ws/install/ros_bot:/opt/ros/humble LD_LIBRARY_PATH=/home/hassan/ros-tuts/patrol_ws/install/turtlebot3_msgs/lib:${LD_LIBRARY_PATH} PYTHONPATH=/home/hassan/ros-tuts/patrol_ws/install/turtlebot3_msgs/local/lib/python3.10/dist-packages:${PYTHONPATH} /usr/bin/cmake --install /home/hassan/ros-tuts/patrol_ws/build/turtlebot3_simulations
[10.328s] Level 1:colcon.colcon_core.environment:checking '/home/hassan/ros-tuts/patrol_ws/install/turtlebot3_simulations' for CMake config files
[10.329s] Level 1:colcon.colcon_core.shell:create_environment_hook('turtlebot3_simulations', 'cmake_prefix_path')
[10.329s] INFO:colcon.colcon_core.shell:Creating environment hook '/home/hassan/ros-tuts/patrol_ws/install/turtlebot3_simulations/share/turtlebot3_simulations/hook/cmake_prefix_path.ps1'
[10.330s] INFO:colcon.colcon_core.shell:Creating environment descriptor '/home/hassan/ros-tuts/patrol_ws/install/turtlebot3_simulations/share/turtlebot3_simulations/hook/cmake_prefix_path.dsv'
[10.331s] INFO:colcon.colcon_core.shell:Creating environment hook '/home/hassan/ros-tuts/patrol_ws/install/turtlebot3_simulations/share/turtlebot3_simulations/hook/cmake_prefix_path.sh'
[10.332s] Level 1:colcon.colcon_core.environment:checking '/home/hassan/ros-tuts/patrol_ws/install/turtlebot3_simulations/bin'
[10.332s] Level 1:colcon.colcon_core.environment:checking '/home/hassan/ros-tuts/patrol_ws/install/turtlebot3_simulations/lib/pkgconfig/turtlebot3_simulations.pc'
[10.332s] Level 1:colcon.colcon_core.environment:checking '/home/hassan/ros-tuts/patrol_ws/install/turtlebot3_simulations/lib/python3.10/site-packages'
[10.333s] Level 1:colcon.colcon_core.environment:checking '/home/hassan/ros-tuts/patrol_ws/install/turtlebot3_simulations/bin'
[10.333s] INFO:colcon.colcon_core.shell:Creating package script '/home/hassan/ros-tuts/patrol_ws/install/turtlebot3_simulations/share/turtlebot3_simulations/package.ps1'
[10.335s] INFO:colcon.colcon_core.shell:Creating package descriptor '/home/hassan/ros-tuts/patrol_ws/install/turtlebot3_simulations/share/turtlebot3_simulations/package.dsv'
[10.336s] INFO:colcon.colcon_core.shell:Creating package script '/home/hassan/ros-tuts/patrol_ws/install/turtlebot3_simulations/share/turtlebot3_simulations/package.sh'
[10.336s] INFO:colcon.colcon_core.shell:Creating package script '/home/hassan/ros-tuts/patrol_ws/install/turtlebot3_simulations/share/turtlebot3_simulations/package.bash'
[10.337s] INFO:colcon.colcon_core.shell:Creating package script '/home/hassan/ros-tuts/patrol_ws/install/turtlebot3_simulations/share/turtlebot3_simulations/package.zsh'
[10.338s] Level 1:colcon.colcon_core.environment:create_file_with_runtime_dependencies(/home/hassan/ros-tuts/patrol_ws/install/turtlebot3_simulations/share/colcon-core/packages/turtlebot3_simulations)
[10.373s] Level 1:colcon.colcon_core.environment:create_environment_scripts_only(turtlebot3_simulations)
[10.373s] Level 1:colcon.colcon_core.environment:checking '/home/hassan/ros-tuts/patrol_ws/install/turtlebot3_simulations' for CMake module files
[10.374s] Level 1:colcon.colcon_core.environment:checking '/home/hassan/ros-tuts/patrol_ws/install/turtlebot3_simulations' for CMake config files
[10.375s] Level 1:colcon.colcon_core.shell:create_environment_hook('turtlebot3_simulations', 'cmake_prefix_path')
[10.375s] INFO:colcon.colcon_core.shell:Creating environment hook '/home/hassan/ros-tuts/patrol_ws/install/turtlebot3_simulations/share/turtlebot3_simulations/hook/cmake_prefix_path.ps1'
[10.376s] INFO:colcon.colcon_core.shell:Creating environment descriptor '/home/hassan/ros-tuts/patrol_ws/install/turtlebot3_simulations/share/turtlebot3_simulations/hook/cmake_prefix_path.dsv'
[10.377s] INFO:colcon.colcon_core.shell:Creating environment hook '/home/hassan/ros-tuts/patrol_ws/install/turtlebot3_simulations/share/turtlebot3_simulations/hook/cmake_prefix_path.sh'
[10.378s] Level 1:colcon.colcon_core.environment:checking '/home/hassan/ros-tuts/patrol_ws/install/turtlebot3_simulations/bin'
[10.378s] Level 1:colcon.colcon_core.environment:checking '/home/hassan/ros-tuts/patrol_ws/install/turtlebot3_simulations/lib/pkgconfig/turtlebot3_simulations.pc'
[10.378s] Level 1:colcon.colcon_core.environment:checking '/home/hassan/ros-tuts/patrol_ws/install/turtlebot3_simulations/lib/python3.10/site-packages'
[10.378s] Level 1:colcon.colcon_core.environment:checking '/home/hassan/ros-tuts/patrol_ws/install/turtlebot3_simulations/bin'
[10.379s] INFO:colcon.colcon_core.shell:Creating package script '/home/hassan/ros-tuts/patrol_ws/install/turtlebot3_simulations/share/turtlebot3_simulations/package.ps1'
[10.380s] INFO:colcon.colcon_core.shell:Creating package descriptor '/home/hassan/ros-tuts/patrol_ws/install/turtlebot3_simulations/share/turtlebot3_simulations/package.dsv'
[10.381s] INFO:colcon.colcon_core.shell:Creating package script '/home/hassan/ros-tuts/patrol_ws/install/turtlebot3_simulations/share/turtlebot3_simulations/package.sh'
[10.381s] INFO:colcon.colcon_core.shell:Creating package script '/home/hassan/ros-tuts/patrol_ws/install/turtlebot3_simulations/share/turtlebot3_simulations/package.bash'
[10.382s] INFO:colcon.colcon_core.shell:Creating package script '/home/hassan/ros-tuts/patrol_ws/install/turtlebot3_simulations/share/turtlebot3_simulations/package.zsh'
[10.383s] Level 1:colcon.colcon_core.environment:create_file_with_runtime_dependencies(/home/hassan/ros-tuts/patrol_ws/install/turtlebot3_simulations/share/colcon-core/packages/turtlebot3_simulations)
[10.724s] DEBUG:colcon.colcon_core.event_handler.log_command:Invoked command in '/home/hassan/ros-tuts/patrol_ws/build/turtlebot3' returned '0': AMENT_PREFIX_PATH=/home/hassan/ros-tuts/patrol_ws/install/turtlebot3_bringup:/home/hassan/ros-tuts/patrol_ws/install/turtlebot3_node:/home/hassan/ros-tuts/patrol_ws/install/turtlebot3_example:/home/hassan/ros-tuts/patrol_ws/install/turtlebot3_teleop:/home/hassan/ros-tuts/patrol_ws/install/turtlebot3_navigation2:/home/hassan/ros-tuts/patrol_ws/install/turtlebot3_msgs:/home/hassan/ros-tuts/patrol_ws/install/turtlebot3_description:/home/hassan/ros-tuts/patrol_ws/install/turtlebot3_cartographer:/home/hassan/ros-tuts/patrol_ws/install/hls_lfcd_lds_driver:/home/hassan/ros-tuts/patrol_ws/install/dynamixel_sdk:${AMENT_PREFIX_PATH} CMAKE_PREFIX_PATH=/home/hassan/ros-tuts/patrol_ws/install/turtlebot3_bringup:/home/hassan/ros-tuts/patrol_ws/install/turtlebot3_node:/home/hassan/ros-tuts/patrol_ws/install/turtlebot3_navigation2:/home/hassan/ros-tuts/patrol_ws/install/turtlebot3_msgs:/home/hassan/ros-tuts/patrol_ws/install/turtlebot3_description:/home/hassan/ros-tuts/patrol_ws/install/turtlebot3_cartographer:/home/hassan/ros-tuts/patrol_ws/install/hls_lfcd_lds_driver:/home/hassan/ros-tuts/patrol_ws/install/dynamixel_sdk:/home/hassan/rosbot_ws/install/ros_bot:/opt/ros/humble LD_LIBRARY_PATH=/home/hassan/ros-tuts/patrol_ws/install/turtlebot3_msgs/lib:/home/hassan/ros-tuts/patrol_ws/install/dynamixel_sdk/lib:${LD_LIBRARY_PATH} PYTHONPATH=/home/hassan/ros-tuts/patrol_ws/install/turtlebot3_example/lib/python3.10/site-packages:/home/hassan/ros-tuts/patrol_ws/install/turtlebot3_teleop/lib/python3.10/site-packages:/home/hassan/ros-tuts/patrol_ws/install/turtlebot3_msgs/local/lib/python3.10/dist-packages:${PYTHONPATH} /usr/bin/cmake /home/hassan/ros-tuts/patrol_ws/src/turtlebot3/turtlebot3/turtlebot3 -DCMAKE_INSTALL_PREFIX=/home/hassan/ros-tuts/patrol_ws/install/turtlebot3
[10.727s] DEBUG:colcon.colcon_core.event_handler.log_command:Invoking command in '/home/hassan/ros-tuts/patrol_ws/build/turtlebot3': AMENT_PREFIX_PATH=/home/hassan/ros-tuts/patrol_ws/install/turtlebot3_bringup:/home/hassan/ros-tuts/patrol_ws/install/turtlebot3_node:/home/hassan/ros-tuts/patrol_ws/install/turtlebot3_example:/home/hassan/ros-tuts/patrol_ws/install/turtlebot3_teleop:/home/hassan/ros-tuts/patrol_ws/install/turtlebot3_navigation2:/home/hassan/ros-tuts/patrol_ws/install/turtlebot3_msgs:/home/hassan/ros-tuts/patrol_ws/install/turtlebot3_description:/home/hassan/ros-tuts/patrol_ws/install/turtlebot3_cartographer:/home/hassan/ros-tuts/patrol_ws/install/hls_lfcd_lds_driver:/home/hassan/ros-tuts/patrol_ws/install/dynamixel_sdk:${AMENT_PREFIX_PATH} CMAKE_PREFIX_PATH=/home/hassan/ros-tuts/patrol_ws/install/turtlebot3_bringup:/home/hassan/ros-tuts/patrol_ws/install/turtlebot3_node:/home/hassan/ros-tuts/patrol_ws/install/turtlebot3_navigation2:/home/hassan/ros-tuts/patrol_ws/install/turtlebot3_msgs:/home/hassan/ros-tuts/patrol_ws/install/turtlebot3_description:/home/hassan/ros-tuts/patrol_ws/install/turtlebot3_cartographer:/home/hassan/ros-tuts/patrol_ws/install/hls_lfcd_lds_driver:/home/hassan/ros-tuts/patrol_ws/install/dynamixel_sdk:/home/hassan/rosbot_ws/install/ros_bot:/opt/ros/humble LD_LIBRARY_PATH=/home/hassan/ros-tuts/patrol_ws/install/turtlebot3_msgs/lib:/home/hassan/ros-tuts/patrol_ws/install/dynamixel_sdk/lib:${LD_LIBRARY_PATH} PYTHONPATH=/home/hassan/ros-tuts/patrol_ws/install/turtlebot3_example/lib/python3.10/site-packages:/home/hassan/ros-tuts/patrol_ws/install/turtlebot3_teleop/lib/python3.10/site-packages:/home/hassan/ros-tuts/patrol_ws/install/turtlebot3_msgs/local/lib/python3.10/dist-packages:${PYTHONPATH} /usr/bin/cmake --build /home/hassan/ros-tuts/patrol_ws/build/turtlebot3 -- -j8 -l8
[10.788s] DEBUG:colcon.colcon_core.event_handler.log_command:Invoked command in '/home/hassan/ros-tuts/patrol_ws/build/turtlebot3' returned '0': AMENT_PREFIX_PATH=/home/hassan/ros-tuts/patrol_ws/install/turtlebot3_bringup:/home/hassan/ros-tuts/patrol_ws/install/turtlebot3_node:/home/hassan/ros-tuts/patrol_ws/install/turtlebot3_example:/home/hassan/ros-tuts/patrol_ws/install/turtlebot3_teleop:/home/hassan/ros-tuts/patrol_ws/install/turtlebot3_navigation2:/home/hassan/ros-tuts/patrol_ws/install/turtlebot3_msgs:/home/hassan/ros-tuts/patrol_ws/install/turtlebot3_description:/home/hassan/ros-tuts/patrol_ws/install/turtlebot3_cartographer:/home/hassan/ros-tuts/patrol_ws/install/hls_lfcd_lds_driver:/home/hassan/ros-tuts/patrol_ws/install/dynamixel_sdk:${AMENT_PREFIX_PATH} CMAKE_PREFIX_PATH=/home/hassan/ros-tuts/patrol_ws/install/turtlebot3_bringup:/home/hassan/ros-tuts/patrol_ws/install/turtlebot3_node:/home/hassan/ros-tuts/patrol_ws/install/turtlebot3_navigation2:/home/hassan/ros-tuts/patrol_ws/install/turtlebot3_msgs:/home/hassan/ros-tuts/patrol_ws/install/turtlebot3_description:/home/hassan/ros-tuts/patrol_ws/install/turtlebot3_cartographer:/home/hassan/ros-tuts/patrol_ws/install/hls_lfcd_lds_driver:/home/hassan/ros-tuts/patrol_ws/install/dynamixel_sdk:/home/hassan/rosbot_ws/install/ros_bot:/opt/ros/humble LD_LIBRARY_PATH=/home/hassan/ros-tuts/patrol_ws/install/turtlebot3_msgs/lib:/home/hassan/ros-tuts/patrol_ws/install/dynamixel_sdk/lib:${LD_LIBRARY_PATH} PYTHONPATH=/home/hassan/ros-tuts/patrol_ws/install/turtlebot3_example/lib/python3.10/site-packages:/home/hassan/ros-tuts/patrol_ws/install/turtlebot3_teleop/lib/python3.10/site-packages:/home/hassan/ros-tuts/patrol_ws/install/turtlebot3_msgs/local/lib/python3.10/dist-packages:${PYTHONPATH} /usr/bin/cmake --build /home/hassan/ros-tuts/patrol_ws/build/turtlebot3 -- -j8 -l8
[10.825s] DEBUG:colcon.colcon_core.event_handler.log_command:Invoking command in '/home/hassan/ros-tuts/patrol_ws/build/turtlebot3': AMENT_PREFIX_PATH=/home/hassan/ros-tuts/patrol_ws/install/turtlebot3_bringup:/home/hassan/ros-tuts/patrol_ws/install/turtlebot3_node:/home/hassan/ros-tuts/patrol_ws/install/turtlebot3_example:/home/hassan/ros-tuts/patrol_ws/install/turtlebot3_teleop:/home/hassan/ros-tuts/patrol_ws/install/turtlebot3_navigation2:/home/hassan/ros-tuts/patrol_ws/install/turtlebot3_msgs:/home/hassan/ros-tuts/patrol_ws/install/turtlebot3_description:/home/hassan/ros-tuts/patrol_ws/install/turtlebot3_cartographer:/home/hassan/ros-tuts/patrol_ws/install/hls_lfcd_lds_driver:/home/hassan/ros-tuts/patrol_ws/install/dynamixel_sdk:${AMENT_PREFIX_PATH} CMAKE_PREFIX_PATH=/home/hassan/ros-tuts/patrol_ws/install/turtlebot3_bringup:/home/hassan/ros-tuts/patrol_ws/install/turtlebot3_node:/home/hassan/ros-tuts/patrol_ws/install/turtlebot3_navigation2:/home/hassan/ros-tuts/patrol_ws/install/turtlebot3_msgs:/home/hassan/ros-tuts/patrol_ws/install/turtlebot3_description:/home/hassan/ros-tuts/patrol_ws/install/turtlebot3_cartographer:/home/hassan/ros-tuts/patrol_ws/install/hls_lfcd_lds_driver:/home/hassan/ros-tuts/patrol_ws/install/dynamixel_sdk:/home/hassan/rosbot_ws/install/ros_bot:/opt/ros/humble LD_LIBRARY_PATH=/home/hassan/ros-tuts/patrol_ws/install/turtlebot3_msgs/lib:/home/hassan/ros-tuts/patrol_ws/install/dynamixel_sdk/lib:${LD_LIBRARY_PATH} PYTHONPATH=/home/hassan/ros-tuts/patrol_ws/install/turtlebot3_example/lib/python3.10/site-packages:/home/hassan/ros-tuts/patrol_ws/install/turtlebot3_teleop/lib/python3.10/site-packages:/home/hassan/ros-tuts/patrol_ws/install/turtlebot3_msgs/local/lib/python3.10/dist-packages:${PYTHONPATH} /usr/bin/cmake --install /home/hassan/ros-tuts/patrol_ws/build/turtlebot3
[10.858s] Level 1:colcon.colcon_core.environment:create_environment_scripts_only(turtlebot3)
[10.859s] Level 1:colcon.colcon_core.environment:checking '/home/hassan/ros-tuts/patrol_ws/install/turtlebot3' for CMake module files
[10.860s] DEBUG:colcon.colcon_core.event_handler.log_command:Invoked command in '/home/hassan/ros-tuts/patrol_ws/build/turtlebot3' returned '0': AMENT_PREFIX_PATH=/home/hassan/ros-tuts/patrol_ws/install/turtlebot3_bringup:/home/hassan/ros-tuts/patrol_ws/install/turtlebot3_node:/home/hassan/ros-tuts/patrol_ws/install/turtlebot3_example:/home/hassan/ros-tuts/patrol_ws/install/turtlebot3_teleop:/home/hassan/ros-tuts/patrol_ws/install/turtlebot3_navigation2:/home/hassan/ros-tuts/patrol_ws/install/turtlebot3_msgs:/home/hassan/ros-tuts/patrol_ws/install/turtlebot3_description:/home/hassan/ros-tuts/patrol_ws/install/turtlebot3_cartographer:/home/hassan/ros-tuts/patrol_ws/install/hls_lfcd_lds_driver:/home/hassan/ros-tuts/patrol_ws/install/dynamixel_sdk:${AMENT_PREFIX_PATH} CMAKE_PREFIX_PATH=/home/hassan/ros-tuts/patrol_ws/install/turtlebot3_bringup:/home/hassan/ros-tuts/patrol_ws/install/turtlebot3_node:/home/hassan/ros-tuts/patrol_ws/install/turtlebot3_navigation2:/home/hassan/ros-tuts/patrol_ws/install/turtlebot3_msgs:/home/hassan/ros-tuts/patrol_ws/install/turtlebot3_description:/home/hassan/ros-tuts/patrol_ws/install/turtlebot3_cartographer:/home/hassan/ros-tuts/patrol_ws/install/hls_lfcd_lds_driver:/home/hassan/ros-tuts/patrol_ws/install/dynamixel_sdk:/home/hassan/rosbot_ws/install/ros_bot:/opt/ros/humble LD_LIBRARY_PATH=/home/hassan/ros-tuts/patrol_ws/install/turtlebot3_msgs/lib:/home/hassan/ros-tuts/patrol_ws/install/dynamixel_sdk/lib:${LD_LIBRARY_PATH} PYTHONPATH=/home/hassan/ros-tuts/patrol_ws/install/turtlebot3_example/lib/python3.10/site-packages:/home/hassan/ros-tuts/patrol_ws/install/turtlebot3_teleop/lib/python3.10/site-packages:/home/hassan/ros-tuts/patrol_ws/install/turtlebot3_msgs/local/lib/python3.10/dist-packages:${PYTHONPATH} /usr/bin/cmake --install /home/hassan/ros-tuts/patrol_ws/build/turtlebot3
[10.861s] Level 1:colcon.colcon_core.environment:checking '/home/hassan/ros-tuts/patrol_ws/install/turtlebot3' for CMake config files
[10.861s] Level 1:colcon.colcon_core.shell:create_environment_hook('turtlebot3', 'cmake_prefix_path')
[10.862s] INFO:colcon.colcon_core.shell:Creating environment hook '/home/hassan/ros-tuts/patrol_ws/install/turtlebot3/share/turtlebot3/hook/cmake_prefix_path.ps1'
[10.862s] INFO:colcon.colcon_core.shell:Creating environment descriptor '/home/hassan/ros-tuts/patrol_ws/install/turtlebot3/share/turtlebot3/hook/cmake_prefix_path.dsv'
[10.863s] INFO:colcon.colcon_core.shell:Creating environment hook '/home/hassan/ros-tuts/patrol_ws/install/turtlebot3/share/turtlebot3/hook/cmake_prefix_path.sh'
[10.864s] Level 1:colcon.colcon_core.environment:checking '/home/hassan/ros-tuts/patrol_ws/install/turtlebot3/bin'
[10.864s] Level 1:colcon.colcon_core.environment:checking '/home/hassan/ros-tuts/patrol_ws/install/turtlebot3/lib/pkgconfig/turtlebot3.pc'
[10.864s] Level 1:colcon.colcon_core.environment:checking '/home/hassan/ros-tuts/patrol_ws/install/turtlebot3/lib/python3.10/site-packages'
[10.865s] Level 1:colcon.colcon_core.environment:checking '/home/hassan/ros-tuts/patrol_ws/install/turtlebot3/bin'
[10.865s] INFO:colcon.colcon_core.shell:Creating package script '/home/hassan/ros-tuts/patrol_ws/install/turtlebot3/share/turtlebot3/package.ps1'
[10.866s] INFO:colcon.colcon_core.shell:Creating package descriptor '/home/hassan/ros-tuts/patrol_ws/install/turtlebot3/share/turtlebot3/package.dsv'
[10.867s] INFO:colcon.colcon_core.shell:Creating package script '/home/hassan/ros-tuts/patrol_ws/install/turtlebot3/share/turtlebot3/package.sh'
[10.867s] INFO:colcon.colcon_core.shell:Creating package script '/home/hassan/ros-tuts/patrol_ws/install/turtlebot3/share/turtlebot3/package.bash'
[10.868s] INFO:colcon.colcon_core.shell:Creating package script '/home/hassan/ros-tuts/patrol_ws/install/turtlebot3/share/turtlebot3/package.zsh'
[10.869s] Level 1:colcon.colcon_core.environment:create_file_with_runtime_dependencies(/home/hassan/ros-tuts/patrol_ws/install/turtlebot3/share/colcon-core/packages/turtlebot3)
[10.904s] Level 1:colcon.colcon_core.environment:create_environment_scripts_only(turtlebot3)
[10.904s] Level 1:colcon.colcon_core.environment:checking '/home/hassan/ros-tuts/patrol_ws/install/turtlebot3' for CMake module files
[10.905s] Level 1:colcon.colcon_core.environment:checking '/home/hassan/ros-tuts/patrol_ws/install/turtlebot3' for CMake config files
[10.905s] Level 1:colcon.colcon_core.shell:create_environment_hook('turtlebot3', 'cmake_prefix_path')
[10.906s] INFO:colcon.colcon_core.shell:Creating environment hook '/home/hassan/ros-tuts/patrol_ws/install/turtlebot3/share/turtlebot3/hook/cmake_prefix_path.ps1'
[10.907s] INFO:colcon.colcon_core.shell:Creating environment descriptor '/home/hassan/ros-tuts/patrol_ws/install/turtlebot3/share/turtlebot3/hook/cmake_prefix_path.dsv'
[10.908s] INFO:colcon.colcon_core.shell:Creating environment hook '/home/hassan/ros-tuts/patrol_ws/install/turtlebot3/share/turtlebot3/hook/cmake_prefix_path.sh'
[10.909s] Level 1:colcon.colcon_core.environment:checking '/home/hassan/ros-tuts/patrol_ws/install/turtlebot3/bin'
[10.909s] Level 1:colcon.colcon_core.environment:checking '/home/hassan/ros-tuts/patrol_ws/install/turtlebot3/lib/pkgconfig/turtlebot3.pc'
[10.910s] Level 1:colcon.colcon_core.environment:checking '/home/hassan/ros-tuts/patrol_ws/install/turtlebot3/lib/python3.10/site-packages'
[10.910s] Level 1:colcon.colcon_core.environment:checking '/home/hassan/ros-tuts/patrol_ws/install/turtlebot3/bin'
[10.911s] INFO:colcon.colcon_core.shell:Creating package script '/home/hassan/ros-tuts/patrol_ws/install/turtlebot3/share/turtlebot3/package.ps1'
[10.911s] INFO:colcon.colcon_core.shell:Creating package descriptor '/home/hassan/ros-tuts/patrol_ws/install/turtlebot3/share/turtlebot3/package.dsv'
[10.912s] INFO:colcon.colcon_core.shell:Creating package script '/home/hassan/ros-tuts/patrol_ws/install/turtlebot3/share/turtlebot3/package.sh'
[10.913s] INFO:colcon.colcon_core.shell:Creating package script '/home/hassan/ros-tuts/patrol_ws/install/turtlebot3/share/turtlebot3/package.bash'
[10.914s] INFO:colcon.colcon_core.shell:Creating package script '/home/hassan/ros-tuts/patrol_ws/install/turtlebot3/share/turtlebot3/package.zsh'
[10.914s] Level 1:colcon.colcon_core.environment:create_file_with_runtime_dependencies(/home/hassan/ros-tuts/patrol_ws/install/turtlebot3/share/colcon-core/packages/turtlebot3)
[10.915s] DEBUG:colcon.colcon_parallel_executor.executor.parallel:closing loop
[10.915s] DEBUG:colcon.colcon_parallel_executor.executor.parallel:loop closed
[10.915s] DEBUG:colcon.colcon_parallel_executor.executor.parallel:run_until_complete finished with '0'
[10.916s] DEBUG:colcon.colcon_core.event_reactor:joining thread
[10.925s] INFO:colcon.colcon_core.plugin_system:Skipping extension 'colcon_notification.desktop_notification.terminal_notifier': Not used on non-Darwin systems
[10.925s] INFO:colcon.colcon_core.plugin_system:Skipping extension 'colcon_notification.desktop_notification.win32': Not used on non-Windows systems
[10.925s] INFO:colcon.colcon_notification.desktop_notification:Sending desktop notification using 'notify2'
[10.944s] DEBUG:colcon.colcon_core.event_reactor:joined thread
[10.945s] INFO:colcon.colcon_core.shell:Creating prefix script '/home/hassan/ros-tuts/patrol_ws/install/local_setup.ps1'
[10.947s] INFO:colcon.colcon_core.shell:Creating prefix util module '/home/hassan/ros-tuts/patrol_ws/install/_local_setup_util_ps1.py'
[10.951s] INFO:colcon.colcon_core.shell:Creating prefix chain script '/home/hassan/ros-tuts/patrol_ws/install/setup.ps1'
[10.953s] INFO:colcon.colcon_core.shell:Creating prefix script '/home/hassan/ros-tuts/patrol_ws/install/local_setup.sh'
[10.954s] INFO:colcon.colcon_core.shell:Creating prefix util module '/home/hassan/ros-tuts/patrol_ws/install/_local_setup_util_sh.py'
[10.955s] INFO:colcon.colcon_core.shell:Creating prefix chain script '/home/hassan/ros-tuts/patrol_ws/install/setup.sh'
[10.956s] INFO:colcon.colcon_core.shell:Creating prefix script '/home/hassan/ros-tuts/patrol_ws/install/local_setup.bash'
[10.957s] INFO:colcon.colcon_core.shell:Creating prefix chain script '/home/hassan/ros-tuts/patrol_ws/install/setup.bash'
[10.960s] INFO:colcon.colcon_core.shell:Creating prefix script '/home/hassan/ros-tuts/patrol_ws/install/local_setup.zsh'
[10.961s] INFO:colcon.colcon_core.shell:Creating prefix chain script '/home/hassan/ros-tuts/patrol_ws/install/setup.zsh'
